battery_id,cycle_uid,soh_rated_pct,temperature_family,experiment_group,model,held_out_temperature,prediction_pp,error_pp,abs_error_pp
B0005,B0005_D0001,92.82437104090783,24C,classic_roomtemp_2A,RF_20x7_deployed,24C,83.4339555134907,-9.390415527417133,9.390415527417133
B0005,B0005_D0002,92.31636248599636,24C,classic_roomtemp_2A,RF_20x7_deployed,24C,83.42756690260964,-8.888795583386724,8.888795583386724
B0005,B0005_D0003,91.7674597111704,24C,classic_roomtemp_2A,RF_20x7_deployed,24C,83.42756690260964,-8.339892808560762,8.339892808560762
B0005,B0005_D0004,91.76312637910564,24C,classic_roomtemp_2A,RF_20x7_deployed,24C,83.40711321793012,-8.356013161175525,8.356013161175525
B0005,B0005_D0005,91.73227541060209,24C,classic_roomtemp_2A,RF_20x7_deployed,24C,83.40683347705408,-8.325441933548007,8.325441933548007
B0005,B0005_D0006,91.78308300337748,24C,classic_roomtemp_2A,RF_20x7_deployed,24C,82.91011717527239,-8.872965828105094,8.872965828105094
B0005,B0005_D0007,91.75730714613302,24C,classic_roomtemp_2A,RF_20x7_deployed,24C,83.39958207936243,-8.357725066770584,8.357725066770584
B0005,B0005_D0008,91.28783952832768,24C,classic_roomtemp_2A,RF_20x7_deployed,24C,82.88526642714518,-8.402573101182497,8.402573101182497
B0005,B0005_D0009,91.23869264945668,24C,classic_roomtemp_2A,RF_20x7_deployed,24C,82.88526642714518,-8.353426222311498,8.353426222311498
B0005,B0005_D0010,91.2306634248468,24C,classic_roomtemp_2A,RF_20x7_deployed,24C,83.52442328629601,-7.706240138550783,7.706240138550783
B0005,B0005_D0011,91.23097763432251,24C,classic_roomtemp_2A,RF_20x7_deployed,24C,82.88526642714518,-8.345711207177331,8.345711207177331
B0005,B0005_D0012,90.7100967883696,24C,classic_roomtemp_2A,RF_20x7_deployed,24C,83.11647674650143,-7.593620041868164,7.593620041868164
B0005,B0005_D0013,90.68760788774524,24C,classic_roomtemp_2A,RF_20x7_deployed,24C,83.33224723029119,-7.355360657454057,7.355360657454057
B0005,B0005_D0014,90.67202457367912,24C,classic_roomtemp_2A,RF_20x7_deployed,24C,83.143319042062,-7.5287055316171205,7.5287055316171205
B0005,B0005_D0015,90.12990018153252,24C,classic_roomtemp_2A,RF_20x7_deployed,24C,83.40683347705408,-6.723066704478441,6.723066704478441
B0005,B0005_D0016,90.10534501230752,24C,classic_roomtemp_2A,RF_20x7_deployed,24C,83.28529157761136,-6.820053434696163,6.820053434696163
B0005,B0005_D0017,90.12897504131044,24C,classic_roomtemp_2A,RF_20x7_deployed,24C,83.42756690260964,-6.701408138700799,6.701408138700799
B0005,B0005_D0018,90.15341571417048,24C,classic_roomtemp_2A,RF_20x7_deployed,24C,83.52442328629601,-6.628992427874465,6.628992427874465
B0005,B0005_D0019,90.1388812359802,24C,classic_roomtemp_2A,RF_20x7_deployed,24C,83.13693043118096,-7.001950804799236,7.001950804799236
B0005,B0005_D0020,92.35129974664598,24C,classic_roomtemp_2A,RF_20x7_deployed,24C,83.4339555134907,-8.917344233155276,8.917344233155276
B0005,B0005_D0021,92.3708655641822,24C,classic_roomtemp_2A,RF_20x7_deployed,24C,83.57137893897584,-8.799486625206356,8.799486625206356
B0005,B0005_D0022,91.80887106739472,24C,classic_roomtemp_2A,RF_20x7_deployed,24C,82.88526642714518,-8.923604640249536,8.923604640249536
B0005,B0005_D0023,91.2890373788812,24C,classic_roomtemp_2A,RF_20x7_deployed,24C,82.88526642714518,-8.403770951736021,8.403770951736021
B0005,B0005_D0024,91.25568217539184,24C,classic_roomtemp_2A,RF_20x7_deployed,24C,83.4339555134907,-7.821726661901138,7.821726661901138
B0005,B0005_D0025,91.2790752110188,24C,classic_roomtemp_2A,RF_20x7_deployed,24C,83.28529157761136,-7.993783633407446,7.993783633407446
B0005,B0005_D0026,90.70155637541954,24C,classic_roomtemp_2A,RF_20x7_deployed,24C,83.40711321793012,-7.294443157489425,7.294443157489425
B0005,B0005_D0027,90.73845970579468,24C,classic_roomtemp_2A,RF_20x7_deployed,24C,82.88526642714518,-7.853193278649499,7.853193278649499
B0005,B0005_D0028,90.6984694355176,24C,classic_roomtemp_2A,RF_20x7_deployed,24C,83.42756690260964,-7.270902532907954,7.270902532907954
B0005,B0005_D0029,90.13828325839116,24C,classic_roomtemp_2A,RF_20x7_deployed,24C,83.4339555134907,-6.7043277449004535,6.7043277449004535
B0005,B0005_D0030,90.2038520058676,24C,classic_roomtemp_2A,RF_20x7_deployed,24C,83.51800848800231,-6.685843517865294,6.685843517865294
B0005,B0005_D0031,92.59012758352245,24C,classic_roomtemp_2A,RF_20x7_deployed,24C,83.31636570424875,-9.273761879273692,9.273761879273692
B0005,B0005_D0032,91.53519228369714,24C,classic_roomtemp_2A,RF_20x7_deployed,24C,83.38343557752343,-8.151756706173714,8.151756706173714
B0005,B0005_D0033,90.99520544750636,24C,classic_roomtemp_2A,RF_20x7_deployed,24C,83.57137893897584,-7.423826508530524,7.423826508530524
B0005,B0005_D0034,90.4653981851426,24C,classic_roomtemp_2A,RF_20x7_deployed,24C,83.52442328629601,-6.940974898846591,6.940974898846591
B0005,B0005_D0035,90.230495229026,24C,classic_roomtemp_2A,RF_20x7_deployed,24C,83.57137893897584,-6.659116290050164,6.659116290050164
B0005,B0005_D0036,89.96885325986096,24C,classic_roomtemp_2A,RF_20x7_deployed,24C,83.14430386883876,-6.824549391022202,6.824549391022202
B0005,B0005_D0037,89.42216167685231,24C,classic_roomtemp_2A,RF_20x7_deployed,24C,82.59435021484045,-6.827811462011866,6.827811462011866
B0005,B0005_D0038,89.14615242126362,24C,classic_roomtemp_2A,RF_20x7_deployed,24C,83.4339555134907,-5.71219690777292,5.71219690777292
B0005,B0005_D0039,88.65168579009143,24C,classic_roomtemp_2A,RF_20x7_deployed,24C,83.27887677931764,-5.372809010773793,5.372809010773793
B0005,B0005_D0040,88.65188775394685,24C,classic_roomtemp_2A,RF_20x7_deployed,24C,82.88526642714518,-5.766621326801669,5.766621326801669
B0005,B0005_D0041,88.39360553331026,24C,classic_roomtemp_2A,RF_20x7_deployed,24C,83.31636570424875,-5.0772398290615115,5.0772398290615115
B0005,B0005_D0042,88.11575352046545,24C,classic_roomtemp_2A,RF_20x7_deployed,24C,82.99616169721737,-5.119591823248072,5.119591823248072
B0005,B0005_D0043,88.38086462469224,24C,classic_roomtemp_2A,RF_20x7_deployed,24C,83.4339555134907,-4.946909111201535,4.946909111201535
B0005,B0005_D0044,88.13341798715734,24C,classic_roomtemp_2A,RF_20x7_deployed,24C,83.28074246754714,-4.852675519610202,4.852675519610202
B0005,B0005_D0045,87.58652435332071,24C,classic_roomtemp_2A,RF_20x7_deployed,24C,82.2925044811592,-5.294019872161513,5.294019872161513
B0005,B0005_D0046,87.09248023980004,24C,classic_roomtemp_2A,RF_20x7_deployed,24C,83.33224723029119,-3.760233009508852,3.760233009508852
B0005,B0005_D0047,86.8045675592357,24C,classic_roomtemp_2A,RF_20x7_deployed,24C,83.02101244534457,-3.7835551138911256,3.7835551138911256
B0005,B0005_D0048,89.68120074286804,24C,classic_roomtemp_2A,RF_20x7_deployed,24C,82.62331492513115,-7.057885817736889,7.057885817736889
B0005,B0005_D0049,89.15945111636638,24C,classic_roomtemp_2A,RF_20x7_deployed,24C,83.33224723029119,-5.827203886075196,5.827203886075196
B0005,B0005_D0050,88.36821038139479,24C,classic_roomtemp_2A,RF_20x7_deployed,24C,83.40683347705408,-4.96137690434071,4.96137690434071
B0005,B0005_D0051,87.85088925176532,24C,classic_roomtemp_2A,RF_20x7_deployed,24C,83.52442328629601,-4.3264659654693105,4.3264659654693105
B0005,B0005_D0052,87.34353089918953,24C,classic_roomtemp_2A,RF_20x7_deployed,24C,83.41099583669094,-3.9325350624985873,3.9325350624985873
B0005,B0005_D0053,87.08586253728572,24C,classic_roomtemp_2A,RF_20x7_deployed,24C,83.52442328629601,-3.5614392509897073,3.5614392509897073
B0005,B0005_D0054,86.82112528239094,24C,classic_roomtemp_2A,RF_20x7_deployed,24C,83.4339555134907,-3.387169768900236,3.387169768900236
B0005,B0005_D0055,86.31608619617913,24C,classic_roomtemp_2A,RF_20x7_deployed,24C,83.2724881684366,-3.043598027742533,3.043598027742533
B0005,B0005_D0056,85.79032694665067,24C,classic_roomtemp_2A,RF_20x7_deployed,24C,83.16770176836943,-2.6226251782812398,2.6226251782812398
B0005,B0005_D0057,85.52666755675959,24C,classic_roomtemp_2A,RF_20x7_deployed,24C,82.88526642714518,-2.641401129614408,2.641401129614408
B0005,B0005_D0058,85.30072498242605,24C,classic_roomtemp_2A,RF_20x7_deployed,24C,83.4339555134907,-1.8667694689353453,1.8667694689353453
B0005,B0005_D0059,85.01555136321294,24C,classic_roomtemp_2A,RF_20x7_deployed,24C,83.40711321793012,-1.6084381452828183,1.6084381452828183
B0005,B0005_D0060,84.72899300898948,24C,classic_roomtemp_2A,RF_20x7_deployed,24C,83.143319042062,-1.585673966927473,1.585673966927473
B0005,B0005_D0061,84.24514543304643,24C,classic_roomtemp_2A,RF_20x7_deployed,24C,83.41099583669094,-0.8341495963554877,0.8341495963554877
B0005,B0005_D0062,83.72370795579857,24C,classic_roomtemp_2A,RF_20x7_deployed,24C,83.61382119161405,-0.10988676418452314,0.10988676418452314
B0005,B0005_D0063,83.72846239939551,24C,classic_roomtemp_2A,RF_20x7_deployed,24C,83.24673011564522,-0.48173228375029,0.48173228375029
B0005,B0005_D0064,83.18581879907026,24C,classic_roomtemp_2A,RF_20x7_deployed,24C,83.06513210526855,-0.1206866938017157,0.1206866938017157
B0005,B0005_D0065,82.9506934374123,24C,classic_roomtemp_2A,RF_20x7_deployed,24C,83.51211290841454,0.5614194710022389,0.5614194710022389
B0005,B0005_D0066,82.69270286667508,24C,classic_roomtemp_2A,RF_20x7_deployed,24C,83.51211290841454,0.8194100417394594,0.8194100417394594
B0005,B0005_D0067,82.13268910650655,24C,classic_roomtemp_2A,RF_20x7_deployed,24C,83.49623138237212,1.3635422758655693,1.3635422758655693
B0005,B0005_D0068,81.89289215111849,24C,classic_roomtemp_2A,RF_20x7_deployed,24C,83.39150439603337,1.4986122449148809,1.4986122449148809
B0005,B0005_D0069,81.63675203549555,24C,classic_roomtemp_2A,RF_20x7_deployed,24C,83.69787416612567,2.0611221306301246,2.0611221306301246
B0005,B0005_D0070,81.38764457766808,24C,classic_roomtemp_2A,RF_20x7_deployed,24C,83.7512446170992,2.3636000394311196,2.3636000394311196
B0005,B0005_D0071,81.10627427605796,24C,classic_roomtemp_2A,RF_20x7_deployed,24C,83.91391035967835,2.8076360836203946,2.8076360836203946
B0005,B0005_D0072,80.56628301882924,24C,classic_roomtemp_2A,RF_20x7_deployed,24C,83.84011241143796,3.273829392608718,3.273829392608718
B0005,B0005_D0073,80.32815698744193,24C,classic_roomtemp_2A,RF_20x7_deployed,24C,83.66831192620874,3.3401549387668155,3.3401549387668155
B0005,B0005_D0074,80.07571116958798,24C,classic_roomtemp_2A,RF_20x7_deployed,24C,84.00437813248368,3.9286669628957043,3.9286669628957043
B0005,B0005_D0075,79.5184615700164,24C,classic_roomtemp_2A,RF_20x7_deployed,24C,83.76524642379903,4.2467848537826285,4.2467848537826285
B0005,B0005_D0076,79.28944984121105,24C,classic_roomtemp_2A,RF_20x7_deployed,24C,83.82747721592952,4.538027374718467,4.538027374718467
B0005,B0005_D0077,79.24715353687058,24C,classic_roomtemp_2A,RF_20x7_deployed,24C,83.43626726697087,4.1891137301002885,4.1891137301002885
B0005,B0005_D0078,79.77631946247968,24C,classic_roomtemp_2A,RF_20x7_deployed,24C,83.86056609611748,4.084246633637804,4.084246633637804
B0005,B0005_D0079,78.73650873900519,24C,classic_roomtemp_2A,RF_20x7_deployed,24C,83.6760623718811,4.9395536328759135,4.9395536328759135
B0005,B0005_D0080,78.24509975468973,24C,classic_roomtemp_2A,RF_20x7_deployed,24C,83.7682563542933,5.523156599603567,5.523156599603567
B0005,B0005_D0081,77.98829736685181,24C,classic_roomtemp_2A,RF_20x7_deployed,24C,83.48877644726325,5.500479080411438,5.500479080411438
B0005,B0005_D0082,77.97407834092117,24C,classic_roomtemp_2A,RF_20x7_deployed,24C,83.31089344894444,5.3368151080232735,5.3368151080232735
B0005,B0005_D0083,77.7344676795305,24C,classic_roomtemp_2A,RF_20x7_deployed,24C,83.83644547416601,6.101977794635516,6.101977794635516
B0005,B0005_D0084,77.44370539945209,24C,classic_roomtemp_2A,RF_20x7_deployed,24C,83.67469074603686,6.230985346584774,6.230985346584774
B0005,B0005_D0085,76.9118299471279,24C,classic_roomtemp_2A,RF_20x7_deployed,24C,83.56122500711658,6.649395059988677,6.649395059988677
B0005,B0005_D0086,76.39571291255139,24C,classic_roomtemp_2A,RF_20x7_deployed,24C,83.46194157803849,7.0662286654871025,7.0662286654871025
B0005,B0005_D0087,76.42626314878223,24C,classic_roomtemp_2A,RF_20x7_deployed,24C,83.68580929711304,7.259546148330813,7.259546148330813
B0005,B0005_D0088,76.1323662642189,24C,classic_roomtemp_2A,RF_20x7_deployed,24C,83.00055747529281,6.868191211073906,6.868191211073906
B0005,B0005_D0089,75.87429969244934,24C,classic_roomtemp_2A,RF_20x7_deployed,24C,83.5609408996852,7.686641207235866,7.686641207235866
B0005,B0005_D0090,80.29094495653295,24C,classic_roomtemp_2A,RF_20x7_deployed,24C,83.7714785858353,3.480533629302343,3.480533629302343
B0005,B0005_D0091,78.19245723372212,24C,classic_roomtemp_2A,RF_20x7_deployed,24C,83.79310378180125,5.600646548079126,5.600646548079126
B0005,B0005_D0092,77.40457623883893,24C,classic_roomtemp_2A,RF_20x7_deployed,24C,83.7977309554709,6.393154716631969,6.393154716631969
B0005,B0005_D0093,76.61877815934297,24C,classic_roomtemp_2A,RF_20x7_deployed,24C,83.32934469612357,6.710566536780604,6.710566536780604
B0005,B0005_D0094,76.34764134244853,24C,classic_roomtemp_2A,RF_20x7_deployed,24C,83.60218343506497,7.254542092616447,7.254542092616447
B0005,B0005_D0095,75.84786508568163,24C,classic_roomtemp_2A,RF_20x7_deployed,24C,83.72702464199855,7.879159556316921,7.879159556316921
B0005,B0005_D0096,75.59487980071346,24C,classic_roomtemp_2A,RF_20x7_deployed,24C,83.72512670622878,8.130246905515321,8.130246905515321
B0005,B0005_D0097,75.32819480340552,24C,classic_roomtemp_2A,RF_20x7_deployed,24C,83.85760615672646,8.529411353320938,8.529411353320938
B0005,B0005_D0098,75.07726763335681,24C,classic_roomtemp_2A,RF_20x7_deployed,24C,83.7201827312413,8.642915097884483,8.642915097884483
B0005,B0005_D0099,74.54222025200119,24C,classic_roomtemp_2A,RF_20x7_deployed,24C,83.13249711284661,8.590276860845421,8.590276860845421
B0005,B0005_D0100,74.29341922806006,24C,classic_roomtemp_2A,RF_20x7_deployed,24C,83.1239655640052,8.830546335945144,8.830546335945144
B0005,B0005_D0101,74.02068389880529,24C,classic_roomtemp_2A,RF_20x7_deployed,24C,83.28851102592698,9.267827127121691,9.267827127121691
B0005,B0005_D0102,73.76047934515816,24C,classic_roomtemp_2A,RF_20x7_deployed,24C,82.97642045039439,9.215941105236226,9.215941105236226
B0005,B0005_D0103,74.29517994152012,24C,classic_roomtemp_2A,RF_20x7_deployed,24C,83.39875085796787,9.103570916447751,9.103570916447751
B0005,B0005_D0104,74.80459149068348,24C,classic_roomtemp_2A,RF_20x7_deployed,24C,83.28851102592698,8.483919535243501,8.483919535243501
B0005,B0005_D0105,74.04002973464492,24C,classic_roomtemp_2A,RF_20x7_deployed,24C,83.39875085796787,9.358721123322951,9.358721123322951
B0005,B0005_D0106,73.48771634233412,24C,classic_roomtemp_2A,RF_20x7_deployed,24C,82.85006177162236,9.36234542928824,9.36234542928824
B0005,B0005_D0107,72.69506137422964,24C,classic_roomtemp_2A,RF_20x7_deployed,24C,83.22080974216468,10.525748367935037,10.525748367935037
B0005,B0005_D0108,72.70731033617845,24C,classic_roomtemp_2A,RF_20x7_deployed,24C,82.87664187671245,10.169331540534003,10.169331540534003
B0005,B0005_D0109,72.75118759533416,24C,classic_roomtemp_2A,RF_20x7_deployed,24C,82.87664187671245,10.125454281378296,10.125454281378296
B0005,B0005_D0110,72.4521081880618,24C,classic_roomtemp_2A,RF_20x7_deployed,24C,83.17385408948483,10.721745901423034,10.721745901423034
B0005,B0005_D0111,71.93354685740283,24C,classic_roomtemp_2A,RF_20x7_deployed,24C,83.15442160048256,11.220874743079733,11.220874743079733
B0005,B0005_D0112,71.67227160784894,24C,classic_roomtemp_2A,RF_20x7_deployed,24C,83.35315506490738,11.680883457058442,11.680883457058442
B0005,B0005_D0113,71.66979450419048,24C,classic_roomtemp_2A,RF_20x7_deployed,24C,83.60122490364338,11.931430399452907,11.931430399452907
B0005,B0005_D0114,71.403243672388,24C,classic_roomtemp_2A,RF_20x7_deployed,24C,83.26268729210207,11.859443619714071,11.859443619714071
B0005,B0005_D0115,71.14601590870593,24C,classic_roomtemp_2A,RF_20x7_deployed,24C,83.67280208777524,12.526786179069305,12.526786179069305
B0005,B0005_D0116,70.8714516365654,24C,classic_roomtemp_2A,RF_20x7_deployed,24C,82.66488631210909,11.793434675543693,11.793434675543693
B0005,B0005_D0117,70.6204614397223,24C,classic_roomtemp_2A,RF_20x7_deployed,24C,83.71965131228328,13.09918987256097,13.09918987256097
B0005,B0005_D0118,70.62893964700964,24C,classic_roomtemp_2A,RF_20x7_deployed,24C,82.50034085018733,11.871401203177683,11.871401203177683
B0005,B0005_D0119,70.37991865734948,24C,classic_roomtemp_2A,RF_20x7_deployed,24C,82.9834552947921,12.603536637442616,12.603536637442616
B0005,B0005_D0120,71.66960242610739,24C,classic_roomtemp_2A,RF_20x7_deployed,24C,83.42151734701088,11.751914920903488,11.751914920903488
B0005,B0005_D0121,71.91275088396453,24C,classic_roomtemp_2A,RF_20x7_deployed,24C,83.26268729210207,11.349936408137538,11.349936408137538
B0005,B0005_D0122,70.86773587242763,24C,classic_roomtemp_2A,RF_20x7_deployed,24C,83.24763487117184,12.37989899874421,12.37989899874421
B0005,B0005_D0123,70.34908318388216,24C,classic_roomtemp_2A,RF_20x7_deployed,24C,82.75216646735024,12.403083283468078,12.403083283468078
B0005,B0005_D0124,70.06018891793812,24C,classic_roomtemp_2A,RF_20x7_deployed,24C,83.95161913339182,13.891430215453695,13.891430215453695
B0005,B0005_D0125,69.83504116363164,24C,classic_roomtemp_2A,RF_20x7_deployed,24C,82.50062059106338,12.665579427431737,12.665579427431737
B0005,B0005_D0126,69.5642394426363,24C,classic_roomtemp_2A,RF_20x7_deployed,24C,82.84320394136806,13.278964498731753,13.278964498731753
B0005,B0005_D0127,69.31143838989175,24C,classic_roomtemp_2A,RF_20x7_deployed,24C,82.60811942524646,13.296681035354709,13.296681035354709
B0005,B0005_D0128,69.02183380987069,24C,classic_roomtemp_2A,RF_20x7_deployed,24C,82.44506648067743,13.42323267080674,13.42323267080674
B0005,B0005_D0129,68.76182075128112,24C,classic_roomtemp_2A,RF_20x7_deployed,24C,82.77707351109603,14.015252759814913,14.015252759814913
B0005,B0005_D0130,68.52564012447505,24C,classic_roomtemp_2A,RF_20x7_deployed,24C,81.83702688959963,13.311386765124581,13.311386765124581
B0005,B0005_D0131,68.525427831352,24C,classic_roomtemp_2A,RF_20x7_deployed,24C,82.74995147465941,14.224523643307407,14.224523643307407
B0005,B0005_D0132,68.23677554340759,24C,classic_roomtemp_2A,RF_20x7_deployed,24C,82.70394752507026,14.467171981662673,14.467171981662673
B0005,B0005_D0133,68.7696008447881,24C,classic_roomtemp_2A,RF_20x7_deployed,24C,82.50034085018733,13.730740005399227,13.730740005399227
B0005,B0005_D0134,69.30557575767696,24C,classic_roomtemp_2A,RF_20x7_deployed,24C,82.58466175348497,13.279085995808003,13.279085995808003
B0005,B0005_D0135,68.4925001791947,24C,classic_roomtemp_2A,RF_20x7_deployed,24C,82.70874896002451,14.216248780829801,14.216248780829801
B0005,B0005_D0136,68.23913974630379,24C,classic_roomtemp_2A,RF_20x7_deployed,24C,82.57718553805071,14.338045791746922,14.338045791746922
B0005,B0005_D0137,67.71610233129982,24C,classic_roomtemp_2A,RF_20x7_deployed,24C,82.7767181826764,15.060615851376582,15.060615851376582
B0005,B0005_D0138,67.73208509189482,24C,classic_roomtemp_2A,RF_20x7_deployed,24C,82.44294973012974,14.710864638234924,14.710864638234924
B0005,B0005_D0139,67.73519606596204,24C,classic_roomtemp_2A,RF_20x7_deployed,24C,82.13016516174375,14.394969095781704,14.394969095781704
B0005,B0005_D0140,67.4657498751729,24C,classic_roomtemp_2A,RF_20x7_deployed,24C,82.43653493183604,14.970785056663132,14.970785056663132
B0005,B0005_D0141,67.20945968985276,24C,classic_roomtemp_2A,RF_20x7_deployed,24C,82.39762333592378,15.188163646071018,15.188163646071018
B0005,B0005_D0142,66.94956895347877,24C,classic_roomtemp_2A,RF_20x7_deployed,24C,82.14425637527334,15.194687421794569,15.194687421794569
B0005,B0005_D0143,66.94572615103486,24C,classic_roomtemp_2A,RF_20x7_deployed,24C,82.15567013260186,15.209943981566994,15.209943981566994
B0005,B0005_D0144,66.70033379880827,24C,classic_roomtemp_2A,RF_20x7_deployed,24C,82.6031339293431,15.902800130534828,15.902800130534828
B0005,B0005_D0145,66.43222154587457,24C,classic_roomtemp_2A,RF_20x7_deployed,24C,82.69323847687542,16.261016931000853,16.261016931000853
B0005,B0005_D0146,66.15854496138111,24C,classic_roomtemp_2A,RF_20x7_deployed,24C,82.52144161726201,16.362896655880903,16.362896655880903
B0005,B0005_D0147,65.90845794222598,24C,classic_roomtemp_2A,RF_20x7_deployed,24C,82.58356611075519,16.675108168529206,16.675108168529206
B0005,B0005_D0148,65.92332218320168,24C,classic_roomtemp_2A,RF_20x7_deployed,24C,82.67580925626574,16.75248707306406,16.75248707306406
B0005,B0005_D0149,65.9146520051351,24C,classic_roomtemp_2A,RF_20x7_deployed,24C,82.78051863211655,16.865866626981457,16.865866626981457
B0005,B0005_D0150,66.19362111221339,24C,classic_roomtemp_2A,RF_20x7_deployed,24C,82.51126379434396,16.31764268213057,16.31764268213057
B0005,B0005_D0151,68.00608383277392,24C,classic_roomtemp_2A,RF_20x7_deployed,24C,82.48990538280957,14.483821550035643,14.483821550035643
B0005,B0005_D0152,66.97653433973677,24C,classic_roomtemp_2A,RF_20x7_deployed,24C,82.34425288495025,15.367718545213478,15.367718545213478
B0005,B0005_D0153,66.45143282560349,24C,classic_roomtemp_2A,RF_20x7_deployed,24C,82.25166836159725,15.800235535993764,15.800235535993764
B0005,B0005_D0154,66.18370637499478,24C,classic_roomtemp_2A,RF_20x7_deployed,24C,82.98031917133174,16.79661279633696,16.79661279633696
B0005,B0005_D0155,65.93169483766465,24C,classic_roomtemp_2A,RF_20x7_deployed,24C,82.59142492112309,16.65973008345844,16.65973008345844
B0005,B0005_D0156,65.67375660662135,24C,classic_roomtemp_2A,RF_20x7_deployed,24C,82.98031917133174,17.30656256471039,17.30656256471039
B0005,B0005_D0157,65.66010317221101,24C,classic_roomtemp_2A,RF_20x7_deployed,24C,82.6288536035859,16.968750431374886,16.968750431374886
B0005,B0005_D0158,65.38979973472176,24C,classic_roomtemp_2A,RF_20x7_deployed,24C,82.7997091222711,17.409909387549334,17.409909387549334
B0005,B0005_D0159,65.1516459320296,24C,classic_roomtemp_2A,RF_20x7_deployed,24C,82.941000357422,17.789354425392403,17.789354425392403
B0005,B0005_D0160,65.16786779519101,24C,classic_roomtemp_2A,RF_20x7_deployed,24C,82.83640577585876,17.66853798066775,17.66853798066775
B0005,B0005_D0161,65.17050219327821,24C,classic_roomtemp_2A,RF_20x7_deployed,24C,83.02920331580646,17.858701122528245,17.858701122528245
B0005,B0005_D0162,64.89435403247853,24C,classic_roomtemp_2A,RF_20x7_deployed,24C,82.85894779968058,17.964593767202047,17.964593767202047
B0005,B0005_D0163,64.90367528459451,24C,classic_roomtemp_2A,RF_20x7_deployed,24C,83.50861944367514,18.60494415908063,18.60494415908063
B0005,B0005_D0164,64.67318069221216,24C,classic_roomtemp_2A,RF_20x7_deployed,24C,82.45952950857928,17.786348816367124,17.786348816367124
B0005,B0005_D0165,64.4001696309559,24C,classic_roomtemp_2A,RF_20x7_deployed,24C,83.62295166338365,19.222782032427745,19.222782032427745
B0005,B0005_D0166,64.37262610689703,24C,classic_roomtemp_2A,RF_20x7_deployed,24C,82.88558000801171,18.512953901114685,18.512953901114685
B0005,B0005_D0167,65.45076821153677,24C,classic_roomtemp_2A,RF_20x7_deployed,24C,82.52144161726201,17.070673405725245,17.070673405725245
B0005,B0005_D0168,66.25396643214678,24C,classic_roomtemp_2A,RF_20x7_deployed,24C,82.85894129080835,16.604974858661564,16.604974858661564
B0006,B0006_D0001,101.7668795502799,24C,classic_roomtemp_2A,RF_20x7_deployed,24C,83.0495321481909,-18.71734740208899,18.71734740208899
B0006,B0006_D0002,101.2570123015706,24C,classic_roomtemp_2A,RF_20x7_deployed,24C,82.88498668626914,-18.372025615301453,18.372025615301453
B0006,B0006_D0003,100.6663185672732,24C,classic_roomtemp_2A,RF_20x7_deployed,24C,82.88526642714518,-17.78105214012801,17.78105214012801
B0006,B0006_D0004,100.66423327703706,24C,classic_roomtemp_2A,RF_20x7_deployed,24C,82.5946299557165,-18.069603321320557,18.069603321320557
B0006,B0006_D0005,100.02641688123856,24C,classic_roomtemp_2A,RF_20x7_deployed,24C,83.0495321481909,-16.976884733047655,16.976884733047655
B0006,B0006_D0006,100.69495379965822,24C,classic_roomtemp_2A,RF_20x7_deployed,24C,82.74973407298748,-17.945219726670743,17.945219726670743
B0006,B0006_D0007,100.65505528134835,24C,classic_roomtemp_2A,RF_20x7_deployed,24C,82.5946299557165,-18.060425325631854,18.060425325631854
B0006,B0006_D0008,98.439491313642,24C,classic_roomtemp_2A,RF_20x7_deployed,24C,82.88526642714518,-15.554224886496812,15.554224886496812
B0006,B0006_D0009,98.40830882167124,24C,classic_roomtemp_2A,RF_20x7_deployed,24C,82.36212333493314,-16.046185486738096,16.046185486738096
B0006,B0006_D0010,97.86153958780268,24C,classic_roomtemp_2A,RF_20x7_deployed,24C,82.27967802661057,-15.581861561192113,15.581861561192113
B0006,B0006_D0011,97.27995757064676,24C,classic_roomtemp_2A,RF_20x7_deployed,24C,82.5946299557165,-14.685327614930259,14.685327614930259
B0006,B0006_D0012,96.73752522420564,24C,classic_roomtemp_2A,RF_20x7_deployed,24C,82.88526642714518,-13.852258797060458,13.852258797060458
B0006,B0006_D0013,96.16399769684014,24C,classic_roomtemp_2A,RF_20x7_deployed,24C,82.36212333493314,-13.801874361906997,13.801874361906997
B0006,B0006_D0014,95.59449654742434,24C,classic_roomtemp_2A,RF_20x7_deployed,24C,82.36212333493314,-13.232373212491197,13.232373212491197
B0006,B0006_D0015,95.05333570989652,24C,classic_roomtemp_2A,RF_20x7_deployed,24C,82.5946299557165,-12.458705754180016,12.458705754180016
B0006,B0006_D0016,94.45994974030728,24C,classic_roomtemp_2A,RF_20x7_deployed,24C,82.88526642714518,-11.574683313162097,11.574683313162097
B0006,B0006_D0017,93.91391861244244,24C,classic_roomtemp_2A,RF_20x7_deployed,24C,82.99616169721737,-10.91775691522507,10.91775691522507
B0006,B0006_D0018,93.37848580760104,24C,classic_roomtemp_2A,RF_20x7_deployed,24C,82.5946299557165,-10.783855851884539,10.783855851884539
B0006,B0006_D0019,93.37946287226885,24C,classic_roomtemp_2A,RF_20x7_deployed,24C,82.5946299557165,-10.784832916552347,10.784832916552347
B0006,B0006_D0020,98.98132741254088,24C,classic_roomtemp_2A,RF_20x7_deployed,24C,83.57137893897584,-15.409948473565038,15.409948473565038
B0006,B0006_D0021,97.87749540442012,24C,classic_roomtemp_2A,RF_20x7_deployed,24C,82.2925044811592,-15.584990923260918,15.584990923260918
B0006,B0006_D0022,97.29075085393777,24C,classic_roomtemp_2A,RF_20x7_deployed,24C,82.5946299557165,-14.696120898221267,14.696120898221267
B0006,B0006_D0023,96.21230560840044,24C,classic_roomtemp_2A,RF_20x7_deployed,24C,82.88526642714518,-13.327039181255259,13.327039181255259
B0006,B0006_D0024,97.2990566571082,24C,classic_roomtemp_2A,RF_20x7_deployed,24C,82.5946299557165,-14.704426701391696,14.704426701391696
B0006,B0006_D0025,95.07039652765395,24C,classic_roomtemp_2A,RF_20x7_deployed,24C,82.36212333493314,-12.70827319272081,12.70827319272081
B0006,B0006_D0026,93.93371068400424,24C,classic_roomtemp_2A,RF_20x7_deployed,24C,82.88526642714518,-11.048444256859057,11.048444256859057
B0006,B0006_D0027,93.41530664132108,24C,classic_roomtemp_2A,RF_20x7_deployed,24C,82.88526642714518,-10.530040214175898,10.530040214175898
B0006,B0006_D0028,92.801220350415,24C,classic_roomtemp_2A,RF_20x7_deployed,24C,82.88526642714518,-9.91595392326981,9.91595392326981
B0006,B0006_D0029,92.25998980927886,24C,classic_roomtemp_2A,RF_20x7_deployed,24C,82.5946299557165,-9.665359853562364,9.665359853562364
B0006,B0006_D0030,92.86144454426584,24C,classic_roomtemp_2A,RF_20x7_deployed,24C,82.88526642714518,-9.976178117120654,9.976178117120654
B0006,B0006_D0031,96.2388044454532,24C,classic_roomtemp_2A,RF_20x7_deployed,24C,83.12035936526225,-13.118445080190952,13.118445080190952
B0006,B0006_D0032,94.11158763046276,24C,classic_roomtemp_2A,RF_20x7_deployed,24C,83.41099583669094,-10.700591793771821,10.700591793771821
B0006,B0006_D0033,92.76383439427936,24C,classic_roomtemp_2A,RF_20x7_deployed,24C,82.75889567676221,-10.004938717517149,10.004938717517149
B0006,B0006_D0034,91.9625445859094,24C,classic_roomtemp_2A,RF_20x7_deployed,24C,83.0495321481909,-8.913012437718493,8.913012437718493
B0006,B0006_D0035,90.92698036997214,24C,classic_roomtemp_2A,RF_20x7_deployed,24C,82.88498668626914,-8.041993683702998,8.041993683702998
B0006,B0006_D0036,90.67385029783529,24C,classic_roomtemp_2A,RF_20x7_deployed,24C,83.0495321481909,-7.624318149644381,7.624318149644381
B0006,B0006_D0037,89.85509225152718,24C,classic_roomtemp_2A,RF_20x7_deployed,24C,82.338717594765,-7.516374656762181,7.516374656762181
B0006,B0006_D0038,89.05023147060238,24C,classic_roomtemp_2A,RF_20x7_deployed,24C,82.99616169721737,-6.0540697733850095,6.0540697733850095
B0006,B0006_D0039,88.55065211341164,24C,classic_roomtemp_2A,RF_20x7_deployed,24C,82.99616169721737,-5.55449041619427,5.55449041619427
B0006,B0006_D0040,88.02356224085473,24C,classic_roomtemp_2A,RF_20x7_deployed,24C,83.06513210526855,-4.958430135586184,4.958430135586184
B0006,B0006_D0041,87.51456894003294,24C,classic_roomtemp_2A,RF_20x7_deployed,24C,83.17602737534074,-4.338541564692207,4.338541564692207
B0006,B0006_D0042,86.97462518866288,24C,classic_roomtemp_2A,RF_20x7_deployed,24C,83.59086151481429,-3.3837636738485912,3.3837636738485912
B0006,B0006_D0043,87.73383276818602,24C,classic_roomtemp_2A,RF_20x7_deployed,24C,83.24645037476918,-4.487382393416837,4.487382393416837
B0006,B0006_D0044,88.29695470921088,24C,classic_roomtemp_2A,RF_20x7_deployed,24C,83.17602737534074,-5.120927333870142,5.120927333870142
B0006,B0006_D0045,86.68943709812419,24C,classic_roomtemp_2A,RF_20x7_deployed,24C,83.06485236439251,-3.6245847337316803,3.6245847337316803
B0006,B0006_D0046,85.6662956020367,24C,classic_roomtemp_2A,RF_20x7_deployed,24C,83.48253134169875,-2.183764260337952,2.183764260337952
B0006,B0006_D0047,85.12038906836733,24C,classic_roomtemp_2A,RF_20x7_deployed,24C,83.31798587977698,-1.8024031885903469,1.8024031885903469
B0006,B0006_D0048,91.1859730890915,24C,classic_roomtemp_2A,RF_20x7_deployed,24C,82.7223837411694,-8.46358934792211,8.46358934792211
B0006,B0006_D0049,90.40642025157354,24C,classic_roomtemp_2A,RF_20x7_deployed,24C,82.5946299557165,-7.811790295857037,7.811790295857037
B0006,B0006_D0050,88.78805472517142,24C,classic_roomtemp_2A,RF_20x7_deployed,24C,82.5946299557165,-6.193424769454921,6.193424769454921
B0006,B0006_D0051,87.237049209184,24C,classic_roomtemp_2A,RF_20x7_deployed,24C,82.64910063743937,-4.587948571744619,4.587948571744619
B0006,B0006_D0052,86.46035170661865,24C,classic_roomtemp_2A,RF_20x7_deployed,24C,83.06513210526855,-3.3952196013501066,3.3952196013501066
B0006,B0006_D0053,85.40543276276622,24C,classic_roomtemp_2A,RF_20x7_deployed,24C,83.48253134169875,-1.922901421067479,1.922901421067479
B0006,B0006_D0054,84.87977118730883,24C,classic_roomtemp_2A,RF_20x7_deployed,24C,83.42916089072521,-1.4506102965836192,1.4506102965836192
B0006,B0006_D0055,84.10317262014732,24C,classic_roomtemp_2A,RF_20x7_deployed,24C,83.31826562065302,-0.7849069994942965,0.7849069994942965
B0006,B0006_D0056,83.57384161147543,24C,classic_roomtemp_2A,RF_20x7_deployed,24C,83.80451753912976,0.23067592765433176,0.23067592765433176
B0006,B0006_D0057,83.03795693523827,24C,classic_roomtemp_2A,RF_20x7_deployed,24C,83.31826562065302,0.2803086854147523,0.2803086854147523
B0006,B0006_D0058,82.55605075190346,24C,classic_roomtemp_2A,RF_20x7_deployed,24C,83.63318549354914,1.0771347416456791,1.0771347416456791
B0006,B0006_D0059,82.00674628095464,24C,classic_roomtemp_2A,RF_20x7_deployed,24C,83.85960764104796,1.8528613600933141,1.8528613600933141
B0006,B0006_D0060,81.4599970808272,24C,classic_roomtemp_2A,RF_20x7_deployed,24C,83.44111346858486,1.981116387757666,1.981116387757666
B0006,B0006_D0061,80.44248151480832,24C,classic_roomtemp_2A,RF_20x7_deployed,24C,83.20355965631988,2.761078141511561,2.761078141511561
B0006,B0006_D0062,80.17622449484624,24C,classic_roomtemp_2A,RF_20x7_deployed,24C,82.97930401520894,2.803079520362701,2.803079520362701
B0006,B0006_D0063,79.94856072013991,24C,classic_roomtemp_2A,RF_20x7_deployed,24C,83.22696727273498,3.2784065525950723,3.2784065525950723
B0006,B0006_D0064,79.38136561787802,24C,classic_roomtemp_2A,RF_20x7_deployed,24C,83.09723380779522,3.7158681899172024,3.7158681899172024
B0006,B0006_D0065,79.14859872343084,24C,classic_roomtemp_2A,RF_20x7_deployed,24C,82.78943072418505,3.640832000754216,3.640832000754216
B0006,B0006_D0066,78.35688183567815,24C,classic_roomtemp_2A,RF_20x7_deployed,24C,83.19099938590952,4.834117550231369,4.834117550231369
B0006,B0006_D0067,78.06723069856942,24C,classic_roomtemp_2A,RF_20x7_deployed,24C,83.52814053897897,5.460909840409556,5.460909840409556
B0006,B0006_D0068,77.55855946395211,24C,classic_roomtemp_2A,RF_20x7_deployed,24C,83.83301418911483,6.274454725162727,6.274454725162727
B0006,B0006_D0069,77.03370803147585,24C,classic_roomtemp_2A,RF_20x7_deployed,24C,83.46381475253877,6.430106721062913,6.430106721062913
B0006,B0006_D0070,76.26569372312217,24C,classic_roomtemp_2A,RF_20x7_deployed,24C,82.91983015551997,6.654136432397806,6.654136432397806
B0006,B0006_D0071,76.50785159033714,24C,classic_roomtemp_2A,RF_20x7_deployed,24C,82.2670646290965,5.759213038759356,5.759213038759356
B0006,B0006_D0072,76.23283417237045,24C,classic_roomtemp_2A,RF_20x7_deployed,24C,81.99632706739196,5.763492895021514,5.763492895021514
B0006,B0006_D0073,75.72746493327715,24C,classic_roomtemp_2A,RF_20x7_deployed,24C,83.09109475409855,7.3636298208214015,7.3636298208214015
B0006,B0006_D0074,75.4695752301041,24C,classic_roomtemp_2A,RF_20x7_deployed,24C,81.99083091112955,6.521255681025451,6.521255681025451
B0006,B0006_D0075,75.19987166525351,24C,classic_roomtemp_2A,RF_20x7_deployed,24C,83.26135894304498,8.061487277791471,8.061487277791471
B0006,B0006_D0076,74.67600959020095,24C,classic_roomtemp_2A,RF_20x7_deployed,24C,81.97884063172555,7.302831041524598,7.302831041524598
B0006,B0006_D0077,74.3816151224871,24C,classic_roomtemp_2A,RF_20x7_deployed,24C,81.2829448682048,6.901329745717689,6.901329745717689
B0006,B0006_D0078,76.51438107200852,24C,classic_roomtemp_2A,RF_20x7_deployed,24C,83.35092858130676,6.836547509298242,6.836547509298242
B0006,B0006_D0079,75.20380044180057,24C,classic_roomtemp_2A,RF_20x7_deployed,24C,81.7988986057771,6.59509816397653,6.59509816397653
B0006,B0006_D0080,74.43796804365446,24C,classic_roomtemp_2A,RF_20x7_deployed,24C,81.82680397512425,7.388835931469785,7.388835931469785
B0006,B0006_D0081,73.91389642773318,24C,classic_roomtemp_2A,RF_20x7_deployed,24C,81.26777493784553,7.353878510112352,7.353878510112352
B0006,B0006_D0082,73.9229991107842,24C,classic_roomtemp_2A,RF_20x7_deployed,24C,81.73245563604881,7.809456525264608,7.809456525264608
B0006,B0006_D0083,73.66074224499864,24C,classic_roomtemp_2A,RF_20x7_deployed,24C,80.77002481926372,7.10928257426508,7.10928257426508
B0006,B0006_D0084,73.37582467533949,24C,classic_roomtemp_2A,RF_20x7_deployed,24C,81.234705517467,7.858880842127519,7.858880842127519
B0006,B0006_D0085,72.58146328760668,24C,classic_roomtemp_2A,RF_20x7_deployed,24C,81.82680397512425,9.245340687517569,9.245340687517569
B0006,B0006_D0086,72.59618860483587,24C,classic_roomtemp_2A,RF_20x7_deployed,24C,80.73175794883751,8.135569344001638,8.135569344001638
B0006,B0006_D0087,72.35742347388872,24C,classic_roomtemp_2A,RF_20x7_deployed,24C,81.22662677503767,8.869203301148957,8.869203301148957
B0006,B0006_D0088,72.34269052829943,24C,classic_roomtemp_2A,RF_20x7_deployed,24C,81.47329859501191,9.130608066712483,9.130608066712483
B0006,B0006_D0089,72.08370965142339,24C,classic_roomtemp_2A,RF_20x7_deployed,24C,81.50980623903402,9.42609658761063,9.42609658761063
B0006,B0006_D0090,79.67933296550063,24C,classic_roomtemp_2A,RF_20x7_deployed,24C,82.22920930497779,2.5498763394771515,2.5498763394771515
B0006,B0006_D0091,77.31951188457819,24C,classic_roomtemp_2A,RF_20x7_deployed,24C,82.59980628267473,5.280294398096544,5.280294398096544
B0006,B0006_D0092,75.73527958783049,24C,classic_roomtemp_2A,RF_20x7_deployed,24C,83.36052043020217,7.6252408423716815,7.6252408423716815
B0006,B0006_D0093,74.94893041667702,24C,classic_roomtemp_2A,RF_20x7_deployed,24C,82.55371485098354,7.604784434306524,7.604784434306524
B0006,B0006_D0094,74.15555372705246,24C,classic_roomtemp_2A,RF_20x7_deployed,24C,81.45798346856684,7.3024297415143735,7.3024297415143735
B0006,B0006_D0095,73.6483241273414,24C,classic_roomtemp_2A,RF_20x7_deployed,24C,81.234705517467,7.586381390125609,7.586381390125609
B0006,B0006_D0096,73.13802198049653,24C,classic_roomtemp_2A,RF_20x7_deployed,24C,81.3028849066542,8.164862926157667,8.164862926157667
B0006,B0006_D0097,72.59182340531257,24C,classic_roomtemp_2A,RF_20x7_deployed,24C,81.11494154520179,8.52311813988922,8.52311813988922
B0006,B0006_D0098,72.34335322015197,24C,classic_roomtemp_2A,RF_20x7_deployed,24C,81.38513532519165,9.041782105039687,9.041782105039687
B0006,B0006_D0099,72.06901997138895,24C,classic_roomtemp_2A,RF_20x7_deployed,24C,81.57151966402077,9.502499692631815,9.502499692631815
B0006,B0006_D0100,71.5605372480387,24C,classic_roomtemp_2A,RF_20x7_deployed,24C,80.817277501005,9.256740252966296,9.256740252966296
B0006,B0006_D0101,71.30123589762857,24C,classic_roomtemp_2A,RF_20x7_deployed,24C,80.73464539403133,9.43340949640276,9.43340949640276
B0006,B0006_D0102,71.02438249830975,24C,classic_roomtemp_2A,RF_20x7_deployed,24C,80.57608728966822,9.551704791358475,9.551704791358475
B0006,B0006_D0103,71.03503115177503,24C,classic_roomtemp_2A,RF_20x7_deployed,24C,80.89031605320062,9.855284901425591,9.855284901425591
B0006,B0006_D0104,72.61279021654194,24C,classic_roomtemp_2A,RF_20x7_deployed,24C,81.37592345884983,8.763133242307887,8.763133242307887
B0006,B0006_D0105,71.57788163862855,24C,classic_roomtemp_2A,RF_20x7_deployed,24C,80.6756764801883,9.097794841559747,9.097794841559747
B0006,B0006_D0106,70.75078755794715,24C,classic_roomtemp_2A,RF_20x7_deployed,24C,81.63286644552873,10.882078887581585,10.882078887581585
B0006,B0006_D0107,70.48655753258726,24C,classic_roomtemp_2A,RF_20x7_deployed,24C,81.22946466602237,10.74290713343511,10.74290713343511
B0006,B0006_D0108,70.24586590646545,24C,classic_roomtemp_2A,RF_20x7_deployed,24C,81.4063705100739,11.160504603608445,11.160504603608445
B0006,B0006_D0109,69.75821482857815,24C,classic_roomtemp_2A,RF_20x7_deployed,24C,81.29367443131005,11.535459602731905,11.535459602731905
B0006,B0006_D0110,69.72671916307038,24C,classic_roomtemp_2A,RF_20x7_deployed,24C,81.29367443131005,11.566955268239667,11.566955268239667
B0006,B0006_D0111,69.46585589656323,24C,classic_roomtemp_2A,RF_20x7_deployed,24C,80.67043562874365,11.20457973218042,11.20457973218042
B0006,B0006_D0112,69.19189736163904,24C,classic_roomtemp_2A,RF_20x7_deployed,24C,81.48711324312109,12.29521588148205,12.29521588148205
B0006,B0006_D0113,68.68407119097562,24C,classic_roomtemp_2A,RF_20x7_deployed,24C,80.07839570011134,11.394324509135728,11.394324509135728
B0006,B0006_D0114,68.93029945931838,24C,classic_roomtemp_2A,RF_20x7_deployed,24C,80.73464539403133,11.804345934712956,11.804345934712956
B0006,B0006_D0115,68.68800149554288,24C,classic_roomtemp_2A,RF_20x7_deployed,24C,80.6616068418357,11.973605346292828,11.973605346292828
B0006,B0006_D0116,68.41290291971356,24C,classic_roomtemp_2A,RF_20x7_deployed,24C,80.24554316457741,11.832640244863853,11.832640244863853
B0006,B0006_D0117,68.16512018658753,24C,classic_roomtemp_2A,RF_20x7_deployed,24C,79.99765296706414,11.832532780476612,11.832532780476612
B0006,B0006_D0118,67.90483070086299,24C,classic_roomtemp_2A,RF_20x7_deployed,24C,80.18925247127201,12.284421770409025,12.284421770409025
B0006,B0006_D0119,67.66345454997655,24C,classic_roomtemp_2A,RF_20x7_deployed,24C,81.08879636768617,13.425341817709622,13.425341817709622
B0006,B0006_D0120,69.20802869118744,24C,classic_roomtemp_2A,RF_20x7_deployed,24C,80.20562564388244,10.997596952695005,10.997596952695005
B0006,B0006_D0121,70.25733895325736,24C,classic_roomtemp_2A,RF_20x7_deployed,24C,81.29367443131005,11.036335478052692,11.036335478052692
B0006,B0006_D0122,68.93595113136764,24C,classic_roomtemp_2A,RF_20x7_deployed,24C,79.96137226302925,11.025421131661602,11.025421131661602
B0006,B0006_D0123,68.41328891599532,24C,classic_roomtemp_2A,RF_20x7_deployed,24C,81.41584900485148,13.002560088856157,13.002560088856157
B0006,B0006_D0124,67.86575648309008,24C,classic_roomtemp_2A,RF_20x7_deployed,24C,80.24554316457741,12.379786681487332,12.379786681487332
B0006,B0006_D0125,67.62467319400798,24C,classic_roomtemp_2A,RF_20x7_deployed,24C,80.14793104184827,12.523257847840284,12.523257847840284
B0006,B0006_D0126,67.37049575830618,24C,classic_roomtemp_2A,RF_20x7_deployed,24C,79.49990284848234,12.129407090176159,12.129407090176159
B0006,B0006_D0127,66.85037565421159,24C,classic_roomtemp_2A,RF_20x7_deployed,24C,79.27195789761247,12.421582243400877,12.421582243400877
B0006,B0006_D0128,66.56176483359263,24C,classic_roomtemp_2A,RF_20x7_deployed,24C,79.80274941603902,13.240984582446387,13.240984582446387
B0006,B0006_D0129,66.29651890863822,24C,classic_roomtemp_2A,RF_20x7_deployed,24C,79.88826896820652,13.591750059568298,13.591750059568298
B0006,B0006_D0130,66.07893719337645,24C,classic_roomtemp_2A,RF_20x7_deployed,24C,80.24736816249919,14.168430969122738,14.168430969122738
B0006,B0006_D0131,66.06125370330544,24C,classic_roomtemp_2A,RF_20x7_deployed,24C,80.5926542507784,14.531400547472956,14.531400547472956
B0006,B0006_D0132,65.78242650931341,24C,classic_roomtemp_2A,RF_20x7_deployed,24C,79.88826896820652,14.105842458893108,14.105842458893108
B0006,B0006_D0133,66.04512848751195,24C,classic_roomtemp_2A,RF_20x7_deployed,24C,79.1765097925477,13.13138130503576,13.13138130503576
B0006,B0006_D0134,67.37164383636953,24C,classic_roomtemp_2A,RF_20x7_deployed,24C,81.22063587911443,13.848992042744896,13.848992042744896
B0006,B0006_D0135,66.30064036176807,24C,classic_roomtemp_2A,RF_20x7_deployed,24C,79.49990284848234,13.199262486714261,13.199262486714261
B0006,B0006_D0136,65.50593392415533,24C,classic_roomtemp_2A,RF_20x7_deployed,24C,80.68700258985382,15.18106866569849,15.18106866569849
B0006,B0006_D0137,65.2608101146965,24C,classic_roomtemp_2A,RF_20x7_deployed,24C,79.59286691476984,14.332056800073346,14.332056800073346
B0006,B0006_D0138,65.02030975677887,24C,classic_roomtemp_2A,RF_20x7_deployed,24C,79.83112939969978,14.810819642920904,14.810819642920904
B0006,B0006_D0139,65.0117867920558,24C,classic_roomtemp_2A,RF_20x7_deployed,24C,79.96130752040214,14.949520728346343,14.949520728346343
B0006,B0006_D0140,64.47533361240379,24C,classic_roomtemp_2A,RF_20x7_deployed,24C,80.37563681010116,15.900303197697369,15.900303197697369
B0006,B0006_D0141,63.96265286923975,24C,classic_roomtemp_2A,RF_20x7_deployed,24C,80.26402661539802,16.301373746158276,16.301373746158276
B0006,B0006_D0142,63.96039085857309,24C,classic_roomtemp_2A,RF_20x7_deployed,24C,79.47171348266203,15.511322624088933,15.511322624088933
B0006,B0006_D0143,63.70183804514616,24C,classic_roomtemp_2A,RF_20x7_deployed,24C,79.87788669151935,16.17604864637319,16.17604864637319
B0006,B0006_D0144,63.70636961500734,24C,classic_roomtemp_2A,RF_20x7_deployed,24C,80.31849724159441,16.612127626587075,16.612127626587075
B0006,B0006_D0145,63.1881971322039,24C,classic_roomtemp_2A,RF_20x7_deployed,24C,79.05739135885172,15.869194226647814,15.869194226647814
B0006,B0006_D0146,62.906868444776165,24C,classic_roomtemp_2A,RF_20x7_deployed,24C,78.91406908409677,16.0072006393206,16.0072006393206
B0006,B0006_D0147,62.66299320276505,24C,classic_roomtemp_2A,RF_20x7_deployed,24C,78.94179753121226,16.278804328447208,16.278804328447208
B0006,B0006_D0148,62.661566577467134,24C,classic_roomtemp_2A,RF_20x7_deployed,24C,78.9871076362924,16.32554105882526,16.32554105882526
B0006,B0006_D0149,62.40437480156788,24C,classic_roomtemp_2A,RF_20x7_deployed,24C,78.90771159560568,16.503336794037793,16.503336794037793
B0006,B0006_D0150,62.67177142472422,24C,classic_roomtemp_2A,RF_20x7_deployed,24C,79.10414199805538,16.432370573331163,16.432370573331163
B0006,B0006_D0151,64.4902438663345,24C,classic_roomtemp_2A,RF_20x7_deployed,24C,81.72721478460417,17.236970918269677,17.236970918269677
B0006,B0006_D0152,63.177010108794185,24C,classic_roomtemp_2A,RF_20x7_deployed,24C,79.96137226302925,16.784362154235062,16.784362154235062
B0006,B0006_D0153,62.398808534214254,24C,classic_roomtemp_2A,RF_20x7_deployed,24C,80.19963474795918,17.800826213744926,17.800826213744926
B0006,B0006_D0154,61.60601438971667,24C,classic_roomtemp_2A,RF_20x7_deployed,24C,79.87781514287542,18.27180075315875,18.27180075315875
B0006,B0006_D0155,61.35568833106767,24C,classic_roomtemp_2A,RF_20x7_deployed,24C,78.90771159560568,17.552023264538008,17.552023264538008
B0006,B0006_D0156,61.08698790688678,24C,classic_roomtemp_2A,RF_20x7_deployed,24C,79.30465765926327,18.217669752376487,18.217669752376487
B0006,B0006_D0157,60.5551339457587,24C,classic_roomtemp_2A,RF_20x7_deployed,24C,78.94944513107133,18.39431118531263,18.39431118531263
B0006,B0006_D0158,60.28079882565868,24C,classic_roomtemp_2A,RF_20x7_deployed,24C,78.97187180668422,18.691072981025542,18.691072981025542
B0006,B0006_D0159,60.044681313586366,24C,classic_roomtemp_2A,RF_20x7_deployed,24C,78.55622076899868,18.51153945541232,18.51153945541232
B0006,B0006_D0160,59.52951992779168,24C,classic_roomtemp_2A,RF_20x7_deployed,24C,78.81807721548526,19.28855728769358,19.28855728769358
B0006,B0006_D0161,59.25896255209705,24C,classic_roomtemp_2A,RF_20x7_deployed,24C,78.5831037363932,19.324141184296145,19.324141184296145
B0006,B0006_D0162,58.983534090723126,24C,classic_roomtemp_2A,RF_20x7_deployed,24C,78.6023147999883,19.61878070926518,19.61878070926518
B0006,B0006_D0163,58.72976418376958,24C,classic_roomtemp_2A,RF_20x7_deployed,24C,79.43531630505309,20.70555212128351,20.70555212128351
B0006,B0006_D0164,57.6909165798125,24C,classic_roomtemp_2A,RF_20x7_deployed,24C,78.40753630324888,20.716619723436374,20.716619723436374
B0006,B0006_D0165,58.22004778686132,24C,classic_roomtemp_2A,RF_20x7_deployed,24C,78.19553274134081,19.97548495447949,19.97548495447949
B0006,B0006_D0166,57.93987473958035,24C,classic_roomtemp_2A,RF_20x7_deployed,24C,79.01856836376072,21.078693624180374,21.078693624180374
B0006,B0006_D0167,58.74874417384586,24C,classic_roomtemp_2A,RF_20x7_deployed,24C,78.68740952352539,19.938665349679532,19.938665349679532
B0006,B0006_D0168,59.283761639646784,24C,classic_roomtemp_2A,RF_20x7_deployed,24C,81.18779568933289,21.904034049686103,21.904034049686103
B0007,B0007_D0001,94.5526147695395,24C,classic_roomtemp_2A,RF_20x7_deployed,24C,79.54928466902679,-15.003330100512713,15.003330100512713
B0007,B0007_D0002,94.03185138434294,24C,classic_roomtemp_2A,RF_20x7_deployed,24C,79.67983188737067,-14.352019496972275,14.352019496972275
B0007,B0007_D0003,94.03313358505694,24C,classic_roomtemp_2A,RF_20x7_deployed,24C,79.74120877445993,-14.29192481059701,14.29192481059701
B0007,B0007_D0004,94.03854504916724,24C,classic_roomtemp_2A,RF_20x7_deployed,24C,79.27406673890889,-14.764478310258355,14.764478310258355
B0007,B0007_D0005,93.97254364142526,24C,classic_roomtemp_2A,RF_20x7_deployed,24C,79.40461395725276,-14.567929684172498,14.567929684172498
B0007,B0007_D0006,94.03501758558704,24C,classic_roomtemp_2A,RF_20x7_deployed,24C,79.74120877445993,-14.293808811127107,14.293808811127107
B0007,B0007_D0007,93.99676261783036,24C,classic_roomtemp_2A,RF_20x7_deployed,24C,79.67983188737067,-14.316930730459688,14.316930730459688
B0007,B0007_D0008,94.075440620194,24C,classic_roomtemp_2A,RF_20x7_deployed,24C,79.54928466902679,-14.526155951167212,14.526155951167212
B0007,B0007_D0009,93.4845393519292,24C,classic_roomtemp_2A,RF_20x7_deployed,24C,79.6247593224317,-13.8597800294975,13.8597800294975
B0007,B0007_D0010,93.50261900695996,24C,classic_roomtemp_2A,RF_20x7_deployed,24C,79.49080917561608,-14.011809831343882,14.011809831343882
B0007,B0007_D0011,93.50221197094288,24C,classic_roomtemp_2A,RF_20x7_deployed,24C,79.74120877445993,-13.761003196482946,13.761003196482946
B0007,B0007_D0012,92.98259493883182,24C,classic_roomtemp_2A,RF_20x7_deployed,24C,79.74120877445993,-13.241386164371889,13.241386164371889
B0007,B0007_D0013,92.95373280431104,24C,classic_roomtemp_2A,RF_20x7_deployed,24C,79.21268985181962,-13.741042952491426,13.741042952491426
B0007,B0007_D0014,92.95042288854616,24C,classic_roomtemp_2A,RF_20x7_deployed,24C,79.53605906026874,-13.414363828277416,13.414363828277416
B0007,B0007_D0015,92.96811293478524,24C,classic_roomtemp_2A,RF_20x7_deployed,24C,79.44724643212949,-13.52086650265575,13.52086650265575
B0007,B0007_D0016,92.93677725300518,24C,classic_roomtemp_2A,RF_20x7_deployed,24C,79.6247593224317,-13.312017930573475,13.312017930573475
B0007,B0007_D0017,92.39086456610724,24C,classic_roomtemp_2A,RF_20x7_deployed,24C,79.40461395725276,-12.986250608854476,12.986250608854476
B0007,B0007_D0018,92.42626458068524,24C,classic_roomtemp_2A,RF_20x7_deployed,24C,79.74120877445993,-12.685055806225307,12.685055806225307
B0007,B0007_D0019,92.4189475925017,24C,classic_roomtemp_2A,RF_20x7_deployed,24C,79.74120877445993,-12.67773881804176,12.67773881804176
B0007,B0007_D0020,94.03902718804883,24C,classic_roomtemp_2A,RF_20x7_deployed,24C,79.40461395725276,-14.63441323079607,14.63441323079607
B0007,B0007_D0021,94.073607987218,24C,classic_roomtemp_2A,RF_20x7_deployed,24C,79.40461395725276,-14.668994029965233,14.668994029965233
B0007,B0007_D0022,94.05477156622392,24C,classic_roomtemp_2A,RF_20x7_deployed,24C,79.67983188737067,-14.374939678853252,14.374939678853252
B0007,B0007_D0023,93.55044824889998,24C,classic_roomtemp_2A,RF_20x7_deployed,24C,79.21559124549819,-14.334857003401794,14.334857003401794
B0007,B0007_D0024,93.50997575970686,24C,classic_roomtemp_2A,RF_20x7_deployed,24C,79.74120877445993,-13.768766985246927,13.768766985246927
B0007,B0007_D0025,93.53357681400492,24C,classic_roomtemp_2A,RF_20x7_deployed,24C,79.74120877445993,-13.792368039544982,13.792368039544982
B0007,B0007_D0026,92.98062322010084,24C,classic_roomtemp_2A,RF_20x7_deployed,24C,79.74120877445993,-13.239414445640904,13.239414445640904
B0007,B0007_D0027,93.0016954859173,24C,classic_roomtemp_2A,RF_20x7_deployed,24C,79.74120877445993,-13.26048671145736,13.26048671145736
B0007,B0007_D0028,92.95826554580384,24C,classic_roomtemp_2A,RF_20x7_deployed,24C,79.44724643212949,-13.511019113674351,13.511019113674351
B0007,B0007_D0029,92.40699089389145,24C,classic_roomtemp_2A,RF_20x7_deployed,24C,79.40461395725276,-13.002376936638683,13.002376936638683
B0007,B0007_D0030,92.4600851063082,24C,classic_roomtemp_2A,RF_20x7_deployed,24C,79.74120877445993,-12.718876331848264,12.718876331848264
B0007,B0007_D0031,94.17338718975424,24C,classic_roomtemp_2A,RF_20x7_deployed,24C,79.25532232669634,-14.918064863057893,14.918064863057893
B0007,B0007_D0032,93.14105558952922,24C,classic_roomtemp_2A,RF_20x7_deployed,24C,79.37177177872458,-13.769283810804637,13.769283810804637
B0007,B0007_D0033,92.6042519826176,24C,classic_roomtemp_2A,RF_20x7_deployed,24C,79.54928466902679,-13.054967313590808,13.054967313590808
B0007,B0007_D0034,92.34752324104352,24C,classic_roomtemp_2A,RF_20x7_deployed,24C,79.39765915692286,-12.949864084120662,12.949864084120662
B0007,B0007_D0035,91.8414215584509,24C,classic_roomtemp_2A,RF_20x7_deployed,24C,79.32384217977133,-12.51757937867957,12.51757937867957
B0007,B0007_D0036,91.8580980983614,24C,classic_roomtemp_2A,RF_20x7_deployed,24C,79.21268985181962,-12.645408246541777,12.645408246541777
B0007,B0007_D0037,91.58361291859424,24C,classic_roomtemp_2A,RF_20x7_deployed,24C,79.25532232669634,-12.328290591897897,12.328290591897897
B0007,B0007_D0038,91.05735475658892,24C,classic_roomtemp_2A,RF_20x7_deployed,24C,79.41453709728489,-11.64281765930403,11.64281765930403
B0007,B0007_D0039,90.82530457557574,24C,classic_roomtemp_2A,RF_20x7_deployed,24C,80.22503592151935,-10.600268654056393,10.600268654056393
B0007,B0007_D0040,90.5690780075228,24C,classic_roomtemp_2A,RF_20x7_deployed,24C,79.93107357918889,-10.638004428333915,10.638004428333915
B0007,B0007_D0041,90.58028166969792,24C,classic_roomtemp_2A,RF_20x7_deployed,24C,79.37177177872458,-11.208509890973346,11.208509890973346
B0007,B0007_D0042,90.30274477778704,24C,classic_roomtemp_2A,RF_20x7_deployed,24C,79.25532232669634,-11.047422451090696,11.047422451090696
B0007,B0007_D0043,90.66020913497027,24C,classic_roomtemp_2A,RF_20x7_deployed,24C,79.44724643212949,-11.212962702840784,11.212962702840784
B0007,B0007_D0044,90.31320969141764,24C,classic_roomtemp_2A,RF_20x7_deployed,24C,79.11084712220637,-11.202362569211274,11.202362569211274
B0007,B0007_D0045,89.79155124950229,24C,classic_roomtemp_2A,RF_20x7_deployed,24C,80.18269777457206,-9.608853474930228,9.608853474930228
B0007,B0007_D0046,89.29426300195226,24C,classic_roomtemp_2A,RF_20x7_deployed,24C,79.4799529795949,-9.814310022357361,9.814310022357361
B0007,B0007_D0047,89.01634302251375,24C,classic_roomtemp_2A,RF_20x7_deployed,24C,80.46217451505967,-8.55416850745408,8.55416850745408
B0007,B0007_D0048,90.75378449787786,24C,classic_roomtemp_2A,RF_20x7_deployed,24C,79.2272965742346,-11.52648792364326,11.52648792364326
B0007,B0007_D0049,90.7851257742292,24C,classic_roomtemp_2A,RF_20x7_deployed,24C,79.44744193941355,-11.33768383481565,11.33768383481565
B0007,B0007_D0050,90.01216089028335,24C,classic_roomtemp_2A,RF_20x7_deployed,24C,79.30573356367971,-10.706427326603645,10.706427326603645
B0007,B0007_D0051,89.52238102804654,24C,classic_roomtemp_2A,RF_20x7_deployed,24C,79.51265332010061,-10.009727707945927,10.009727707945927
B0007,B0007_D0052,89.0171516150066,24C,classic_roomtemp_2A,RF_20x7_deployed,24C,79.74120877445993,-9.275942840546662,9.275942840546662
B0007,B0007_D0053,88.7664384798406,24C,classic_roomtemp_2A,RF_20x7_deployed,24C,79.25532232669634,-9.511116153144258,9.511116153144258
B0007,B0007_D0054,88.51314867366426,24C,classic_roomtemp_2A,RF_20x7_deployed,24C,79.30277122763951,-9.21037744602475,9.21037744602475
B0007,B0007_D0055,88.0040530927102,24C,classic_roomtemp_2A,RF_20x7_deployed,24C,79.66573412105502,-8.33831897165517,8.33831897165517
B0007,B0007_D0056,87.48237967688445,24C,classic_roomtemp_2A,RF_20x7_deployed,24C,79.49080917561608,-7.99157050126837,7.99157050126837
B0007,B0007_D0057,87.48250375296554,24C,classic_roomtemp_2A,RF_20x7_deployed,24C,79.32913930384785,-8.153364449117689,8.153364449117689
B0007,B0007_D0058,87.25143696073415,24C,classic_roomtemp_2A,RF_20x7_deployed,24C,79.74120877445993,-7.510228186274219,7.510228186274219
B0007,B0007_D0059,86.98228727643365,24C,classic_roomtemp_2A,RF_20x7_deployed,24C,79.44724643212949,-7.535040844304163,7.535040844304163
B0007,B0007_D0060,86.42821138858982,24C,classic_roomtemp_2A,RF_20x7_deployed,24C,79.66573412105502,-6.762477267534791,6.762477267534791
B0007,B0007_D0061,86.1950162294209,24C,classic_roomtemp_2A,RF_20x7_deployed,24C,79.32913930384785,-6.865876925573048,6.865876925573048
B0007,B0007_D0062,85.69894388242597,24C,classic_roomtemp_2A,RF_20x7_deployed,24C,79.21268985181962,-6.4862540306063465,6.4862540306063465
B0007,B0007_D0063,85.69850998502307,24C,classic_roomtemp_2A,RF_20x7_deployed,24C,79.32913930384785,-6.369370681175212,6.369370681175212
B0007,B0007_D0064,85.18260586819383,24C,classic_roomtemp_2A,RF_20x7_deployed,24C,79.30573356367971,-5.876872304514123,5.876872304514123
B0007,B0007_D0065,85.20068737191244,24C,classic_roomtemp_2A,RF_20x7_deployed,24C,79.58447963537613,-5.61620773653631,5.61620773653631
B0007,B0007_D0066,84.67858078671516,24C,classic_roomtemp_2A,RF_20x7_deployed,24C,79.02366714006504,-5.654913646650115,5.654913646650115
B0007,B0007_D0067,84.38288681938828,24C,classic_roomtemp_2A,RF_20x7_deployed,24C,79.44724643212949,-4.935640387258786,4.935640387258786
B0007,B0007_D0068,84.15372178291575,24C,classic_roomtemp_2A,RF_20x7_deployed,24C,79.39255552994298,-4.761166252972771,4.761166252972771
B0007,B0007_D0069,83.89635071012741,24C,classic_roomtemp_2A,RF_20x7_deployed,24C,79.67067485373944,-4.225675856387966,4.225675856387966
B0007,B0007_D0070,83.66030137983086,24C,classic_roomtemp_2A,RF_20x7_deployed,24C,79.67067485373944,-3.9896265260914134,3.9896265260914134
B0007,B0007_D0071,83.37183604126994,24C,classic_roomtemp_2A,RF_20x7_deployed,24C,79.9210744525833,-3.450761588686646,3.450761588686646
B0007,B0007_D0072,83.11331315333763,24C,classic_roomtemp_2A,RF_20x7_deployed,24C,79.72915034715015,-3.384162806187476,3.384162806187476
B0007,B0007_D0073,82.87121532881531,24C,classic_roomtemp_2A,RF_20x7_deployed,24C,79.68548076880354,-3.185734560011767,3.185734560011767
B0007,B0007_D0074,82.6269342464367,24C,classic_roomtemp_2A,RF_20x7_deployed,24C,79.84559979917839,-2.781334447258317,2.781334447258317
B0007,B0007_D0075,82.3608731378666,24C,classic_roomtemp_2A,RF_20x7_deployed,24C,79.39255552994298,-2.9683176079236233,2.9683176079236233
B0007,B0007_D0076,81.82068405449036,24C,classic_roomtemp_2A,RF_20x7_deployed,24C,79.68548076880354,-2.1352032856868135,2.1352032856868135
B0007,B0007_D0077,81.81277156024248,24C,classic_roomtemp_2A,RF_20x7_deployed,24C,79.61000611539863,-2.2027654448438483,2.2027654448438483
B0007,B0007_D0078,82.0559589609192,24C,classic_roomtemp_2A,RF_20x7_deployed,24C,79.64284829392682,-2.413110666992381,2.413110666992381
B0007,B0007_D0079,81.57850394828483,24C,classic_roomtemp_2A,RF_20x7_deployed,24C,79.72904351229013,-1.8494604359947004,1.8494604359947004
B0007,B0007_D0080,81.0606641493618,24C,classic_roomtemp_2A,RF_20x7_deployed,24C,79.81363166552958,-1.2470324838322142,1.2470324838322142
B0007,B0007_D0081,80.82136607381061,24C,classic_roomtemp_2A,RF_20x7_deployed,24C,80.22810013618987,-0.5932659376207425,0.5932659376207425
B0007,B0007_D0082,80.79117550809605,24C,classic_roomtemp_2A,RF_20x7_deployed,24C,79.62875052761117,-1.1624249804848716,1.1624249804848716
B0007,B0007_D0083,80.83620901489451,24C,classic_roomtemp_2A,RF_20x7_deployed,24C,79.45092418849367,-1.3852848264008344,1.3852848264008344
B0007,B0007_D0084,80.54327931865014,24C,classic_roomtemp_2A,RF_20x7_deployed,24C,79.52669316982801,-1.0165861488221282,1.0165861488221282
B0007,B0007_D0085,80.03301687154688,24C,classic_roomtemp_2A,RF_20x7_deployed,24C,79.41144669742465,-0.6215701741222261,0.6215701741222261
B0007,B0007_D0086,79.79587243502833,24C,classic_roomtemp_2A,RF_20x7_deployed,24C,79.97944311113399,0.1835706761056599,0.1835706761056599
B0007,B0007_D0087,79.81089759731121,24C,classic_roomtemp_2A,RF_20x7_deployed,24C,79.90396845772908,0.0930708604178676,0.0930708604178676
B0007,B0007_D0088,79.79032557316987,24C,classic_roomtemp_2A,RF_20x7_deployed,24C,79.62875052761117,-0.16157504555869195,0.16157504555869195
B0007,B0007_D0089,79.53253910740352,24C,classic_roomtemp_2A,RF_20x7_deployed,24C,79.2619014767391,-0.2706376306644245,0.2706376306644245
B0007,B0007_D0090,84.44105580927753,24C,classic_roomtemp_2A,RF_20x7_deployed,24C,79.90396845772908,-4.53708735154845,4.53708735154845
B0007,B0007_D0091,81.29969139866601,24C,classic_roomtemp_2A,RF_20x7_deployed,24C,79.97944311113399,-1.3202482875320243,1.3202482875320243
B0007,B0007_D0092,80.78716931406449,24C,classic_roomtemp_2A,RF_20x7_deployed,24C,79.39255552994298,-1.3946137841215034,1.3946137841215034
B0007,B0007_D0093,80.28313382423269,24C,classic_roomtemp_2A,RF_20x7_deployed,24C,79.97944311113399,-0.3036907130987032,0.3036907130987032
B0007,B0007_D0094,79.74873460762174,24C,classic_roomtemp_2A,RF_20x7_deployed,24C,79.68548076880354,-0.06325383881819846,0.06325383881819846
B0007,B0007_D0095,79.52051219435971,24C,classic_roomtemp_2A,RF_20x7_deployed,24C,79.45092418849367,-0.06958800586603786,0.06958800586603786
B0007,B0007_D0096,79.26758531494089,24C,classic_roomtemp_2A,RF_20x7_deployed,24C,79.78751900570084,0.5199336907599559,0.5199336907599559
B0007,B0007_D0097,78.99868573621188,24C,classic_roomtemp_2A,RF_20x7_deployed,24C,79.33636198114954,0.33767624493765425,0.33767624493765425
B0007,B0007_D0098,78.76092732639034,24C,classic_roomtemp_2A,RF_20x7_deployed,24C,79.97944311113399,1.2185157847436443,1.2185157847436443
B0007,B0007_D0099,78.4899242324434,24C,classic_roomtemp_2A,RF_20x7_deployed,24C,79.4935566633704,1.0036324309269986,1.0036324309269986
B0007,B0007_D0100,78.51282687975178,24C,classic_roomtemp_2A,RF_20x7_deployed,24C,79.33887343769831,0.8260465579465261,0.8260465579465261
B0007,B0007_D0101,78.2624936954719,24C,classic_roomtemp_2A,RF_20x7_deployed,24C,79.7742933969428,1.511799701470892,1.511799701470892
B0007,B0007_D0102,77.98169667805736,24C,classic_roomtemp_2A,RF_20x7_deployed,24C,79.82200673773505,1.840310059677691,1.840310059677691
B0007,B0007_D0103,78.24910266696052,24C,classic_roomtemp_2A,RF_20x7_deployed,24C,79.45092418849367,1.201821521533148,1.201821521533148
B0007,B0007_D0104,78.7489749921135,24C,classic_roomtemp_2A,RF_20x7_deployed,24C,79.97944311113399,1.230468119020486,1.230468119020486
B0007,B0007_D0105,78.2640558439023,24C,classic_roomtemp_2A,RF_20x7_deployed,24C,79.6033708028578,1.339314958955498,1.339314958955498
B0007,B0007_D0106,77.9877748735063,24C,classic_roomtemp_2A,RF_20x7_deployed,24C,79.58927303654215,1.6014981630358562,1.6014981630358562
B0007,B0007_D0107,77.49488428352494,24C,classic_roomtemp_2A,RF_20x7_deployed,24C,79.20566684327454,1.7107825597496031,1.7107825597496031
B0007,B0007_D0108,77.1938576567251,24C,classic_roomtemp_2A,RF_20x7_deployed,24C,79.5491829060087,2.355325249283595,2.355325249283595
B0007,B0007_D0109,77.25093744345037,24C,classic_roomtemp_2A,RF_20x7_deployed,24C,79.20566684327454,1.9547293998241742,1.9547293998241742
B0007,B0007_D0110,77.22970077051454,24C,classic_roomtemp_2A,RF_20x7_deployed,24C,79.14428995618525,1.9145891856707067,1.9145891856707067
B0007,B0007_D0111,76.71543360879438,24C,classic_roomtemp_2A,RF_20x7_deployed,24C,79.83467261969828,3.1192390109038968,3.1192390109038968
B0007,B0007_D0112,76.43801971479242,24C,classic_roomtemp_2A,RF_20x7_deployed,24C,79.83467261969828,3.3966529049058636,3.3966529049058636
B0007,B0007_D0113,76.44630124589922,24C,classic_roomtemp_2A,RF_20x7_deployed,24C,78.9716320431368,2.5253307972375723,2.5253307972375723
B0007,B0007_D0114,76.45458250665615,24C,classic_roomtemp_2A,RF_20x7_deployed,24C,79.47009060121668,3.0155080945605306,3.0155080945605306
B0007,B0007_D0115,76.19529662330623,24C,classic_roomtemp_2A,RF_20x7_deployed,24C,79.20566684327454,3.0103702199683084,3.0103702199683084
B0007,B0007_D0116,75.93337709550309,24C,classic_roomtemp_2A,RF_20x7_deployed,24C,79.7456405686979,3.812263473194804,3.812263473194804
B0007,B0007_D0117,75.68241133213476,24C,classic_roomtemp_2A,RF_20x7_deployed,24C,79.15260280538762,3.4701914732528536,3.4701914732528536
B0007,B0007_D0118,75.68025092614516,24C,classic_roomtemp_2A,RF_20x7_deployed,24C,78.85537282404684,3.1751218979016755,3.1751218979016755
B0007,B0007_D0119,75.69735307433983,24C,classic_roomtemp_2A,RF_20x7_deployed,24C,78.9716320431368,3.2742789687969633,3.2742789687969633
B0007,B0007_D0120,76.69799596579394,24C,classic_roomtemp_2A,RF_20x7_deployed,24C,79.37062448524175,2.6726285194478123,2.6726285194478123
B0007,B0007_D0121,76.95686399326549,24C,classic_roomtemp_2A,RF_20x7_deployed,24C,79.49070741259798,2.5338434193324986,2.5338434193324986
B0007,B0007_D0122,76.18123986419369,24C,classic_roomtemp_2A,RF_20x7_deployed,24C,79.14719134986383,2.9659514856701463,2.9659514856701463
B0007,B0007_D0123,75.67906517794573,24C,classic_roomtemp_2A,RF_20x7_deployed,24C,79.82377871885245,4.1447135409067215,4.1447135409067215
B0007,B0007_D0124,75.38925374923957,24C,classic_roomtemp_2A,RF_20x7_deployed,24C,79.11976062685945,3.7305068776198738,3.7305068776198738
B0007,B0007_D0125,75.15980338018666,24C,classic_roomtemp_2A,RF_20x7_deployed,24C,78.88810544022814,3.728302060041486,3.728302060041486
B0007,B0007_D0126,74.8911029849794,24C,classic_roomtemp_2A,RF_20x7_deployed,24C,79.89872462099353,5.007621636014136,5.007621636014136
B0007,B0007_D0127,74.6424267316758,24C,classic_roomtemp_2A,RF_20x7_deployed,24C,79.83734773390425,5.194921002228455,5.194921002228455
B0007,B0007_D0128,74.62071949335129,24C,classic_roomtemp_2A,RF_20x7_deployed,24C,77.8790037286363,3.258284235285018,3.258284235285018
B0007,B0007_D0129,74.37413882690404,24C,classic_roomtemp_2A,RF_20x7_deployed,24C,79.47028083415493,5.09614200725089,5.09614200725089
B0007,B0007_D0130,74.12675743202055,24C,classic_roomtemp_2A,RF_20x7_deployed,24C,78.64868436514412,4.5219269331235665,4.5219269331235665
B0007,B0007_D0131,74.13937161114492,24C,classic_roomtemp_2A,RF_20x7_deployed,24C,78.25634217665869,4.116970565513768,4.116970565513768
B0007,B0007_D0132,73.84855898875296,24C,classic_roomtemp_2A,RF_20x7_deployed,24C,78.0271602877472,4.178601298994238,4.178601298994238
B0007,B0007_D0133,74.09507777068637,24C,classic_roomtemp_2A,RF_20x7_deployed,24C,78.44250856439085,4.347430793704476,4.347430793704476
B0007,B0007_D0134,74.90683099437412,24C,classic_roomtemp_2A,RF_20x7_deployed,24C,79.21988123531108,4.31305024093696,4.31305024093696
B0007,B0007_D0135,74.10387607196436,24C,classic_roomtemp_2A,RF_20x7_deployed,24C,78.8412750577312,4.737398985766831,4.737398985766831
B0007,B0007_D0136,73.85577656406076,24C,classic_roomtemp_2A,RF_20x7_deployed,24C,79.41421681237324,5.558440248312479,5.558440248312479
B0007,B0007_D0137,73.60386391528245,24C,classic_roomtemp_2A,RF_20x7_deployed,24C,78.0599404872307,4.456076571948259,4.456076571948259
B0007,B0007_D0138,73.6124006828227,24C,classic_roomtemp_2A,RF_20x7_deployed,24C,78.71006125223339,5.097660569410692,5.097660569410692
B0007,B0007_D0139,73.35053336137332,24C,classic_roomtemp_2A,RF_20x7_deployed,24C,78.71006125223339,5.359527890860065,5.359527890860065
B0007,B0007_D0140,73.0883624766769,24C,classic_roomtemp_2A,RF_20x7_deployed,24C,78.74156932682885,5.653206850151946,5.653206850151946
B0007,B0007_D0141,72.83476335244853,24C,classic_roomtemp_2A,RF_20x7_deployed,24C,78.8424471329094,6.007683780460866,6.007683780460866
B0007,B0007_D0142,72.5677486379478,24C,classic_roomtemp_2A,RF_20x7_deployed,24C,78.16641874612716,5.598670108179363,5.598670108179363
B0007,B0007_D0143,72.58079631286874,24C,classic_roomtemp_2A,RF_20x7_deployed,24C,78.16641874612716,5.585622433258422,5.585622433258422
B0007,B0007_D0144,72.34080666086842,24C,classic_roomtemp_2A,RF_20x7_deployed,24C,77.89883244343523,5.558025782566801,5.558025782566801
B0007,B0007_D0145,72.33785303884392,24C,classic_roomtemp_2A,RF_20x7_deployed,24C,77.09197347483278,4.754120435988867,4.754120435988867
B0007,B0007_D0146,72.06898740723396,24C,classic_roomtemp_2A,RF_20x7_deployed,24C,77.52155092585244,5.452563518618476,5.452563518618476
B0007,B0007_D0147,71.8122812610409,24C,classic_roomtemp_2A,RF_20x7_deployed,24C,77.52155092585244,5.7092696648115435,5.7092696648115435
B0007,B0007_D0148,71.84077076962414,24C,classic_roomtemp_2A,RF_20x7_deployed,24C,78.38256826156729,6.541797491943143,6.541797491943143
B0007,B0007_D0149,71.81472572930025,24C,classic_roomtemp_2A,RF_20x7_deployed,24C,77.4240675916887,5.6093418623884475,5.6093418623884475
B0007,B0007_D0150,72.09287657939008,24C,classic_roomtemp_2A,RF_20x7_deployed,24C,78.25523137426644,6.162354794876364,6.162354794876364
B0007,B0007_D0151,73.36031742390898,24C,classic_roomtemp_2A,RF_20x7_deployed,24C,79.40437819686414,6.044060772955163,6.044060772955163
B0007,B0007_D0152,72.59320183924441,24C,classic_roomtemp_2A,RF_20x7_deployed,24C,78.28592034117813,5.692718501933712,5.692718501933712
B0007,B0007_D0153,72.3568987637425,24C,classic_roomtemp_2A,RF_20x7_deployed,24C,78.32902379045615,5.972125026713641,5.972125026713641
B0007,B0007_D0154,72.08952932811995,24C,classic_roomtemp_2A,RF_20x7_deployed,24C,77.79655045651859,5.707021128398637,5.707021128398637
B0007,B0007_D0155,71.58154739555555,24C,classic_roomtemp_2A,RF_20x7_deployed,24C,78.15978823828709,6.578240842731546,6.578240842731546
B0007,B0007_D0156,71.59042124836843,24C,classic_roomtemp_2A,RF_20x7_deployed,24C,78.01363663035538,6.4232153819869495,6.4232153819869495
B0007,B0007_D0157,71.31281292553435,24C,classic_roomtemp_2A,RF_20x7_deployed,24C,77.04375833632595,5.730945410791605,5.730945410791605
B0007,B0007_D0158,71.30438764462455,24C,classic_roomtemp_2A,RF_20x7_deployed,24C,78.39574522142922,7.091357576804668,7.091357576804668
B0007,B0007_D0159,71.06316755015847,24C,classic_roomtemp_2A,RF_20x7_deployed,24C,78.15958866484957,7.096421114691097,7.096421114691097
B0007,B0007_D0160,70.81636374397554,24C,classic_roomtemp_2A,RF_20x7_deployed,24C,76.56044820432965,5.744084460354102,5.744084460354102
B0007,B0007_D0161,70.82890914587998,24C,classic_roomtemp_2A,RF_20x7_deployed,24C,78.32337929908432,7.494470153204347,7.494470153204347
B0007,B0007_D0162,70.54200864712587,24C,classic_roomtemp_2A,RF_20x7_deployed,24C,76.79848900936449,6.256480362238619,6.256480362238619
B0007,B0007_D0163,70.54974814173902,24C,classic_roomtemp_2A,RF_20x7_deployed,24C,76.8798914873583,6.330143345619277,6.330143345619277
B0007,B0007_D0164,70.308571451994,24C,classic_roomtemp_2A,RF_20x7_deployed,24C,77.11897659830574,6.810405146311737,6.810405146311737
B0007,B0007_D0165,70.31679239846461,24C,classic_roomtemp_2A,RF_20x7_deployed,24C,76.73714811587926,6.420355717414651,6.420355717414651
B0007,B0007_D0166,70.02276199533257,24C,classic_roomtemp_2A,RF_20x7_deployed,24C,76.73671578099201,6.713953785659442,6.713953785659442
B0007,B0007_D0167,71.08932523027576,24C,classic_roomtemp_2A,RF_20x7_deployed,24C,77.87436500734651,6.78503977707075,6.78503977707075
B0007,B0007_D0168,71.62276360312717,24C,classic_roomtemp_2A,RF_20x7_deployed,24C,79.23781610127581,7.615052498148643,7.615052498148643
B0018,B0018_D0001,92.75022603955408,24C,classic_roomtemp_2A,RF_20x7_deployed,24C,83.40683347705408,-9.3433925625,9.3433925625
B0018,B0018_D0002,92.15977658544992,24C,classic_roomtemp_2A,RF_20x7_deployed,24C,82.59435021484045,-9.565426370609472,9.565426370609472
B0018,B0018_D0003,91.98009212177712,24C,classic_roomtemp_2A,RF_20x7_deployed,24C,83.0495321481909,-8.930559973586213,8.930559973586213
B0018,B0018_D0004,91.53368022481028,24C,classic_roomtemp_2A,RF_20x7_deployed,24C,82.88526642714518,-8.6484137976651,8.6484137976651
B0018,B0018_D0005,91.63501034709827,24C,classic_roomtemp_2A,RF_20x7_deployed,24C,82.88526642714518,-8.74974391995309,8.74974391995309
B0018,B0018_D0006,91.42644423023194,24C,classic_roomtemp_2A,RF_20x7_deployed,24C,82.99616169721737,-8.430282533014562,8.430282533014562
B0018,B0018_D0007,91.06005947848962,24C,classic_roomtemp_2A,RF_20x7_deployed,24C,82.88526642714518,-8.174793051344437,8.174793051344437
B0018,B0018_D0008,90.7585005321664,24C,classic_roomtemp_2A,RF_20x7_deployed,24C,82.88526642714518,-7.873234105021211,7.873234105021211
B0018,B0018_D0009,90.21490260483824,24C,classic_roomtemp_2A,RF_20x7_deployed,24C,82.52638905597885,-7.68851354885939,7.68851354885939
B0018,B0018_D0010,91.15501151422112,24C,classic_roomtemp_2A,RF_20x7_deployed,24C,82.99616169721737,-8.158849817003741,8.158849817003741
B0018,B0018_D0011,90.60626760127744,24C,classic_roomtemp_2A,RF_20x7_deployed,24C,83.0495321481909,-7.556735453086532,7.556735453086532
B0018,B0018_D0012,90.23458191058884,24C,classic_roomtemp_2A,RF_20x7_deployed,24C,83.0495321481909,-7.185049762397938,7.185049762397938
B0018,B0018_D0013,89.54221748931475,24C,classic_roomtemp_2A,RF_20x7_deployed,24C,82.88526642714518,-6.6569510621695684,6.6569510621695684
B0018,B0018_D0014,89.1735361420963,24C,classic_roomtemp_2A,RF_20x7_deployed,24C,82.35256715224997,-6.820968989846321,6.820968989846321
B0018,B0018_D0015,89.04693062655352,24C,classic_roomtemp_2A,RF_20x7_deployed,24C,83.0495321481909,-5.997398478362612,5.997398478362612
B0018,B0018_D0016,88.5604519836349,24C,classic_roomtemp_2A,RF_20x7_deployed,24C,83.0495321481909,-5.510919835444,5.510919835444
B0018,B0018_D0017,88.43151998353538,24C,classic_roomtemp_2A,RF_20x7_deployed,24C,82.75889567676221,-5.672624306773173,5.672624306773173
B0018,B0018_D0018,87.68152400958562,24C,classic_roomtemp_2A,RF_20x7_deployed,24C,82.88526642714518,-4.7962575824404325,4.7962575824404325
B0018,B0018_D0019,87.31098708207547,24C,classic_roomtemp_2A,RF_20x7_deployed,24C,82.95815555278458,-4.352831529290896,4.352831529290896
B0018,B0018_D0020,86.88323668526868,24C,classic_roomtemp_2A,RF_20x7_deployed,24C,83.64214106869294,-3.2410956165757483,3.2410956165757483
B0018,B0018_D0021,86.57583367737918,24C,classic_roomtemp_2A,RF_20x7_deployed,24C,83.91086826542806,-2.6649654119511155,2.6649654119511155
B0018,B0018_D0022,85.42974947235301,24C,classic_roomtemp_2A,RF_20x7_deployed,24C,83.78624009062955,-1.6435093817234616,1.6435093817234616
B0018,B0018_D0023,85.57349785341056,24C,classic_roomtemp_2A,RF_20x7_deployed,24C,84.42681954286643,-1.1466783105441323,1.1466783105441323
B0018,B0018_D0024,85.37510686636314,24C,classic_roomtemp_2A,RF_20x7_deployed,24C,84.1192007207539,-1.255906145609245,1.255906145609245
B0018,B0018_D0025,87.46191032180114,24C,classic_roomtemp_2A,RF_20x7_deployed,24C,84.10603529337143,-3.3558750284297076,3.3558750284297076
B0018,B0018_D0026,86.63848573714978,24C,classic_roomtemp_2A,RF_20x7_deployed,24C,82.5946299557165,-4.04385578143328,4.04385578143328
B0018,B0018_D0027,86.11156664146188,24C,classic_roomtemp_2A,RF_20x7_deployed,24C,82.27939828573452,-3.8321683557273616,3.8321683557273616
B0018,B0018_D0028,85.59231494923645,24C,classic_roomtemp_2A,RF_20x7_deployed,24C,82.99616169721737,-2.5961532520190786,2.5961532520190786
B0018,B0018_D0029,84.96339175633435,24C,classic_roomtemp_2A,RF_20x7_deployed,24C,82.88498668626914,-2.0784050700652017,2.0784050700652017
B0018,B0018_D0030,84.70183219621553,24C,classic_roomtemp_2A,RF_20x7_deployed,24C,83.0495321481909,-1.6523000480246282,1.6523000480246282
B0018,B0018_D0031,84.09513539384044,24C,classic_roomtemp_2A,RF_20x7_deployed,24C,82.5946299557165,-1.5005054381239376,1.5005054381239376
B0018,B0018_D0032,83.84885309216843,24C,classic_roomtemp_2A,RF_20x7_deployed,24C,83.0495321481909,-0.79932094397752,0.79932094397752
B0018,B0018_D0033,83.27614653239468,24C,classic_roomtemp_2A,RF_20x7_deployed,24C,82.88526642714518,-0.3908801052494937,0.3908801052494937
B0018,B0018_D0034,82.85962287916043,24C,classic_roomtemp_2A,RF_20x7_deployed,24C,82.88526642714518,0.025643547984756765,0.025643547984756765
B0018,B0018_D0035,82.41120777647023,24C,classic_roomtemp_2A,RF_20x7_deployed,24C,83.41099583669094,0.999788060220709,0.999788060220709
B0018,B0018_D0036,81.93850748993631,24C,classic_roomtemp_2A,RF_20x7_deployed,24C,82.88526642714518,0.9467589372088696,0.9467589372088696
B0018,B0018_D0037,81.38243453631031,24C,classic_roomtemp_2A,RF_20x7_deployed,24C,82.88526642714518,1.5028318908348695,1.5028318908348695
B0018,B0018_D0038,81.107685113626,24C,classic_roomtemp_2A,RF_20x7_deployed,24C,82.99616169721737,1.8884765835913697,1.8884765835913697
B0018,B0018_D0039,80.70033255233793,24C,classic_roomtemp_2A,RF_20x7_deployed,24C,83.0495321481909,2.34919959585298,2.34919959585298
B0018,B0018_D0040,83.80258077212312,24C,classic_roomtemp_2A,RF_20x7_deployed,24C,82.95787581190854,-0.8447049602145853,0.8447049602145853
B0018,B0018_D0041,82.46503212760994,24C,classic_roomtemp_2A,RF_20x7_deployed,24C,82.88526642714518,0.42023429953523816,0.42023429953523816
B0018,B0018_D0042,81.6191495929045,24C,classic_roomtemp_2A,RF_20x7_deployed,24C,82.88526642714518,1.2661168342406768,1.2661168342406768
B0018,B0018_D0043,80.82079859512888,24C,classic_roomtemp_2A,RF_20x7_deployed,24C,82.97142360598356,2.1506250108546823,2.1506250108546823
B0018,B0018_D0044,80.54514189124689,24C,classic_roomtemp_2A,RF_20x7_deployed,24C,84.05266484239789,3.507522951151003,3.507522951151003
B0018,B0018_D0045,79.77319346847828,24C,classic_roomtemp_2A,RF_20x7_deployed,24C,84.21757737749047,4.444383909012188,4.444383909012188
B0018,B0018_D0046,86.3353720042882,24C,classic_roomtemp_2A,RF_20x7_deployed,24C,83.22305247523852,-3.1123195290496852,3.1123195290496852
B0018,B0018_D0047,85.82836958714876,24C,classic_roomtemp_2A,RF_20x7_deployed,24C,83.0495321481909,-2.7788374389578507,2.7788374389578507
B0018,B0018_D0048,84.79117785467423,24C,classic_roomtemp_2A,RF_20x7_deployed,24C,83.0495321481909,-1.7416457064833253,1.7416457064833253
B0018,B0018_D0049,83.88891595396278,24C,classic_roomtemp_2A,RF_20x7_deployed,24C,82.88498668626914,-1.0039292676936356,1.0039292676936356
B0018,B0018_D0050,83.03293448887096,24C,classic_roomtemp_2A,RF_20x7_deployed,24C,83.0495321481909,0.016597659319941727,0.016597659319941727
B0018,B0018_D0051,83.32054637413732,24C,classic_roomtemp_2A,RF_20x7_deployed,24C,83.0495321481909,-0.27101422594641633,0.27101422594641633
B0018,B0018_D0052,82.34168087203902,24C,classic_roomtemp_2A,RF_20x7_deployed,24C,82.88526642714518,0.5435855551061621,0.5435855551061621
B0018,B0018_D0053,81.28819964389976,24C,classic_roomtemp_2A,RF_20x7_deployed,24C,83.0495321481909,1.761332504291147,1.761332504291147
B0018,B0018_D0054,80.60788705937298,24C,classic_roomtemp_2A,RF_20x7_deployed,24C,80.38263345467485,-0.22525360469813904,0.22525360469813904
B0018,B0018_D0055,80.28683411877672,24C,classic_roomtemp_2A,RF_20x7_deployed,24C,82.88526642714518,2.5984323083684586,2.5984323083684586
B0018,B0018_D0056,83.68226574399445,24C,classic_roomtemp_2A,RF_20x7_deployed,24C,82.95815555278458,-0.7241101912098742,0.7241101912098742
B0018,B0018_D0057,82.02174286174969,24C,classic_roomtemp_2A,RF_20x7_deployed,24C,82.88526642714518,0.8635235653954965,0.8635235653954965
B0018,B0018_D0058,80.66326658711039,24C,classic_roomtemp_2A,RF_20x7_deployed,24C,83.0495321481909,2.3862655610805206,2.3862655610805206
B0018,B0018_D0059,79.60482162343139,24C,classic_roomtemp_2A,RF_20x7_deployed,24C,83.0495321481909,3.4447105247595147,3.4447105247595147
B0018,B0018_D0060,79.33005910349412,24C,classic_roomtemp_2A,RF_20x7_deployed,24C,83.0495321481909,3.719473044696784,3.719473044696784
B0018,B0018_D0061,79.00383245168126,24C,classic_roomtemp_2A,RF_20x7_deployed,24C,82.88526642714518,3.8814339754639207,3.8814339754639207
B0018,B0018_D0062,78.20866476644584,24C,classic_roomtemp_2A,RF_20x7_deployed,24C,82.99616169721737,4.787496930771539,4.787496930771539
B0018,B0018_D0063,77.7809136096961,24C,classic_roomtemp_2A,RF_20x7_deployed,24C,82.88526642714518,5.104352817449083,5.104352817449083
B0018,B0018_D0064,77.01022639318697,24C,classic_roomtemp_2A,RF_20x7_deployed,24C,82.88526642714518,5.875040033958214,5.875040033958214
B0018,B0018_D0065,76.60806507979932,24C,classic_roomtemp_2A,RF_20x7_deployed,24C,82.95815555278458,6.350090472985258,6.350090472985258
B0018,B0018_D0066,76.58116201846707,24C,classic_roomtemp_2A,RF_20x7_deployed,24C,83.1224212738303,6.541259255363229,6.541259255363229
B0018,B0018_D0067,76.11297975385989,24C,classic_roomtemp_2A,RF_20x7_deployed,24C,83.1224212738303,7.009441519970409,7.009441519970409
B0018,B0018_D0068,75.32633563425642,24C,classic_roomtemp_2A,RF_20x7_deployed,24C,83.26206007741224,7.93572444315582,7.93572444315582
B0018,B0018_D0069,75.07109778266464,24C,classic_roomtemp_2A,RF_20x7_deployed,24C,83.05752518651886,7.986427403854222,7.986427403854222
B0018,B0018_D0070,74.81767058743229,24C,classic_roomtemp_2A,RF_20x7_deployed,24C,83.64214106869294,8.824470481260647,8.824470481260647
B0018,B0018_D0071,76.6713100015621,24C,classic_roomtemp_2A,RF_20x7_deployed,24C,83.21719299447817,6.545882992916063,6.545882992916063
B0018,B0018_D0072,76.1922633757213,24C,classic_roomtemp_2A,RF_20x7_deployed,24C,82.88526642714518,6.6930030514238865,6.6930030514238865
B0018,B0018_D0073,75.0596049713062,24C,classic_roomtemp_2A,RF_20x7_deployed,24C,82.99616169721737,7.936556725911174,7.936556725911174
B0018,B0018_D0074,74.62088357251456,24C,classic_roomtemp_2A,RF_20x7_deployed,24C,83.0495321481909,8.428648575676348,8.428648575676348
B0018,B0018_D0075,74.16619259700616,24C,classic_roomtemp_2A,RF_20x7_deployed,24C,82.88526642714518,8.719073830139024,8.719073830139024
B0018,B0018_D0076,74.03688396147098,24C,classic_roomtemp_2A,RF_20x7_deployed,24C,82.95815555278458,8.921271591313598,8.921271591313598
B0018,B0018_D0077,73.67538904951239,24C,classic_roomtemp_2A,RF_20x7_deployed,24C,82.88526642714518,9.209877377632793,9.209877377632793
B0018,B0018_D0078,73.40096426333051,24C,classic_roomtemp_2A,RF_20x7_deployed,24C,82.99616169721737,9.595197433886867,9.595197433886867
B0018,B0018_D0079,72.90461778559511,24C,classic_roomtemp_2A,RF_20x7_deployed,24C,82.99616169721737,10.091543911622267,10.091543911622267
B0018,B0018_D0080,72.393304944457,24C,classic_roomtemp_2A,RF_20x7_deployed,24C,83.23230926021411,10.839004315757109,10.839004315757109
B0018,B0018_D0081,72.6390438877099,24C,classic_roomtemp_2A,RF_20x7_deployed,24C,83.54348467108032,10.904440783370418,10.904440783370418
B0018,B0018_D0082,72.12678182246216,24C,classic_roomtemp_2A,RF_20x7_deployed,24C,83.46975462251608,11.342972800053914,11.342972800053914
B0018,B0018_D0083,71.96356438601657,24C,classic_roomtemp_2A,RF_20x7_deployed,24C,82.88498668626914,10.921422300252573,10.921422300252573
B0018,B0018_D0084,71.43237840944109,24C,classic_roomtemp_2A,RF_20x7_deployed,24C,83.0495321481909,11.61715373874982,11.61715373874982
B0018,B0018_D0085,71.24513375002448,24C,classic_roomtemp_2A,RF_20x7_deployed,24C,83.22297417806483,11.977840428040352,11.977840428040352
B0018,B0018_D0086,73.49057662262062,24C,classic_roomtemp_2A,RF_20x7_deployed,24C,82.88526642714518,9.39468980452456,9.39468980452456
B0018,B0018_D0087,72.62909825525101,24C,classic_roomtemp_2A,RF_20x7_deployed,24C,83.0495321481909,10.420433892939897,10.420433892939897
B0018,B0018_D0088,72.1417099454397,24C,classic_roomtemp_2A,RF_20x7_deployed,24C,83.16585009788841,11.024140152448709,11.024140152448709
B0018,B0018_D0089,71.41880294039746,24C,classic_roomtemp_2A,RF_20x7_deployed,24C,83.4888725582597,12.070069617862245,12.070069617862245
B0018,B0018_D0090,70.77273922185357,24C,classic_roomtemp_2A,RF_20x7_deployed,24C,83.82755057756292,13.054811355709347,13.054811355709347
B0018,B0018_D0091,72.7288335038854,24C,classic_roomtemp_2A,RF_20x7_deployed,24C,83.05528645149134,10.326452947605944,10.326452947605944
B0018,B0018_D0092,71.41589774137029,24C,classic_roomtemp_2A,RF_20x7_deployed,24C,83.09268123137296,11.676783490002677,11.676783490002677
B0018,B0018_D0093,70.98513441602029,24C,classic_roomtemp_2A,RF_20x7_deployed,24C,83.09296097224902,12.10782655622873,12.10782655622873
B0018,B0018_D0094,70.77803315153258,24C,classic_roomtemp_2A,RF_20x7_deployed,24C,82.8925362753647,12.114503123832122,12.114503123832122
B0018,B0018_D0095,70.2840017709614,24C,classic_roomtemp_2A,RF_20x7_deployed,24C,82.9841129671656,12.700111196204205,12.700111196204205
B0018,B0018_D0096,70.42230535583069,24C,classic_roomtemp_2A,RF_20x7_deployed,24C,82.74292475040157,12.320619394570883,12.320619394570883
B0018,B0018_D0097,69.84273891436207,24C,classic_roomtemp_2A,RF_20x7_deployed,24C,82.72519512289978,12.882456208537704,12.882456208537704
B0018,B0018_D0098,69.67835185720338,24C,classic_roomtemp_2A,RF_20x7_deployed,24C,82.6049642760124,12.926612418809015,12.926612418809015
B0018,B0018_D0099,69.46822146404737,24C,classic_roomtemp_2A,RF_20x7_deployed,24C,82.82837790753132,13.360156443483945,13.360156443483945
B0018,B0018_D0100,68.92825707833356,24C,classic_roomtemp_2A,RF_20x7_deployed,24C,82.44830996652497,13.520052888191415,13.520052888191415
B0018,B0018_D0101,69.24505550428735,24C,classic_roomtemp_2A,RF_20x7_deployed,24C,82.93325854993944,13.688203045652088,13.688203045652088
B0018,B0018_D0102,68.51625907121222,24C,classic_roomtemp_2A,RF_20x7_deployed,24C,82.45700228725113,13.94074321603891,13.94074321603891
B0018,B0018_D0103,68.6673219261454,24C,classic_roomtemp_2A,RF_20x7_deployed,24C,82.88759744154052,14.220275515395116,14.220275515395116
B0018,B0018_D0104,68.39743642752407,24C,classic_roomtemp_2A,RF_20x7_deployed,24C,82.72305197961876,14.325615552094689,14.325615552094689
B0018,B0018_D0105,67.83570543544823,24C,classic_roomtemp_2A,RF_20x7_deployed,24C,81.56413777949544,13.728432344047206,13.728432344047206
B0018,B0018_D0106,73.02155104597287,24C,classic_roomtemp_2A,RF_20x7_deployed,24C,84.4399849702489,11.41843392427603,11.41843392427603
B0018,B0018_D0107,72.50499468552049,24C,classic_roomtemp_2A,RF_20x7_deployed,24C,82.95815555278458,10.453160867264089,10.453160867264089
B0018,B0018_D0108,71.90703450912248,24C,classic_roomtemp_2A,RF_20x7_deployed,24C,82.88526642714518,10.9782319180227,10.9782319180227
B0018,B0018_D0109,71.41840990482157,24C,classic_roomtemp_2A,RF_20x7_deployed,24C,83.13243846331804,11.714028558496466,11.714028558496466
B0018,B0018_D0110,70.73937258776216,24C,classic_roomtemp_2A,RF_20x7_deployed,24C,83.13890366565462,12.399531077892462,12.399531077892462
B0018,B0018_D0111,70.6944581696591,24C,classic_roomtemp_2A,RF_20x7_deployed,24C,83.30316938670035,12.608711217041247,12.608711217041247
B0018,B0018_D0112,69.94665831088612,24C,classic_roomtemp_2A,RF_20x7_deployed,24C,83.12640784584228,13.179749534956159,13.179749534956159
B0018,B0018_D0113,69.76661292016988,24C,classic_roomtemp_2A,RF_20x7_deployed,24C,83.1594201345747,13.392807214404826,13.392807214404826
B0018,B0018_D0114,69.50230647701225,24C,classic_roomtemp_2A,RF_20x7_deployed,24C,83.33535782412618,13.833051347113923,13.833051347113923
B0018,B0018_D0115,69.30135727104823,24C,classic_roomtemp_2A,RF_20x7_deployed,24C,82.86388212027823,13.562524849230002,13.562524849230002
B0018,B0018_D0116,69.41076300968754,24C,classic_roomtemp_2A,RF_20x7_deployed,24C,82.8925362753647,13.481773265677162,13.481773265677162
B0018,B0018_D0117,68.80913281197249,24C,classic_roomtemp_2A,RF_20x7_deployed,24C,82.00719291940773,13.19806010743524,13.19806010743524
B0018,B0018_D0118,68.23584449320082,24C,classic_roomtemp_2A,RF_20x7_deployed,24C,82.73389196426243,14.49804747106161,14.49804747106161
B0018,B0018_D0119,67.94927369686792,24C,classic_roomtemp_2A,RF_20x7_deployed,24C,83.57129760947558,15.62202391260766,15.62202391260766
B0018,B0018_D0120,67.311543820044,24C,classic_roomtemp_2A,RF_20x7_deployed,24C,81.94507672515756,14.633532905113569,14.633532905113569
B0018,B0018_D0121,71.34213909227321,24C,classic_roomtemp_2A,RF_20x7_deployed,24C,84.23669527096878,12.894556178695566,12.894556178695566
B0018,B0018_D0122,70.32240741639832,24C,classic_roomtemp_2A,RF_20x7_deployed,24C,83.23230926021411,12.909901843815788,12.909901843815788
B0018,B0018_D0123,69.67453746037576,24C,classic_roomtemp_2A,RF_20x7_deployed,24C,83.23028026106094,13.55574280068518,13.55574280068518
B0018,B0018_D0124,69.41246756124659,24C,classic_roomtemp_2A,RF_20x7_deployed,24C,83.18293853981297,13.77047097856638,13.77047097856638
B0018,B0018_D0125,68.50939169210464,24C,classic_roomtemp_2A,RF_20x7_deployed,24C,82.21932602388762,13.709934331782975,13.709934331782975
B0018,B0018_D0126,68.9847583280431,24C,classic_roomtemp_2A,RF_20x7_deployed,24C,83.34482876204903,14.360070434005934,14.360070434005934
B0018,B0018_D0127,68.43293161967841,24C,classic_roomtemp_2A,RF_20x7_deployed,24C,83.45782740894415,15.024895789265742,15.024895789265742
B0018,B0018_D0128,68.13685889548219,24C,classic_roomtemp_2A,RF_20x7_deployed,24C,82.87321769709342,14.736358801611232,14.736358801611232
B0018,B0018_D0129,68.17025566964035,24C,classic_roomtemp_2A,RF_20x7_deployed,24C,82.94578369312785,14.775528023487496,14.775528023487496
B0018,B0018_D0130,67.59323017652616,24C,classic_roomtemp_2A,RF_20x7_deployed,24C,81.84170701778154,14.248476841255382,14.248476841255382
B0018,B0018_D0131,67.7398486482631,24C,classic_roomtemp_2A,RF_20x7_deployed,24C,81.74209637360339,14.002247725340283,14.002247725340283
B0018,B0018_D0132,67.05257203202424,24C,classic_roomtemp_2A,RF_20x7_deployed,24C,82.16017330000703,15.107601267982787,15.107601267982787
B0025,B0025_D0001,92.3505581478358,24C,24C_square_wave,RF_20x7_deployed,24C,81.7115172607495,-10.639040887086296,10.639040887086296
B0025,B0025_D0002,92.42827172264192,24C,24C_square_wave,RF_20x7_deployed,24C,81.876777749801,-10.55149397284093,10.55149397284093
B0025,B0025_D0003,92.35555885930876,24C,24C_square_wave,RF_20x7_deployed,24C,81.63276865434975,-10.722790204959011,10.722790204959011
B0025,B0025_D0004,92.44918800767768,24C,24C_square_wave,RF_20x7_deployed,24C,81.63276865434975,-10.81641935332793,10.81641935332793
B0025,B0025_D0005,91.8506035928022,24C,24C_square_wave,RF_20x7_deployed,24C,81.63276865434975,-10.217834938452455,10.217834938452455
B0025,B0025_D0006,90.87746056235684,24C,24C_square_wave,RF_20x7_deployed,24C,81.74870364999984,-9.128756912357005,9.128756912357005
B0025,B0025_D0007,91.99319112610364,24C,24C_square_wave,RF_20x7_deployed,24C,81.876777749801,-10.116413376302646,10.116413376302646
B0025,B0025_D0008,92.15297809865716,24C,24C_square_wave,RF_20x7_deployed,24C,81.876777749801,-10.276200348856165,10.276200348856165
B0025,B0025_D0009,92.00935864768029,24C,24C_square_wave,RF_20x7_deployed,24C,81.58009125430922,-10.429267393371063,10.429267393371063
B0025,B0025_D0010,91.40632816444126,24C,24C_square_wave,RF_20x7_deployed,24C,81.63276865434975,-9.773559510091516,9.773559510091516
B0025,B0025_D0011,91.26781668222904,24C,24C_square_wave,RF_20x7_deployed,24C,81.74870364999984,-9.5191130322292,9.5191130322292
B0025,B0025_D0012,91.0709027631308,24C,24C_square_wave,RF_20x7_deployed,24C,81.63276865434975,-9.438134108781057,9.438134108781057
B0025,B0025_D0013,91.5157813984466,24C,24C_square_wave,RF_20x7_deployed,24C,81.63276865434975,-9.88301274409686,9.88301274409686
B0025,B0025_D0014,90.87745821912422,24C,24C_square_wave,RF_20x7_deployed,24C,81.63276865434975,-9.244689564774475,9.244689564774475
B0025,B0025_D0015,90.54506001484896,24C,24C_square_wave,RF_20x7_deployed,24C,81.63276865434975,-8.91229136049921,8.91229136049921
B0025,B0025_D0016,90.4151630154212,24C,24C_square_wave,RF_20x7_deployed,24C,81.63276865434975,-8.782394361071454,8.782394361071454
B0025,B0025_D0017,89.64008074690531,24C,24C_square_wave,RF_20x7_deployed,24C,81.74870364999984,-7.891377096905472,7.891377096905472
B0025,B0025_D0018,90.62815750229424,24C,24C_square_wave,RF_20x7_deployed,24C,81.876777749801,-8.75137975249325,8.75137975249325
B0025,B0025_D0019,90.38863037456196,24C,24C_square_wave,RF_20x7_deployed,24C,81.876777749801,-8.511852624760962,8.511852624760962
B0025,B0025_D0020,90.24027587501983,24C,24C_square_wave,RF_20x7_deployed,24C,81.876777749801,-8.36349812521884,8.36349812521884
B0025,B0025_D0021,90.02692779496209,24C,24C_square_wave,RF_20x7_deployed,24C,81.876777749801,-8.150150045161098,8.150150045161098
B0025,B0025_D0022,89.71178049016515,24C,24C_square_wave,RF_20x7_deployed,24C,81.63276865434975,-8.079011835815407,8.079011835815407
B0025,B0025_D0023,90.37045262174443,24C,24C_square_wave,RF_20x7_deployed,24C,81.74870364999984,-8.621748971744594,8.621748971744594
B0025,B0025_D0024,89.51252408481038,24C,24C_square_wave,RF_20x7_deployed,24C,81.876777749801,-7.635746335009387,7.635746335009387
B0025,B0025_D0025,89.80611922679748,24C,24C_square_wave,RF_20x7_deployed,24C,81.74870364999984,-8.057415576797638,8.057415576797638
B0025,B0025_D0026,89.56118345175388,24C,24C_square_wave,RF_20x7_deployed,24C,81.50469455454859,-8.056488897205284,8.056488897205284
B0025,B0025_D0027,89.27411182651622,24C,24C_square_wave,RF_20x7_deployed,24C,81.50469455454859,-7.769417271967626,7.769417271967626
B0025,B0025_D0028,88.38945390161808,24C,24C_square_wave,RF_20x7_deployed,24C,81.74870364999984,-6.640750251618243,6.640750251618243
B0026,B0026_D0001,90.66252151934948,24C,24C_square_wave,RF_20x7_deployed,24C,79.7858169222156,-10.87670459713388,10.87670459713388
B0026,B0026_D0002,90.74880043539152,24C,24C_square_wave,RF_20x7_deployed,24C,81.876777749801,-8.872022685590522,8.872022685590522
B0026,B0026_D0003,90.67677087780996,24C,24C_square_wave,RF_20x7_deployed,24C,81.63276865434975,-9.044002223460211,9.044002223460211
B0026,B0026_D0004,90.7574636655167,24C,24C_square_wave,RF_20x7_deployed,24C,81.63276865434975,-9.12469501116695,9.12469501116695
B0026,B0026_D0005,90.714565070341,24C,24C_square_wave,RF_20x7_deployed,24C,81.876777749801,-8.837787320540002,8.837787320540002
B0026,B0026_D0007,90.82638979408031,24C,24C_square_wave,RF_20x7_deployed,24C,81.50469455454859,-9.32169523953172,9.32169523953172
B0026,B0026_D0008,90.42819288005532,24C,24C_square_wave,RF_20x7_deployed,24C,81.50469455454859,-8.923498325506728,8.923498325506728
B0026,B0026_D0009,90.24680388220912,24C,24C_square_wave,RF_20x7_deployed,24C,81.74870364999984,-8.498100232209282,8.498100232209282
B0026,B0026_D0010,90.24657962491054,24C,24C_square_wave,RF_20x7_deployed,24C,81.50469455454859,-8.741885070361946,8.741885070361946
B0026,B0026_D0011,85.88396163496965,24C,24C_square_wave,RF_20x7_deployed,24C,81.93928964038287,-3.944671994586784,3.944671994586784
B0026,B0026_D0012,90.4902406640053,24C,24C_square_wave,RF_20x7_deployed,24C,81.50469455454859,-8.985546109456706,8.985546109456706
B0026,B0026_D0013,90.3278106637244,24C,24C_square_wave,RF_20x7_deployed,24C,81.50469455454859,-8.823116109175814,8.823116109175814
B0026,B0026_D0014,89.69077853849254,24C,24C_square_wave,RF_20x7_deployed,24C,81.50469455454859,-8.186083983943945,8.186083983943945
B0026,B0026_D0015,89.9652474690896,24C,24C_square_wave,RF_20x7_deployed,24C,81.74870364999984,-8.216543819089765,8.216543819089765
B0026,B0026_D0016,89.21098724235065,24C,24C_square_wave,RF_20x7_deployed,24C,82.00816050981169,-7.202826732538966,7.202826732538966
B0026,B0026_D0017,84.09409959257594,24C,24C_square_wave,RF_20x7_deployed,24C,81.12939484033663,-2.9647047522393137,2.9647047522393137
B0026,B0026_D0018,90.03759691980969,24C,24C_square_wave,RF_20x7_deployed,24C,81.74870364999984,-8.288893269809847,8.288893269809847
B0026,B0026_D0019,89.7986342136148,24C,24C_square_wave,RF_20x7_deployed,24C,81.50469455454859,-8.293939659066211,8.293939659066211
B0026,B0026_D0020,89.65513470276649,24C,24C_square_wave,RF_20x7_deployed,24C,81.74870364999984,-7.906431052766649,7.906431052766649
B0026,B0026_D0021,90.05133771034356,24C,24C_square_wave,RF_20x7_deployed,24C,81.74870364999984,-8.30263406034372,8.30263406034372
B0026,B0026_D0022,89.12286150634974,24C,24C_square_wave,RF_20x7_deployed,24C,81.74870364999984,-7.374157856349896,7.374157856349896
B0026,B0026_D0023,89.79651515304394,24C,24C_square_wave,RF_20x7_deployed,24C,81.50469455454859,-8.291820598495349,8.291820598495349
B0026,B0026_D0024,88.91571063670503,24C,24C_square_wave,RF_20x7_deployed,24C,81.74870364999984,-7.167006986705189,7.167006986705189
B0026,B0026_D0025,88.5859546492401,24C,24C_square_wave,RF_20x7_deployed,24C,82.00816050981169,-6.577794139428406,6.577794139428406
B0026,B0026_D0026,88.95374744768387,24C,24C_square_wave,RF_20x7_deployed,24C,81.74870364999984,-7.205043797684027,7.205043797684027
B0026,B0026_D0027,88.66614891232338,24C,24C_square_wave,RF_20x7_deployed,24C,81.74870364999984,-6.91744526232354,6.91744526232354
B0026,B0026_D0028,88.4377055505442,24C,24C_square_wave,RF_20x7_deployed,24C,81.39183456863778,-7.045870981906418,7.045870981906418
B0027,B0027_D0001,91.16538871074684,24C,24C_square_wave,RF_20x7_deployed,24C,74.5143365508594,-16.651052159887442,16.651052159887442
B0027,B0027_D0002,90.7119232558398,24C,24C_square_wave,RF_20x7_deployed,24C,75.23705431188729,-15.474868943952515,15.474868943952515
B0027,B0027_D0003,90.64298396565434,24C,24C_square_wave,RF_20x7_deployed,24C,73.88978511421423,-16.753198851440104,16.753198851440104
B0027,B0027_D0004,90.72121223369986,24C,24C_square_wave,RF_20x7_deployed,24C,76.47190821947126,-14.2493040142286,14.2493040142286
B0027,B0027_D0005,90.6400166926521,24C,24C_square_wave,RF_20x7_deployed,24C,76.47190821947126,-14.168108473180837,14.168108473180837
B0027,B0027_D0006,89.73019351597647,24C,24C_square_wave,RF_20x7_deployed,24C,76.47190821947126,-13.258285296505207,13.258285296505207
B0027,B0027_D0007,90.82595856469165,24C,24C_square_wave,RF_20x7_deployed,24C,79.05360315686819,-11.772355407823454,11.772355407823454
B0027,B0027_D0008,90.9916778259512,24C,24C_square_wave,RF_20x7_deployed,24C,81.35469535086403,-9.636982475087166,9.636982475087166
B0027,B0027_D0009,90.8490493220364,24C,24C_square_wave,RF_20x7_deployed,24C,81.35469535086403,-9.494353971172359,9.494353971172359
B0027,B0027_D0010,90.23801355384494,24C,24C_square_wave,RF_20x7_deployed,24C,81.35469535086403,-8.883318202980902,8.883318202980902
B0027,B0027_D0011,90.1088944070434,24C,24C_square_wave,RF_20x7_deployed,24C,81.35469535086403,-8.75419905617936,8.75419905617936
B0027,B0027_D0012,90.50271878055877,24C,24C_square_wave,RF_20x7_deployed,24C,81.35469535086403,-9.148023429694732,9.148023429694732
B0027,B0027_D0013,90.95809351787275,24C,24C_square_wave,RF_20x7_deployed,24C,81.35469535086403,-9.60339816700872,9.60339816700872
B0027,B0027_D0014,90.31722906153657,24C,24C_square_wave,RF_20x7_deployed,24C,81.35469535086403,-8.962533710672531,8.962533710672531
B0027,B0027_D0015,90.60003189373973,24C,24C_square_wave,RF_20x7_deployed,24C,81.35469535086403,-9.245336542875691,9.245336542875691
B0027,B0027_D0016,90.46192847893764,24C,24C_square_wave,RF_20x7_deployed,24C,81.35469535086403,-9.107233128073602,9.107233128073602
B0027,B0027_D0017,89.10358858002668,24C,24C_square_wave,RF_20x7_deployed,24C,81.35469535086403,-7.748893229162647,7.748893229162647
B0027,B0027_D0018,90.72752281170524,24C,24C_square_wave,RF_20x7_deployed,24C,81.35469535086403,-9.372827460841208,9.372827460841208
B0027,B0027_D0019,90.4576742582141,24C,24C_square_wave,RF_20x7_deployed,24C,81.35469535086403,-9.102978907350064,9.102978907350064
B0027,B0027_D0020,90.32775754046854,24C,24C_square_wave,RF_20x7_deployed,24C,81.35469535086403,-8.973062189604505,8.973062189604505
B0027,B0027_D0021,90.1200827979746,24C,24C_square_wave,RF_20x7_deployed,24C,81.35469535086403,-8.76538744711057,8.76538744711057
B0027,B0027_D0022,89.821658416615,24C,24C_square_wave,RF_20x7_deployed,24C,81.35469535086403,-8.46696306575096,8.46696306575096
B0027,B0027_D0023,90.44018465254145,24C,24C_square_wave,RF_20x7_deployed,24C,81.35469535086403,-9.085489301677413,9.085489301677413
B0027,B0027_D0024,89.57763874374825,24C,24C_square_wave,RF_20x7_deployed,24C,81.35469535086403,-8.222943392884218,8.222943392884218
B0027,B0027_D0025,89.26687596119785,24C,24C_square_wave,RF_20x7_deployed,24C,81.35469535086403,-7.91218061033382,7.91218061033382
B0027,B0027_D0026,89.66046051626545,24C,24C_square_wave,RF_20x7_deployed,24C,81.35469535086403,-8.30576516540141,8.30576516540141
B0027,B0027_D0027,89.36548855551057,24C,24C_square_wave,RF_20x7_deployed,24C,81.35469535086403,-8.010793204646532,8.010793204646532
B0027,B0027_D0028,88.50463126662225,24C,24C_square_wave,RF_20x7_deployed,24C,80.94285301343307,-7.561778253189189,7.561778253189189
B0028,B0028_D0001,90.23423860050367,24C,24C_square_wave,RF_20x7_deployed,24C,69.71977274136108,-20.51446585914259,20.51446585914259
B0028,B0028_D0002,90.2391660726294,24C,24C_square_wave,RF_20x7_deployed,24C,70.69840622822997,-19.54075984439943,19.54075984439943
B0028,B0028_D0003,89.8809334111229,24C,24C_square_wave,RF_20x7_deployed,24C,70.91770916485854,-18.96322424626436,18.96322424626436
B0028,B0028_D0004,89.64956843880587,24C,24C_square_wave,RF_20x7_deployed,24C,70.91770916485854,-18.731859273947336,18.731859273947336
B0028,B0028_D0005,89.59590040796108,24C,24C_square_wave,RF_20x7_deployed,24C,70.91770916485854,-18.678191243102546,18.678191243102546
B0028,B0028_D0006,88.75130679518986,24C,24C_square_wave,RF_20x7_deployed,24C,69.93907567798968,-18.812231117200184,18.812231117200184
B0028,B0028_D0007,89.60243926111708,24C,24C_square_wave,RF_20x7_deployed,24C,70.91770916485854,-18.684730096258548,18.684730096258548
B0028,B0028_D0008,89.52379007906325,24C,24C_square_wave,RF_20x7_deployed,24C,70.91770916485854,-18.60608091420471,18.60608091420471
B0028,B0028_D0009,89.34182545993632,24C,24C_square_wave,RF_20x7_deployed,24C,70.91770916485854,-18.42411629507778,18.42411629507778
B0028,B0028_D0010,89.35764809981092,24C,24C_square_wave,RF_20x7_deployed,24C,70.91770916485854,-18.43993893495238,18.43993893495238
B0028,B0028_D0011,89.08170308504752,24C,24C_square_wave,RF_20x7_deployed,24C,69.93907567798968,-19.142627407057844,19.142627407057844
B0028,B0028_D0012,89.25117568302366,24C,24C_square_wave,RF_20x7_deployed,24C,70.8639994328905,-18.387176250133166,18.387176250133166
B0028,B0028_D0013,89.0193271484652,24C,24C_square_wave,RF_20x7_deployed,24C,70.91770916485854,-18.10161798360666,18.10161798360666
B0028,B0028_D0014,88.94530428208628,24C,24C_square_wave,RF_20x7_deployed,24C,70.91770916485854,-18.027595117227747,18.027595117227747
B0028,B0028_D0015,88.69193759486524,24C,24C_square_wave,RF_20x7_deployed,24C,70.91770916485854,-17.7742284300067,17.7742284300067
B0028,B0028_D0016,88.4841440761573,24C,24C_square_wave,RF_20x7_deployed,24C,70.91770916485854,-17.56643491129877,17.56643491129877
B0028,B0028_D0017,87.04393641603497,24C,24C_square_wave,RF_20x7_deployed,24C,69.93907567798968,-17.10486073804529,17.10486073804529
B0028,B0028_D0018,88.24094872005954,24C,24C_square_wave,RF_20x7_deployed,24C,70.91770916485854,-17.323239555201,17.323239555201
B0028,B0028_D0019,88.08928695422013,24C,24C_square_wave,RF_20x7_deployed,24C,70.91770916485854,-17.171577789361592,17.171577789361592
B0028,B0028_D0020,87.88530517851049,24C,24C_square_wave,RF_20x7_deployed,24C,70.91770916485854,-16.967596013651956,16.967596013651956
B0028,B0028_D0021,87.59687980300627,24C,24C_square_wave,RF_20x7_deployed,24C,70.91770916485854,-16.67917063814774,16.67917063814774
B0028,B0028_D0022,87.60622017916087,24C,24C_square_wave,RF_20x7_deployed,24C,70.91770916485854,-16.688511014302335,16.688511014302335
B0028,B0028_D0023,87.9885706699482,24C,24C_square_wave,RF_20x7_deployed,24C,70.91770916485854,-17.070861505089667,17.070861505089667
B0028,B0028_D0024,87.41505660162095,24C,24C_square_wave,RF_20x7_deployed,24C,70.91770916485854,-16.49734743676241,16.49734743676241
B0028,B0028_D0025,87.05741313918118,24C,24C_square_wave,RF_20x7_deployed,24C,70.91770916485854,-16.139703974322643,16.139703974322643
B0028,B0028_D0026,86.81916658155589,24C,24C_square_wave,RF_20x7_deployed,24C,70.91770916485854,-15.901457416697355,15.901457416697355
B0028,B0028_D0027,86.82795331347634,24C,24C_square_wave,RF_20x7_deployed,24C,70.91770916485854,-15.910244148617807,15.910244148617807
B0028,B0028_D0028,85.86167826147621,24C,24C_square_wave,RF_20x7_deployed,24C,69.93907567798968,-15.922602583486537,15.922602583486537
B0033,B0033_D0002,34.47849503931407,24C,24C_constant_4A,RF_20x7_deployed,24C,82.3376575133806,47.85916247406654,47.85916247406654
B0033,B0033_D0004,62.646965269124976,24C,24C_constant_4A,RF_20x7_deployed,24C,82.89365289600444,20.246687626879464,20.246687626879464
B0033,B0033_D0005,65.1459001223779,24C,24C_constant_4A,RF_20x7_deployed,24C,82.55461831458621,17.408718192208312,17.408718192208312
B0033,B0033_D0006,66.09386605736262,24C,24C_constant_4A,RF_20x7_deployed,24C,82.70888860057575,16.61502254321313,16.61502254321313
B0033,B0033_D0008,85.65846631933594,24C,24C_constant_4A,RF_20x7_deployed,24C,81.97146518892256,-3.6870011304133783,3.6870011304133783
B0033,B0033_D0009,82.80483388360256,24C,24C_constant_4A,RF_20x7_deployed,24C,82.25342363420995,-0.5514102493926032,0.5514102493926032
B0033,B0033_D0010,80.98648670995388,24C,24C_constant_4A,RF_20x7_deployed,24C,81.82280125304325,0.8363145430893724,0.8363145430893724
B0033,B0033_D0011,80.23279061413645,24C,24C_constant_4A,RF_20x7_deployed,24C,82.692133669484,2.4593430553475457,2.4593430553475457
B0033,B0033_D0012,81.27849884514669,24C,24C_constant_4A,RF_20x7_deployed,24C,82.30284478408313,1.0243459389364489,1.0243459389364489
B0033,B0033_D0013,79.50483653122996,24C,24C_constant_4A,RF_20x7_deployed,24C,82.41055788278611,2.905721351556153,2.905721351556153
B0033,B0033_D0014,78.69701149811992,24C,24C_constant_4A,RF_20x7_deployed,24C,82.30284478408313,3.6058332859632145,3.6058332859632145
B0033,B0033_D0015,78.55651675778654,24C,24C_constant_4A,RF_20x7_deployed,24C,81.84699715912784,3.2904804013412985,3.2904804013412985
B0033,B0033_D0016,79.48853076728707,24C,24C_constant_4A,RF_20x7_deployed,24C,82.41055788278611,2.9220271154990343,2.9220271154990343
B0033,B0033_D0017,81.28689385537,24C,24C_constant_4A,RF_20x7_deployed,24C,81.24872058129212,-0.038173274077877295,0.038173274077877295
B0033,B0033_D0018,82.61753166981268,24C,24C_constant_4A,RF_20x7_deployed,24C,82.6770273855713,0.05949571575861512,0.05949571575861512
B0033,B0033_D0019,80.71908380797693,24C,24C_constant_4A,RF_20x7_deployed,24C,82.41055788278611,1.6914740748091788,1.6914740748091788
B0033,B0033_D0020,79.348726697252,24C,24C_constant_4A,RF_20x7_deployed,24C,81.46213309043718,2.1134063931851728,2.1134063931851728
B0033,B0033_D0021,79.09177786393667,24C,24C_constant_4A,RF_20x7_deployed,24C,82.55050804160916,3.458730177672493,3.458730177672493
B0033,B0033_D0022,84.59884703185577,24C,24C_constant_4A,RF_20x7_deployed,24C,81.5383259227402,-3.0605211091155695,3.0605211091155695
B0033,B0033_D0023,84.39741900177238,24C,24C_constant_4A,RF_20x7_deployed,24C,81.46213309043718,-2.9352859113351997,2.9352859113351997
B0033,B0033_D0024,82.93111503765729,24C,24C_constant_4A,RF_20x7_deployed,24C,82.41055788278611,-0.5205571548711845,0.5205571548711845
B0033,B0033_D0025,82.10089516394932,24C,24C_constant_4A,RF_20x7_deployed,24C,81.6107970263165,-0.4900981376328133,0.4900981376328133
B0033,B0033_D0026,81.90905395559372,24C,24C_constant_4A,RF_20x7_deployed,24C,81.46213309043718,-0.4469208651565424,0.4469208651565424
B0033,B0033_D0027,82.11446253956193,24C,24C_constant_4A,RF_20x7_deployed,24C,81.52938070820608,-0.5850818313558506,0.5850818313558506
B0033,B0033_D0028,82.5635438132046,24C,24C_constant_4A,RF_20x7_deployed,24C,81.5866011202319,-0.976942692972699,0.976942692972699
B0033,B0033_D0029,81.63279648958606,24C,24C_constant_4A,RF_20x7_deployed,24C,81.6107970263165,-0.02199946326955171,0.02199946326955171
B0033,B0033_D0030,81.30444055840366,24C,24C_constant_4A,RF_20x7_deployed,24C,82.30284478408313,0.9984042256794794,0.9984042256794794
B0033,B0033_D0031,80.39646481911844,24C,24C_constant_4A,RF_20x7_deployed,24C,82.41055788278611,2.014093063667673,2.014093063667673
B0033,B0033_D0032,80.62680557453697,24C,24C_constant_4A,RF_20x7_deployed,24C,82.55050804160916,1.9237024670721894,1.9237024670721894
B0033,B0033_D0033,81.09192084493945,24C,24C_constant_4A,RF_20x7_deployed,24C,81.73526505611123,0.6433442111717795,0.6433442111717795
B0033,B0033_D0034,80.72721514550567,24C,24C_constant_4A,RF_20x7_deployed,24C,81.86726124714588,1.140046101640209,1.140046101640209
B0033,B0033_D0035,79.76979458553798,24C,24C_constant_4A,RF_20x7_deployed,24C,82.55050804160916,2.780713456071183,2.780713456071183
B0033,B0033_D0036,79.38621513556528,24C,24C_constant_4A,RF_20x7_deployed,24C,82.55050804160916,3.164292906043883,3.164292906043883
B0033,B0033_D0037,79.05920289152803,24C,24C_constant_4A,RF_20x7_deployed,24C,82.18043571309803,3.121232821570004,3.121232821570004
B0033,B0033_D0038,80.64211304133877,24C,24C_constant_4A,RF_20x7_deployed,24C,82.42809897062408,1.785985929285303,1.785985929285303
B0033,B0033_D0039,80.99930316401101,24C,24C_constant_4A,RF_20x7_deployed,24C,82.55050804160916,1.5512048775981526,1.5512048775981526
B0033,B0033_D0040,80.49690926805938,24C,24C_constant_4A,RF_20x7_deployed,24C,81.52938070820608,1.0324714401466935,1.0324714401466935
B0033,B0033_D0041,78.8548876978258,24C,24C_constant_4A,RF_20x7_deployed,24C,82.30284478408313,3.4479570862573325,3.4479570862573325
B0033,B0033_D0042,78.54299533277197,24C,24C_constant_4A,RF_20x7_deployed,24C,81.46213309043718,2.9191377576652116,2.9191377576652116
B0033,B0033_D0043,81.30790672674124,24C,24C_constant_4A,RF_20x7_deployed,24C,81.73526505611123,0.4273583293699943,0.4273583293699943
B0033,B0033_D0044,81.74064986122863,24C,24C_constant_4A,RF_20x7_deployed,24C,82.41055788278611,0.6699080215574753,0.6699080215574753
B0033,B0033_D0045,80.58526818671305,24C,24C_constant_4A,RF_20x7_deployed,24C,82.55050804160916,1.9652398548961116,1.9652398548961116
B0033,B0033_D0046,94.25700849860333,24C,24C_constant_4A,RF_20x7_deployed,24C,81.46213309043718,-12.794875408166149,12.794875408166149
B0033,B0033_D0047,82.92478943890116,24C,24C_constant_4A,RF_20x7_deployed,24C,82.55050804160916,-0.3742813972919947,0.3742813972919947
B0033,B0033_D0048,81.2094673224685,24C,24C_constant_4A,RF_20x7_deployed,24C,81.6107970263165,0.40132970384800615,0.40132970384800615
B0033,B0033_D0049,80.2086049428182,24C,24C_constant_4A,RF_20x7_deployed,24C,81.6107970263165,1.4021920834983064,1.4021920834983064
B0033,B0033_D0050,80.40008370453673,24C,24C_constant_4A,RF_20x7_deployed,24C,82.41055788278611,2.010474178249382,2.010474178249382
B0033,B0033_D0051,81.28376069217798,24C,24C_constant_4A,RF_20x7_deployed,24C,82.41055788278611,1.12679719060813,1.12679719060813
B0033,B0033_D0052,80.8816382955359,24C,24C_constant_4A,RF_20x7_deployed,24C,81.6107970263165,0.7291587307806111,0.7291587307806111
B0033,B0033_D0053,79.86595744547132,24C,24C_constant_4A,RF_20x7_deployed,24C,81.46213309043718,1.5961756449658537,1.5961756449658537
B0033,B0033_D0054,79.37926125085303,24C,24C_constant_4A,RF_20x7_deployed,24C,82.55050804160916,3.171246790756129,3.171246790756129
B0033,B0033_D0055,79.01265007701842,24C,24C_constant_4A,RF_20x7_deployed,24C,81.6107970263165,2.5981469492980835,2.5981469492980835
B0033,B0033_D0056,79.1518265243888,24C,24C_constant_4A,RF_20x7_deployed,24C,81.6107970263165,2.458970501927709,2.458970501927709
B0033,B0033_D0057,80.13569416398518,24C,24C_constant_4A,RF_20x7_deployed,24C,81.46213309043718,1.3264389264519991,1.3264389264519991
B0033,B0033_D0058,79.65354577256917,24C,24C_constant_4A,RF_20x7_deployed,24C,82.32922879597803,2.675683023408851,2.675683023408851
B0033,B0033_D0059,77.24444342510122,24C,24C_constant_4A,RF_20x7_deployed,24C,82.41055788278611,5.166114457684884,5.166114457684884
B0033,B0033_D0060,76.76094282820259,24C,24C_constant_4A,RF_20x7_deployed,24C,82.41055788278611,5.649615054583521,5.649615054583521
B0033,B0033_D0061,76.26338657113666,24C,24C_constant_4A,RF_20x7_deployed,24C,81.46213309043718,5.198746519300514,5.198746519300514
B0033,B0033_D0062,77.79746002726813,24C,24C_constant_4A,RF_20x7_deployed,24C,81.74279321735114,3.945333190083005,3.945333190083005
B0033,B0033_D0063,78.24014719213575,24C,24C_constant_4A,RF_20x7_deployed,24C,82.30284478408313,4.062697591947384,4.062697591947384
B0033,B0033_D0064,77.59310230940602,24C,24C_constant_4A,RF_20x7_deployed,24C,82.6770273855713,5.083925076165272,5.083925076165272
B0033,B0033_D0065,75.72275272552503,24C,24C_constant_4A,RF_20x7_deployed,24C,82.30284478408313,6.580092058558108,6.580092058558108
B0033,B0033_D0066,75.25968101073214,24C,24C_constant_4A,RF_20x7_deployed,24C,82.30284478408313,7.043163773350997,7.043163773350997
B0033,B0033_D0067,80.29119849585224,24C,24C_constant_4A,RF_20x7_deployed,24C,81.6107970263165,1.319598530464262,1.319598530464262
B0033,B0033_D0068,81.24502597938525,24C,24C_constant_4A,RF_20x7_deployed,24C,81.6107970263165,0.3657710469312576,0.3657710469312576
B0033,B0033_D0069,79.48925650183075,24C,24C_constant_4A,RF_20x7_deployed,24C,82.55050804160916,3.061251539778411,3.061251539778411
B0033,B0033_D0070,77.76193076149951,24C,24C_constant_4A,RF_20x7_deployed,24C,81.46213309043718,3.7002023289376638,3.7002023289376638
B0033,B0033_D0071,76.98782023184016,24C,24C_constant_4A,RF_20x7_deployed,24C,82.41055788278611,5.4227376509459475,5.4227376509459475
B0033,B0033_D0072,76.46587001069179,24C,24C_constant_4A,RF_20x7_deployed,24C,82.30284478408313,5.836974773391347,5.836974773391347
B0033,B0033_D0073,77.38402767884381,24C,24C_constant_4A,RF_20x7_deployed,24C,82.18636703131854,4.802339352474732,4.802339352474732
B0033,B0033_D0074,78.29960469719893,24C,24C_constant_4A,RF_20x7_deployed,24C,82.41055788278611,4.110953185587178,4.110953185587178
B0033,B0033_D0075,77.08126425890252,24C,24C_constant_4A,RF_20x7_deployed,24C,81.84699715912784,4.765732900225316,4.765732900225316
B0033,B0033_D0076,75.8795327995084,24C,24C_constant_4A,RF_20x7_deployed,24C,82.30284478408313,6.423311984574738,6.423311984574738
B0033,B0033_D0077,75.37601021296545,24C,24C_constant_4A,RF_20x7_deployed,24C,82.30284478408313,6.926834571117681,6.926834571117681
B0033,B0033_D0078,74.774641313017,24C,24C_constant_4A,RF_20x7_deployed,24C,82.41055788278611,7.635916569769108,7.635916569769108
B0033,B0033_D0079,74.98809405786574,24C,24C_constant_4A,RF_20x7_deployed,24C,82.32922879597803,7.341134738112288,7.341134738112288
B0033,B0033_D0080,74.53483403901977,24C,24C_constant_4A,RF_20x7_deployed,24C,82.30284478408313,7.768010745063364,7.768010745063364
B0033,B0033_D0081,74.00499712525934,24C,24C_constant_4A,RF_20x7_deployed,24C,81.74279321735114,7.7377960920917985,7.7377960920917985
B0033,B0033_D0082,73.38045748050315,24C,24C_constant_4A,RF_20x7_deployed,24C,82.30284478408313,8.922387303579981,8.922387303579981
B0033,B0033_D0083,73.64909245960251,24C,24C_constant_4A,RF_20x7_deployed,24C,82.55050804160916,8.90141558200665,8.90141558200665
B0033,B0033_D0084,73.71436068603202,24C,24C_constant_4A,RF_20x7_deployed,24C,82.30284478408313,8.588484098051111,8.588484098051111
B0033,B0033_D0085,73.17581404173069,24C,24C_constant_4A,RF_20x7_deployed,24C,82.6770273855713,9.501213343840604,9.501213343840604
B0033,B0033_D0086,72.6354784024418,24C,24C_constant_4A,RF_20x7_deployed,24C,82.41055788278611,9.775079480344303,9.775079480344303
B0033,B0033_D0087,72.78651923615124,24C,24C_constant_4A,RF_20x7_deployed,24C,82.30284478408313,9.516325547931899,9.516325547931899
B0033,B0033_D0088,72.9870049809284,24C,24C_constant_4A,RF_20x7_deployed,24C,82.41055788278611,9.423552901857704,9.423552901857704
B0033,B0033_D0089,72.4355752079096,24C,24C_constant_4A,RF_20x7_deployed,24C,82.6770273855713,10.2414521776617,10.2414521776617
B0033,B0033_D0090,73.33379881442168,24C,24C_constant_4A,RF_20x7_deployed,24C,81.6107970263165,8.27699821189482,8.27699821189482
B0033,B0033_D0091,73.44751054752209,24C,24C_constant_4A,RF_20x7_deployed,24C,82.55050804160916,9.102997494087077,9.102997494087077
B0033,B0033_D0092,73.55582942610211,24C,24C_constant_4A,RF_20x7_deployed,24C,83.05010177766192,9.494272351559815,9.494272351559815
B0033,B0033_D0093,72.36506182327463,24C,24C_constant_4A,RF_20x7_deployed,24C,82.55050804160916,10.185446218334533,10.185446218334533
B0033,B0033_D0094,71.02657773780821,24C,24C_constant_4A,RF_20x7_deployed,24C,82.41055788278611,11.383980144977897,11.383980144977897
B0033,B0033_D0095,71.20733047408709,24C,24C_constant_4A,RF_20x7_deployed,24C,82.30284478408313,11.095514309996048,11.095514309996048
B0033,B0033_D0096,72.06410041682147,24C,24C_constant_4A,RF_20x7_deployed,24C,81.46213309043718,9.398032673615702,9.398032673615702
B0033,B0033_D0097,72.24482694460808,24C,24C_constant_4A,RF_20x7_deployed,24C,81.84699715912784,9.60217021451976,9.60217021451976
B0033,B0033_D0098,72.70128177397874,24C,24C_constant_4A,RF_20x7_deployed,24C,81.74279321735114,9.0415114433724,9.0415114433724
B0033,B0033_D0099,71.13015223771455,24C,24C_constant_4A,RF_20x7_deployed,24C,82.99849394202383,11.868341704309273,11.868341704309273
B0033,B0033_D0100,70.50984772945486,24C,24C_constant_4A,RF_20x7_deployed,24C,82.41055788278611,11.900710153331246,11.900710153331246
B0033,B0033_D0101,70.72440649499728,24C,24C_constant_4A,RF_20x7_deployed,24C,82.32922879597803,11.604822300980743,11.604822300980743
B0033,B0033_D0102,71.56800164730765,24C,24C_constant_4A,RF_20x7_deployed,24C,82.32922879597803,10.761227148670372,10.761227148670372
B0033,B0033_D0103,72.57566618258764,24C,24C_constant_4A,RF_20x7_deployed,24C,82.55050804160916,9.974841859021524,9.974841859021524
B0033,B0033_D0104,71.15188378863367,24C,24C_constant_4A,RF_20x7_deployed,24C,82.30284478408313,11.150960995449466,11.150960995449466
B0033,B0033_D0105,69.81493481279564,24C,24C_constant_4A,RF_20x7_deployed,24C,81.46213309043718,11.647198277641536,11.647198277641536
B0033,B0033_D0106,69.89530365199562,24C,24C_constant_4A,RF_20x7_deployed,24C,82.55050804160916,12.655204389613544,12.655204389613544
B0033,B0033_D0107,70.05673780048383,24C,24C_constant_4A,RF_20x7_deployed,24C,81.6107970263165,11.554059225832674,11.554059225832674
B0033,B0033_D0108,71.83912644726334,24C,24C_constant_4A,RF_20x7_deployed,24C,81.74279321735114,9.903666770087796,9.903666770087796
B0033,B0033_D0109,71.8500343977319,24C,24C_constant_4A,RF_20x7_deployed,24C,81.6107970263165,9.760762628584601,9.760762628584601
B0033,B0033_D0110,70.51777642267405,24C,24C_constant_4A,RF_20x7_deployed,24C,81.46213309043718,10.944356667763131,10.944356667763131
B0033,B0033_D0111,69.13166989980944,24C,24C_constant_4A,RF_20x7_deployed,24C,81.84699715912784,12.7153272593184,12.7153272593184
B0033,B0033_D0112,68.49701791533782,24C,24C_constant_4A,RF_20x7_deployed,24C,82.30284478408313,13.805826868745314,13.805826868745314
B0033,B0033_D0113,68.9306466394116,24C,24C_constant_4A,RF_20x7_deployed,24C,82.55050804160916,13.619861402197557,13.619861402197557
B0033,B0033_D0115,71.17212145331004,24C,24C_constant_4A,RF_20x7_deployed,24C,81.46213309043718,10.290011637127137,10.290011637127137
B0033,B0033_D0116,69.73001946479333,24C,24C_constant_4A,RF_20x7_deployed,24C,81.6107970263165,11.880777561523175,11.880777561523175
B0033,B0033_D0117,69.80806993911143,24C,24C_constant_4A,RF_20x7_deployed,24C,82.32922879597803,12.521158856866592,12.521158856866592
B0033,B0033_D0118,69.24843041578985,24C,24C_constant_4A,RF_20x7_deployed,24C,81.6107970263165,12.36236661052665,12.36236661052665
B0033,B0033_D0119,68.57557371237739,24C,24C_constant_4A,RF_20x7_deployed,24C,81.6107970263165,13.035223313939113,13.035223313939113
B0033,B0033_D0120,68.08432542439627,24C,24C_constant_4A,RF_20x7_deployed,24C,82.50131109310088,14.416985668704612,14.416985668704612
B0033,B0033_D0121,68.98150680483043,24C,24C_constant_4A,RF_20x7_deployed,24C,81.74279321735114,12.761286412520704,12.761286412520704
B0033,B0033_D0122,68.2115888001602,24C,24C_constant_4A,RF_20x7_deployed,24C,81.6107970263165,13.399208226156304,13.399208226156304
B0033,B0033_D0123,67.09207256040727,24C,24C_constant_4A,RF_20x7_deployed,24C,82.30284478408313,15.21077222367586,15.21077222367586
B0033,B0033_D0124,67.76107847896125,24C,24C_constant_4A,RF_20x7_deployed,24C,81.6107970263165,13.849718547355252,13.849718547355252
B0033,B0033_D0125,67.01930132014887,24C,24C_constant_4A,RF_20x7_deployed,24C,81.6107970263165,14.591495706167635,14.591495706167635
B0033,B0033_D0126,67.97039457097719,24C,24C_constant_4A,RF_20x7_deployed,24C,81.46213309043718,13.491738519459986,13.491738519459986
B0033,B0033_D0127,67.28550430677751,24C,24C_constant_4A,RF_20x7_deployed,24C,81.46213309043718,14.176628783659666,14.176628783659666
B0033,B0033_D0128,67.3880571042718,24C,24C_constant_4A,RF_20x7_deployed,24C,82.41055788278611,15.022500778514313,15.022500778514313
B0033,B0033_D0129,66.77410515670334,24C,24C_constant_4A,RF_20x7_deployed,24C,82.30284478408313,15.528739627379792,15.528739627379792
B0033,B0033_D0130,67.65774709211169,24C,24C_constant_4A,RF_20x7_deployed,24C,81.46213309043718,13.804385998325486,13.804385998325486
B0033,B0033_D0131,68.54838853022146,24C,24C_constant_4A,RF_20x7_deployed,24C,81.74279321735114,13.194404687129676,13.194404687129676
B0033,B0033_D0132,67.8713336245933,24C,24C_constant_4A,RF_20x7_deployed,24C,82.41055788278611,14.539224258192803,14.539224258192803
B0033,B0033_D0133,67.21839410553451,24C,24C_constant_4A,RF_20x7_deployed,24C,81.6107970263165,14.39240292078199,14.39240292078199
B0033,B0033_D0134,66.50291192972651,24C,24C_constant_4A,RF_20x7_deployed,24C,82.41055788278611,15.9076459530596,15.9076459530596
B0033,B0033_D0135,70.16820929033312,24C,24C_constant_4A,RF_20x7_deployed,24C,82.30284478408313,12.134635493750011,12.134635493750011
B0033,B0033_D0136,69.32785475114689,24C,24C_constant_4A,RF_20x7_deployed,24C,82.55050804160916,13.222653290462276,13.222653290462276
B0033,B0033_D0137,68.52069088436316,24C,24C_constant_4A,RF_20x7_deployed,24C,82.30284478408313,13.782153899719972,13.782153899719972
B0033,B0033_D0138,66.26596968178565,24C,24C_constant_4A,RF_20x7_deployed,24C,82.30284478408313,16.036875102297486,16.036875102297486
B0033,B0033_D0148,73.07348947131494,24C,24C_constant_4A,RF_20x7_deployed,24C,82.55050804160916,9.47701857029422,9.47701857029422
B0033,B0033_D0149,70.75499772691266,24C,24C_constant_4A,RF_20x7_deployed,24C,82.55050804160916,11.7955103146965,11.7955103146965
B0033,B0033_D0150,69.1816186936978,24C,24C_constant_4A,RF_20x7_deployed,24C,82.55050804160916,13.368889347911363,13.368889347911363
B0033,B0033_D0151,68.52701446804916,24C,24C_constant_4A,RF_20x7_deployed,24C,82.55050804160916,14.023493573560003,14.023493573560003
B0033,B0033_D0152,67.785212830577,24C,24C_constant_4A,RF_20x7_deployed,24C,81.46213309043718,13.676920259860182,13.676920259860182
B0033,B0033_D0153,67.89192896959882,24C,24C_constant_4A,RF_20x7_deployed,24C,81.74279321735114,13.850864247752313,13.850864247752313
B0033,B0033_D0154,68.04541989785699,24C,24C_constant_4A,RF_20x7_deployed,24C,81.6107970263165,13.565377128459517,13.565377128459517
B0033,B0033_D0155,67.4781327384238,24C,24C_constant_4A,RF_20x7_deployed,24C,81.6107970263165,14.132664287892709,14.132664287892709
B0033,B0033_D0156,59.444385662433206,24C,24C_constant_4A,RF_20x7_deployed,24C,82.55050804160916,23.106122379175957,23.106122379175957
B0033,B0033_D0157,75.20746967304322,24C,24C_constant_4A,RF_20x7_deployed,24C,82.41055788278611,7.203088209742887,7.203088209742887
B0033,B0033_D0158,74.49544319356384,24C,24C_constant_4A,RF_20x7_deployed,24C,81.46213309043718,6.9666898968733335,6.9666898968733335
B0033,B0033_D0159,73.76650893215965,24C,24C_constant_4A,RF_20x7_deployed,24C,81.6107970263165,7.844288094156852,7.844288094156852
B0033,B0033_D0160,72.99153827068515,24C,24C_constant_4A,RF_20x7_deployed,24C,82.30284478408313,9.31130651339798,9.31130651339798
B0033,B0033_D0161,72.37084528862864,24C,24C_constant_4A,RF_20x7_deployed,24C,81.46213309043718,9.091287801808534,9.091287801808534
B0033,B0033_D0162,73.38161837323577,24C,24C_constant_4A,RF_20x7_deployed,24C,82.41055788278611,9.02893950955034,9.02893950955034
B0033,B0033_D0163,72.07762465827635,24C,24C_constant_4A,RF_20x7_deployed,24C,82.30284478408313,10.225220125806786,10.225220125806786
B0033,B0033_D0164,70.91964367922014,24C,24C_constant_4A,RF_20x7_deployed,24C,82.55050804160916,11.630864362389019,11.630864362389019
B0033,B0033_D0165,70.15912419426259,24C,24C_constant_4A,RF_20x7_deployed,24C,81.46213309043718,11.303008896174589,11.303008896174589
B0033,B0033_D0166,69.5555233060582,24C,24C_constant_4A,RF_20x7_deployed,24C,82.30284478408313,12.74732147802493,12.74732147802493
B0033,B0033_D0167,70.43009979067268,24C,24C_constant_4A,RF_20x7_deployed,24C,81.46213309043718,11.032033299764493,11.032033299764493
B0033,B0033_D0168,70.68854451974474,24C,24C_constant_4A,RF_20x7_deployed,24C,82.55050804160916,11.861963521864425,11.861963521864425
B0033,B0033_D0169,70.62361172704225,24C,24C_constant_4A,RF_20x7_deployed,24C,82.30284478408313,11.67923305704089,11.67923305704089
B0033,B0033_D0170,69.15950013287794,24C,24C_constant_4A,RF_20x7_deployed,24C,82.30284478408313,13.143344651205197,13.143344651205197
B0033,B0033_D0171,68.23049053716282,24C,24C_constant_4A,RF_20x7_deployed,24C,82.32922879597803,14.098738258815203,14.098738258815203
B0033,B0033_D0172,68.48756828912185,24C,24C_constant_4A,RF_20x7_deployed,24C,81.6107970263165,13.123228737194651,13.123228737194651
B0033,B0033_D0173,69.33973455535832,24C,24C_constant_4A,RF_20x7_deployed,24C,81.46213309043718,12.122398535078858,12.122398535078858
B0033,B0033_D0174,69.59307937871397,24C,24C_constant_4A,RF_20x7_deployed,24C,81.46213309043718,11.869053711723211,11.869053711723211
B0033,B0033_D0175,68.85811760904825,24C,24C_constant_4A,RF_20x7_deployed,24C,82.30284478408313,13.444727175034885,13.444727175034885
B0033,B0033_D0176,67.99762679695426,24C,24C_constant_4A,RF_20x7_deployed,24C,82.55050804160916,14.552881244654898,14.552881244654898
B0033,B0033_D0177,68.98895215853625,24C,24C_constant_4A,RF_20x7_deployed,24C,82.30284478408313,13.313892625546885,13.313892625546885
B0033,B0033_D0178,68.1568683098322,24C,24C_constant_4A,RF_20x7_deployed,24C,82.55050804160916,14.393639731776958,14.393639731776958
B0033,B0033_D0179,68.26147614397404,24C,24C_constant_4A,RF_20x7_deployed,24C,82.30284478408313,14.041368640109098,14.041368640109098
B0033,B0033_D0180,67.49310347029565,24C,24C_constant_4A,RF_20x7_deployed,24C,81.6107970263165,14.117693556020853,14.117693556020853
B0033,B0033_D0181,67.64752086166216,24C,24C_constant_4A,RF_20x7_deployed,24C,81.6107970263165,13.963276164654346,13.963276164654346
B0033,B0033_D0182,67.67870271302564,24C,24C_constant_4A,RF_20x7_deployed,24C,82.30284478408313,14.624142071057491,14.624142071057491
B0033,B0033_D0183,67.16112591952512,24C,24C_constant_4A,RF_20x7_deployed,24C,82.30284478408313,15.141718864558015,15.141718864558015
B0033,B0033_D0184,67.06040884526713,24C,24C_constant_4A,RF_20x7_deployed,24C,82.30284478408313,15.242435938816001,15.242435938816001
B0033,B0033_D0185,66.38694984993903,24C,24C_constant_4A,RF_20x7_deployed,24C,81.6107970263165,15.223847176377475,15.223847176377475
B0033,B0033_D0186,66.48894502227046,24C,24C_constant_4A,RF_20x7_deployed,24C,82.6770273855713,16.188082363300836,16.188082363300836
B0033,B0033_D0187,66.78022514351248,24C,24C_constant_4A,RF_20x7_deployed,24C,82.41055788278611,15.630332739273626,15.630332739273626
B0033,B0033_D0188,65.88744842855562,24C,24C_constant_4A,RF_20x7_deployed,24C,81.46213309043718,15.574684661881562,15.574684661881562
B0033,B0033_D0189,65.88027362370985,24C,24C_constant_4A,RF_20x7_deployed,24C,82.41055788278611,16.530284259076254,16.530284259076254
B0033,B0033_D0190,65.9263976103619,24C,24C_constant_4A,RF_20x7_deployed,24C,82.30284478408313,16.376447173721232,16.376447173721232
B0033,B0033_D0191,66.07698634906991,24C,24C_constant_4A,RF_20x7_deployed,24C,81.46213309043718,15.385146741367265,15.385146741367265
B0033,B0033_D0192,65.23307686464352,24C,24C_constant_4A,RF_20x7_deployed,24C,81.46213309043718,16.229056225793656,16.229056225793656
B0033,B0033_D0193,66.4016238510434,24C,24C_constant_4A,RF_20x7_deployed,24C,81.46213309043718,15.060509239393781,15.060509239393781
B0033,B0033_D0194,68.17274885356963,24C,24C_constant_4A,RF_20x7_deployed,24C,81.46213309043718,13.289384236867548,13.289384236867548
B0033,B0033_D0195,66.45658373701234,24C,24C_constant_4A,RF_20x7_deployed,24C,82.41055788278611,15.95397414577377,15.95397414577377
B0033,B0033_D0196,65.62100543458841,24C,24C_constant_4A,RF_20x7_deployed,24C,81.6107970263165,15.989791591728093,15.989791591728093
B0033,B0033_D0197,65.76412751838177,24C,24C_constant_4A,RF_20x7_deployed,24C,82.41055788278611,16.64643036440434,16.64643036440434
B0034,B0034_D0002,83.11608576422927,24C,24C_constant_4A,RF_20x7_deployed,24C,82.55050804160916,-0.5655777226201053,0.5655777226201053
B0034,B0034_D0003,82.2543684847266,24C,24C_constant_4A,RF_20x7_deployed,24C,82.6770273855713,0.42265890084469504,0.42265890084469504
B0034,B0034_D0004,81.0364644638787,24C,24C_constant_4A,RF_20x7_deployed,24C,81.97899335016248,0.9425288862837817,0.9425288862837817
B0034,B0034_D0005,79.83701012563002,24C,24C_constant_4A,RF_20x7_deployed,24C,82.3376575133806,2.5006473877505897,2.5006473877505897
B0034,B0034_D0006,74.28250309406349,24C,24C_constant_4A,RF_20x7_deployed,24C,82.55050804160916,8.268004947545677,8.268004947545677
B0034,B0034_D0007,74.33351098748506,24C,24C_constant_4A,RF_20x7_deployed,24C,82.55050804160916,8.216997054124107,8.216997054124107
B0034,B0034_D0008,73.50665479202634,24C,24C_constant_4A,RF_20x7_deployed,24C,82.3376575133806,8.831002721354267,8.831002721354267
B0034,B0034_D0009,72.82520900509817,24C,24C_constant_4A,RF_20x7_deployed,24C,81.84699715912784,9.021788154029664,9.021788154029664
B0034,B0034_D0010,72.09480517788236,24C,24C_constant_4A,RF_20x7_deployed,24C,82.30284478408313,10.20803960620077,10.20803960620077
B0034,B0034_D0011,71.85474794485145,24C,24C_constant_4A,RF_20x7_deployed,24C,82.30284478408313,10.448096839231681,10.448096839231681
B0034,B0034_D0012,72.29351812483702,24C,24C_constant_4A,RF_20x7_deployed,24C,82.50131109310088,10.20779296826386,10.20779296826386
B0034,B0034_D0013,71.60520272809185,24C,24C_constant_4A,RF_20x7_deployed,24C,81.46213309043718,9.856930362345324,9.856930362345324
B0034,B0034_D0014,71.33603166512324,24C,24C_constant_4A,RF_20x7_deployed,24C,82.41055788278611,11.074526217662864,11.074526217662864
B0034,B0034_D0015,71.15423442564914,24C,24C_constant_4A,RF_20x7_deployed,24C,82.55050804160916,11.396273615960027,11.396273615960027
B0034,B0034_D0016,72.04739761209454,24C,24C_constant_4A,RF_20x7_deployed,24C,82.50131109310088,10.453913481006339,10.453913481006339
B0034,B0034_D0017,74.34507720259325,24C,24C_constant_4A,RF_20x7_deployed,24C,82.41055788278611,8.065480680192863,8.065480680192863
B0034,B0034_D0018,76.22656613425352,24C,24C_constant_4A,RF_20x7_deployed,24C,82.41055788278611,6.183991748532591,6.183991748532591
B0034,B0034_D0019,73.14524802595353,24C,24C_constant_4A,RF_20x7_deployed,24C,82.6770273855713,9.531779359617758,9.531779359617758
B0034,B0034_D0020,71.15397254274946,24C,24C_constant_4A,RF_20x7_deployed,24C,82.30284478408313,11.148872241333677,11.148872241333677
B0034,B0034_D0021,70.25520431801718,24C,24C_constant_4A,RF_20x7_deployed,24C,82.55050804160916,12.295303723591985,12.295303723591985
B0034,B0034_D0022,81.64731962535431,24C,24C_constant_4A,RF_20x7_deployed,24C,82.41055788278611,0.7632382574317944,0.7632382574317944
B0034,B0034_D0023,78.43569104129558,24C,24C_constant_4A,RF_20x7_deployed,24C,82.30284478408313,3.8671537427875506,3.8671537427875506
B0034,B0034_D0024,75.74760483026701,24C,24C_constant_4A,RF_20x7_deployed,24C,82.41055788278611,6.6629530525191,6.6629530525191
B0034,B0034_D0025,74.27591470317313,24C,24C_constant_4A,RF_20x7_deployed,24C,81.84699715912784,7.571082455954709,7.571082455954709
B0034,B0034_D0026,74.0385964524537,24C,24C_constant_4A,RF_20x7_deployed,24C,82.41055788278611,8.371961430332405,8.371961430332405
B0034,B0034_D0027,74.20131786585294,24C,24C_constant_4A,RF_20x7_deployed,24C,81.6107970263165,7.409479160463562,7.409479160463562
B0034,B0034_D0028,74.61076527753261,24C,24C_constant_4A,RF_20x7_deployed,24C,81.46213309043718,6.85136781290457,6.85136781290457
B0034,B0034_D0029,73.66564620496395,24C,24C_constant_4A,RF_20x7_deployed,24C,82.6770273855713,9.011381180607344,9.011381180607344
B0034,B0034_D0030,72.0796589490003,24C,24C_constant_4A,RF_20x7_deployed,24C,81.46213309043718,9.382474141436873,9.382474141436873
B0034,B0034_D0031,71.12936599007894,24C,24C_constant_4A,RF_20x7_deployed,24C,82.18636703131854,11.057001041239602,11.057001041239602
B0034,B0034_D0032,71.33244689743333,24C,24C_constant_4A,RF_20x7_deployed,24C,82.41055788278611,11.07811098535278,11.07811098535278
B0034,B0034_D0033,72.98387780119288,24C,24C_constant_4A,RF_20x7_deployed,24C,82.6770273855713,9.693149584378418,9.693149584378418
B0034,B0034_D0034,71.98079969272577,24C,24C_constant_4A,RF_20x7_deployed,24C,82.6770273855713,10.696227692845525,10.696227692845525
B0034,B0034_D0035,70.97756328924257,24C,24C_constant_4A,RF_20x7_deployed,24C,82.55050804160916,11.572944752366595,11.572944752366595
B0034,B0034_D0036,70.59050857235226,24C,24C_constant_4A,RF_20x7_deployed,24C,82.692133669484,12.10162509713173,12.10162509713173
B0034,B0034_D0037,70.22098350922657,24C,24C_constant_4A,RF_20x7_deployed,24C,81.46213309043718,11.241149581210607,11.241149581210607
B0034,B0034_D0038,73.67529549303433,24C,24C_constant_4A,RF_20x7_deployed,24C,81.46213309043718,7.786837597402851,7.786837597402851
B0034,B0034_D0039,74.63293003225745,24C,24C_constant_4A,RF_20x7_deployed,24C,82.55050804160916,7.917578009351715,7.917578009351715
B0034,B0034_D0040,74.10130074972967,24C,24C_constant_4A,RF_20x7_deployed,24C,81.6107970263165,7.50949627658683,7.50949627658683
B0034,B0034_D0041,71.17876788294974,24C,24C_constant_4A,RF_20x7_deployed,24C,81.46213309043718,10.283365207487435,10.283365207487435
B0034,B0034_D0042,70.19126098622675,24C,24C_constant_4A,RF_20x7_deployed,24C,81.46213309043718,11.270872104210426,11.270872104210426
B0034,B0034_D0043,76.81586739418061,24C,24C_constant_4A,RF_20x7_deployed,24C,81.46213309043718,4.646265696256563,4.646265696256563
B0034,B0034_D0044,77.20183584088366,24C,24C_constant_4A,RF_20x7_deployed,24C,81.6107970263165,4.408961185432844,4.408961185432844
B0034,B0034_D0045,75.39460776801245,24C,24C_constant_4A,RF_20x7_deployed,24C,82.55050804160916,7.155900273596714,7.155900273596714
B0034,B0034_D0046,91.01530029345544,24C,24C_constant_4A,RF_20x7_deployed,24C,82.41055788278611,-8.604742410669331,8.604742410669331
B0034,B0034_D0047,79.68287879113322,24C,24C_constant_4A,RF_20x7_deployed,24C,81.46213309043718,1.7792542993039575,1.7792542993039575
B0034,B0034_D0048,76.65352324840485,24C,24C_constant_4A,RF_20x7_deployed,24C,82.55050804160916,5.896984793204311,5.896984793204311
B0034,B0034_D0049,74.31071546553642,24C,24C_constant_4A,RF_20x7_deployed,24C,81.74279321735114,7.432077751814717,7.432077751814717
B0034,B0034_D0050,75.14659424133892,24C,24C_constant_4A,RF_20x7_deployed,24C,81.84699715912784,6.700402917788921,6.700402917788921
B0034,B0034_D0051,76.0109270346403,24C,24C_constant_4A,RF_20x7_deployed,24C,81.6107970263165,5.599869991676201,5.599869991676201
B0034,B0034_D0052,75.59097367502233,24C,24C_constant_4A,RF_20x7_deployed,24C,82.41055788278611,6.819584207763782,6.819584207763782
B0034,B0034_D0053,73.23006509104525,24C,24C_constant_4A,RF_20x7_deployed,24C,82.30284478408313,9.072779693037887,9.072779693037887
B0034,B0034_D0054,72.73070480755874,24C,24C_constant_4A,RF_20x7_deployed,24C,82.55050804160916,9.819803234050426,9.819803234050426
B0034,B0034_D0055,71.6670024510207,24C,24C_constant_4A,RF_20x7_deployed,24C,82.41055788278611,10.743555431765401,10.743555431765401
B0034,B0034_D0056,72.46631173198081,24C,24C_constant_4A,RF_20x7_deployed,24C,81.46213309043718,8.995821358456368,8.995821358456368
B0034,B0034_D0057,74.7599910899454,24C,24C_constant_4A,RF_20x7_deployed,24C,82.55050804160916,7.790516951663761,7.790516951663761
B0034,B0034_D0058,73.60295120923004,24C,24C_constant_4A,RF_20x7_deployed,24C,81.6107970263165,8.007845817086462,8.007845817086462
B0034,B0034_D0059,70.48691507324364,24C,24C_constant_4A,RF_20x7_deployed,24C,81.46213309043718,10.97521801719354,10.97521801719354
B0034,B0034_D0060,69.30972090692087,24C,24C_constant_4A,RF_20x7_deployed,24C,81.6107970263165,12.301076119395631,12.301076119395631
B0034,B0034_D0061,68.12062703775268,24C,24C_constant_4A,RF_20x7_deployed,24C,82.41055788278611,14.289930845033425,14.289930845033425
B0034,B0034_D0062,72.35688722538639,24C,24C_constant_4A,RF_20x7_deployed,24C,82.30284478408313,9.945957558696747,9.945957558696747
B0034,B0034_D0063,72.77241695225024,24C,24C_constant_4A,RF_20x7_deployed,24C,81.74279321735114,8.970376265100896,8.970376265100896
B0034,B0034_D0064,72.11976083651479,24C,24C_constant_4A,RF_20x7_deployed,24C,82.55050804160916,10.430747205094377,10.430747205094377
B0034,B0034_D0065,68.87709729948025,24C,24C_constant_4A,RF_20x7_deployed,24C,81.46213309043718,12.585035790956923,12.585035790956923
B0034,B0034_D0066,67.69967946450267,24C,24C_constant_4A,RF_20x7_deployed,24C,81.46213309043718,13.762453625934512,13.762453625934512
B0034,B0034_D0067,77.54519430832224,24C,24C_constant_4A,RF_20x7_deployed,24C,81.6107970263165,4.065602717994267,4.065602717994267
B0034,B0034_D0068,77.81466348876434,24C,24C_constant_4A,RF_20x7_deployed,24C,82.55050804160916,4.735844552844824,4.735844552844824
B0034,B0034_D0069,75.33763302532354,24C,24C_constant_4A,RF_20x7_deployed,24C,82.41055788278611,7.072924857462567,7.072924857462567
B0034,B0034_D0070,72.2069366651383,24C,24C_constant_4A,RF_20x7_deployed,24C,81.6107970263165,9.403860361178204,9.403860361178204
B0034,B0034_D0071,70.72051905646218,24C,24C_constant_4A,RF_20x7_deployed,24C,82.55050804160916,11.829988985146983,11.829988985146983
B0034,B0034_D0072,69.48787106181365,24C,24C_constant_4A,RF_20x7_deployed,24C,82.41055788278611,12.922686820972459,12.922686820972459
B0034,B0034_D0073,72.49841557376496,24C,24C_constant_4A,RF_20x7_deployed,24C,81.6107970263165,9.112381452551546,9.112381452551546
B0034,B0034_D0074,73.39326534006084,24C,24C_constant_4A,RF_20x7_deployed,24C,82.32922879597803,8.93596345591719,8.93596345591719
B0034,B0034_D0075,71.45322155222533,24C,24C_constant_4A,RF_20x7_deployed,24C,81.46213309043718,10.008911538211848,10.008911538211848
B0034,B0034_D0076,68.83724173341635,24C,24C_constant_4A,RF_20x7_deployed,24C,81.6107970263165,12.773555292900156,12.773555292900156
B0034,B0034_D0077,67.57906631260528,24C,24C_constant_4A,RF_20x7_deployed,24C,81.46213309043718,13.8830667778319,13.8830667778319
B0034,B0034_D0078,67.6996736414464,24C,24C_constant_4A,RF_20x7_deployed,24C,82.41055788278611,14.710884241339713,14.710884241339713
B0034,B0034_D0079,67.88582558446883,24C,24C_constant_4A,RF_20x7_deployed,24C,81.46213309043718,13.576307505968344,13.576307505968344
B0034,B0034_D0080,66.70846576755135,24C,24C_constant_4A,RF_20x7_deployed,24C,81.46213309043718,14.753667322885832,14.753667322885832
B0034,B0034_D0081,66.86073944391994,24C,24C_constant_4A,RF_20x7_deployed,24C,82.41055788278611,15.549818438866168,15.549818438866168
B0034,B0034_D0082,66.95226121384636,24C,24C_constant_4A,RF_20x7_deployed,24C,82.18636703131854,15.234105817472184,15.234105817472184
B0034,B0034_D0083,67.19622302378161,24C,24C_constant_4A,RF_20x7_deployed,24C,81.6107970263165,14.414574002534891,14.414574002534891
B0034,B0034_D0084,67.27393096045122,24C,24C_constant_4A,RF_20x7_deployed,24C,81.46213309043718,14.188202129985953,14.188202129985953
B0034,B0034_D0085,67.41131514841273,24C,24C_constant_4A,RF_20x7_deployed,24C,82.32922879597803,14.9179136475653,14.9179136475653
B0034,B0034_D0086,66.86596149788029,24C,24C_constant_4A,RF_20x7_deployed,24C,82.41055788278611,15.544596384905816,15.544596384905816
B0034,B0034_D0087,67.01261670776518,24C,24C_constant_4A,RF_20x7_deployed,24C,81.46213309043718,14.449516382672002,14.449516382672002
B0034,B0034_D0088,66.45482841189559,24C,24C_constant_4A,RF_20x7_deployed,24C,82.30284478408313,15.848016372187544,15.848016372187544
B0034,B0034_D0089,66.61742827883175,24C,24C_constant_4A,RF_20x7_deployed,24C,82.55050804160916,15.93307976277741,15.93307976277741
B0034,B0034_D0090,67.50770655277758,24C,24C_constant_4A,RF_20x7_deployed,24C,82.30284478408313,14.795138231305557,14.795138231305557
B0034,B0034_D0091,69.0761720527064,24C,24C_constant_4A,RF_20x7_deployed,24C,81.6107970263165,12.534624973610107,12.534624973610107
B0034,B0034_D0092,69.17985976408903,24C,24C_constant_4A,RF_20x7_deployed,24C,81.6107970263165,12.430937262227474,12.430937262227474
B0034,B0034_D0093,66.5058093104045,24C,24C_constant_4A,RF_20x7_deployed,24C,82.18636703131854,15.680557720914038,15.680557720914038
B0034,B0034_D0094,65.88491060851615,24C,24C_constant_4A,RF_20x7_deployed,24C,82.30284478408313,16.417934175566984,16.417934175566984
B0034,B0034_D0095,65.31828859825636,24C,24C_constant_4A,RF_20x7_deployed,24C,81.6107970263165,16.292508428060145,16.292508428060145
B0034,B0034_D0096,66.90783691896891,24C,24C_constant_4A,RF_20x7_deployed,24C,81.6107970263165,14.702960107347593,14.702960107347593
B0034,B0034_D0097,67.81629046082533,24C,24C_constant_4A,RF_20x7_deployed,24C,81.84699715912784,14.03070669830251,14.03070669830251
B0034,B0034_D0098,68.24498764775029,24C,24C_constant_4A,RF_20x7_deployed,24C,82.55050804160916,14.30552039385887,14.30552039385887
B0034,B0034_D0099,66.68819987767529,24C,24C_constant_4A,RF_20x7_deployed,24C,82.6770273855713,15.988827507896005,15.988827507896005
B0034,B0034_D0100,65.30061834329382,24C,24C_constant_4A,RF_20x7_deployed,24C,81.46213309043718,16.161514747143357,16.161514747143357
B0034,B0034_D0101,65.50934180687904,24C,24C_constant_4A,RF_20x7_deployed,24C,82.30284478408313,16.7935029772041,16.7935029772041
B0034,B0034_D0102,67.83834470848052,24C,24C_constant_4A,RF_20x7_deployed,24C,81.46213309043718,13.623788381956658,13.623788381956658
B0034,B0034_D0103,69.58428716793858,24C,24C_constant_4A,RF_20x7_deployed,24C,81.46213309043718,11.877845922498594,11.877845922498594
B0034,B0034_D0104,68.14967539672388,24C,24C_constant_4A,RF_20x7_deployed,24C,82.30284478408313,14.153169387359256,14.153169387359256
B0034,B0034_D0105,66.05855986950314,24C,24C_constant_4A,RF_20x7_deployed,24C,81.6107970263165,15.552237156813362,15.552237156813362
B0034,B0034_D0106,65.37434507796678,24C,24C_constant_4A,RF_20x7_deployed,24C,81.46213309043718,16.087788012470398,16.087788012470398
B0034,B0034_D0107,65.52940947741745,24C,24C_constant_4A,RF_20x7_deployed,24C,81.6107970263165,16.08138754889906,16.08138754889906
B0034,B0034_D0108,68.8156334098332,24C,24C_constant_4A,RF_20x7_deployed,24C,81.6107970263165,12.795163616483308,12.795163616483308
B0034,B0034_D0109,69.58824645661436,24C,24C_constant_4A,RF_20x7_deployed,24C,82.30284478408313,12.714598327468778,12.714598327468778
B0034,B0034_D0110,68.24873176726763,24C,24C_constant_4A,RF_20x7_deployed,24C,82.30284478408313,14.054113016815506,14.054113016815506
B0034,B0034_D0111,66.09546968645948,24C,24C_constant_4A,RF_20x7_deployed,24C,82.30284478408313,16.207375097623654,16.207375097623654
B0034,B0034_D0112,65.45016944036956,24C,24C_constant_4A,RF_20x7_deployed,24C,82.41055788278611,16.960388442416544,16.960388442416544
B0034,B0034_D0113,66.63502860986867,24C,24C_constant_4A,RF_20x7_deployed,24C,82.55050804160916,15.915479431740494,15.915479431740494
B0034,B0034_D0115,68.867378140973,24C,24C_constant_4A,RF_20x7_deployed,24C,82.30284478408313,13.435466643110132,13.435466643110132
B0034,B0034_D0116,67.4379943838875,24C,24C_constant_4A,RF_20x7_deployed,24C,82.55050804160916,15.112513657721664,15.112513657721664
B0034,B0034_D0117,67.50752279940573,24C,24C_constant_4A,RF_20x7_deployed,24C,81.46213309043718,13.954610291031443,13.954610291031443
B0034,B0034_D0118,66.93907437542977,24C,24C_constant_4A,RF_20x7_deployed,24C,81.46213309043718,14.523058715007409,14.523058715007409
B0034,B0034_D0119,66.26685605201342,24C,24C_constant_4A,RF_20x7_deployed,24C,82.30284478408313,16.03598873206971,16.03598873206971
B0034,B0034_D0120,66.54080298167024,24C,24C_constant_4A,RF_20x7_deployed,24C,82.30284478408313,15.762041802412895,15.762041802412895
B0034,B0034_D0121,66.65416883092516,24C,24C_constant_4A,RF_20x7_deployed,24C,81.6107970263165,14.956628195391346,14.956628195391346
B0034,B0034_D0122,66.66613267447961,24C,24C_constant_4A,RF_20x7_deployed,24C,82.30284478408313,15.636712109603522,15.636712109603522
B0034,B0034_D0123,66.32140548758238,24C,24C_constant_4A,RF_20x7_deployed,24C,82.41055788278611,16.089152395203726,16.089152395203726
B0034,B0034_D0124,66.19855204934285,24C,24C_constant_4A,RF_20x7_deployed,24C,81.46213309043718,15.263581041094326,15.263581041094326
B0034,B0034_D0125,66.24682112535578,24C,24C_constant_4A,RF_20x7_deployed,24C,81.74279321735114,15.495972091995355,15.495972091995355
B0034,B0034_D0126,66.41533837785461,24C,24C_constant_4A,RF_20x7_deployed,24C,82.30284478408313,15.887506406228525,15.887506406228525
B0034,B0034_D0127,65.7292174454613,24C,24C_constant_4A,RF_20x7_deployed,24C,82.41055788278611,16.681340437324806,16.681340437324806
B0034,B0034_D0128,65.83420899271653,24C,24C_constant_4A,RF_20x7_deployed,24C,82.6770273855713,16.842818392854767,16.842818392854767
B0034,B0034_D0129,65.20863824827036,24C,24C_constant_4A,RF_20x7_deployed,24C,82.30284478408313,17.094206535812773,17.094206535812773
B0034,B0034_D0130,67.67225036786154,24C,24C_constant_4A,RF_20x7_deployed,24C,82.55050804160916,14.878257673747626,14.878257673747626
B0034,B0034_D0131,68.5647041256893,24C,24C_constant_4A,RF_20x7_deployed,24C,81.6107970263165,13.046092900627201,13.046092900627201
B0034,B0034_D0132,67.88496609612555,24C,24C_constant_4A,RF_20x7_deployed,24C,81.6107970263165,13.725830930190952,13.725830930190952
B0034,B0034_D0133,66.43451545459752,24C,24C_constant_4A,RF_20x7_deployed,24C,81.84699715912784,15.412481704530322,15.412481704530322
B0034,B0034_D0134,65.71971634090862,24C,24C_constant_4A,RF_20x7_deployed,24C,81.6107970263165,15.891080685407886,15.891080685407886
B0034,B0034_D0135,69.33391515055362,24C,24C_constant_4A,RF_20x7_deployed,24C,82.41055788278611,13.076642732232486,13.076642732232486
B0034,B0034_D0136,69.34165229214604,24C,24C_constant_4A,RF_20x7_deployed,24C,81.46213309043718,12.12048079829114,12.12048079829114
B0034,B0034_D0137,67.74018689645507,24C,24C_constant_4A,RF_20x7_deployed,24C,81.46213309043718,13.721946193982106,13.721946193982106
B0034,B0034_D0138,66.27893834975835,24C,24C_constant_4A,RF_20x7_deployed,24C,82.55050804160916,16.271569691850814,16.271569691850814
B0034,B0034_D0139,65.59864338188775,24C,24C_constant_4A,RF_20x7_deployed,24C,81.6107970263165,16.01215364442875,16.01215364442875
B0034,B0034_D0140,65.32243974397599,24C,24C_constant_4A,RF_20x7_deployed,24C,81.46213309043718,16.139693346461186,16.139693346461186
B0034,B0034_D0141,67.09215940274512,24C,24C_constant_4A,RF_20x7_deployed,24C,82.55050804160916,15.458348638864038,15.458348638864038
B0034,B0034_D0142,68.04605085379663,24C,24C_constant_4A,RF_20x7_deployed,24C,82.30284478408313,14.256793930286506,14.256793930286506
B0034,B0034_D0143,66.49801838697485,24C,24C_constant_4A,RF_20x7_deployed,24C,81.6107970263165,15.112778639341656,15.112778639341656
B0034,B0034_D0144,64.9534693812968,24C,24C_constant_4A,RF_20x7_deployed,24C,81.6107970263165,16.657327645019706,16.657327645019706
B0034,B0034_D0145,64.92272185977848,24C,24C_constant_4A,RF_20x7_deployed,24C,82.41055788278611,17.48783602300763,17.48783602300763
B0034,B0034_D0146,65.88243045805045,24C,24C_constant_4A,RF_20x7_deployed,24C,81.46213309043718,15.579702632386727,15.579702632386727
B0034,B0034_D0147,66.80324282053297,24C,24C_constant_4A,RF_20x7_deployed,24C,81.6107970263165,14.807554205783532,14.807554205783532
B0034,B0034_D0148,68.1789868093007,24C,24C_constant_4A,RF_20x7_deployed,24C,82.41055788278611,14.231571073485412,14.231571073485412
B0034,B0034_D0149,66.66556270772413,24C,24C_constant_4A,RF_20x7_deployed,24C,82.30284478408313,15.637282076359,15.637282076359
B0034,B0034_D0150,65.11636731559463,24C,24C_constant_4A,RF_20x7_deployed,24C,82.30284478408313,17.186477468488505,17.186477468488505
B0034,B0034_D0151,64.44364222227938,24C,24C_constant_4A,RF_20x7_deployed,24C,82.6770273855713,18.233385163291913,18.233385163291913
B0034,B0034_D0152,64.51373097101516,24C,24C_constant_4A,RF_20x7_deployed,24C,81.74279321735114,17.22906224633597,17.22906224633597
B0034,B0034_D0153,64.62037828384119,24C,24C_constant_4A,RF_20x7_deployed,24C,82.41055788278611,17.790179598944917,17.790179598944917
B0034,B0034_D0154,64.7704575255117,24C,24C_constant_4A,RF_20x7_deployed,24C,81.6107970263165,16.840339500804802,16.840339500804802
B0034,B0034_D0155,64.16149407963475,24C,24C_constant_4A,RF_20x7_deployed,24C,81.46213309043718,17.300639010802428,17.300639010802428
B0034,B0034_D0156,72.78727012183907,24C,24C_constant_4A,RF_20x7_deployed,24C,81.6107970263165,8.823526904477433,8.823526904477433
B0034,B0034_D0157,72.7338171336621,24C,24C_constant_4A,RF_20x7_deployed,24C,82.30284478408313,9.569027650421035,9.569027650421035
B0034,B0034_D0158,71.17138590992475,24C,24C_constant_4A,RF_20x7_deployed,24C,82.41055788278611,11.239171972861357,11.239171972861357
B0034,B0034_D0159,69.62756051816565,24C,24C_constant_4A,RF_20x7_deployed,24C,81.46213309043718,11.834572572271526,11.834572572271526
B0034,B0034_D0160,68.82866246873454,24C,24C_constant_4A,RF_20x7_deployed,24C,82.55050804160916,13.721845572874628,13.721845572874628
B0034,B0034_D0161,69.05095414491176,24C,24C_constant_4A,RF_20x7_deployed,24C,82.55050804160916,13.499553896697407,13.499553896697407
B0034,B0034_D0162,70.03784160836432,24C,24C_constant_4A,RF_20x7_deployed,24C,81.46213309043718,11.42429148207286,11.42429148207286
B0034,B0034_D0163,68.7322651739986,24C,24C_constant_4A,RF_20x7_deployed,24C,81.46213309043718,12.729867916438579,12.729867916438579
B0034,B0034_D0164,66.72962057198919,24C,24C_constant_4A,RF_20x7_deployed,24C,81.6107970263165,14.881176454327317,14.881176454327317
B0034,B0034_D0165,66.8198310782369,24C,24C_constant_4A,RF_20x7_deployed,24C,82.30284478408313,15.483013705846233,15.483013705846233
B0034,B0034_D0166,65.34576485878124,24C,24C_constant_4A,RF_20x7_deployed,24C,81.6107970263165,16.265032167535267,16.265032167535267
B0034,B0034_D0167,67.07697283370405,24C,24C_constant_4A,RF_20x7_deployed,24C,82.30284478408313,15.225871950379087,15.225871950379087
B0034,B0034_D0168,67.3194485080961,24C,24C_constant_4A,RF_20x7_deployed,24C,81.6107970263165,14.291348518220403,14.291348518220403
B0034,B0034_D0169,67.2494903638887,24C,24C_constant_4A,RF_20x7_deployed,24C,82.18636703131854,14.936876667429843,14.936876667429843
B0034,B0034_D0170,65.79380402523893,24C,24C_constant_4A,RF_20x7_deployed,24C,82.55050804160916,16.756704016370236,16.756704016370236
B0034,B0034_D0171,64.86383444870044,24C,24C_constant_4A,RF_20x7_deployed,24C,82.55050804160916,17.68667359290872,17.68667359290872
B0034,B0034_D0172,64.25627605502824,24C,24C_constant_4A,RF_20x7_deployed,24C,82.30284478408313,18.046568729054897,18.046568729054897
B0034,B0034_D0173,65.95104578265126,24C,24C_constant_4A,RF_20x7_deployed,24C,82.30284478408313,16.35179900143187,16.35179900143187
B0034,B0034_D0174,67.05048924645497,24C,24C_constant_4A,RF_20x7_deployed,24C,82.41055788278611,15.360068636331135,15.360068636331135
B0034,B0034_D0175,66.3063491941373,24C,24C_constant_4A,RF_20x7_deployed,24C,81.6107970263165,15.304447832179207,15.304447832179207
B0034,B0034_D0176,65.45721339995362,24C,24C_constant_4A,RF_20x7_deployed,24C,81.6107970263165,16.153583626362888,16.153583626362888
B0034,B0034_D0177,68.15006448085725,24C,24C_constant_4A,RF_20x7_deployed,24C,81.84699715912784,13.696932678270585,13.696932678270585
B0034,B0034_D0178,66.4642850843597,24C,24C_constant_4A,RF_20x7_deployed,24C,81.6107970263165,15.146511941956803,15.146511941956803
B0034,B0034_D0179,64.84542965310928,24C,24C_constant_4A,RF_20x7_deployed,24C,81.46213309043718,16.6167034373279,16.6167034373279
B0034,B0034_D0180,64.93142962470698,24C,24C_constant_4A,RF_20x7_deployed,24C,82.30284478408313,17.371415159376156,17.371415159376156
B0034,B0034_D0181,64.20328805910971,24C,24C_constant_4A,RF_20x7_deployed,24C,82.55050804160916,18.347219982499453,18.347219982499453
B0034,B0034_D0182,65.10507957068181,24C,24C_constant_4A,RF_20x7_deployed,24C,82.18636703131854,17.08128746063673,17.08128746063673
B0034,B0034_D0183,65.44538175865668,24C,24C_constant_4A,RF_20x7_deployed,24C,82.41055788278611,16.965176124129428,16.965176124129428
B0034,B0034_D0184,63.61259848256956,24C,24C_constant_4A,RF_20x7_deployed,24C,81.6107970263165,17.998198543746945,17.998198543746945
B0034,B0034_D0185,63.80057671801656,24C,24C_constant_4A,RF_20x7_deployed,24C,81.6107970263165,17.810220308299947,17.810220308299947
B0034,B0034_D0186,63.02526501551502,24C,24C_constant_4A,RF_20x7_deployed,24C,82.41055788278611,19.38529286727109,19.38529286727109
B0034,B0034_D0187,63.30340625673559,24C,24C_constant_4A,RF_20x7_deployed,24C,81.46213309043718,18.158726833701586,18.158726833701586
B0034,B0034_D0188,63.29145084326405,24C,24C_constant_4A,RF_20x7_deployed,24C,82.6770273855713,19.38557654230724,19.38557654230724
B0034,B0034_D0189,63.27936949103496,24C,24C_constant_4A,RF_20x7_deployed,24C,82.55050804160916,19.2711385505742,19.2711385505742
B0034,B0034_D0190,63.31799161513777,24C,24C_constant_4A,RF_20x7_deployed,24C,82.30284478408313,18.984853168945364,18.984853168945364
B0034,B0034_D0191,64.34239716364452,24C,24C_constant_4A,RF_20x7_deployed,24C,82.30284478408313,17.960447620438615,17.960447620438615
B0034,B0034_D0192,63.50130823066045,24C,24C_constant_4A,RF_20x7_deployed,24C,81.46213309043718,17.96082485977673,17.96082485977673
B0034,B0034_D0193,67.299126646246,24C,24C_constant_4A,RF_20x7_deployed,24C,82.30284478408313,15.00371813783714,15.00371813783714
B0034,B0034_D0194,66.43437657706889,24C,24C_constant_4A,RF_20x7_deployed,24C,82.55050804160916,16.116131464540274,16.116131464540274
B0034,B0034_D0195,65.601535991704,24C,24C_constant_4A,RF_20x7_deployed,24C,81.84699715912784,16.24546116742384,16.24546116742384
B0034,B0034_D0196,64.7562746480599,24C,24C_constant_4A,RF_20x7_deployed,24C,82.32922879597803,17.572954147918125,17.572954147918125
B0034,B0034_D0197,64.01300802981667,24C,24C_constant_4A,RF_20x7_deployed,24C,81.46213309043718,17.449125060620503,17.449125060620503
B0036,B0036_D0002,90.05503783144462,24C,24C_constant_2A,RF_20x7_deployed,24C,75.49886953302068,-14.556168298423941,14.556168298423941
B0036,B0036_D0003,90.22114928010312,24C,24C_constant_2A,RF_20x7_deployed,24C,75.70428086302539,-14.516868417077731,14.516868417077731
B0036,B0036_D0004,90.21944168864144,24C,24C_constant_2A,RF_20x7_deployed,24C,75.70428086302539,-14.51516082561605,14.51516082561605
B0036,B0036_D0005,89.94624435892123,24C,24C_constant_2A,RF_20x7_deployed,24C,77.4113967729474,-12.534847585973836,12.534847585973836
B0036,B0036_D0006,89.6498260836196,24C,24C_constant_2A,RF_20x7_deployed,24C,77.74331875435847,-11.906507329261132,11.906507329261132
B0036,B0036_D0007,89.42753992810945,24C,24C_constant_2A,RF_20x7_deployed,24C,78.0658510277721,-11.361688900337356,11.361688900337356
B0036,B0036_D0008,89.45428465363851,24C,24C_constant_2A,RF_20x7_deployed,24C,77.76361281561648,-11.690671838022027,11.690671838022027
B0036,B0036_D0009,89.46568656416643,24C,24C_constant_2A,RF_20x7_deployed,24C,77.82576406268105,-11.639922501485387,11.639922501485387
B0036,B0036_D0010,89.30379729740434,24C,24C_constant_2A,RF_20x7_deployed,24C,78.1376795202643,-11.166117777140045,11.166117777140045
B0036,B0036_D0011,89.18162124825409,24C,24C_constant_2A,RF_20x7_deployed,24C,77.31138495556364,-11.87023629269045,11.87023629269045
B0036,B0036_D0012,89.1486436903636,24C,24C_constant_2A,RF_20x7_deployed,24C,77.74331875435847,-11.40532493600513,11.40532493600513
B0036,B0036_D0013,89.06887981629833,24C,24C_constant_2A,RF_20x7_deployed,24C,77.72634870205334,-11.342531114244991,11.342531114244991
B0036,B0036_D0014,88.92679772966473,24C,24C_constant_2A,RF_20x7_deployed,24C,77.62049580556256,-11.306301924102172,11.306301924102172
B0036,B0036_D0015,88.795215454717,24C,24C_constant_2A,RF_20x7_deployed,24C,76.55149845180134,-12.243717002915659,12.243717002915659
B0036,B0036_D0016,88.90213324952957,24C,24C_constant_2A,RF_20x7_deployed,24C,77.23385416404656,-11.668279085483007,11.668279085483007
B0036,B0036_D0017,89.15014666795828,24C,24C_constant_2A,RF_20x7_deployed,24C,76.63959505207026,-12.51055161588802,12.51055161588802
B0036,B0036_D0018,89.41500212306937,24C,24C_constant_2A,RF_20x7_deployed,24C,78.42158572334664,-10.993416399722733,10.993416399722733
B0036,B0036_D0019,88.96473562890131,24C,24C_constant_2A,RF_20x7_deployed,24C,77.67812644784651,-11.2866091810548,11.2866091810548
B0036,B0036_D0020,88.54617750225927,24C,24C_constant_2A,RF_20x7_deployed,24C,77.31629947236914,-11.22987802989013,11.22987802989013
B0036,B0036_D0021,88.29525090400551,24C,24C_constant_2A,RF_20x7_deployed,24C,77.93544773466849,-10.359803169337027,10.359803169337027
B0036,B0036_D0022,89.13464620734622,24C,24C_constant_2A,RF_20x7_deployed,24C,74.80278741339058,-14.331858793955647,14.331858793955647
B0036,B0036_D0023,89.82331036460101,24C,24C_constant_2A,RF_20x7_deployed,24C,75.36897343469198,-14.454336929909033,14.454336929909033
B0036,B0036_D0024,89.54541766711449,24C,24C_constant_2A,RF_20x7_deployed,24C,75.84106280874205,-13.70435485837244,13.70435485837244
B0036,B0036_D0025,89.259001404437,24C,24C_constant_2A,RF_20x7_deployed,24C,75.74116237104661,-13.517839033390388,13.517839033390388
B0036,B0036_D0026,89.05671588273262,24C,24C_constant_2A,RF_20x7_deployed,24C,75.84106280874205,-13.215653073990566,13.215653073990566
B0036,B0036_D0027,88.77788894611784,24C,24C_constant_2A,RF_20x7_deployed,24C,75.84106280874205,-12.936826137375789,12.936826137375789
B0036,B0036_D0028,88.84429353080576,24C,24C_constant_2A,RF_20x7_deployed,24C,75.36897343469198,-13.475320096113776,13.475320096113776
B0036,B0036_D0029,88.56541705189107,24C,24C_constant_2A,RF_20x7_deployed,24C,75.70802586458899,-12.857391187302085,12.857391187302085
B0036,B0036_D0030,88.56674420437068,24C,24C_constant_2A,RF_20x7_deployed,24C,75.59666809715405,-12.970076107216627,12.970076107216627
B0036,B0036_D0031,88.30421433202525,24C,24C_constant_2A,RF_20x7_deployed,24C,75.36897343469198,-12.935240897333273,12.935240897333273
B0036,B0036_D0032,87.96396831706164,24C,24C_constant_2A,RF_20x7_deployed,24C,75.44774828439185,-12.516220032669793,12.516220032669793
B0036,B0036_D0033,88.05184406881213,24C,24C_constant_2A,RF_20x7_deployed,24C,74.9570656779837,-13.094778390828424,13.094778390828424
B0036,B0036_D0034,88.01213836828529,24C,24C_constant_2A,RF_20x7_deployed,24C,75.84106280874205,-12.17107555954324,12.17107555954324
B0036,B0036_D0035,87.77949708017198,24C,24C_constant_2A,RF_20x7_deployed,24C,75.89380955972496,-11.885687520447021,11.885687520447021
B0036,B0036_D0036,87.72801088327796,24C,24C_constant_2A,RF_20x7_deployed,24C,75.89380955972496,-11.834201323553003,11.834201323553003
B0036,B0036_D0037,87.49554168047447,24C,24C_constant_2A,RF_20x7_deployed,24C,75.89380955972496,-11.601732120749517,11.601732120749517
B0036,B0036_D0038,88.05112762651879,24C,24C_constant_2A,RF_20x7_deployed,24C,75.84106280874205,-12.21006481777674,12.21006481777674
B0036,B0036_D0039,88.12047287168558,24C,24C_constant_2A,RF_20x7_deployed,24C,76.5512830941035,-11.569189777582082,11.569189777582082
B0036,B0036_D0040,87.68085198560338,24C,24C_constant_2A,RF_20x7_deployed,24C,76.24272817143695,-11.438123814166431,11.438123814166431
B0036,B0036_D0041,87.3102238759584,24C,24C_constant_2A,RF_20x7_deployed,24C,75.40312695331681,-11.907096922641585,11.907096922641585
B0036,B0036_D0042,87.03088086384862,24C,24C_constant_2A,RF_20x7_deployed,24C,75.89380955972496,-11.137071304123666,11.137071304123666
B0036,B0036_D0043,87.5345202212841,24C,24C_constant_2A,RF_20x7_deployed,24C,74.7240125636907,-12.81050765759339,12.81050765759339
B0036,B0036_D0044,88.25560275769575,24C,24C_constant_2A,RF_20x7_deployed,24C,75.94529168379071,-12.31031107390504,12.31031107390504
B0036,B0036_D0045,88.15944133782439,24C,24C_constant_2A,RF_20x7_deployed,24C,76.5512830941035,-11.608158243720894,11.608158243720894
B0036,B0036_D0046,99.2746476448548,24C,24C_constant_2A,RF_20x7_deployed,24C,80.02475965141463,-19.24988799344017,19.24988799344017
B0036,B0036_D0047,88.26778654066621,24C,24C_constant_2A,RF_20x7_deployed,24C,75.70428086302539,-12.56350567764082,12.56350567764082
B0036,B0036_D0048,87.85940191563638,24C,24C_constant_2A,RF_20x7_deployed,24C,75.62550601332552,-12.233895902310863,12.233895902310863
B0036,B0036_D0049,87.86885330922219,24C,24C_constant_2A,RF_20x7_deployed,24C,75.13482340691738,-12.734029902304812,12.734029902304812
B0036,B0036_D0050,88.08688063989906,24C,24C_constant_2A,RF_20x7_deployed,24C,75.89380955972496,-12.193071080174107,12.193071080174107
B0036,B0036_D0051,88.03446273818332,24C,24C_constant_2A,RF_20x7_deployed,24C,75.84106280874205,-12.19339992944127,12.19339992944127
B0036,B0036_D0052,88.03347810784915,24C,24C_constant_2A,RF_20x7_deployed,24C,75.89380955972496,-12.139668548124192,12.139668548124192
B0036,B0036_D0053,87.6481901324576,24C,24C_constant_2A,RF_20x7_deployed,24C,75.22403750018015,-12.424152632277455,12.424152632277455
B0036,B0036_D0054,87.52678540120735,24C,24C_constant_2A,RF_20x7_deployed,24C,75.70428086302539,-11.82250453818196,11.82250453818196
B0036,B0036_D0055,87.50380997668643,24C,24C_constant_2A,RF_20x7_deployed,24C,75.62550601332552,-11.878303963360906,11.878303963360906
B0036,B0036_D0056,87.32978901139192,24C,24C_constant_2A,RF_20x7_deployed,24C,75.70428086302539,-11.625508148366535,11.625508148366535
B0036,B0036_D0057,87.68071433943535,24C,24C_constant_2A,RF_20x7_deployed,24C,75.58048069387567,-12.100233645559683,12.100233645559683
B0036,B0036_D0058,87.53625149601744,24C,24C_constant_2A,RF_20x7_deployed,24C,75.74116237104661,-11.79508912497083,11.79508912497083
B0036,B0036_D0059,87.16526745405055,24C,24C_constant_2A,RF_20x7_deployed,24C,75.01754615931458,-12.147721294735973,12.147721294735973
B0036,B0036_D0060,86.68312526388094,24C,24C_constant_2A,RF_20x7_deployed,24C,75.62550601332552,-11.057619250555419,11.057619250555419
B0036,B0036_D0061,86.59603525769464,24C,24C_constant_2A,RF_20x7_deployed,24C,74.93877130961471,-11.65726394807993,11.65726394807993
B0036,B0036_D0062,87.14302261375731,24C,24C_constant_2A,RF_20x7_deployed,24C,75.01754615931458,-12.125476454442733,12.125476454442733
B0036,B0036_D0063,87.1653485549856,24C,24C_constant_2A,RF_20x7_deployed,24C,75.70802586458899,-11.457322690396609,11.457322690396609
B0036,B0036_D0064,86.9262253136348,24C,24C_constant_2A,RF_20x7_deployed,24C,75.36897343469198,-11.557251878942822,11.557251878942822
B0036,B0036_D0065,86.47811331873486,24C,24C_constant_2A,RF_20x7_deployed,24C,74.75714907014833,-11.720964248586526,11.720964248586526
B0036,B0036_D0066,86.36518382871043,24C,24C_constant_2A,RF_20x7_deployed,24C,75.13482340691738,-11.230360421793051,11.230360421793051
B0036,B0036_D0067,87.24685245535956,24C,24C_constant_2A,RF_20x7_deployed,24C,75.22294426942938,-12.023908185930182,12.023908185930182
B0036,B0036_D0068,88.21216035566846,24C,24C_constant_2A,RF_20x7_deployed,24C,75.70428086302539,-12.50787949264307,12.50787949264307
B0036,B0036_D0069,87.52441016024798,24C,24C_constant_2A,RF_20x7_deployed,24C,75.70428086302539,-11.820129297222593,11.820129297222593
B0036,B0036_D0070,87.21355407739962,24C,24C_constant_2A,RF_20x7_deployed,24C,75.13482340691738,-12.078730670482244,12.078730670482244
B0036,B0036_D0071,86.82706961686975,24C,24C_constant_2A,RF_20x7_deployed,24C,75.01754615931458,-11.809523457555173,11.809523457555173
B0036,B0036_D0072,86.6611546552878,24C,24C_constant_2A,RF_20x7_deployed,24C,75.01754615931458,-11.643608495973226,11.643608495973226
B0036,B0036_D0073,86.930311454381,24C,24C_constant_2A,RF_20x7_deployed,24C,75.01754615931458,-11.912765295066421,11.912765295066421
B0036,B0036_D0074,87.16067476873096,24C,24C_constant_2A,RF_20x7_deployed,24C,75.70428086302539,-11.456393905705568,11.456393905705568
B0036,B0036_D0075,86.66349107416485,24C,24C_constant_2A,RF_20x7_deployed,24C,75.01754615931458,-11.645944914850276,11.645944914850276
B0036,B0036_D0076,86.49453145831636,24C,24C_constant_2A,RF_20x7_deployed,24C,75.01754615931458,-11.476985299001782,11.476985299001782
B0036,B0036_D0077,86.02201674420674,24C,24C_constant_2A,RF_20x7_deployed,24C,74.84485415918581,-11.177162585020923,11.177162585020923
B0036,B0036_D0078,86.22103645064566,24C,24C_constant_2A,RF_20x7_deployed,24C,74.80278741339058,-11.41824903725508,11.41824903725508
B0036,B0036_D0079,86.07436407030583,24C,24C_constant_2A,RF_20x7_deployed,24C,74.7240125636907,-11.350351506615127,11.350351506615127
B0036,B0036_D0080,85.9872438678463,24C,24C_constant_2A,RF_20x7_deployed,24C,74.7240125636907,-11.263231304155596,11.263231304155596
B0036,B0036_D0081,85.82152071072947,24C,24C_constant_2A,RF_20x7_deployed,24C,74.92006466099338,-10.901456049736097,10.901456049736097
B0036,B0036_D0082,85.56014626649811,24C,24C_constant_2A,RF_20x7_deployed,24C,75.01754615931458,-10.542600107183532,10.542600107183532
B0036,B0036_D0083,85.5117161579961,24C,24C_constant_2A,RF_20x7_deployed,24C,74.75714907014833,-10.754567087847775,10.754567087847775
B0036,B0036_D0084,85.65484410755145,24C,24C_constant_2A,RF_20x7_deployed,24C,74.80278741339058,-10.85205669416088,10.85205669416088
B0036,B0036_D0085,85.51854308604068,24C,24C_constant_2A,RF_20x7_deployed,24C,74.7240125636907,-10.794530522349973,10.794530522349973
B0036,B0036_D0086,85.32308648060717,24C,24C_constant_2A,RF_20x7_deployed,24C,74.37951903845442,-10.943567442152755,10.943567442152755
B0036,B0036_D0087,85.14714989555473,24C,24C_constant_2A,RF_20x7_deployed,24C,74.7240125636907,-10.423137331864027,10.423137331864027
B0036,B0036_D0088,85.36306321920031,24C,24C_constant_2A,RF_20x7_deployed,24C,74.7240125636907,-10.639050655509607,10.639050655509607
B0036,B0036_D0089,85.19318598383039,24C,24C_constant_2A,RF_20x7_deployed,24C,74.80278741339058,-10.390398570439814,10.390398570439814
B0036,B0036_D0090,85.39808974211137,24C,24C_constant_2A,RF_20x7_deployed,24C,74.80278741339058,-10.595302328720791,10.595302328720791
B0036,B0036_D0091,85.56511416813895,24C,24C_constant_2A,RF_20x7_deployed,24C,74.84485415918581,-10.720260008953133,10.720260008953133
B0036,B0036_D0092,85.7061028736122,24C,24C_constant_2A,RF_20x7_deployed,24C,75.21359825661725,-10.49250461699495,10.49250461699495
B0036,B0036_D0093,85.26662462850803,24C,24C_constant_2A,RF_20x7_deployed,24C,74.80278741339058,-10.46383721511745,10.46383721511745
B0036,B0036_D0094,84.67304736265704,24C,24C_constant_2A,RF_20x7_deployed,24C,74.61362371903043,-10.059423643626616,10.059423643626616
B0036,B0036_D0095,84.52622063615112,24C,24C_constant_2A,RF_20x7_deployed,24C,74.37634540325895,-10.149875232892171,10.149875232892171
B0036,B0036_D0096,85.03887429249151,24C,24C_constant_2A,RF_20x7_deployed,24C,74.7240125636907,-10.314861728800807,10.314861728800807
B0036,B0036_D0097,84.85552233972288,24C,24C_constant_2A,RF_20x7_deployed,24C,74.80278741339058,-10.052734926332306,10.052734926332306
B0036,B0036_D0098,84.98962261475917,24C,24C_constant_2A,RF_20x7_deployed,24C,74.7240125636907,-10.265610051068464,10.265610051068464
B0036,B0036_D0099,84.56352386977059,24C,24C_constant_2A,RF_20x7_deployed,24C,74.7240125636907,-9.839511306079885,9.839511306079885
B0036,B0036_D0100,84.28563504734932,24C,24C_constant_2A,RF_20x7_deployed,24C,75.90037177782986,-8.385263269519456,8.385263269519456
B0036,B0036_D0101,84.16046885643078,24C,24C_constant_2A,RF_20x7_deployed,24C,75.66626709725386,-8.494201759176917,8.494201759176917
B0036,B0036_D0102,84.64431820847605,24C,24C_constant_2A,RF_20x7_deployed,24C,74.80278741339058,-9.841530795085475,9.841530795085475
B0036,B0036_D0103,84.92334087072317,24C,24C_constant_2A,RF_20x7_deployed,24C,74.7240125636907,-10.19932830703246,10.19932830703246
B0036,B0036_D0104,84.67906706914215,24C,24C_constant_2A,RF_20x7_deployed,24C,74.7792905168486,-9.899776552293545,9.899776552293545
B0036,B0036_D0105,84.15475626890641,24C,24C_constant_2A,RF_20x7_deployed,24C,75.2429987223177,-8.911757546588717,8.911757546588717
B0036,B0036_D0106,84.25231113471493,24C,24C_constant_2A,RF_20x7_deployed,24C,75.17611021828424,-9.076200916430693,9.076200916430693
B0036,B0036_D0107,84.01549420008799,24C,24C_constant_2A,RF_20x7_deployed,24C,74.37951903845442,-9.635975161633567,9.635975161633567
B0036,B0036_D0108,84.72019218613858,24C,24C_constant_2A,RF_20x7_deployed,24C,74.7792905168486,-9.940901669289971,9.940901669289971
B0036,B0036_D0109,84.77843063590052,24C,24C_constant_2A,RF_20x7_deployed,24C,74.80278741339058,-9.975643222509945,9.975643222509945
B0036,B0036_D0110,84.20927364175202,24C,24C_constant_2A,RF_20x7_deployed,24C,74.88910433027294,-9.320169311479077,9.320169311479077
B0036,B0036_D0111,83.61090072435059,24C,24C_constant_2A,RF_20x7_deployed,24C,74.62011161872258,-8.99078910562801,8.99078910562801
B0036,B0036_D0112,83.37988482873591,24C,24C_constant_2A,RF_20x7_deployed,24C,74.70873433325589,-8.67115049548002,8.67115049548002
B0036,B0036_D0113,83.90936893519509,24C,24C_constant_2A,RF_20x7_deployed,24C,74.5413367690227,-9.368032166172384,9.368032166172384
B0036,B0036_D0115,84.56701574466102,24C,24C_constant_2A,RF_20x7_deployed,24C,74.9490069277858,-9.618008816875218,9.618008816875218
B0036,B0036_D0116,84.01393548306642,24C,24C_constant_2A,RF_20x7_deployed,24C,74.80278741339058,-9.211148069675843,9.211148069675843
B0036,B0036_D0117,83.6573650511513,24C,24C_constant_2A,RF_20x7_deployed,24C,74.80278741339058,-8.854577637760727,8.854577637760727
B0036,B0036_D0118,83.52146045016214,24C,24C_constant_2A,RF_20x7_deployed,24C,74.80278741339058,-8.718673036771563,8.718673036771563
B0036,B0036_D0119,83.29951675057995,24C,24C_constant_2A,RF_20x7_deployed,24C,74.80278741339058,-8.496729337189379,8.496729337189379
B0036,B0036_D0120,83.21207876362236,24C,24C_constant_2A,RF_20x7_deployed,24C,75.5320060394783,-7.680072724144054,7.680072724144054
B0036,B0036_D0121,83.34225383887483,24C,24C_constant_2A,RF_20x7_deployed,24C,74.43823943526596,-8.904014403608869,8.904014403608869
B0036,B0036_D0122,82.97250780333768,24C,24C_constant_2A,RF_20x7_deployed,24C,74.32688166783103,-8.645626135506646,8.645626135506646
B0036,B0036_D0123,83.12062615336595,24C,24C_constant_2A,RF_20x7_deployed,24C,74.97250382432777,-8.148122329038173,8.148122329038173
B0036,B0036_D0124,83.0176304161285,24C,24C_constant_2A,RF_20x7_deployed,24C,75.2429987223177,-7.774631693810804,7.774631693810804
B0036,B0036_D0125,83.05115689816618,24C,24C_constant_2A,RF_20x7_deployed,24C,74.70873433325589,-8.342422564910294,8.342422564910294
B0036,B0036_D0126,82.87593778660806,24C,24C_constant_2A,RF_20x7_deployed,24C,74.80278741339058,-8.073150373217487,8.073150373217487
B0036,B0036_D0127,82.53938979837274,24C,24C_constant_2A,RF_20x7_deployed,24C,74.62011161872258,-7.9192781796501635,7.9192781796501635
B0036,B0036_D0128,82.6628503105507,24C,24C_constant_2A,RF_20x7_deployed,24C,74.70873433325589,-7.954115977294805,7.954115977294805
B0036,B0036_D0129,82.47107423386343,24C,24C_constant_2A,RF_20x7_deployed,24C,74.62011161872258,-7.850962615140858,7.850962615140858
B0036,B0036_D0130,83.39295957833353,24C,24C_constant_2A,RF_20x7_deployed,24C,74.80278741339058,-8.590172164942956,8.590172164942956
B0036,B0036_D0131,83.54313821624835,24C,24C_constant_2A,RF_20x7_deployed,24C,74.7240125636907,-8.819125652557645,8.819125652557645
B0036,B0036_D0132,83.29059082026684,24C,24C_constant_2A,RF_20x7_deployed,24C,74.80278741339058,-8.487803406876267,8.487803406876267
B0036,B0036_D0133,82.664992588085,24C,24C_constant_2A,RF_20x7_deployed,24C,74.43823943526596,-8.226753152819043,8.226753152819043
B0036,B0036_D0134,82.3439351176426,24C,24C_constant_2A,RF_20x7_deployed,24C,74.62011161872258,-7.7238234989200265,7.7238234989200265
B0036,B0036_D0135,83.59476624851878,24C,24C_constant_2A,RF_20x7_deployed,24C,74.5481928691477,-9.046573379371083,9.046573379371083
B0036,B0036_D0136,84.03871731792863,24C,24C_constant_2A,RF_20x7_deployed,24C,74.7240125636907,-9.314704754237923,9.314704754237923
B0036,B0036_D0137,83.68858543351537,24C,24C_constant_2A,RF_20x7_deployed,24C,74.7792905168486,-8.909294916666767,8.909294916666767
B0036,B0036_D0138,83.02886881243697,24C,24C_constant_2A,RF_20x7_deployed,24C,74.04247272097064,-8.986396091466332,8.986396091466332
B0036,B0036_D0139,82.7993890573043,24C,24C_constant_2A,RF_20x7_deployed,24C,75.21309640459593,-7.586292652708366,7.586292652708366
B0036,B0036_D0140,82.3431159194922,24C,24C_constant_2A,RF_20x7_deployed,24C,75.74736079365775,-6.595755125834458,6.595755125834458
B0036,B0036_D0141,82.87310587716425,24C,24C_constant_2A,RF_20x7_deployed,24C,74.97250382432777,-7.900602052836476,7.900602052836476
B0036,B0036_D0142,83.01995587608447,24C,24C_constant_2A,RF_20x7_deployed,24C,74.97250382432777,-8.047452051756693,8.047452051756693
B0036,B0036_D0143,82.30394546418556,24C,24C_constant_2A,RF_20x7_deployed,24C,74.97250382432777,-7.331441639857786,7.331441639857786
B0036,B0036_D0144,82.04183231329664,24C,24C_constant_2A,RF_20x7_deployed,24C,74.62011161872258,-7.421720694574063,7.421720694574063
B0036,B0036_D0145,81.722044601408,24C,24C_constant_2A,RF_20x7_deployed,24C,74.5413367690227,-7.180707832385295,7.180707832385295
B0036,B0036_D0146,81.87019593252106,24C,24C_constant_2A,RF_20x7_deployed,24C,75.21309640459593,-6.657099527925126,6.657099527925126
B0036,B0036_D0147,82.369103770262,24C,24C_constant_2A,RF_20x7_deployed,24C,74.43823943526596,-7.930864334996045,7.930864334996045
B0036,B0036_D0148,82.72823220811179,24C,24C_constant_2A,RF_20x7_deployed,24C,74.7240125636907,-8.004219644421084,8.004219644421084
B0036,B0036_D0149,82.04482803649675,24C,24C_constant_2A,RF_20x7_deployed,24C,75.48628524602734,-6.558542790469417,6.558542790469417
B0036,B0036_D0150,81.32614989669818,24C,24C_constant_2A,RF_20x7_deployed,24C,74.62011161872258,-6.706038277975608,6.706038277975608
B0036,B0036_D0151,81.08674572315228,24C,24C_constant_2A,RF_20x7_deployed,24C,74.41447752156205,-6.672268201590228,6.672268201590228
B0036,B0036_D0152,81.24100029819773,24C,24C_constant_2A,RF_20x7_deployed,24C,74.5413367690227,-6.699663529175027,6.699663529175027
B0036,B0036_D0153,80.9400598680685,24C,24C_constant_2A,RF_20x7_deployed,24C,74.62995948355602,-6.310100384512481,6.310100384512481
B0036,B0036_D0154,80.68675245167108,24C,24C_constant_2A,RF_20x7_deployed,24C,74.62995948355602,-6.056792968115062,6.056792968115062
B0036,B0036_D0155,80.60064118270705,24C,24C_constant_2A,RF_20x7_deployed,24C,74.62011161872258,-5.980529563984476,5.980529563984476
B0036,B0036_D0156,83.35516278443589,24C,24C_constant_2A,RF_20x7_deployed,24C,75.2018696730999,-8.153293111335984,8.153293111335984
B0036,B0036_D0157,84.25066691943127,24C,24C_constant_2A,RF_20x7_deployed,24C,74.80278741339058,-9.447879506040692,9.447879506040692
B0036,B0036_D0158,83.93327493807348,24C,24C_constant_2A,RF_20x7_deployed,24C,74.80278741339058,-9.130487524682906,9.130487524682906
B0036,B0036_D0159,83.64881751095686,24C,24C_constant_2A,RF_20x7_deployed,24C,74.8937289746279,-8.755088536328955,8.755088536328955
B0036,B0036_D0160,83.3244517149827,24C,24C_constant_2A,RF_20x7_deployed,24C,75.2806511488668,-8.043800566115905,8.043800566115905
B0036,B0036_D0161,83.49210420355455,24C,24C_constant_2A,RF_20x7_deployed,24C,74.97250382432777,-8.519600379226773,8.519600379226773
B0036,B0036_D0162,83.73372114013517,24C,24C_constant_2A,RF_20x7_deployed,24C,74.97250382432777,-8.7612173158074,8.7612173158074
B0036,B0036_D0163,83.32522667572822,24C,24C_constant_2A,RF_20x7_deployed,24C,74.7240125636907,-8.60121411203751,8.60121411203751
B0036,B0036_D0164,82.61110424173636,24C,24C_constant_2A,RF_20x7_deployed,24C,75.16745806135368,-7.443646180382672,7.443646180382672
B0036,B0036_D0165,82.31359137549762,24C,24C_constant_2A,RF_20x7_deployed,24C,75.21309640459593,-7.100494970901693,7.100494970901693
B0036,B0036_D0166,82.11996173462605,24C,24C_constant_2A,RF_20x7_deployed,24C,75.49613311086077,-6.623828623765277,6.623828623765277
B0036,B0036_D0167,82.5589303549996,24C,24C_constant_2A,RF_20x7_deployed,24C,75.57490796056064,-6.984022394438966,6.984022394438966
B0036,B0036_D0168,82.40841560140966,24C,24C_constant_2A,RF_20x7_deployed,24C,75.71731517296693,-6.691100428442724,6.691100428442724
B0036,B0036_D0169,82.39443862714198,24C,24C_constant_2A,RF_20x7_deployed,24C,75.84490605178316,-6.549532575358825,6.549532575358825
B0036,B0036_D0170,81.7921825457841,24C,24C_constant_2A,RF_20x7_deployed,24C,77.3329983440528,-4.459184201731304,4.459184201731304
B0036,B0036_D0171,81.66181405972758,24C,24C_constant_2A,RF_20x7_deployed,24C,75.9933075233622,-5.668506536365371,5.668506536365371
B0036,B0036_D0172,81.49632338414935,24C,24C_constant_2A,RF_20x7_deployed,24C,76.40354980243885,-5.092773581710503,5.092773581710503
B0036,B0036_D0173,81.93931314643612,24C,24C_constant_2A,RF_20x7_deployed,24C,75.07281944389433,-6.8664937025417885,6.8664937025417885
B0036,B0036_D0174,81.79827431920386,24C,24C_constant_2A,RF_20x7_deployed,24C,75.8834463621186,-5.914827957085251,5.914827957085251
B0036,B0036_D0175,81.55685219837831,24C,24C_constant_2A,RF_20x7_deployed,24C,74.88459698807394,-6.672255210304371,6.672255210304371
B0036,B0036_D0176,81.10094860444232,24C,24C_constant_2A,RF_20x7_deployed,24C,76.84231573764465,-4.258632866797669,4.258632866797669
B0036,B0036_D0177,82.08022489211078,24C,24C_constant_2A,RF_20x7_deployed,24C,74.77530783854193,-7.304917053568843,7.304917053568843
B0036,B0036_D0178,81.26545115728902,24C,24C_constant_2A,RF_20x7_deployed,24C,76.57524188830436,-4.69020926898466,4.69020926898466
B0036,B0036_D0179,80.98067261119742,24C,24C_constant_2A,RF_20x7_deployed,24C,76.65982209932545,-4.320850511871967,4.320850511871967
B0036,B0036_D0180,80.62118087387185,24C,24C_constant_2A,RF_20x7_deployed,24C,76.56276497947022,-4.058415894401634,4.058415894401634
B0036,B0036_D0181,80.38850514956697,24C,24C_constant_2A,RF_20x7_deployed,24C,76.32477495273898,-4.06373019682799,4.06373019682799
B0036,B0036_D0182,80.44038765990791,24C,24C_constant_2A,RF_20x7_deployed,24C,76.20749770513618,-4.232889954771736,4.232889954771736
B0036,B0036_D0183,80.41778129367134,24C,24C_constant_2A,RF_20x7_deployed,24C,76.45915743641375,-3.9586238572575922,3.9586238572575922
B0036,B0036_D0184,80.3410125950577,24C,24C_constant_2A,RF_20x7_deployed,24C,76.34174338944288,-3.999269205614823,3.999269205614823
B0036,B0036_D0185,80.08854886033565,24C,24C_constant_2A,RF_20x7_deployed,24C,76.45517824584257,-3.6333706144930744,3.6333706144930744
B0036,B0036_D0186,79.7455867346104,24C,24C_constant_2A,RF_20x7_deployed,24C,76.3612610954137,-3.384325639196703,3.384325639196703
B0036,B0036_D0187,79.69069562693686,24C,24C_constant_2A,RF_20x7_deployed,24C,76.65520953371643,-3.0354860932204275,3.0354860932204275
B0036,B0036_D0188,79.60136564752298,24C,24C_constant_2A,RF_20x7_deployed,24C,76.45517824584257,-3.1461874016804074,3.1461874016804074
B0036,B0036_D0189,79.23680774889375,24C,24C_constant_2A,RF_20x7_deployed,24C,76.45517824584257,-2.781629503051178,2.781629503051178
B0036,B0036_D0190,78.817146819684,24C,24C_constant_2A,RF_20x7_deployed,24C,76.25912614853992,-2.558020671144078,2.558020671144078
B0036,B0036_D0191,78.60114587321144,24C,24C_constant_2A,RF_20x7_deployed,24C,76.19455569946913,-2.406590173742302,2.406590173742302
B0036,B0036_D0192,78.64937142756176,24C,24C_constant_2A,RF_20x7_deployed,24C,76.74393205012174,-1.9054393774400182,1.9054393774400182
B0036,B0036_D0193,79.84927001945094,24C,24C_constant_2A,RF_20x7_deployed,24C,75.68339466579734,-4.165875353653604,4.165875353653604
B0036,B0036_D0194,79.7863011851928,24C,24C_constant_2A,RF_20x7_deployed,24C,76.84231573764465,-2.943985447548144,2.943985447548144
B0036,B0036_D0195,78.97501691702796,24C,24C_constant_2A,RF_20x7_deployed,24C,76.44334798926647,-2.531668927761487,2.531668927761487
B0036,B0036_D0196,78.14734938760093,24C,24C_constant_2A,RF_20x7_deployed,24C,75.89207990677164,-2.255269480829284,2.255269480829284
B0036,B0036_D0197,77.95564715770588,24C,24C_constant_2A,RF_20x7_deployed,24C,76.25912614853992,-1.6965210091659628,1.6965210091659628
B0005,B0005_D0001,92.82437104090783,24C,classic_roomtemp_2A,RF_full_150,24C,82.98263405499902,-9.84173698590881,9.84173698590881
B0005,B0005_D0002,92.31636248599636,24C,classic_roomtemp_2A,RF_full_150,24C,83.00574376132938,-9.31061872466698,9.31061872466698
B0005,B0005_D0003,91.7674597111704,24C,classic_roomtemp_2A,RF_full_150,24C,83.11797524079849,-8.649484470371917,8.649484470371917
B0005,B0005_D0004,91.76312637910564,24C,classic_roomtemp_2A,RF_full_150,24C,82.93594206944798,-8.827184309657667,8.827184309657667
B0005,B0005_D0005,91.73227541060209,24C,classic_roomtemp_2A,RF_full_150,24C,82.79681326169835,-8.935462148903738,8.935462148903738
B0005,B0005_D0006,91.78308300337748,24C,classic_roomtemp_2A,RF_full_150,24C,82.64038175814402,-9.142701245233468,9.142701245233468
B0005,B0005_D0007,91.75730714613302,24C,classic_roomtemp_2A,RF_full_150,24C,82.84181855703483,-8.915488589098189,8.915488589098189
B0005,B0005_D0008,91.28783952832768,24C,classic_roomtemp_2A,RF_full_150,24C,82.68202405046206,-8.605815477865619,8.605815477865619
B0005,B0005_D0009,91.23869264945668,24C,classic_roomtemp_2A,RF_full_150,24C,82.74729693616862,-8.491395713288057,8.491395713288057
B0005,B0005_D0010,91.2306634248468,24C,classic_roomtemp_2A,RF_full_150,24C,82.92155894141148,-8.30910448343532,8.30910448343532
B0005,B0005_D0011,91.23097763432251,24C,classic_roomtemp_2A,RF_full_150,24C,82.8078854786953,-8.423092155627216,8.423092155627216
B0005,B0005_D0012,90.7100967883696,24C,classic_roomtemp_2A,RF_full_150,24C,82.67865373461588,-8.03144305375372,8.03144305375372
B0005,B0005_D0013,90.68760788774524,24C,classic_roomtemp_2A,RF_full_150,24C,82.80771772231158,-7.879890165433665,7.879890165433665
B0005,B0005_D0014,90.67202457367912,24C,classic_roomtemp_2A,RF_full_150,24C,82.92917857377533,-7.742845999903793,7.742845999903793
B0005,B0005_D0015,90.12990018153252,24C,classic_roomtemp_2A,RF_full_150,24C,82.75797475367833,-7.371925427854194,7.371925427854194
B0005,B0005_D0016,90.10534501230752,24C,classic_roomtemp_2A,RF_full_150,24C,82.90515520175136,-7.200189810556168,7.200189810556168
B0005,B0005_D0017,90.12897504131044,24C,classic_roomtemp_2A,RF_full_150,24C,83.18800290489881,-6.940972136411631,6.940972136411631
B0005,B0005_D0018,90.15341571417048,24C,classic_roomtemp_2A,RF_full_150,24C,82.84014112663485,-7.313274587535631,7.313274587535631
B0005,B0005_D0019,90.1388812359802,24C,classic_roomtemp_2A,RF_full_150,24C,82.92662287599974,-7.212258359980453,7.212258359980453
B0005,B0005_D0020,92.35129974664598,24C,classic_roomtemp_2A,RF_full_150,24C,83.14756382820869,-9.203735918437289,9.203735918437289
B0005,B0005_D0021,92.3708655641822,24C,classic_roomtemp_2A,RF_full_150,24C,82.6772837354815,-9.693581828700701,9.693581828700701
B0005,B0005_D0022,91.80887106739472,24C,classic_roomtemp_2A,RF_full_150,24C,82.70121233572448,-9.107658731670242,9.107658731670242
B0005,B0005_D0023,91.2890373788812,24C,classic_roomtemp_2A,RF_full_150,24C,82.72857623211081,-8.560461146770393,8.560461146770393
B0005,B0005_D0024,91.25568217539184,24C,classic_roomtemp_2A,RF_full_150,24C,83.0291232533697,-8.226558922022136,8.226558922022136
B0005,B0005_D0025,91.2790752110188,24C,classic_roomtemp_2A,RF_full_150,24C,82.93561025654897,-8.343464954469837,8.343464954469837
B0005,B0005_D0026,90.70155637541954,24C,classic_roomtemp_2A,RF_full_150,24C,82.96281816676938,-7.738738208650162,7.738738208650162
B0005,B0005_D0027,90.73845970579468,24C,classic_roomtemp_2A,RF_full_150,24C,82.68224013409682,-8.056219571697866,8.056219571697866
B0005,B0005_D0028,90.6984694355176,24C,classic_roomtemp_2A,RF_full_150,24C,83.15703012497693,-7.541439310540667,7.541439310540667
B0005,B0005_D0029,90.13828325839116,24C,classic_roomtemp_2A,RF_full_150,24C,83.02509611064964,-7.113187147741513,7.113187147741513
B0005,B0005_D0030,90.2038520058676,24C,classic_roomtemp_2A,RF_full_150,24C,82.7543265944262,-7.4495254114414,7.4495254114414
B0005,B0005_D0031,92.59012758352245,24C,classic_roomtemp_2A,RF_full_150,24C,83.21876772381431,-9.371359859708136,9.371359859708136
B0005,B0005_D0032,91.53519228369714,24C,classic_roomtemp_2A,RF_full_150,24C,82.82433399885473,-8.710858284842416,8.710858284842416
B0005,B0005_D0033,90.99520544750636,24C,classic_roomtemp_2A,RF_full_150,24C,82.81953789349696,-8.175667554009408,8.175667554009408
B0005,B0005_D0034,90.4653981851426,24C,classic_roomtemp_2A,RF_full_150,24C,83.15714970001979,-7.308248485122817,7.308248485122817
B0005,B0005_D0035,90.230495229026,24C,classic_roomtemp_2A,RF_full_150,24C,82.8225816941462,-7.40791353487981,7.40791353487981
B0005,B0005_D0036,89.96885325986096,24C,classic_roomtemp_2A,RF_full_150,24C,82.98726716156472,-6.981586098296248,6.981586098296248
B0005,B0005_D0037,89.42216167685231,24C,classic_roomtemp_2A,RF_full_150,24C,82.43833076879162,-6.983830908060696,6.983830908060696
B0005,B0005_D0038,89.14615242126362,24C,classic_roomtemp_2A,RF_full_150,24C,83.26848383858966,-5.877668582673962,5.877668582673962
B0005,B0005_D0039,88.65168579009143,24C,classic_roomtemp_2A,RF_full_150,24C,83.14897117543694,-5.502714614654494,5.502714614654494
B0005,B0005_D0040,88.65188775394685,24C,classic_roomtemp_2A,RF_full_150,24C,82.78711303683953,-5.8647747171073235,5.8647747171073235
B0005,B0005_D0041,88.39360553331026,24C,classic_roomtemp_2A,RF_full_150,24C,82.91452957328164,-5.479075960028624,5.479075960028624
B0005,B0005_D0042,88.11575352046545,24C,classic_roomtemp_2A,RF_full_150,24C,82.72343870267564,-5.39231481778981,5.39231481778981
B0005,B0005_D0043,88.38086462469224,24C,classic_roomtemp_2A,RF_full_150,24C,82.98091114175195,-5.39995348294029,5.39995348294029
B0005,B0005_D0044,88.13341798715734,24C,classic_roomtemp_2A,RF_full_150,24C,82.6895365782242,-5.443881408933137,5.443881408933137
B0005,B0005_D0045,87.58652435332071,24C,classic_roomtemp_2A,RF_full_150,24C,82.30531758053426,-5.281206772786447,5.281206772786447
B0005,B0005_D0046,87.09248023980004,24C,classic_roomtemp_2A,RF_full_150,24C,83.04232744467373,-4.0501527951263085,4.0501527951263085
B0005,B0005_D0047,86.8045675592357,24C,classic_roomtemp_2A,RF_full_150,24C,82.48226801922117,-4.3222995400145265,4.3222995400145265
B0005,B0005_D0048,89.68120074286804,24C,classic_roomtemp_2A,RF_full_150,24C,82.43928752943184,-7.241913213436206,7.241913213436206
B0005,B0005_D0049,89.15945111636638,24C,classic_roomtemp_2A,RF_full_150,24C,82.98519954777815,-6.174251568588232,6.174251568588232
B0005,B0005_D0050,88.36821038139479,24C,classic_roomtemp_2A,RF_full_150,24C,83.17189985654925,-5.1963105248455435,5.1963105248455435
B0005,B0005_D0051,87.85088925176532,24C,classic_roomtemp_2A,RF_full_150,24C,83.04541827945924,-4.8054709723060824,4.8054709723060824
B0005,B0005_D0052,87.34353089918953,24C,classic_roomtemp_2A,RF_full_150,24C,82.927075840254,-4.416455058935526,4.416455058935526
B0005,B0005_D0053,87.08586253728572,24C,classic_roomtemp_2A,RF_full_150,24C,83.12234728158107,-3.9635152557046496,3.9635152557046496
B0005,B0005_D0054,86.82112528239094,24C,classic_roomtemp_2A,RF_full_150,24C,83.00411452809435,-3.8170107542965894,3.8170107542965894
B0005,B0005_D0055,86.31608619617913,24C,classic_roomtemp_2A,RF_full_150,24C,83.06232953939684,-3.2537566567822864,3.2537566567822864
B0005,B0005_D0056,85.79032694665067,24C,classic_roomtemp_2A,RF_full_150,24C,82.91007985786564,-2.880247088785026,2.880247088785026
B0005,B0005_D0057,85.52666755675959,24C,classic_roomtemp_2A,RF_full_150,24C,82.68053296679098,-2.8461345899686137,2.8461345899686137
B0005,B0005_D0058,85.30072498242605,24C,classic_roomtemp_2A,RF_full_150,24C,83.13481180528143,-2.165913177144617,2.165913177144617
B0005,B0005_D0059,85.01555136321294,24C,classic_roomtemp_2A,RF_full_150,24C,82.84666340414924,-2.168887959063696,2.168887959063696
B0005,B0005_D0060,84.72899300898948,24C,classic_roomtemp_2A,RF_full_150,24C,82.83373345597565,-1.8952595530138296,1.8952595530138296
B0005,B0005_D0061,84.24514543304643,24C,classic_roomtemp_2A,RF_full_150,24C,82.73564946825165,-1.5094959647947803,1.5094959647947803
B0005,B0005_D0062,83.72370795579857,24C,classic_roomtemp_2A,RF_full_150,24C,83.22572264223892,-0.4979853135596528,0.4979853135596528
B0005,B0005_D0063,83.72846239939551,24C,classic_roomtemp_2A,RF_full_150,24C,82.78725942178998,-0.9412029776055277,0.9412029776055277
B0005,B0005_D0064,83.18581879907026,24C,classic_roomtemp_2A,RF_full_150,24C,82.86058921593853,-0.3252295831317298,0.3252295831317298
B0005,B0005_D0065,82.9506934374123,24C,classic_roomtemp_2A,RF_full_150,24C,83.04135965617971,0.0906662187674101,0.0906662187674101
B0005,B0005_D0066,82.69270286667508,24C,classic_roomtemp_2A,RF_full_150,24C,82.99781865551688,0.30511578884180324,0.30511578884180324
B0005,B0005_D0067,82.13268910650655,24C,classic_roomtemp_2A,RF_full_150,24C,83.09071372194663,0.9580246154400811,0.9580246154400811
B0005,B0005_D0068,81.89289215111849,24C,classic_roomtemp_2A,RF_full_150,24C,83.16792783273597,1.2750356816174815,1.2750356816174815
B0005,B0005_D0069,81.63675203549555,24C,classic_roomtemp_2A,RF_full_150,24C,82.93016446878825,1.2934124332927013,1.2934124332927013
B0005,B0005_D0070,81.38764457766808,24C,classic_roomtemp_2A,RF_full_150,24C,82.97418521823307,1.5865406405649907,1.5865406405649907
B0005,B0005_D0071,81.10627427605796,24C,classic_roomtemp_2A,RF_full_150,24C,83.15130328318632,2.045029007128363,2.045029007128363
B0005,B0005_D0072,80.56628301882924,24C,classic_roomtemp_2A,RF_full_150,24C,83.16875864428707,2.602475625457828,2.602475625457828
B0005,B0005_D0073,80.32815698744193,24C,classic_roomtemp_2A,RF_full_150,24C,82.65656216058899,2.328405173147061,2.328405173147061
B0005,B0005_D0074,80.07571116958798,24C,classic_roomtemp_2A,RF_full_150,24C,82.95816595855116,2.8824547889631873,2.8824547889631873
B0005,B0005_D0075,79.5184615700164,24C,classic_roomtemp_2A,RF_full_150,24C,82.9726851760791,3.4542236060626976,3.4542236060626976
B0005,B0005_D0076,79.28944984121105,24C,classic_roomtemp_2A,RF_full_150,24C,83.37132947244284,4.081879631231786,4.081879631231786
B0005,B0005_D0077,79.24715353687058,24C,classic_roomtemp_2A,RF_full_150,24C,82.85328517730382,3.606131640433233,3.606131640433233
B0005,B0005_D0078,79.77631946247968,24C,classic_roomtemp_2A,RF_full_150,24C,83.4048400500367,3.62852058755702,3.62852058755702
B0005,B0005_D0079,78.73650873900519,24C,classic_roomtemp_2A,RF_full_150,24C,82.95303911301454,4.216530374009352,4.216530374009352
B0005,B0005_D0080,78.24509975468973,24C,classic_roomtemp_2A,RF_full_150,24C,83.20047410411983,4.955374349430102,4.955374349430102
B0005,B0005_D0081,77.98829736685181,24C,classic_roomtemp_2A,RF_full_150,24C,82.94450008753722,4.956202720685411,4.956202720685411
B0005,B0005_D0082,77.97407834092117,24C,classic_roomtemp_2A,RF_full_150,24C,83.24813539575972,5.274057054838551,5.274057054838551
B0005,B0005_D0083,77.7344676795305,24C,classic_roomtemp_2A,RF_full_150,24C,83.03123843135091,5.296770751820418,5.296770751820418
B0005,B0005_D0084,77.44370539945209,24C,classic_roomtemp_2A,RF_full_150,24C,83.26703690474082,5.823331505288735,5.823331505288735
B0005,B0005_D0085,76.9118299471279,24C,classic_roomtemp_2A,RF_full_150,24C,83.03458884033637,6.12275889320847,6.12275889320847
B0005,B0005_D0086,76.39571291255139,24C,classic_roomtemp_2A,RF_full_150,24C,82.89187065059045,6.496157738039059,6.496157738039059
B0005,B0005_D0087,76.42626314878223,24C,classic_roomtemp_2A,RF_full_150,24C,83.1112206586304,6.684957509848175,6.684957509848175
B0005,B0005_D0088,76.1323662642189,24C,classic_roomtemp_2A,RF_full_150,24C,82.72472622924614,6.592359965027242,6.592359965027242
B0005,B0005_D0089,75.87429969244934,24C,classic_roomtemp_2A,RF_full_150,24C,82.8565814090867,6.98228171663736,6.98228171663736
B0005,B0005_D0090,80.29094495653295,24C,classic_roomtemp_2A,RF_full_150,24C,83.25284032777036,2.9618953712374037,2.9618953712374037
B0005,B0005_D0091,78.19245723372212,24C,classic_roomtemp_2A,RF_full_150,24C,83.17620053103549,4.983743297313367,4.983743297313367
B0005,B0005_D0092,77.40457623883893,24C,classic_roomtemp_2A,RF_full_150,24C,82.98822322153843,5.583646982699506,5.583646982699506
B0005,B0005_D0093,76.61877815934297,24C,classic_roomtemp_2A,RF_full_150,24C,82.90270664623779,6.283928486894823,6.283928486894823
B0005,B0005_D0094,76.34764134244853,24C,classic_roomtemp_2A,RF_full_150,24C,83.0414521780218,6.693810835573274,6.693810835573274
B0005,B0005_D0095,75.84786508568163,24C,classic_roomtemp_2A,RF_full_150,24C,83.16508136542495,7.31721627974332,7.31721627974332
B0005,B0005_D0096,75.59487980071346,24C,classic_roomtemp_2A,RF_full_150,24C,83.01139619897437,7.41651639826091,7.41651639826091
B0005,B0005_D0097,75.32819480340552,24C,classic_roomtemp_2A,RF_full_150,24C,82.97884647764468,7.650651674239157,7.650651674239157
B0005,B0005_D0098,75.07726763335681,24C,classic_roomtemp_2A,RF_full_150,24C,83.2541599866528,8.176892353295983,8.176892353295983
B0005,B0005_D0099,74.54222025200119,24C,classic_roomtemp_2A,RF_full_150,24C,82.71903953978317,8.176819287781981,8.176819287781981
B0005,B0005_D0100,74.29341922806006,24C,classic_roomtemp_2A,RF_full_150,24C,82.68856936011336,8.395150132053303,8.395150132053303
B0005,B0005_D0101,74.02068389880529,24C,classic_roomtemp_2A,RF_full_150,24C,82.59722087507515,8.576536976269864,8.576536976269864
B0005,B0005_D0102,73.76047934515816,24C,classic_roomtemp_2A,RF_full_150,24C,83.04110689886072,9.280627553702558,9.280627553702558
B0005,B0005_D0103,74.29517994152012,24C,classic_roomtemp_2A,RF_full_150,24C,82.83220532469828,8.537025383178161,8.537025383178161
B0005,B0005_D0104,74.80459149068348,24C,classic_roomtemp_2A,RF_full_150,24C,82.49799900638894,7.693407515705459,7.693407515705459
B0005,B0005_D0105,74.04002973464492,24C,classic_roomtemp_2A,RF_full_150,24C,83.21397482690489,9.17394509225997,9.17394509225997
B0005,B0005_D0106,73.48771634233412,24C,classic_roomtemp_2A,RF_full_150,24C,82.59348925652657,9.105772914192443,9.105772914192443
B0005,B0005_D0107,72.69506137422964,24C,classic_roomtemp_2A,RF_full_150,24C,82.76482390911701,10.069762534887374,10.069762534887374
B0005,B0005_D0108,72.70731033617845,24C,classic_roomtemp_2A,RF_full_150,24C,82.97923696712941,10.271926630950958,10.271926630950958
B0005,B0005_D0109,72.75118759533416,24C,classic_roomtemp_2A,RF_full_150,24C,82.32625874702465,9.575071151690494,9.575071151690494
B0005,B0005_D0110,72.4521081880618,24C,classic_roomtemp_2A,RF_full_150,24C,82.89945715798463,10.447348969922828,10.447348969922828
B0005,B0005_D0111,71.93354685740283,24C,classic_roomtemp_2A,RF_full_150,24C,82.52720630007278,10.593659442669946,10.593659442669946
B0005,B0005_D0112,71.67227160784894,24C,classic_roomtemp_2A,RF_full_150,24C,82.87595994004778,11.203688332198837,11.203688332198837
B0005,B0005_D0113,71.66979450419048,24C,classic_roomtemp_2A,RF_full_150,24C,82.87228463036605,11.202490126175576,11.202490126175576
B0005,B0005_D0114,71.403243672388,24C,classic_roomtemp_2A,RF_full_150,24C,82.93297731672284,11.52973364433484,11.52973364433484
B0005,B0005_D0115,71.14601590870593,24C,classic_roomtemp_2A,RF_full_150,24C,82.3857540358363,11.239738127130366,11.239738127130366
B0005,B0005_D0116,70.8714516365654,24C,classic_roomtemp_2A,RF_full_150,24C,81.86619387543624,10.994742238870842,10.994742238870842
B0005,B0005_D0117,70.6204614397223,24C,classic_roomtemp_2A,RF_full_150,24C,82.71602270094664,12.095561261224333,12.095561261224333
B0005,B0005_D0118,70.62893964700964,24C,classic_roomtemp_2A,RF_full_150,24C,81.75996718198267,11.131027534973029,11.131027534973029
B0005,B0005_D0119,70.37991865734948,24C,classic_roomtemp_2A,RF_full_150,24C,82.07680709028361,11.69688843293413,11.69688843293413
B0005,B0005_D0120,71.66960242610739,24C,classic_roomtemp_2A,RF_full_150,24C,83.16055117765944,11.490948751552054,11.490948751552054
B0005,B0005_D0121,71.91275088396453,24C,classic_roomtemp_2A,RF_full_150,24C,82.89780893249421,10.98505804852968,10.98505804852968
B0005,B0005_D0122,70.86773587242763,24C,classic_roomtemp_2A,RF_full_150,24C,82.47478687971949,11.607051007291858,11.607051007291858
B0005,B0005_D0123,70.34908318388216,24C,classic_roomtemp_2A,RF_full_150,24C,81.81655950179456,11.4674763179124,11.4674763179124
B0005,B0005_D0124,70.06018891793812,24C,classic_roomtemp_2A,RF_full_150,24C,82.11246103699386,12.052272119055743,12.052272119055743
B0005,B0005_D0125,69.83504116363164,24C,classic_roomtemp_2A,RF_full_150,24C,81.72253606905814,11.887494905426493,11.887494905426493
B0005,B0005_D0126,69.5642394426363,24C,classic_roomtemp_2A,RF_full_150,24C,81.8908916600006,12.326652217364298,12.326652217364298
B0005,B0005_D0127,69.31143838989175,24C,classic_roomtemp_2A,RF_full_150,24C,82.14760464305137,12.836166253159618,12.836166253159618
B0005,B0005_D0128,69.02183380987069,24C,classic_roomtemp_2A,RF_full_150,24C,82.77856745682544,13.756733646954757,13.756733646954757
B0005,B0005_D0129,68.76182075128112,24C,classic_roomtemp_2A,RF_full_150,24C,82.15249145089962,13.390670699618497,13.390670699618497
B0005,B0005_D0130,68.52564012447505,24C,classic_roomtemp_2A,RF_full_150,24C,81.90090184350854,13.375261719033489,13.375261719033489
B0005,B0005_D0131,68.525427831352,24C,classic_roomtemp_2A,RF_full_150,24C,82.28119635241283,13.75576852106083,13.75576852106083
B0005,B0005_D0132,68.23677554340759,24C,classic_roomtemp_2A,RF_full_150,24C,82.39159166995181,14.154816126544219,14.154816126544219
B0005,B0005_D0133,68.7696008447881,24C,classic_roomtemp_2A,RF_full_150,24C,81.85774910752988,13.088148262741782,13.088148262741782
B0005,B0005_D0134,69.30557575767696,24C,classic_roomtemp_2A,RF_full_150,24C,81.86729923385285,12.561723476175885,12.561723476175885
B0005,B0005_D0135,68.4925001791947,24C,classic_roomtemp_2A,RF_full_150,24C,82.04383656955595,13.551336390361243,13.551336390361243
B0005,B0005_D0136,68.23913974630379,24C,classic_roomtemp_2A,RF_full_150,24C,82.1253438394452,13.886204093141401,13.886204093141401
B0005,B0005_D0137,67.71610233129982,24C,classic_roomtemp_2A,RF_full_150,24C,82.74834269635946,15.032240365059636,15.032240365059636
B0005,B0005_D0138,67.73208509189482,24C,classic_roomtemp_2A,RF_full_150,24C,81.87856456587365,14.146479473978829,14.146479473978829
B0005,B0005_D0139,67.73519606596204,24C,classic_roomtemp_2A,RF_full_150,24C,82.05188840568913,14.316692339727084,14.316692339727084
B0005,B0005_D0140,67.4657498751729,24C,classic_roomtemp_2A,RF_full_150,24C,81.80236651592868,14.336616640755778,14.336616640755778
B0005,B0005_D0141,67.20945968985276,24C,classic_roomtemp_2A,RF_full_150,24C,82.8483831710801,15.638923481227337,15.638923481227337
B0005,B0005_D0142,66.94956895347877,24C,classic_roomtemp_2A,RF_full_150,24C,82.05310583971351,15.103536886234735,15.103536886234735
B0005,B0005_D0143,66.94572615103486,24C,classic_roomtemp_2A,RF_full_150,24C,81.82126290235853,14.875536751323665,14.875536751323665
B0005,B0005_D0144,66.70033379880827,24C,classic_roomtemp_2A,RF_full_150,24C,82.40951851785321,15.709184719044941,15.709184719044941
B0005,B0005_D0145,66.43222154587457,24C,classic_roomtemp_2A,RF_full_150,24C,81.83808884015355,15.405867294278977,15.405867294278977
B0005,B0005_D0146,66.15854496138111,24C,classic_roomtemp_2A,RF_full_150,24C,81.8913250396488,15.732780078267695,15.732780078267695
B0005,B0005_D0147,65.90845794222598,24C,classic_roomtemp_2A,RF_full_150,24C,82.18425932937942,16.275801387153436,16.275801387153436
B0005,B0005_D0148,65.92332218320168,24C,classic_roomtemp_2A,RF_full_150,24C,82.2011389680915,16.277816784889822,16.277816784889822
B0005,B0005_D0149,65.9146520051351,24C,classic_roomtemp_2A,RF_full_150,24C,82.10369226678345,16.18904026164836,16.18904026164836
B0005,B0005_D0150,66.19362111221339,24C,classic_roomtemp_2A,RF_full_150,24C,82.37548582754879,16.181864715335394,16.181864715335394
B0005,B0005_D0151,68.00608383277392,24C,classic_roomtemp_2A,RF_full_150,24C,81.92687919933651,13.920795366562587,13.920795366562587
B0005,B0005_D0152,66.97653433973677,24C,classic_roomtemp_2A,RF_full_150,24C,82.37879126066552,15.40225692092875,15.40225692092875
B0005,B0005_D0153,66.45143282560349,24C,classic_roomtemp_2A,RF_full_150,24C,82.28931011663161,15.837877291028121,15.837877291028121
B0005,B0005_D0154,66.18370637499478,24C,classic_roomtemp_2A,RF_full_150,24C,82.272225762644,16.088519387649214,16.088519387649214
B0005,B0005_D0155,65.93169483766465,24C,classic_roomtemp_2A,RF_full_150,24C,82.35202876472962,16.420333927064974,16.420333927064974
B0005,B0005_D0156,65.67375660662135,24C,classic_roomtemp_2A,RF_full_150,24C,82.67628751752508,17.00253091090373,17.00253091090373
B0005,B0005_D0157,65.66010317221101,24C,classic_roomtemp_2A,RF_full_150,24C,82.02503280178365,16.364929629572643,16.364929629572643
B0005,B0005_D0158,65.38979973472176,24C,classic_roomtemp_2A,RF_full_150,24C,82.40622476743559,17.016425032713826,17.016425032713826
B0005,B0005_D0159,65.1516459320296,24C,classic_roomtemp_2A,RF_full_150,24C,82.53885529684557,17.387209364815973,17.387209364815973
B0005,B0005_D0160,65.16786779519101,24C,classic_roomtemp_2A,RF_full_150,24C,83.51411066571455,18.34624287052354,18.34624287052354
B0005,B0005_D0161,65.17050219327821,24C,classic_roomtemp_2A,RF_full_150,24C,82.03213721759604,16.861635024317835,16.861635024317835
B0005,B0005_D0162,64.89435403247853,24C,classic_roomtemp_2A,RF_full_150,24C,82.23820176945864,17.34384773698011,17.34384773698011
B0005,B0005_D0163,64.90367528459451,24C,classic_roomtemp_2A,RF_full_150,24C,82.56465432982395,17.66097904522944,17.66097904522944
B0005,B0005_D0164,64.67318069221216,24C,classic_roomtemp_2A,RF_full_150,24C,82.10253963917768,17.42935894696552,17.42935894696552
B0005,B0005_D0165,64.4001696309559,24C,classic_roomtemp_2A,RF_full_150,24C,82.38024405656871,17.980074425612813,17.980074425612813
B0005,B0005_D0166,64.37262610689703,24C,classic_roomtemp_2A,RF_full_150,24C,82.93735879080569,18.56473268390866,18.56473268390866
B0005,B0005_D0167,65.45076821153677,24C,classic_roomtemp_2A,RF_full_150,24C,81.84836633003057,16.397598118493804,16.397598118493804
B0005,B0005_D0168,66.25396643214678,24C,classic_roomtemp_2A,RF_full_150,24C,82.86018743628466,16.60622100413788,16.60622100413788
B0006,B0006_D0001,101.7668795502799,24C,classic_roomtemp_2A,RF_full_150,24C,82.6495193854602,-19.1173601648197,19.1173601648197
B0006,B0006_D0002,101.2570123015706,24C,classic_roomtemp_2A,RF_full_150,24C,82.65379211755985,-18.603220184010752,18.603220184010752
B0006,B0006_D0003,100.6663185672732,24C,classic_roomtemp_2A,RF_full_150,24C,82.83769770465285,-17.82862086262034,17.82862086262034
B0006,B0006_D0004,100.66423327703706,24C,classic_roomtemp_2A,RF_full_150,24C,82.44040629439756,-18.223826982639494,18.223826982639494
B0006,B0006_D0005,100.02641688123856,24C,classic_roomtemp_2A,RF_full_150,24C,82.65705680843924,-17.369360072799324,17.369360072799324
B0006,B0006_D0006,100.69495379965822,24C,classic_roomtemp_2A,RF_full_150,24C,82.62270922383719,-18.07224457582103,18.07224457582103
B0006,B0006_D0007,100.65505528134835,24C,classic_roomtemp_2A,RF_full_150,24C,82.46745103181622,-18.18760424953213,18.18760424953213
B0006,B0006_D0008,98.439491313642,24C,classic_roomtemp_2A,RF_full_150,24C,82.83522862523368,-15.604262688408312,15.604262688408312
B0006,B0006_D0009,98.40830882167124,24C,classic_roomtemp_2A,RF_full_150,24C,82.3766662757979,-16.03164254587334,16.03164254587334
B0006,B0006_D0010,97.86153958780268,24C,classic_roomtemp_2A,RF_full_150,24C,82.2767003122029,-15.584839275599776,15.584839275599776
B0006,B0006_D0011,97.27995757064676,24C,classic_roomtemp_2A,RF_full_150,24C,82.56979526400958,-14.710162306637173,14.710162306637173
B0006,B0006_D0012,96.73752522420564,24C,classic_roomtemp_2A,RF_full_150,24C,82.69909529510015,-14.03842992910549,14.03842992910549
B0006,B0006_D0013,96.16399769684014,24C,classic_roomtemp_2A,RF_full_150,24C,82.47164230076253,-13.692355396077616,13.692355396077616
B0006,B0006_D0014,95.59449654742434,24C,classic_roomtemp_2A,RF_full_150,24C,82.45932819651043,-13.135168350913915,13.135168350913915
B0006,B0006_D0015,95.05333570989652,24C,classic_roomtemp_2A,RF_full_150,24C,82.59070284522757,-12.462632864668947,12.462632864668947
B0006,B0006_D0016,94.45994974030728,24C,classic_roomtemp_2A,RF_full_150,24C,82.74335965720881,-11.716590083098467,11.716590083098467
B0006,B0006_D0017,93.91391861244244,24C,classic_roomtemp_2A,RF_full_150,24C,82.66698769673171,-11.246930915710735,11.246930915710735
B0006,B0006_D0018,93.37848580760104,24C,classic_roomtemp_2A,RF_full_150,24C,82.5180955529073,-10.86039025469374,10.86039025469374
B0006,B0006_D0019,93.37946287226885,24C,classic_roomtemp_2A,RF_full_150,24C,82.60352879905548,-10.775934073213364,10.775934073213364
B0006,B0006_D0020,98.98132741254088,24C,classic_roomtemp_2A,RF_full_150,24C,82.73529745189812,-16.24602996064276,16.24602996064276
B0006,B0006_D0021,97.87749540442012,24C,classic_roomtemp_2A,RF_full_150,24C,82.27774380393704,-15.599751600483074,15.599751600483074
B0006,B0006_D0022,97.29075085393777,24C,classic_roomtemp_2A,RF_full_150,24C,82.5079980104975,-14.782752843440264,14.782752843440264
B0006,B0006_D0023,96.21230560840044,24C,classic_roomtemp_2A,RF_full_150,24C,82.70676863478478,-13.505536973615662,13.505536973615662
B0006,B0006_D0024,97.2990566571082,24C,classic_roomtemp_2A,RF_full_150,24C,82.6765682141515,-14.622488442956694,14.622488442956694
B0006,B0006_D0025,95.07039652765395,24C,classic_roomtemp_2A,RF_full_150,24C,82.37380507766099,-12.696591449992965,12.696591449992965
B0006,B0006_D0026,93.93371068400424,24C,classic_roomtemp_2A,RF_full_150,24C,82.68202405046206,-11.251686633542178,11.251686633542178
B0006,B0006_D0027,93.41530664132108,24C,classic_roomtemp_2A,RF_full_150,24C,82.65904633727658,-10.756260304044503,10.756260304044503
B0006,B0006_D0028,92.801220350415,24C,classic_roomtemp_2A,RF_full_150,24C,82.71799734631476,-10.083223004100233,10.083223004100233
B0006,B0006_D0029,92.25998980927886,24C,classic_roomtemp_2A,RF_full_150,24C,82.59475585191903,-9.665233957359831,9.665233957359831
B0006,B0006_D0030,92.86144454426584,24C,classic_roomtemp_2A,RF_full_150,24C,82.71462731845541,-10.146817225810423,10.146817225810423
B0006,B0006_D0031,96.2388044454532,24C,classic_roomtemp_2A,RF_full_150,24C,82.79880730168146,-13.439997143771734,13.439997143771734
B0006,B0006_D0032,94.11158763046276,24C,classic_roomtemp_2A,RF_full_150,24C,82.85295604305627,-11.258631587406498,11.258631587406498
B0006,B0006_D0033,92.76383439427936,24C,classic_roomtemp_2A,RF_full_150,24C,82.48763207757848,-10.276202316700875,10.276202316700875
B0006,B0006_D0034,91.9625445859094,24C,classic_roomtemp_2A,RF_full_150,24C,82.71336199055965,-9.249182595349751,9.249182595349751
B0006,B0006_D0035,90.92698036997214,24C,classic_roomtemp_2A,RF_full_150,24C,82.74228500628656,-8.184695363685577,8.184695363685577
B0006,B0006_D0036,90.67385029783529,24C,classic_roomtemp_2A,RF_full_150,24C,82.6741343436147,-7.999715954220591,7.999715954220591
B0006,B0006_D0037,89.85509225152718,24C,classic_roomtemp_2A,RF_full_150,24C,82.48182893533243,-7.373263316194752,7.373263316194752
B0006,B0006_D0038,89.05023147060238,24C,classic_roomtemp_2A,RF_full_150,24C,82.60907692660805,-6.44115454399433,6.44115454399433
B0006,B0006_D0039,88.55065211341164,24C,classic_roomtemp_2A,RF_full_150,24C,82.6388806956163,-5.91177141779535,5.91177141779535
B0006,B0006_D0040,88.02356224085473,24C,classic_roomtemp_2A,RF_full_150,24C,83.01240975563509,-5.01115248521964,5.01115248521964
B0006,B0006_D0041,87.51456894003294,24C,classic_roomtemp_2A,RF_full_150,24C,82.8233071546578,-4.691261785375147,4.691261785375147
B0006,B0006_D0042,86.97462518866288,24C,classic_roomtemp_2A,RF_full_150,24C,83.00545217567672,-3.969173012986161,3.969173012986161
B0006,B0006_D0043,87.73383276818602,24C,classic_roomtemp_2A,RF_full_150,24C,82.6812080904283,-5.05262467775772,5.05262467775772
B0006,B0006_D0044,88.29695470921088,24C,classic_roomtemp_2A,RF_full_150,24C,82.84396783846576,-5.4529868707451215,5.4529868707451215
B0006,B0006_D0045,86.68943709812419,24C,classic_roomtemp_2A,RF_full_150,24C,82.86439711713562,-3.8250399809885636,3.8250399809885636
B0006,B0006_D0046,85.6662956020367,24C,classic_roomtemp_2A,RF_full_150,24C,82.85725928690393,-2.809036315132772,2.809036315132772
B0006,B0006_D0047,85.12038906836733,24C,classic_roomtemp_2A,RF_full_150,24C,82.95727968246848,-2.1631093858988493,2.1631093858988493
B0006,B0006_D0048,91.1859730890915,24C,classic_roomtemp_2A,RF_full_150,24C,82.61961807109854,-8.566355017992962,8.566355017992962
B0006,B0006_D0049,90.40642025157354,24C,classic_roomtemp_2A,RF_full_150,24C,82.49019883305044,-7.916221418523094,7.916221418523094
B0006,B0006_D0050,88.78805472517142,24C,classic_roomtemp_2A,RF_full_150,24C,82.546378811275,-6.241675913896415,6.241675913896415
B0006,B0006_D0051,87.237049209184,24C,classic_roomtemp_2A,RF_full_150,24C,82.55945240611167,-4.677596803072319,4.677596803072319
B0006,B0006_D0052,86.46035170661865,24C,classic_roomtemp_2A,RF_full_150,24C,82.97482668297609,-3.485525023642566,3.485525023642566
B0006,B0006_D0053,85.40543276276622,24C,classic_roomtemp_2A,RF_full_150,24C,82.82282970221519,-2.582603060551037,2.582603060551037
B0006,B0006_D0054,84.87977118730883,24C,classic_roomtemp_2A,RF_full_150,24C,82.8339611561678,-2.0458100311410305,2.0458100311410305
B0006,B0006_D0055,84.10317262014732,24C,classic_roomtemp_2A,RF_full_150,24C,82.951797114708,-1.1513755054393187,1.1513755054393187
B0006,B0006_D0056,83.57384161147543,24C,classic_roomtemp_2A,RF_full_150,24C,82.9964317878238,-0.5774098236516352,0.5774098236516352
B0006,B0006_D0057,83.03795693523827,24C,classic_roomtemp_2A,RF_full_150,24C,83.09990640102626,0.061949465787989766,0.061949465787989766
B0006,B0006_D0058,82.55605075190346,24C,classic_roomtemp_2A,RF_full_150,24C,83.00408264517571,0.44803189327225823,0.44803189327225823
B0006,B0006_D0059,82.00674628095464,24C,classic_roomtemp_2A,RF_full_150,24C,82.72307079168004,0.7163245107253999,0.7163245107253999
B0006,B0006_D0060,81.4599970808272,24C,classic_roomtemp_2A,RF_full_150,24C,82.75266891355678,1.2926718327295816,1.2926718327295816
B0006,B0006_D0061,80.44248151480832,24C,classic_roomtemp_2A,RF_full_150,24C,83.00811777501039,2.5656362602020693,2.5656362602020693
B0006,B0006_D0062,80.17622449484624,24C,classic_roomtemp_2A,RF_full_150,24C,82.4404348193565,2.264210324510259,2.264210324510259
B0006,B0006_D0063,79.94856072013991,24C,classic_roomtemp_2A,RF_full_150,24C,82.62986529246596,2.681304572326056,2.681304572326056
B0006,B0006_D0064,79.38136561787802,24C,classic_roomtemp_2A,RF_full_150,24C,82.8091630697027,3.427797451824688,3.427797451824688
B0006,B0006_D0065,79.14859872343084,24C,classic_roomtemp_2A,RF_full_150,24C,82.45307163126122,3.3044729078303874,3.3044729078303874
B0006,B0006_D0066,78.35688183567815,24C,classic_roomtemp_2A,RF_full_150,24C,82.46912565995466,4.112243824276504,4.112243824276504
B0006,B0006_D0067,78.06723069856942,24C,classic_roomtemp_2A,RF_full_150,24C,82.50313513130438,4.435904432734958,4.435904432734958
B0006,B0006_D0068,77.55855946395211,24C,classic_roomtemp_2A,RF_full_150,24C,83.05912734920247,5.500567885250362,5.500567885250362
B0006,B0006_D0069,77.03370803147585,24C,classic_roomtemp_2A,RF_full_150,24C,82.60284620516892,5.569138173693062,5.569138173693062
B0006,B0006_D0070,76.26569372312217,24C,classic_roomtemp_2A,RF_full_150,24C,81.53240260679675,5.266708883674582,5.266708883674582
B0006,B0006_D0071,76.50785159033714,24C,classic_roomtemp_2A,RF_full_150,24C,80.47299247972634,3.965140889389204,3.965140889389204
B0006,B0006_D0072,76.23283417237045,24C,classic_roomtemp_2A,RF_full_150,24C,81.42123896610218,5.188404793731735,5.188404793731735
B0006,B0006_D0073,75.72746493327715,24C,classic_roomtemp_2A,RF_full_150,24C,81.72548470871067,5.998019775433519,5.998019775433519
B0006,B0006_D0074,75.4695752301041,24C,classic_roomtemp_2A,RF_full_150,24C,80.25895790894403,4.789382678839928,4.789382678839928
B0006,B0006_D0075,75.19987166525351,24C,classic_roomtemp_2A,RF_full_150,24C,81.08970720608981,5.889835540836302,5.889835540836302
B0006,B0006_D0076,74.67600959020095,24C,classic_roomtemp_2A,RF_full_150,24C,80.18645197873957,5.510442388538621,5.510442388538621
B0006,B0006_D0077,74.3816151224871,24C,classic_roomtemp_2A,RF_full_150,24C,79.57887735331677,5.197262230829665,5.197262230829665
B0006,B0006_D0078,76.51438107200852,24C,classic_roomtemp_2A,RF_full_150,24C,81.8627678116203,5.348386739611783,5.348386739611783
B0006,B0006_D0079,75.20380044180057,24C,classic_roomtemp_2A,RF_full_150,24C,80.63516479567566,5.431364353875097,5.431364353875097
B0006,B0006_D0080,74.43796804365446,24C,classic_roomtemp_2A,RF_full_150,24C,79.61295142605127,5.174983382396803,5.174983382396803
B0006,B0006_D0081,73.91389642773318,24C,classic_roomtemp_2A,RF_full_150,24C,79.65135719731266,5.737460769579485,5.737460769579485
B0006,B0006_D0082,73.9229991107842,24C,classic_roomtemp_2A,RF_full_150,24C,79.58569566362236,5.662696552838156,5.662696552838156
B0006,B0006_D0083,73.66074224499864,24C,classic_roomtemp_2A,RF_full_150,24C,79.72521001066652,6.064467765667871,6.064467765667871
B0006,B0006_D0084,73.37582467533949,24C,classic_roomtemp_2A,RF_full_150,24C,79.85435300064732,6.478528325307835,6.478528325307835
B0006,B0006_D0085,72.58146328760668,24C,classic_roomtemp_2A,RF_full_150,24C,79.70628880575609,7.124825518149407,7.124825518149407
B0006,B0006_D0086,72.59618860483587,24C,classic_roomtemp_2A,RF_full_150,24C,79.6976762812884,7.101487676452521,7.101487676452521
B0006,B0006_D0087,72.35742347388872,24C,classic_roomtemp_2A,RF_full_150,24C,79.8438375325282,7.4864140586394825,7.4864140586394825
B0006,B0006_D0088,72.34269052829943,24C,classic_roomtemp_2A,RF_full_150,24C,79.93140626078726,7.588715732487827,7.588715732487827
B0006,B0006_D0089,72.08370965142339,24C,classic_roomtemp_2A,RF_full_150,24C,79.86568913296755,7.781979481544155,7.781979481544155
B0006,B0006_D0090,79.67933296550063,24C,classic_roomtemp_2A,RF_full_150,24C,81.78894011103799,2.1096071455373533,2.1096071455373533
B0006,B0006_D0091,77.31951188457819,24C,classic_roomtemp_2A,RF_full_150,24C,81.72167319074217,4.4021613061639755,4.4021613061639755
B0006,B0006_D0092,75.73527958783049,24C,classic_roomtemp_2A,RF_full_150,24C,81.77197823381667,6.036698645986178,6.036698645986178
B0006,B0006_D0093,74.94893041667702,24C,classic_roomtemp_2A,RF_full_150,24C,80.35838807826609,5.409457661589073,5.409457661589073
B0006,B0006_D0094,74.15555372705246,24C,classic_roomtemp_2A,RF_full_150,24C,79.80176982385255,5.646216096800089,5.646216096800089
B0006,B0006_D0095,73.6483241273414,24C,classic_roomtemp_2A,RF_full_150,24C,79.89352155249993,6.245197425158537,6.245197425158537
B0006,B0006_D0096,73.13802198049653,24C,classic_roomtemp_2A,RF_full_150,24C,80.00382812907307,6.865806148576539,6.865806148576539
B0006,B0006_D0097,72.59182340531257,24C,classic_roomtemp_2A,RF_full_150,24C,79.98386862978465,7.392045224472085,7.392045224472085
B0006,B0006_D0098,72.34335322015197,24C,classic_roomtemp_2A,RF_full_150,24C,79.69705748352291,7.353704263370943,7.353704263370943
B0006,B0006_D0099,72.06901997138895,24C,classic_roomtemp_2A,RF_full_150,24C,79.94304298275843,7.874023011369474,7.874023011369474
B0006,B0006_D0100,71.5605372480387,24C,classic_roomtemp_2A,RF_full_150,24C,79.64420933777576,8.083672089737064,8.083672089737064
B0006,B0006_D0101,71.30123589762857,24C,classic_roomtemp_2A,RF_full_150,24C,79.56856843879149,8.267332541162915,8.267332541162915
B0006,B0006_D0102,71.02438249830975,24C,classic_roomtemp_2A,RF_full_150,24C,79.50455186817076,8.480169369861017,8.480169369861017
B0006,B0006_D0103,71.03503115177503,24C,classic_roomtemp_2A,RF_full_150,24C,79.52220778678236,8.48717663500733,8.48717663500733
B0006,B0006_D0104,72.61279021654194,24C,classic_roomtemp_2A,RF_full_150,24C,80.13326731196976,7.520477095427822,7.520477095427822
B0006,B0006_D0105,71.57788163862855,24C,classic_roomtemp_2A,RF_full_150,24C,79.62157422227992,8.043692583651364,8.043692583651364
B0006,B0006_D0106,70.75078755794715,24C,classic_roomtemp_2A,RF_full_150,24C,79.62313734390084,8.872349785953688,8.872349785953688
B0006,B0006_D0107,70.48655753258726,24C,classic_roomtemp_2A,RF_full_150,24C,79.17770588009684,8.691148347509582,8.691148347509582
B0006,B0006_D0108,70.24586590646545,24C,classic_roomtemp_2A,RF_full_150,24C,79.03107548182791,8.785209575362458,8.785209575362458
B0006,B0006_D0109,69.75821482857815,24C,classic_roomtemp_2A,RF_full_150,24C,79.25781709067144,9.49960226209329,9.49960226209329
B0006,B0006_D0110,69.72671916307038,24C,classic_roomtemp_2A,RF_full_150,24C,79.28013272461912,9.553413561548737,9.553413561548737
B0006,B0006_D0111,69.46585589656323,24C,classic_roomtemp_2A,RF_full_150,24C,79.18360379332451,9.717747896761281,9.717747896761281
B0006,B0006_D0112,69.19189736163904,24C,classic_roomtemp_2A,RF_full_150,24C,79.36247833133667,10.170580969697639,10.170580969697639
B0006,B0006_D0113,68.68407119097562,24C,classic_roomtemp_2A,RF_full_150,24C,78.89582376997856,10.211752579002948,10.211752579002948
B0006,B0006_D0114,68.93029945931838,24C,classic_roomtemp_2A,RF_full_150,24C,79.09196948878912,10.161670029470741,10.161670029470741
B0006,B0006_D0115,68.68800149554288,24C,classic_roomtemp_2A,RF_full_150,24C,78.95249212468991,10.264490629147033,10.264490629147033
B0006,B0006_D0116,68.41290291971356,24C,classic_roomtemp_2A,RF_full_150,24C,79.15747355004824,10.744570630334678,10.744570630334678
B0006,B0006_D0117,68.16512018658753,24C,classic_roomtemp_2A,RF_full_150,24C,78.81892104798217,10.653800861394643,10.653800861394643
B0006,B0006_D0118,67.90483070086299,24C,classic_roomtemp_2A,RF_full_150,24C,78.90079146189989,10.995960761036898,10.995960761036898
B0006,B0006_D0119,67.66345454997655,24C,classic_roomtemp_2A,RF_full_150,24C,79.17565343512594,11.512198885149388,11.512198885149388
B0006,B0006_D0120,69.20802869118744,24C,classic_roomtemp_2A,RF_full_150,24C,79.5500215182505,10.341992827063066,10.341992827063066
B0006,B0006_D0121,70.25733895325736,24C,classic_roomtemp_2A,RF_full_150,24C,79.59080779271744,9.333468839460082,9.333468839460082
B0006,B0006_D0122,68.93595113136764,24C,classic_roomtemp_2A,RF_full_150,24C,79.27890130744422,10.34295017607657,10.34295017607657
B0006,B0006_D0123,68.41328891599532,24C,classic_roomtemp_2A,RF_full_150,24C,79.04031178686559,10.627022870870263,10.627022870870263
B0006,B0006_D0124,67.86575648309008,24C,classic_roomtemp_2A,RF_full_150,24C,79.05171347355991,11.185956990469833,11.185956990469833
B0006,B0006_D0125,67.62467319400798,24C,classic_roomtemp_2A,RF_full_150,24C,78.87687790642049,11.252204712412507,11.252204712412507
B0006,B0006_D0126,67.37049575830618,24C,classic_roomtemp_2A,RF_full_150,24C,78.74187012595056,11.371374367644378,11.371374367644378
B0006,B0006_D0127,66.85037565421159,24C,classic_roomtemp_2A,RF_full_150,24C,78.42857281183977,11.578197157628182,11.578197157628182
B0006,B0006_D0128,66.56176483359263,24C,classic_roomtemp_2A,RF_full_150,24C,78.83306494196192,12.271300108369289,12.271300108369289
B0006,B0006_D0129,66.29651890863822,24C,classic_roomtemp_2A,RF_full_150,24C,78.76379746908512,12.4672785604469,12.4672785604469
B0006,B0006_D0130,66.07893719337645,24C,classic_roomtemp_2A,RF_full_150,24C,78.98240523892727,12.903468045550824,12.903468045550824
B0006,B0006_D0131,66.06125370330544,24C,classic_roomtemp_2A,RF_full_150,24C,79.11685735177413,13.05560364846869,13.05560364846869
B0006,B0006_D0132,65.78242650931341,24C,classic_roomtemp_2A,RF_full_150,24C,78.73329202922373,12.950865519910323,12.950865519910323
B0006,B0006_D0133,66.04512848751195,24C,classic_roomtemp_2A,RF_full_150,24C,78.35319254487086,12.30806405735892,12.30806405735892
B0006,B0006_D0134,67.37164383636953,24C,classic_roomtemp_2A,RF_full_150,24C,79.34466016305933,11.973016326689802,11.973016326689802
B0006,B0006_D0135,66.30064036176807,24C,classic_roomtemp_2A,RF_full_150,24C,78.74187012595056,12.44122976418248,12.44122976418248
B0006,B0006_D0136,65.50593392415533,24C,classic_roomtemp_2A,RF_full_150,24C,79.10246122965934,13.596527305504011,13.596527305504011
B0006,B0006_D0137,65.2608101146965,24C,classic_roomtemp_2A,RF_full_150,24C,78.98409315737436,13.723283042677863,13.723283042677863
B0006,B0006_D0138,65.02030975677887,24C,classic_roomtemp_2A,RF_full_150,24C,78.89966359347054,13.879353836691664,13.879353836691664
B0006,B0006_D0139,65.0117867920558,24C,classic_roomtemp_2A,RF_full_150,24C,78.77791045927609,13.766123667220285,13.766123667220285
B0006,B0006_D0140,64.47533361240379,24C,classic_roomtemp_2A,RF_full_150,24C,79.2499815376529,14.774647925249113,14.774647925249113
B0006,B0006_D0141,63.96265286923975,24C,classic_roomtemp_2A,RF_full_150,24C,78.67421278475355,14.711559915513803,14.711559915513803
B0006,B0006_D0142,63.96039085857309,24C,classic_roomtemp_2A,RF_full_150,24C,78.73966405737288,14.779273198799785,14.779273198799785
B0006,B0006_D0143,63.70183804514616,24C,classic_roomtemp_2A,RF_full_150,24C,78.75094778351804,15.049109738371882,15.049109738371882
B0006,B0006_D0144,63.70636961500734,24C,classic_roomtemp_2A,RF_full_150,24C,78.97858250952565,15.272212894518312,15.272212894518312
B0006,B0006_D0145,63.1881971322039,24C,classic_roomtemp_2A,RF_full_150,24C,78.33906830925173,15.150871177047826,15.150871177047826
B0006,B0006_D0146,62.906868444776165,24C,classic_roomtemp_2A,RF_full_150,24C,78.33767465412893,15.430806209352767,15.430806209352767
B0006,B0006_D0147,62.66299320276505,24C,classic_roomtemp_2A,RF_full_150,24C,78.43463897533412,15.771645772569073,15.771645772569073
B0006,B0006_D0148,62.661566577467134,24C,classic_roomtemp_2A,RF_full_150,24C,78.57750045085685,15.915933873389712,15.915933873389712
B0006,B0006_D0149,62.40437480156788,24C,classic_roomtemp_2A,RF_full_150,24C,78.19998686184587,15.795612060277989,15.795612060277989
B0006,B0006_D0150,62.67177142472422,24C,classic_roomtemp_2A,RF_full_150,24C,77.35509217573717,14.68332075101295,14.68332075101295
B0006,B0006_D0151,64.4902438663345,24C,classic_roomtemp_2A,RF_full_150,24C,79.33753295413955,14.847289087805052,14.847289087805052
B0006,B0006_D0152,63.177010108794185,24C,classic_roomtemp_2A,RF_full_150,24C,79.21805059106822,16.041040482274035,16.041040482274035
B0006,B0006_D0153,62.398808534214254,24C,classic_roomtemp_2A,RF_full_150,24C,78.97334035801673,16.574531823802474,16.574531823802474
B0006,B0006_D0154,61.60601438971667,24C,classic_roomtemp_2A,RF_full_150,24C,78.47196157203317,16.865947182316496,16.865947182316496
B0006,B0006_D0155,61.35568833106767,24C,classic_roomtemp_2A,RF_full_150,24C,78.3012076775973,16.945519346529636,16.945519346529636
B0006,B0006_D0156,61.08698790688678,24C,classic_roomtemp_2A,RF_full_150,24C,78.42106852184774,17.33408061496096,17.33408061496096
B0006,B0006_D0157,60.5551339457587,24C,classic_roomtemp_2A,RF_full_150,24C,78.11303757813143,17.557903632372728,17.557903632372728
B0006,B0006_D0158,60.28079882565868,24C,classic_roomtemp_2A,RF_full_150,24C,78.25154842890338,17.9707496032447,17.9707496032447
B0006,B0006_D0159,60.044681313586366,24C,classic_roomtemp_2A,RF_full_150,24C,78.10546991628131,18.06078860269494,18.06078860269494
B0006,B0006_D0160,59.52951992779168,24C,classic_roomtemp_2A,RF_full_150,24C,78.40111507671607,18.871595148924385,18.871595148924385
B0006,B0006_D0161,59.25896255209705,24C,classic_roomtemp_2A,RF_full_150,24C,78.11645751323444,18.857494961137384,18.857494961137384
B0006,B0006_D0162,58.983534090723126,24C,classic_roomtemp_2A,RF_full_150,24C,78.235179856348,19.251645765624872,19.251645765624872
B0006,B0006_D0163,58.72976418376958,24C,classic_roomtemp_2A,RF_full_150,24C,77.92315063236558,19.193386448595994,19.193386448595994
B0006,B0006_D0164,57.6909165798125,24C,classic_roomtemp_2A,RF_full_150,24C,77.13959676935336,19.44868018954086,19.44868018954086
B0006,B0006_D0165,58.22004778686132,24C,classic_roomtemp_2A,RF_full_150,24C,77.6377545268938,19.41770674003248,19.41770674003248
B0006,B0006_D0166,57.93987473958035,24C,classic_roomtemp_2A,RF_full_150,24C,77.96235413694463,20.02247939736428,20.02247939736428
B0006,B0006_D0167,58.74874417384586,24C,classic_roomtemp_2A,RF_full_150,24C,77.54137743007162,18.792633256225763,18.792633256225763
B0006,B0006_D0168,59.283761639646784,24C,classic_roomtemp_2A,RF_full_150,24C,78.95355371039089,19.66979207074411,19.66979207074411
B0007,B0007_D0001,94.5526147695395,24C,classic_roomtemp_2A,RF_full_150,24C,80.4385401491726,-14.114074620366907,14.114074620366907
B0007,B0007_D0002,94.03185138434294,24C,classic_roomtemp_2A,RF_full_150,24C,80.40646721997926,-13.62538416436368,13.62538416436368
B0007,B0007_D0003,94.03313358505694,24C,classic_roomtemp_2A,RF_full_150,24C,80.37032164537862,-13.66281193967832,13.66281193967832
B0007,B0007_D0004,94.03854504916724,24C,classic_roomtemp_2A,RF_full_150,24C,80.4262558983911,-13.612289150776135,13.612289150776135
B0007,B0007_D0005,93.97254364142526,24C,classic_roomtemp_2A,RF_full_150,24C,80.32526529668225,-13.647278344743015,13.647278344743015
B0007,B0007_D0006,94.03501758558704,24C,classic_roomtemp_2A,RF_full_150,24C,80.60746667178896,-13.427550913798086,13.427550913798086
B0007,B0007_D0007,93.99676261783036,24C,classic_roomtemp_2A,RF_full_150,24C,80.48917507053916,-13.507587547291195,13.507587547291195
B0007,B0007_D0008,94.075440620194,24C,classic_roomtemp_2A,RF_full_150,24C,80.56466491856965,-13.510775701624354,13.510775701624354
B0007,B0007_D0009,93.4845393519292,24C,classic_roomtemp_2A,RF_full_150,24C,80.62917608127658,-12.855363270652617,12.855363270652617
B0007,B0007_D0010,93.50261900695996,24C,classic_roomtemp_2A,RF_full_150,24C,80.42716840486665,-13.075450602093312,13.075450602093312
B0007,B0007_D0011,93.50221197094288,24C,classic_roomtemp_2A,RF_full_150,24C,80.79016454532925,-12.712047425613633,12.712047425613633
B0007,B0007_D0012,92.98259493883182,24C,classic_roomtemp_2A,RF_full_150,24C,80.6725432460474,-12.310051692784427,12.310051692784427
B0007,B0007_D0013,92.95373280431104,24C,classic_roomtemp_2A,RF_full_150,24C,80.24664600011708,-12.707086804193963,12.707086804193963
B0007,B0007_D0014,92.95042288854616,24C,classic_roomtemp_2A,RF_full_150,24C,80.58747399298099,-12.362948895565168,12.362948895565168
B0007,B0007_D0015,92.96811293478524,24C,classic_roomtemp_2A,RF_full_150,24C,80.34836887540345,-12.619744059381787,12.619744059381787
B0007,B0007_D0016,92.93677725300518,24C,classic_roomtemp_2A,RF_full_150,24C,80.6039952195538,-12.33278203345138,12.33278203345138
B0007,B0007_D0017,92.39086456610724,24C,classic_roomtemp_2A,RF_full_150,24C,80.4182388040098,-11.972625762097437,11.972625762097437
B0007,B0007_D0018,92.42626458068524,24C,classic_roomtemp_2A,RF_full_150,24C,80.7934829770994,-11.63278160358584,11.63278160358584
B0007,B0007_D0019,92.4189475925017,24C,classic_roomtemp_2A,RF_full_150,24C,80.28626092315073,-12.13268666935096,12.13268666935096
B0007,B0007_D0020,94.03902718804883,24C,classic_roomtemp_2A,RF_full_150,24C,80.16891311245742,-13.870114075591417,13.870114075591417
B0007,B0007_D0021,94.073607987218,24C,classic_roomtemp_2A,RF_full_150,24C,80.39675997625301,-13.676848010964989,13.676848010964989
B0007,B0007_D0022,94.05477156622392,24C,classic_roomtemp_2A,RF_full_150,24C,80.49363158419366,-13.561139982030255,13.561139982030255
B0007,B0007_D0023,93.55044824889998,24C,classic_roomtemp_2A,RF_full_150,24C,80.31482097144226,-13.235627277457723,13.235627277457723
B0007,B0007_D0024,93.50997575970686,24C,classic_roomtemp_2A,RF_full_150,24C,80.65923657767932,-12.850739182027539,12.850739182027539
B0007,B0007_D0025,93.53357681400492,24C,classic_roomtemp_2A,RF_full_150,24C,80.59868862156897,-12.934888192435949,12.934888192435949
B0007,B0007_D0026,92.98062322010084,24C,classic_roomtemp_2A,RF_full_150,24C,80.38726592110554,-12.5933572989953,12.5933572989953
B0007,B0007_D0027,93.0016954859173,24C,classic_roomtemp_2A,RF_full_150,24C,80.82827909237035,-12.173416393546944,12.173416393546944
B0007,B0007_D0028,92.95826554580384,24C,classic_roomtemp_2A,RF_full_150,24C,80.55274466465137,-12.40552088115247,12.40552088115247
B0007,B0007_D0029,92.40699089389145,24C,classic_roomtemp_2A,RF_full_150,24C,80.43179812734132,-11.975192766550123,11.975192766550123
B0007,B0007_D0030,92.4600851063082,24C,classic_roomtemp_2A,RF_full_150,24C,80.62727934684905,-11.832805759459148,11.832805759459148
B0007,B0007_D0031,94.17338718975424,24C,classic_roomtemp_2A,RF_full_150,24C,80.51120486213297,-13.662182327621267,13.662182327621267
B0007,B0007_D0032,93.14105558952922,24C,classic_roomtemp_2A,RF_full_150,24C,80.26913008680752,-12.871925502721695,12.871925502721695
B0007,B0007_D0033,92.6042519826176,24C,classic_roomtemp_2A,RF_full_150,24C,80.46742588066994,-12.136826101947662,12.136826101947662
B0007,B0007_D0034,92.34752324104352,24C,classic_roomtemp_2A,RF_full_150,24C,80.23737985547979,-12.110143385563731,12.110143385563731
B0007,B0007_D0035,91.8414215584509,24C,classic_roomtemp_2A,RF_full_150,24C,80.45805353305882,-11.383368025392087,11.383368025392087
B0007,B0007_D0036,91.8580980983614,24C,classic_roomtemp_2A,RF_full_150,24C,80.4762844948803,-11.381813603481092,11.381813603481092
B0007,B0007_D0037,91.58361291859424,24C,classic_roomtemp_2A,RF_full_150,24C,80.4964860458489,-11.087126872745344,11.087126872745344
B0007,B0007_D0038,91.05735475658892,24C,classic_roomtemp_2A,RF_full_150,24C,80.54319184796013,-10.51416290862879,10.51416290862879
B0007,B0007_D0039,90.82530457557574,24C,classic_roomtemp_2A,RF_full_150,24C,80.89311794094952,-9.93218663462622,9.93218663462622
B0007,B0007_D0040,90.5690780075228,24C,classic_roomtemp_2A,RF_full_150,24C,80.7035869335315,-9.865491073991308,9.865491073991308
B0007,B0007_D0041,90.58028166969792,24C,classic_roomtemp_2A,RF_full_150,24C,80.29401019880683,-10.286271470891094,10.286271470891094
B0007,B0007_D0042,90.30274477778704,24C,classic_roomtemp_2A,RF_full_150,24C,80.47837563622369,-9.824369141563352,9.824369141563352
B0007,B0007_D0043,90.66020913497027,24C,classic_roomtemp_2A,RF_full_150,24C,80.39925204028151,-10.260957094688763,10.260957094688763
B0007,B0007_D0044,90.31320969141764,24C,classic_roomtemp_2A,RF_full_150,24C,80.43417359961333,-9.87903609180431,9.87903609180431
B0007,B0007_D0045,89.79155124950229,24C,classic_roomtemp_2A,RF_full_150,24C,80.9285381438215,-8.863013105680793,8.863013105680793
B0007,B0007_D0046,89.29426300195226,24C,classic_roomtemp_2A,RF_full_150,24C,80.82346994069702,-8.470793061255236,8.470793061255236
B0007,B0007_D0047,89.01634302251375,24C,classic_roomtemp_2A,RF_full_150,24C,80.72515766552769,-8.291185356986063,8.291185356986063
B0007,B0007_D0048,90.75378449787786,24C,classic_roomtemp_2A,RF_full_150,24C,80.1319096661971,-10.621874831680756,10.621874831680756
B0007,B0007_D0049,90.7851257742292,24C,classic_roomtemp_2A,RF_full_150,24C,80.57280345365506,-10.212322320574145,10.212322320574145
B0007,B0007_D0050,90.01216089028335,24C,classic_roomtemp_2A,RF_full_150,24C,80.13741483269962,-9.874746057583735,9.874746057583735
B0007,B0007_D0051,89.52238102804654,24C,classic_roomtemp_2A,RF_full_150,24C,80.51945230576321,-9.002928722283329,9.002928722283329
B0007,B0007_D0052,89.0171516150066,24C,classic_roomtemp_2A,RF_full_150,24C,80.57132199808972,-8.445829616916882,8.445829616916882
B0007,B0007_D0053,88.7664384798406,24C,classic_roomtemp_2A,RF_full_150,24C,80.31982581769003,-8.44661266215057,8.44661266215057
B0007,B0007_D0054,88.51314867366426,24C,classic_roomtemp_2A,RF_full_150,24C,80.3322685642912,-8.180880109373064,8.180880109373064
B0007,B0007_D0055,88.0040530927102,24C,classic_roomtemp_2A,RF_full_150,24C,80.50420913312162,-7.499843959588574,7.499843959588574
B0007,B0007_D0056,87.48237967688445,24C,classic_roomtemp_2A,RF_full_150,24C,80.46355843125494,-7.0188212456295105,7.0188212456295105
B0007,B0007_D0057,87.48250375296554,24C,classic_roomtemp_2A,RF_full_150,24C,80.21917351766025,-7.26333023530529,7.26333023530529
B0007,B0007_D0058,87.25143696073415,24C,classic_roomtemp_2A,RF_full_150,24C,80.63649176792386,-6.614945192810296,6.614945192810296
B0007,B0007_D0059,86.98228727643365,24C,classic_roomtemp_2A,RF_full_150,24C,80.42756077688195,-6.554726499551705,6.554726499551705
B0007,B0007_D0060,86.42821138858982,24C,classic_roomtemp_2A,RF_full_150,24C,80.4579794100754,-5.97023197851442,5.97023197851442
B0007,B0007_D0061,86.1950162294209,24C,classic_roomtemp_2A,RF_full_150,24C,80.2174764823444,-5.977539747076506,5.977539747076506
B0007,B0007_D0062,85.69894388242597,24C,classic_roomtemp_2A,RF_full_150,24C,80.45968914901918,-5.239254733406781,5.239254733406781
B0007,B0007_D0063,85.69850998502307,24C,classic_roomtemp_2A,RF_full_150,24C,80.25388965757357,-5.444620327449499,5.444620327449499
B0007,B0007_D0064,85.18260586819383,24C,classic_roomtemp_2A,RF_full_150,24C,80.12758967938174,-5.05501618881209,5.05501618881209
B0007,B0007_D0065,85.20068737191244,24C,classic_roomtemp_2A,RF_full_150,24C,80.34575475684521,-4.854932615067227,4.854932615067227
B0007,B0007_D0066,84.67858078671516,24C,classic_roomtemp_2A,RF_full_150,24C,80.5162997580673,-4.162281028647854,4.162281028647854
B0007,B0007_D0067,84.38288681938828,24C,classic_roomtemp_2A,RF_full_150,24C,80.64227733678358,-3.7406094826046967,3.7406094826046967
B0007,B0007_D0068,84.15372178291575,24C,classic_roomtemp_2A,RF_full_150,24C,80.46384264954759,-3.6898791333681658,3.6898791333681658
B0007,B0007_D0069,83.89635071012741,24C,classic_roomtemp_2A,RF_full_150,24C,80.54702797591902,-3.3493227342083856,3.3493227342083856
B0007,B0007_D0070,83.66030137983086,24C,classic_roomtemp_2A,RF_full_150,24C,80.62102645308853,-3.0392749267423227,3.0392749267423227
B0007,B0007_D0071,83.37183604126994,24C,classic_roomtemp_2A,RF_full_150,24C,80.79917613448806,-2.5726599067818796,2.5726599067818796
B0007,B0007_D0072,83.11331315333763,24C,classic_roomtemp_2A,RF_full_150,24C,80.75683940411976,-2.3564737492178693,2.3564737492178693
B0007,B0007_D0073,82.87121532881531,24C,classic_roomtemp_2A,RF_full_150,24C,80.81825215071939,-2.052963178095922,2.052963178095922
B0007,B0007_D0074,82.6269342464367,24C,classic_roomtemp_2A,RF_full_150,24C,80.66437320241033,-1.9625610440263728,1.9625610440263728
B0007,B0007_D0075,82.3608731378666,24C,classic_roomtemp_2A,RF_full_150,24C,80.38883799722498,-1.9720351406416228,1.9720351406416228
B0007,B0007_D0076,81.82068405449036,24C,classic_roomtemp_2A,RF_full_150,24C,80.5594227282522,-1.2612613262381558,1.2612613262381558
B0007,B0007_D0077,81.81277156024248,24C,classic_roomtemp_2A,RF_full_150,24C,80.37766170740306,-1.4351098528394175,1.4351098528394175
B0007,B0007_D0078,82.0559589609192,24C,classic_roomtemp_2A,RF_full_150,24C,80.49154477106896,-1.5644141898502397,1.5644141898502397
B0007,B0007_D0079,81.57850394828483,24C,classic_roomtemp_2A,RF_full_150,24C,80.62081242445993,-0.9576915238249057,0.9576915238249057
B0007,B0007_D0080,81.0606641493618,24C,classic_roomtemp_2A,RF_full_150,24C,80.64650506650422,-0.4141590828575801,0.4141590828575801
B0007,B0007_D0081,80.82136607381061,24C,classic_roomtemp_2A,RF_full_150,24C,80.74708638750698,-0.07427968630362614,0.07427968630362614
B0007,B0007_D0082,80.79117550809605,24C,classic_roomtemp_2A,RF_full_150,24C,80.55901179329923,-0.23216371479681186,0.23216371479681186
B0007,B0007_D0083,80.83620901489451,24C,classic_roomtemp_2A,RF_full_150,24C,80.4473625595449,-0.3888464553496078,0.3888464553496078
B0007,B0007_D0084,80.54327931865014,24C,classic_roomtemp_2A,RF_full_150,24C,80.58917086242461,0.045891543774473575,0.045891543774473575
B0007,B0007_D0085,80.03301687154688,24C,classic_roomtemp_2A,RF_full_150,24C,80.5188706276747,0.485853756127824,0.485853756127824
B0007,B0007_D0086,79.79587243502833,24C,classic_roomtemp_2A,RF_full_150,24C,80.95724440339525,1.1613719683669217,1.1613719683669217
B0007,B0007_D0087,79.81089759731121,24C,classic_roomtemp_2A,RF_full_150,24C,80.68487304395094,0.8739754466397329,0.8739754466397329
B0007,B0007_D0088,79.79032557316987,24C,classic_roomtemp_2A,RF_full_150,24C,80.54668229326018,0.7563567200903094,0.7563567200903094
B0007,B0007_D0089,79.53253910740352,24C,classic_roomtemp_2A,RF_full_150,24C,80.4938610027959,0.9613218953923734,0.9613218953923734
B0007,B0007_D0090,84.44105580927753,24C,classic_roomtemp_2A,RF_full_150,24C,80.49225597443804,-3.948799834839491,3.948799834839491
B0007,B0007_D0091,81.29969139866601,24C,classic_roomtemp_2A,RF_full_150,24C,80.7428913097825,-0.5568000888835201,0.5568000888835201
B0007,B0007_D0092,80.78716931406449,24C,classic_roomtemp_2A,RF_full_150,24C,80.62696075402563,-0.16020856003885342,0.16020856003885342
B0007,B0007_D0093,80.28313382423269,24C,classic_roomtemp_2A,RF_full_150,24C,80.51459482325933,0.23146099902663764,0.23146099902663764
B0007,B0007_D0094,79.74873460762174,24C,classic_roomtemp_2A,RF_full_150,24C,80.6618150218097,0.9130804141879594,0.9130804141879594
B0007,B0007_D0095,79.52051219435971,24C,classic_roomtemp_2A,RF_full_150,24C,80.58978823711874,1.0692760427590287,1.0692760427590287
B0007,B0007_D0096,79.26758531494089,24C,classic_roomtemp_2A,RF_full_150,24C,80.69061703271404,1.4230317177731564,1.4230317177731564
B0007,B0007_D0097,78.99868573621188,24C,classic_roomtemp_2A,RF_full_150,24C,80.75229778710023,1.75361205088835,1.75361205088835
B0007,B0007_D0098,78.76092732639034,24C,classic_roomtemp_2A,RF_full_150,24C,80.71737488386461,1.956447557474263,1.956447557474263
B0007,B0007_D0099,78.4899242324434,24C,classic_roomtemp_2A,RF_full_150,24C,80.5669262762854,2.0770020438420005,2.0770020438420005
B0007,B0007_D0100,78.51282687975178,24C,classic_roomtemp_2A,RF_full_150,24C,80.3808691863781,1.8680423066263216,1.8680423066263216
B0007,B0007_D0101,78.2624936954719,24C,classic_roomtemp_2A,RF_full_150,24C,80.84059911168744,2.5781054162155357,2.5781054162155357
B0007,B0007_D0102,77.98169667805736,24C,classic_roomtemp_2A,RF_full_150,24C,80.8304308685387,2.8487341904813377,2.8487341904813377
B0007,B0007_D0103,78.24910266696052,24C,classic_roomtemp_2A,RF_full_150,24C,80.4689535131865,2.219850846225981,2.219850846225981
B0007,B0007_D0104,78.7489749921135,24C,classic_roomtemp_2A,RF_full_150,24C,80.86252513558823,2.1135501434747255,2.1135501434747255
B0007,B0007_D0105,78.2640558439023,24C,classic_roomtemp_2A,RF_full_150,24C,80.74631902446878,2.482263180566477,2.482263180566477
B0007,B0007_D0106,77.9877748735063,24C,classic_roomtemp_2A,RF_full_150,24C,80.39433083806595,2.406555964559658,2.406555964559658
B0007,B0007_D0107,77.49488428352494,24C,classic_roomtemp_2A,RF_full_150,24C,80.639546108697,3.144661825172065,3.144661825172065
B0007,B0007_D0108,77.1938576567251,24C,classic_roomtemp_2A,RF_full_150,24C,80.75873787211123,3.5648802153861254,3.5648802153861254
B0007,B0007_D0109,77.25093744345037,24C,classic_roomtemp_2A,RF_full_150,24C,80.63758162280766,3.3866441793572903,3.3866441793572903
B0007,B0007_D0110,77.22970077051454,24C,classic_roomtemp_2A,RF_full_150,24C,80.83385841311824,3.6041576426036954,3.6041576426036954
B0007,B0007_D0111,76.71543360879438,24C,classic_roomtemp_2A,RF_full_150,24C,80.67840605081582,3.9629724420214387,3.9629724420214387
B0007,B0007_D0112,76.43801971479242,24C,classic_roomtemp_2A,RF_full_150,24C,80.75939727413846,4.321377559346047,4.321377559346047
B0007,B0007_D0113,76.44630124589922,24C,classic_roomtemp_2A,RF_full_150,24C,80.56018872381047,4.113887477911248,4.113887477911248
B0007,B0007_D0114,76.45458250665615,24C,classic_roomtemp_2A,RF_full_150,24C,80.60734358251601,4.152761075859857,4.152761075859857
B0007,B0007_D0115,76.19529662330623,24C,classic_roomtemp_2A,RF_full_150,24C,80.81582308625279,4.6205264629465574,4.6205264629465574
B0007,B0007_D0116,75.93337709550309,24C,classic_roomtemp_2A,RF_full_150,24C,81.05417442795984,5.120797332456746,5.120797332456746
B0007,B0007_D0117,75.68241133213476,24C,classic_roomtemp_2A,RF_full_150,24C,80.60611528097554,4.923703948840782,4.923703948840782
B0007,B0007_D0118,75.68025092614516,24C,classic_roomtemp_2A,RF_full_150,24C,80.06148951207227,4.3812385859271075,4.3812385859271075
B0007,B0007_D0119,75.69735307433983,24C,classic_roomtemp_2A,RF_full_150,24C,80.62714570227921,4.929792627939378,4.929792627939378
B0007,B0007_D0120,76.69799596579394,24C,classic_roomtemp_2A,RF_full_150,24C,80.45464855264443,3.7566525868504925,3.7566525868504925
B0007,B0007_D0121,76.95686399326549,24C,classic_roomtemp_2A,RF_full_150,24C,80.71914224845546,3.762278255189969,3.762278255189969
B0007,B0007_D0122,76.18123986419369,24C,classic_roomtemp_2A,RF_full_150,24C,80.59816616941154,4.4169263052178565,4.4169263052178565
B0007,B0007_D0123,75.67906517794573,24C,classic_roomtemp_2A,RF_full_150,24C,81.08327629694833,5.404211119002596,5.404211119002596
B0007,B0007_D0124,75.38925374923957,24C,classic_roomtemp_2A,RF_full_150,24C,80.3063985317147,4.917144782475134,4.917144782475134
B0007,B0007_D0125,75.15980338018666,24C,classic_roomtemp_2A,RF_full_150,24C,80.25422547040603,5.094422090219368,5.094422090219368
B0007,B0007_D0126,74.8911029849794,24C,classic_roomtemp_2A,RF_full_150,24C,80.88529147621553,5.99418849123613,5.99418849123613
B0007,B0007_D0127,74.6424267316758,24C,classic_roomtemp_2A,RF_full_150,24C,80.70769183016778,6.065265098491977,6.065265098491977
B0007,B0007_D0128,74.62071949335129,24C,classic_roomtemp_2A,RF_full_150,24C,79.20355176392987,4.582832270578578,4.582832270578578
B0007,B0007_D0129,74.37413882690404,24C,classic_roomtemp_2A,RF_full_150,24C,80.78258892404409,6.408450097140047,6.408450097140047
B0007,B0007_D0130,74.12675743202055,24C,classic_roomtemp_2A,RF_full_150,24C,80.02476630899275,5.898008876972199,5.898008876972199
B0007,B0007_D0131,74.13937161114492,24C,classic_roomtemp_2A,RF_full_150,24C,80.01217658179625,5.87280497065133,5.87280497065133
B0007,B0007_D0132,73.84855898875296,24C,classic_roomtemp_2A,RF_full_150,24C,79.43043761021694,5.581878621463986,5.581878621463986
B0007,B0007_D0133,74.09507777068637,24C,classic_roomtemp_2A,RF_full_150,24C,79.42424604819388,5.329168277507506,5.329168277507506
B0007,B0007_D0134,74.90683099437412,24C,classic_roomtemp_2A,RF_full_150,24C,80.7374972174929,5.830666223118783,5.830666223118783
B0007,B0007_D0135,74.10387607196436,24C,classic_roomtemp_2A,RF_full_150,24C,80.42121901584166,6.317342943877293,6.317342943877293
B0007,B0007_D0136,73.85577656406076,24C,classic_roomtemp_2A,RF_full_150,24C,80.54738090405168,6.691604339990917,6.691604339990917
B0007,B0007_D0137,73.60386391528245,24C,classic_roomtemp_2A,RF_full_150,24C,80.2455410938202,6.641677178537748,6.641677178537748
B0007,B0007_D0138,73.6124006828227,24C,classic_roomtemp_2A,RF_full_150,24C,80.16689146227472,6.554490779452024,6.554490779452024
B0007,B0007_D0139,73.35053336137332,24C,classic_roomtemp_2A,RF_full_150,24C,80.0250063725414,6.674473011168075,6.674473011168075
B0007,B0007_D0140,73.0883624766769,24C,classic_roomtemp_2A,RF_full_150,24C,79.92336219384131,6.834999717164408,6.834999717164408
B0007,B0007_D0141,72.83476335244853,24C,classic_roomtemp_2A,RF_full_150,24C,79.61673044103799,6.781967088589454,6.781967088589454
B0007,B0007_D0142,72.5677486379478,24C,classic_roomtemp_2A,RF_full_150,24C,79.40010708115004,6.832358443202239,6.832358443202239
B0007,B0007_D0143,72.58079631286874,24C,classic_roomtemp_2A,RF_full_150,24C,79.28967146423257,6.708875151363827,6.708875151363827
B0007,B0007_D0144,72.34080666086842,24C,classic_roomtemp_2A,RF_full_150,24C,79.58278318700886,7.241976526140434,7.241976526140434
B0007,B0007_D0145,72.33785303884392,24C,classic_roomtemp_2A,RF_full_150,24C,78.9678218063164,6.6299687674724765,6.6299687674724765
B0007,B0007_D0146,72.06898740723396,24C,classic_roomtemp_2A,RF_full_150,24C,78.85067889701055,6.781691489776591,6.781691489776591
B0007,B0007_D0147,71.8122812610409,24C,classic_roomtemp_2A,RF_full_150,24C,78.81757403672229,7.005292775681397,7.005292775681397
B0007,B0007_D0148,71.84077076962414,24C,classic_roomtemp_2A,RF_full_150,24C,78.98704739696981,7.146276627345671,7.146276627345671
B0007,B0007_D0149,71.81472572930025,24C,classic_roomtemp_2A,RF_full_150,24C,78.97224888421546,7.157523154915211,7.157523154915211
B0007,B0007_D0150,72.09287657939008,24C,classic_roomtemp_2A,RF_full_150,24C,79.60141996596973,7.508543386579646,7.508543386579646
B0007,B0007_D0151,73.36031742390898,24C,classic_roomtemp_2A,RF_full_150,24C,80.46392375947953,7.1036063355705465,7.1036063355705465
B0007,B0007_D0152,72.59320183924441,24C,classic_roomtemp_2A,RF_full_150,24C,79.60232695147289,7.009125112228475,7.009125112228475
B0007,B0007_D0153,72.3568987637425,24C,classic_roomtemp_2A,RF_full_150,24C,79.52116142557574,7.164262661833234,7.164262661833234
B0007,B0007_D0154,72.08952932811995,24C,classic_roomtemp_2A,RF_full_150,24C,79.06782568744671,6.978296359326762,6.978296359326762
B0007,B0007_D0155,71.58154739555555,24C,classic_roomtemp_2A,RF_full_150,24C,78.96381157343939,7.38226417788384,7.38226417788384
B0007,B0007_D0156,71.59042124836843,24C,classic_roomtemp_2A,RF_full_150,24C,78.80144251687763,7.2110212685091994,7.2110212685091994
B0007,B0007_D0157,71.31281292553435,24C,classic_roomtemp_2A,RF_full_150,24C,77.99128086656889,6.6784679410345404,6.6784679410345404
B0007,B0007_D0158,71.30438764462455,24C,classic_roomtemp_2A,RF_full_150,24C,78.86561015555796,7.561222510933405,7.561222510933405
B0007,B0007_D0159,71.06316755015847,24C,classic_roomtemp_2A,RF_full_150,24C,78.85285541316608,7.7896878630076145,7.7896878630076145
B0007,B0007_D0160,70.81636374397554,24C,classic_roomtemp_2A,RF_full_150,24C,77.64597658099706,6.829612837021514,6.829612837021514
B0007,B0007_D0161,70.82890914587998,24C,classic_roomtemp_2A,RF_full_150,24C,78.42026688403865,7.591357738158678,7.591357738158678
B0007,B0007_D0162,70.54200864712587,24C,classic_roomtemp_2A,RF_full_150,24C,77.79152572325026,7.249517076124391,7.249517076124391
B0007,B0007_D0163,70.54974814173902,24C,classic_roomtemp_2A,RF_full_150,24C,77.94236798265113,7.392619840912118,7.392619840912118
B0007,B0007_D0164,70.308571451994,24C,classic_roomtemp_2A,RF_full_150,24C,77.71476259697484,7.406191144980838,7.406191144980838
B0007,B0007_D0165,70.31679239846461,24C,classic_roomtemp_2A,RF_full_150,24C,77.80647237364194,7.489679975177324,7.489679975177324
B0007,B0007_D0166,70.02276199533257,24C,classic_roomtemp_2A,RF_full_150,24C,77.74443293107497,7.721670935742395,7.721670935742395
B0007,B0007_D0167,71.08932523027576,24C,classic_roomtemp_2A,RF_full_150,24C,79.12110779081206,8.0317825605363,8.0317825605363
B0007,B0007_D0168,71.62276360312717,24C,classic_roomtemp_2A,RF_full_150,24C,80.4649431419346,8.842179538807429,8.842179538807429
B0018,B0018_D0001,92.75022603955408,24C,classic_roomtemp_2A,RF_full_150,24C,82.9691936315327,-9.781032408021375,9.781032408021375
B0018,B0018_D0002,92.15977658544992,24C,classic_roomtemp_2A,RF_full_150,24C,82.60421744827802,-9.555559137171898,9.555559137171898
B0018,B0018_D0003,91.98009212177712,24C,classic_roomtemp_2A,RF_full_150,24C,82.6780027301031,-9.302089391674016,9.302089391674016
B0018,B0018_D0004,91.53368022481028,24C,classic_roomtemp_2A,RF_full_150,24C,82.77558959182048,-8.758090632989806,8.758090632989806
B0018,B0018_D0005,91.63501034709827,24C,classic_roomtemp_2A,RF_full_150,24C,82.81898417463498,-8.816026172463296,8.816026172463296
B0018,B0018_D0006,91.42644423023194,24C,classic_roomtemp_2A,RF_full_150,24C,82.74633284137182,-8.680111388860112,8.680111388860112
B0018,B0018_D0007,91.06005947848962,24C,classic_roomtemp_2A,RF_full_150,24C,82.81483615955217,-8.245223318937448,8.245223318937448
B0018,B0018_D0008,90.7585005321664,24C,classic_roomtemp_2A,RF_full_150,24C,82.8095906324984,-7.948909899667996,7.948909899667996
B0018,B0018_D0009,90.21490260483824,24C,classic_roomtemp_2A,RF_full_150,24C,82.36660996913308,-7.848292635705164,7.848292635705164
B0018,B0018_D0010,91.15501151422112,24C,classic_roomtemp_2A,RF_full_150,24C,82.73276978514764,-8.422241729073477,8.422241729073477
B0018,B0018_D0011,90.60626760127744,24C,classic_roomtemp_2A,RF_full_150,24C,82.74503526050202,-7.861232340775416,7.861232340775416
B0018,B0018_D0012,90.23458191058884,24C,classic_roomtemp_2A,RF_full_150,24C,82.65325182097831,-7.581330089610532,7.581330089610532
B0018,B0018_D0013,89.54221748931475,24C,classic_roomtemp_2A,RF_full_150,24C,82.72488307283432,-6.817334416480435,6.817334416480435
B0018,B0018_D0014,89.1735361420963,24C,classic_roomtemp_2A,RF_full_150,24C,82.72275112487742,-6.450785017218877,6.450785017218877
B0018,B0018_D0015,89.04693062655352,24C,classic_roomtemp_2A,RF_full_150,24C,82.68828262304574,-6.358648003507781,6.358648003507781
B0018,B0018_D0016,88.5604519836349,24C,classic_roomtemp_2A,RF_full_150,24C,82.63920605506111,-5.921245928573796,5.921245928573796
B0018,B0018_D0017,88.43151998353538,24C,classic_roomtemp_2A,RF_full_150,24C,82.49161531849815,-5.939904665037233,5.939904665037233
B0018,B0018_D0018,87.68152400958562,24C,classic_roomtemp_2A,RF_full_150,24C,82.74593689721335,-4.935587112372261,4.935587112372261
B0018,B0018_D0019,87.31098708207547,24C,classic_roomtemp_2A,RF_full_150,24C,82.95654720398386,-4.354439878091611,4.354439878091611
B0018,B0018_D0020,86.88323668526868,24C,classic_roomtemp_2A,RF_full_150,24C,83.22867192266177,-3.6545647626069098,3.6545647626069098
B0018,B0018_D0021,86.57583367737918,24C,classic_roomtemp_2A,RF_full_150,24C,83.30246305861014,-3.273370618769036,3.273370618769036
B0018,B0018_D0022,85.42974947235301,24C,classic_roomtemp_2A,RF_full_150,24C,83.36204030795179,-2.067709164401222,2.067709164401222
B0018,B0018_D0023,85.57349785341056,24C,classic_roomtemp_2A,RF_full_150,24C,83.59321976918785,-1.9802780842227037,1.9802780842227037
B0018,B0018_D0024,85.37510686636314,24C,classic_roomtemp_2A,RF_full_150,24C,83.62621785570681,-1.7488890106563275,1.7488890106563275
B0018,B0018_D0025,87.46191032180114,24C,classic_roomtemp_2A,RF_full_150,24C,83.42512613921235,-4.036784182588789,4.036784182588789
B0018,B0018_D0026,86.63848573714978,24C,classic_roomtemp_2A,RF_full_150,24C,82.42546244486803,-4.213023292281747,4.213023292281747
B0018,B0018_D0027,86.11156664146188,24C,classic_roomtemp_2A,RF_full_150,24C,82.31662403582871,-3.7949426056331674,3.7949426056331674
B0018,B0018_D0028,85.59231494923645,24C,classic_roomtemp_2A,RF_full_150,24C,82.65664616869162,-2.9356687805448303,2.9356687805448303
B0018,B0018_D0029,84.96339175633435,24C,classic_roomtemp_2A,RF_full_150,24C,82.65664616869162,-2.306745587642723,2.306745587642723
B0018,B0018_D0030,84.70183219621553,24C,classic_roomtemp_2A,RF_full_150,24C,82.64571439799927,-2.0561177982162633,2.0561177982162633
B0018,B0018_D0031,84.09513539384044,24C,classic_roomtemp_2A,RF_full_150,24C,82.41839201783445,-1.6767433760059873,1.6767433760059873
B0018,B0018_D0032,83.84885309216843,24C,classic_roomtemp_2A,RF_full_150,24C,82.57151514428456,-1.277337947883865,1.277337947883865
B0018,B0018_D0033,83.27614653239468,24C,classic_roomtemp_2A,RF_full_150,24C,82.67604433544061,-0.6001021969540687,0.6001021969540687
B0018,B0018_D0034,82.85962287916043,24C,classic_roomtemp_2A,RF_full_150,24C,82.71184224253712,-0.14778063662330965,0.14778063662330965
B0018,B0018_D0035,82.41120777647023,24C,classic_roomtemp_2A,RF_full_150,24C,82.69133661230138,0.28012883583114956,0.28012883583114956
B0018,B0018_D0036,81.93850748993631,24C,classic_roomtemp_2A,RF_full_150,24C,82.69632332166746,0.7578158317311505,0.7578158317311505
B0018,B0018_D0037,81.38243453631031,24C,classic_roomtemp_2A,RF_full_150,24C,82.80115927950717,1.4187247431968615,1.4187247431968615
B0018,B0018_D0038,81.107685113626,24C,classic_roomtemp_2A,RF_full_150,24C,82.55362439822798,1.4459392846019767,1.4459392846019767
B0018,B0018_D0039,80.70033255233793,24C,classic_roomtemp_2A,RF_full_150,24C,82.56017273384458,1.8598401815066552,1.8598401815066552
B0018,B0018_D0040,83.80258077212312,24C,classic_roomtemp_2A,RF_full_150,24C,82.85542880100505,-0.9471519711180747,0.9471519711180747
B0018,B0018_D0041,82.46503212760994,24C,classic_roomtemp_2A,RF_full_150,24C,82.76382395046376,0.2987918228538149,0.2987918228538149
B0018,B0018_D0042,81.6191495929045,24C,classic_roomtemp_2A,RF_full_150,24C,82.76082109704143,1.141671504136923,1.141671504136923
B0018,B0018_D0043,80.82079859512888,24C,classic_roomtemp_2A,RF_full_150,24C,82.64564398020386,1.8248453850749797,1.8248453850749797
B0018,B0018_D0044,80.54514189124689,24C,classic_roomtemp_2A,RF_full_150,24C,83.30012242495513,2.754980533708249,2.754980533708249
B0018,B0018_D0045,79.77319346847828,24C,classic_roomtemp_2A,RF_full_150,24C,83.4693648157602,3.6961713472819184,3.6961713472819184
B0018,B0018_D0046,86.3353720042882,24C,classic_roomtemp_2A,RF_full_150,24C,82.76763041564111,-3.5677415886470953,3.5677415886470953
B0018,B0018_D0047,85.82836958714876,24C,classic_roomtemp_2A,RF_full_150,24C,82.6495193854602,-3.1788502016885616,3.1788502016885616
B0018,B0018_D0048,84.79117785467423,24C,classic_roomtemp_2A,RF_full_150,24C,82.69826041217708,-2.0929174424971535,2.0929174424971535
B0018,B0018_D0049,83.88891595396278,24C,classic_roomtemp_2A,RF_full_150,24C,82.73163664882138,-1.157279305141401,1.157279305141401
B0018,B0018_D0050,83.03293448887096,24C,classic_roomtemp_2A,RF_full_150,24C,82.82938502430471,-0.203549464566251,0.203549464566251
B0018,B0018_D0051,83.32054637413732,24C,classic_roomtemp_2A,RF_full_150,24C,82.62777322635186,-0.6927731477854593,0.6927731477854593
B0018,B0018_D0052,82.34168087203902,24C,classic_roomtemp_2A,RF_full_150,24C,82.72616151530937,0.3844806432703507,0.3844806432703507
B0018,B0018_D0053,81.28819964389976,24C,classic_roomtemp_2A,RF_full_150,24C,82.63343357322981,1.3452339293300497,1.3452339293300497
B0018,B0018_D0054,80.60788705937298,24C,classic_roomtemp_2A,RF_full_150,24C,80.91276550564044,0.30487844626745186,0.30487844626745186
B0018,B0018_D0055,80.28683411877672,24C,classic_roomtemp_2A,RF_full_150,24C,82.72165283461288,2.4348187158361583,2.4348187158361583
B0018,B0018_D0056,83.68226574399445,24C,classic_roomtemp_2A,RF_full_150,24C,82.87909021072888,-0.8031755332655734,0.8031755332655734
B0018,B0018_D0057,82.02174286174969,24C,classic_roomtemp_2A,RF_full_150,24C,82.67462168060797,0.6528788188582837,0.6528788188582837
B0018,B0018_D0058,80.66326658711039,24C,classic_roomtemp_2A,RF_full_150,24C,82.54223156219719,1.8789649750868023,1.8789649750868023
B0018,B0018_D0059,79.60482162343139,24C,classic_roomtemp_2A,RF_full_150,24C,82.54471336032223,2.939891736890843,2.939891736890843
B0018,B0018_D0060,79.33005910349412,24C,classic_roomtemp_2A,RF_full_150,24C,82.55711223178685,3.2270531282927237,3.2270531282927237
B0018,B0018_D0061,79.00383245168126,24C,classic_roomtemp_2A,RF_full_150,24C,82.85182321531305,3.8479907636317847,3.8479907636317847
B0018,B0018_D0062,78.20866476644584,24C,classic_roomtemp_2A,RF_full_150,24C,82.51528598849,4.306621222044171,4.306621222044171
B0018,B0018_D0063,77.7809136096961,24C,classic_roomtemp_2A,RF_full_150,24C,82.7292905281867,4.948376918490595,4.948376918490595
B0018,B0018_D0064,77.01022639318697,24C,classic_roomtemp_2A,RF_full_150,24C,82.65709397590943,5.646867582722464,5.646867582722464
B0018,B0018_D0065,76.60806507979932,24C,classic_roomtemp_2A,RF_full_150,24C,83.01841572299367,6.410350643194349,6.410350643194349
B0018,B0018_D0066,76.58116201846707,24C,classic_roomtemp_2A,RF_full_150,24C,82.75061571994813,6.169453701481061,6.169453701481061
B0018,B0018_D0067,76.11297975385989,24C,classic_roomtemp_2A,RF_full_150,24C,82.8150554268913,6.702075673031416,6.702075673031416
B0018,B0018_D0068,75.32633563425642,24C,classic_roomtemp_2A,RF_full_150,24C,82.90498663616701,7.578651001910586,7.578651001910586
B0018,B0018_D0069,75.07109778266464,24C,classic_roomtemp_2A,RF_full_150,24C,82.8721093415075,7.801011558842859,7.801011558842859
B0018,B0018_D0070,74.81767058743229,24C,classic_roomtemp_2A,RF_full_150,24C,83.2303668882796,8.412696300847315,8.412696300847315
B0018,B0018_D0071,76.6713100015621,24C,classic_roomtemp_2A,RF_full_150,24C,82.90508831905058,6.233778317488472,6.233778317488472
B0018,B0018_D0072,76.1922633757213,24C,classic_roomtemp_2A,RF_full_150,24C,82.69943953230026,6.507176156578964,6.507176156578964
B0018,B0018_D0073,75.0596049713062,24C,classic_roomtemp_2A,RF_full_150,24C,82.46243643850643,7.4028314672002296,7.4028314672002296
B0018,B0018_D0074,74.62088357251456,24C,classic_roomtemp_2A,RF_full_150,24C,82.45178940235964,7.830905829845079,7.830905829845079
B0018,B0018_D0075,74.16619259700616,24C,classic_roomtemp_2A,RF_full_150,24C,82.70886129339166,8.542668696385505,8.542668696385505
B0018,B0018_D0076,74.03688396147098,24C,classic_roomtemp_2A,RF_full_150,24C,82.97295769885946,8.936073737388483,8.936073737388483
B0018,B0018_D0077,73.67538904951239,24C,classic_roomtemp_2A,RF_full_150,24C,82.8159614207311,9.14057237121871,9.14057237121871
B0018,B0018_D0078,73.40096426333051,24C,classic_roomtemp_2A,RF_full_150,24C,82.3964437869223,8.995479523591797,8.995479523591797
B0018,B0018_D0079,72.90461778559511,24C,classic_roomtemp_2A,RF_full_150,24C,82.65449388187345,9.749876096278342,9.749876096278342
B0018,B0018_D0080,72.393304944457,24C,classic_roomtemp_2A,RF_full_150,24C,83.13548500512002,10.742180060663017,10.742180060663017
B0018,B0018_D0081,72.6390438877099,24C,classic_roomtemp_2A,RF_full_150,24C,83.19961335960865,10.560569471898745,10.560569471898745
B0018,B0018_D0082,72.12678182246216,24C,classic_roomtemp_2A,RF_full_150,24C,82.97957416603566,10.852792343573498,10.852792343573498
B0018,B0018_D0083,71.96356438601657,24C,classic_roomtemp_2A,RF_full_150,24C,82.68335941907934,10.719795033062766,10.719795033062766
B0018,B0018_D0084,71.43237840944109,24C,classic_roomtemp_2A,RF_full_150,24C,82.51898924050592,11.086610831064831,11.086610831064831
B0018,B0018_D0085,71.24513375002448,24C,classic_roomtemp_2A,RF_full_150,24C,82.78438354712434,11.539249797099856,11.539249797099856
B0018,B0018_D0086,73.49057662262062,24C,classic_roomtemp_2A,RF_full_150,24C,82.6386329965984,9.14805637397778,9.14805637397778
B0018,B0018_D0087,72.62909825525101,24C,classic_roomtemp_2A,RF_full_150,24C,82.62437230968374,9.995274054432727,9.995274054432727
B0018,B0018_D0088,72.1417099454397,24C,classic_roomtemp_2A,RF_full_150,24C,83.09473213197795,10.953022186538249,10.953022186538249
B0018,B0018_D0089,71.41880294039746,24C,classic_roomtemp_2A,RF_full_150,24C,83.46984562662806,12.051042686230602,12.051042686230602
B0018,B0018_D0090,70.77273922185357,24C,classic_roomtemp_2A,RF_full_150,24C,82.98875503487956,12.21601581302599,12.21601581302599
B0018,B0018_D0091,72.7288335038854,24C,classic_roomtemp_2A,RF_full_150,24C,82.65396667287136,9.925133168985965,9.925133168985965
B0018,B0018_D0092,71.41589774137029,24C,classic_roomtemp_2A,RF_full_150,24C,82.44994393088953,11.034046189519245,11.034046189519245
B0018,B0018_D0093,70.98513441602029,24C,classic_roomtemp_2A,RF_full_150,24C,82.93663678371863,11.951502367698339,11.951502367698339
B0018,B0018_D0094,70.77803315153258,24C,classic_roomtemp_2A,RF_full_150,24C,82.75074317686669,11.97271002533411,11.97271002533411
B0018,B0018_D0095,70.2840017709614,24C,classic_roomtemp_2A,RF_full_150,24C,82.49872423617322,12.214722465211821,12.214722465211821
B0018,B0018_D0096,70.42230535583069,24C,classic_roomtemp_2A,RF_full_150,24C,82.55511101851637,12.132805662685684,12.132805662685684
B0018,B0018_D0097,69.84273891436207,24C,classic_roomtemp_2A,RF_full_150,24C,82.421985796182,12.579246881819927,12.579246881819927
B0018,B0018_D0098,69.67835185720338,24C,classic_roomtemp_2A,RF_full_150,24C,82.09357424611692,12.415222388913534,12.415222388913534
B0018,B0018_D0099,69.46822146404737,24C,classic_roomtemp_2A,RF_full_150,24C,82.12529531430322,12.657073850255841,12.657073850255841
B0018,B0018_D0100,68.92825707833356,24C,classic_roomtemp_2A,RF_full_150,24C,81.78081537024434,12.852558291910782,12.852558291910782
B0018,B0018_D0101,69.24505550428735,24C,classic_roomtemp_2A,RF_full_150,24C,82.6459409878153,13.400885483527944,13.400885483527944
B0018,B0018_D0102,68.51625907121222,24C,classic_roomtemp_2A,RF_full_150,24C,81.66634080155706,13.150081730344837,13.150081730344837
B0018,B0018_D0103,68.6673219261454,24C,classic_roomtemp_2A,RF_full_150,24C,81.18373755265816,12.516415626512753,12.516415626512753
B0018,B0018_D0104,68.39743642752407,24C,classic_roomtemp_2A,RF_full_150,24C,81.11622067617381,12.71878424864974,12.71878424864974
B0018,B0018_D0105,67.83570543544823,24C,classic_roomtemp_2A,RF_full_150,24C,80.76228298027404,12.926577544825804,12.926577544825804
B0018,B0018_D0106,73.02155104597287,24C,classic_roomtemp_2A,RF_full_150,24C,83.586758955744,10.565207909771132,10.565207909771132
B0018,B0018_D0107,72.50499468552049,24C,classic_roomtemp_2A,RF_full_150,24C,82.82773942585207,10.322744740331586,10.322744740331586
B0018,B0018_D0108,71.90703450912248,24C,classic_roomtemp_2A,RF_full_150,24C,82.68275180084882,10.775717291726338,10.775717291726338
B0018,B0018_D0109,71.41840990482157,24C,classic_roomtemp_2A,RF_full_150,24C,82.50908177822608,11.090671873404503,11.090671873404503
B0018,B0018_D0110,70.73937258776216,24C,classic_roomtemp_2A,RF_full_150,24C,83.06823746767344,12.32886487991128,12.32886487991128
B0018,B0018_D0111,70.6944581696591,24C,classic_roomtemp_2A,RF_full_150,24C,82.7797527170602,12.085294547401105,12.085294547401105
B0018,B0018_D0112,69.94665831088612,24C,classic_roomtemp_2A,RF_full_150,24C,83.17791970407424,13.23126139318812,13.23126139318812
B0018,B0018_D0113,69.76661292016988,24C,classic_roomtemp_2A,RF_full_150,24C,83.0753323400807,13.30871941991083,13.30871941991083
B0018,B0018_D0114,69.50230647701225,24C,classic_roomtemp_2A,RF_full_150,24C,82.72116408004732,13.218857603035062,13.218857603035062
B0018,B0018_D0115,69.30135727104823,24C,classic_roomtemp_2A,RF_full_150,24C,82.47874811634291,13.177390845294681,13.177390845294681
B0018,B0018_D0116,69.41076300968754,24C,classic_roomtemp_2A,RF_full_150,24C,82.81924040874439,13.40847739905685,13.40847739905685
B0018,B0018_D0117,68.80913281197249,24C,classic_roomtemp_2A,RF_full_150,24C,82.02263702565007,13.21350421367758,13.21350421367758
B0018,B0018_D0118,68.23584449320082,24C,classic_roomtemp_2A,RF_full_150,24C,81.74291913855993,13.507074645359111,13.507074645359111
B0018,B0018_D0119,67.94927369686792,24C,classic_roomtemp_2A,RF_full_150,24C,82.37061727118034,14.421343574312417,14.421343574312417
B0018,B0018_D0120,67.311543820044,24C,classic_roomtemp_2A,RF_full_150,24C,81.91880179603872,14.607257975994727,14.607257975994727
B0018,B0018_D0121,71.34213909227321,24C,classic_roomtemp_2A,RF_full_150,24C,83.61263142139306,12.270492329119847,12.270492329119847
B0018,B0018_D0122,70.32240741639832,24C,classic_roomtemp_2A,RF_full_150,24C,83.01055913273544,12.688151716337117,12.688151716337117
B0018,B0018_D0123,69.67453746037576,24C,classic_roomtemp_2A,RF_full_150,24C,82.64159016885729,12.967052708481532,12.967052708481532
B0018,B0018_D0124,69.41246756124659,24C,classic_roomtemp_2A,RF_full_150,24C,82.728806342219,13.316338780972416,13.316338780972416
B0018,B0018_D0125,68.50939169210464,24C,classic_roomtemp_2A,RF_full_150,24C,81.68335613396408,13.17396444185944,13.17396444185944
B0018,B0018_D0126,68.9847583280431,24C,classic_roomtemp_2A,RF_full_150,24C,82.86224130738162,13.877482979338524,13.877482979338524
B0018,B0018_D0127,68.43293161967841,24C,classic_roomtemp_2A,RF_full_150,24C,82.67330201621927,14.240370396540854,14.240370396540854
B0018,B0018_D0128,68.13685889548219,24C,classic_roomtemp_2A,RF_full_150,24C,82.6747055359772,14.537846640495005,14.537846640495005
B0018,B0018_D0129,68.17025566964035,24C,classic_roomtemp_2A,RF_full_150,24C,82.55959417935607,14.389338509715714,14.389338509715714
B0018,B0018_D0130,67.59323017652616,24C,classic_roomtemp_2A,RF_full_150,24C,80.9799625306005,13.38673235407434,13.38673235407434
B0018,B0018_D0131,67.7398486482631,24C,classic_roomtemp_2A,RF_full_150,24C,81.33756528240647,13.597716634143367,13.597716634143367
B0018,B0018_D0132,67.05257203202424,24C,classic_roomtemp_2A,RF_full_150,24C,81.09210703827046,14.039535006246211,14.039535006246211
B0025,B0025_D0001,92.3505581478358,24C,24C_square_wave,RF_full_150,24C,79.40111789275328,-12.949440255082521,12.949440255082521
B0025,B0025_D0002,92.42827172264192,24C,24C_square_wave,RF_full_150,24C,80.57894910599784,-11.849322616644088,11.849322616644088
B0025,B0025_D0003,92.35555885930876,24C,24C_square_wave,RF_full_150,24C,80.4875732130371,-11.867985646271663,11.867985646271663
B0025,B0025_D0004,92.44918800767768,24C,24C_square_wave,RF_full_150,24C,81.39173877212987,-11.057449235547807,11.057449235547807
B0025,B0025_D0005,91.8506035928022,24C,24C_square_wave,RF_full_150,24C,81.24365938429925,-10.606944208502952,10.606944208502952
B0025,B0025_D0006,90.87746056235684,24C,24C_square_wave,RF_full_150,24C,81.47561238303322,-9.401848179323622,9.401848179323622
B0025,B0025_D0007,91.99319112610364,24C,24C_square_wave,RF_full_150,24C,81.29718924517137,-10.696001880932272,10.696001880932272
B0025,B0025_D0008,92.15297809865716,24C,24C_square_wave,RF_full_150,24C,81.57712687525226,-10.575851223404896,10.575851223404896
B0025,B0025_D0009,92.00935864768029,24C,24C_square_wave,RF_full_150,24C,81.5899319459479,-10.419426701732391,10.419426701732391
B0025,B0025_D0010,91.40632816444126,24C,24C_square_wave,RF_full_150,24C,81.4001047132508,-10.006223451190465,10.006223451190465
B0025,B0025_D0011,91.26781668222904,24C,24C_square_wave,RF_full_150,24C,81.5852606658607,-9.682556016368338,9.682556016368338
B0025,B0025_D0012,91.0709027631308,24C,24C_square_wave,RF_full_150,24C,81.43786758571665,-9.633035177414158,9.633035177414158
B0025,B0025_D0013,91.5157813984466,24C,24C_square_wave,RF_full_150,24C,81.4001047132508,-10.115676685195808,10.115676685195808
B0025,B0025_D0014,90.87745821912422,24C,24C_square_wave,RF_full_150,24C,81.5309312044599,-9.346527014664318,9.346527014664318
B0025,B0025_D0015,90.54506001484896,24C,24C_square_wave,RF_full_150,24C,81.49854538659683,-9.046514628252126,9.046514628252126
B0025,B0025_D0016,90.4151630154212,24C,24C_square_wave,RF_full_150,24C,81.4001047132508,-9.015058302170402,9.015058302170402
B0025,B0025_D0017,89.64008074690531,24C,24C_square_wave,RF_full_150,24C,81.72017279707181,-7.919907949833501,7.919907949833501
B0025,B0025_D0018,90.62815750229424,24C,24C_square_wave,RF_full_150,24C,81.58443472326923,-9.043722779025018,9.043722779025018
B0025,B0025_D0019,90.38863037456196,24C,24C_square_wave,RF_full_150,24C,81.69837168896048,-8.690258685601478,8.690258685601478
B0025,B0025_D0020,90.24027587501983,24C,24C_square_wave,RF_full_150,24C,81.55050591880453,-8.6897699562153,8.6897699562153
B0025,B0025_D0021,90.02692779496209,24C,24C_square_wave,RF_full_150,24C,81.61075362129465,-8.416174173667443,8.416174173667443
B0025,B0025_D0022,89.71178049016515,24C,24C_square_wave,RF_full_150,24C,81.49556663587583,-8.216213854289322,8.216213854289322
B0025,B0025_D0023,90.37045262174443,24C,24C_square_wave,RF_full_150,24C,81.63205771198479,-8.738394909759648,8.738394909759648
B0025,B0025_D0024,89.51252408481038,24C,24C_square_wave,RF_full_150,24C,81.6218396610405,-7.890684423769883,7.890684423769883
B0025,B0025_D0025,89.80611922679748,24C,24C_square_wave,RF_full_150,24C,81.57480361321412,-8.231315613583362,8.231315613583362
B0025,B0025_D0026,89.56118345175388,24C,24C_square_wave,RF_full_150,24C,81.44727157320726,-8.113911878546617,8.113911878546617
B0025,B0025_D0027,89.27411182651622,24C,24C_square_wave,RF_full_150,24C,81.44727157320726,-7.8268402533089585,7.8268402533089585
B0025,B0025_D0028,88.38945390161808,24C,24C_square_wave,RF_full_150,24C,81.73345299679816,-6.656000904819919,6.656000904819919
B0026,B0026_D0001,90.66252151934948,24C,24C_square_wave,RF_full_150,24C,77.2716582077737,-13.390863311575785,13.390863311575785
B0026,B0026_D0002,90.74880043539152,24C,24C_square_wave,RF_full_150,24C,80.45071992950896,-10.298080505882552,10.298080505882552
B0026,B0026_D0003,90.67677087780996,24C,24C_square_wave,RF_full_150,24C,80.18071143264454,-10.496059445165415,10.496059445165415
B0026,B0026_D0004,90.7574636655167,24C,24C_square_wave,RF_full_150,24C,81.10083897813762,-9.656624687379079,9.656624687379079
B0026,B0026_D0005,90.714565070341,24C,24C_square_wave,RF_full_150,24C,81.30145947032082,-9.413105600020174,9.413105600020174
B0026,B0026_D0007,90.82638979408031,24C,24C_square_wave,RF_full_150,24C,81.46036872554366,-9.366021068536654,9.366021068536654
B0026,B0026_D0008,90.42819288005532,24C,24C_square_wave,RF_full_150,24C,81.08360109394722,-9.344591786108097,9.344591786108097
B0026,B0026_D0009,90.24680388220912,24C,24C_square_wave,RF_full_150,24C,81.32199726498193,-8.92480661722719,8.92480661722719
B0026,B0026_D0010,90.24657962491054,24C,24C_square_wave,RF_full_150,24C,81.08360109394722,-9.162978530963315,9.162978530963315
B0026,B0026_D0011,85.88396163496965,24C,24C_square_wave,RF_full_150,24C,81.50902695127475,-4.374934683694903,4.374934683694903
B0026,B0026_D0012,90.4902406640053,24C,24C_square_wave,RF_full_150,24C,81.28395522689307,-9.206285437112228,9.206285437112228
B0026,B0026_D0013,90.3278106637244,24C,24C_square_wave,RF_full_150,24C,81.17693509126435,-9.150875572460052,9.150875572460052
B0026,B0026_D0014,89.69077853849254,24C,24C_square_wave,RF_full_150,24C,81.14454927340127,-8.54622926509127,8.54622926509127
B0026,B0026_D0015,89.9652474690896,24C,24C_square_wave,RF_full_150,24C,81.55198059484098,-8.41326687424862,8.41326687424862
B0026,B0026_D0016,89.21098724235065,24C,24C_square_wave,RF_full_150,24C,81.35934464471423,-7.8516425976364275,7.8516425976364275
B0026,B0026_D0017,84.09409959257594,24C,24C_square_wave,RF_full_150,24C,81.09012924963326,-3.0039703429426794,3.0039703429426794
B0026,B0026_D0018,90.03759691980969,24C,24C_square_wave,RF_full_150,24C,81.33067002788647,-8.706926891923217,8.706926891923217
B0026,B0026_D0019,89.7986342136148,24C,24C_square_wave,RF_full_150,24C,81.24342723378675,-8.555206979828057,8.555206979828057
B0026,B0026_D0020,89.65513470276649,24C,24C_square_wave,RF_full_150,24C,81.32087681413475,-8.33425788863174,8.33425788863174
B0026,B0026_D0021,90.05133771034356,24C,24C_square_wave,RF_full_150,24C,81.36082987758003,-8.69050783276353,8.69050783276353
B0026,B0026_D0022,89.12286150634974,24C,24C_square_wave,RF_full_150,24C,81.39362406912285,-7.729237437226885,7.729237437226885
B0026,B0026_D0023,89.79651515304394,24C,24C_square_wave,RF_full_150,24C,81.2288199042965,-8.567695248747441,8.567695248747441
B0026,B0026_D0024,88.91571063670503,24C,24C_square_wave,RF_full_150,24C,81.38548889086034,-7.530221745844685,7.530221745844685
B0026,B0026_D0025,88.5859546492401,24C,24C_square_wave,RF_full_150,24C,81.68464016168612,-6.901314487553975,6.901314487553975
B0026,B0026_D0026,88.95374744768387,24C,24C_square_wave,RF_full_150,24C,81.45827500755418,-7.495472440129689,7.495472440129689
B0026,B0026_D0027,88.66614891232338,24C,24C_square_wave,RF_full_150,24C,81.7051340428008,-6.961014869522586,6.961014869522586
B0026,B0026_D0028,88.4377055505442,24C,24C_square_wave,RF_full_150,24C,80.9990958016541,-7.4386097488901015,7.4386097488901015
B0027,B0027_D0001,91.16538871074684,24C,24C_square_wave,RF_full_150,24C,74.04144824117556,-17.12394046957128,17.12394046957128
B0027,B0027_D0002,90.7119232558398,24C,24C_square_wave,RF_full_150,24C,74.6150143174103,-16.096908938429507,16.096908938429507
B0027,B0027_D0003,90.64298396565434,24C,24C_square_wave,RF_full_150,24C,73.8920143103727,-16.750969655281637,16.750969655281637
B0027,B0027_D0004,90.72121223369986,24C,24C_square_wave,RF_full_150,24C,75.19981583679724,-15.521396396902617,15.521396396902617
B0027,B0027_D0005,90.6400166926521,24C,24C_square_wave,RF_full_150,24C,75.10613437042011,-15.533882322231989,15.533882322231989
B0027,B0027_D0006,89.73019351597647,24C,24C_square_wave,RF_full_150,24C,75.07644662490557,-14.653746891070895,14.653746891070895
B0027,B0027_D0007,90.82595856469165,24C,24C_square_wave,RF_full_150,24C,78.30332802347878,-12.522630541212862,12.522630541212862
B0027,B0027_D0008,90.9916778259512,24C,24C_square_wave,RF_full_150,24C,80.24391811213954,-10.74775971381166,10.74775971381166
B0027,B0027_D0009,90.8490493220364,24C,24C_square_wave,RF_full_150,24C,80.19346447787649,-10.655584844159904,10.655584844159904
B0027,B0027_D0010,90.23801355384494,24C,24C_square_wave,RF_full_150,24C,80.29921210699771,-9.938801446847222,9.938801446847222
B0027,B0027_D0011,90.1088944070434,24C,24C_square_wave,RF_full_150,24C,80.45729917519039,-9.651595231853008,9.651595231853008
B0027,B0027_D0012,90.50271878055877,24C,24C_square_wave,RF_full_150,24C,80.45409447435541,-10.048624306203351,10.048624306203351
B0027,B0027_D0013,90.95809351787275,24C,24C_square_wave,RF_full_150,24C,81.26378027314976,-9.694313244722991,9.694313244722991
B0027,B0027_D0014,90.31722906153657,24C,24C_square_wave,RF_full_150,24C,81.37318341628952,-8.944045645247044,8.944045645247044
B0027,B0027_D0015,90.60003189373973,24C,24C_square_wave,RF_full_150,24C,81.27950194991237,-9.320529943827353,9.320529943827353
B0027,B0027_D0016,90.46192847893764,24C,24C_square_wave,RF_full_150,24C,81.35414743712755,-9.107781041810085,9.107781041810085
B0027,B0027_D0017,89.10358858002668,24C,24C_square_wave,RF_full_150,24C,81.28069554325451,-7.822893036772172,7.822893036772172
B0027,B0027_D0018,90.72752281170524,24C,24C_square_wave,RF_full_150,24C,81.33698566098498,-9.390537150720263,9.390537150720263
B0027,B0027_D0019,90.4576742582141,24C,24C_square_wave,RF_full_150,24C,81.25845486325757,-9.199219394956529,9.199219394956529
B0027,B0027_D0020,90.32775754046854,24C,24C_square_wave,RF_full_150,24C,81.33310035047275,-8.994657189995792,8.994657189995792
B0027,B0027_D0021,90.1200827979746,24C,24C_square_wave,RF_full_150,24C,81.34143716974279,-8.778645628231814,8.778645628231814
B0027,B0027_D0022,89.821658416615,24C,24C_square_wave,RF_full_150,24C,81.24115747256445,-8.580500944050542,8.580500944050542
B0027,B0027_D0023,90.44018465254145,24C,24C_square_wave,RF_full_150,24C,81.28069554325451,-9.159489109286937,9.159489109286937
B0027,B0027_D0024,89.57763874374825,24C,24C_square_wave,RF_full_150,24C,81.28069554325451,-8.296943200493743,8.296943200493743
B0027,B0027_D0025,89.26687596119785,24C,24C_square_wave,RF_full_150,24C,81.35449879268388,-7.91237716851397,7.91237716851397
B0027,B0027_D0026,89.66046051626545,24C,24C_square_wave,RF_full_150,24C,81.28069554325451,-8.379764973010936,8.379764973010936
B0027,B0027_D0027,89.36548855551057,24C,24C_square_wave,RF_full_150,24C,81.28069554325451,-8.084793012256057,8.084793012256057
B0027,B0027_D0028,88.50463126662225,24C,24C_square_wave,RF_full_150,24C,81.21623734742195,-7.288393919200303,7.288393919200303
B0028,B0028_D0001,90.23423860050367,24C,24C_square_wave,RF_full_150,24C,72.11955910585138,-18.114679494652293,18.114679494652293
B0028,B0028_D0002,90.2391660726294,24C,24C_square_wave,RF_full_150,24C,72.4185077108787,-17.820658361750702,17.820658361750702
B0028,B0028_D0003,89.8809334111229,24C,24C_square_wave,RF_full_150,24C,72.49618740541698,-17.38474600570592,17.38474600570592
B0028,B0028_D0004,89.64956843880587,24C,24C_square_wave,RF_full_150,24C,72.87010798700844,-16.779460451797434,16.779460451797434
B0028,B0028_D0005,89.59590040796108,24C,24C_square_wave,RF_full_150,24C,72.9197045140233,-16.676195893937788,16.676195893937788
B0028,B0028_D0006,88.75130679518986,24C,24C_square_wave,RF_full_150,24C,72.70046849177258,-16.05083830341728,16.05083830341728
B0028,B0028_D0007,89.60243926111708,24C,24C_square_wave,RF_full_150,24C,72.89045903553736,-16.711980225579723,16.711980225579723
B0028,B0028_D0008,89.52379007906325,24C,24C_square_wave,RF_full_150,24C,72.95430687185112,-16.56948320721213,16.56948320721213
B0028,B0028_D0009,89.34182545993632,24C,24C_square_wave,RF_full_150,24C,72.89640215119321,-16.445423308743102,16.445423308743102
B0028,B0028_D0010,89.35764809981092,24C,24C_square_wave,RF_full_150,24C,72.91250341184178,-16.445144687969133,16.445144687969133
B0028,B0028_D0011,89.08170308504752,24C,24C_square_wave,RF_full_150,24C,72.8165669551186,-16.26513612992892,16.26513612992892
B0028,B0028_D0012,89.25117568302366,24C,24C_square_wave,RF_full_150,24C,72.80855598267468,-16.442619700348985,16.442619700348985
B0028,B0028_D0013,89.0193271484652,24C,24C_square_wave,RF_full_150,24C,72.93331110860676,-16.086016039858436,16.086016039858436
B0028,B0028_D0014,88.94530428208628,24C,24C_square_wave,RF_full_150,24C,72.95430687185112,-15.990997410235167,15.990997410235167
B0028,B0028_D0015,88.69193759486524,24C,24C_square_wave,RF_full_150,24C,72.95430687185112,-15.73763072301412,15.73763072301412
B0028,B0028_D0016,88.4841440761573,24C,24C_square_wave,RF_full_150,24C,72.89640215119321,-15.587741924964092,15.587741924964092
B0028,B0028_D0017,87.04393641603497,24C,24C_square_wave,RF_full_150,24C,72.80517136842043,-14.238765047614535,14.238765047614535
B0028,B0028_D0018,88.24094872005954,24C,24C_square_wave,RF_full_150,24C,72.9197045140233,-15.32124420603624,15.32124420603624
B0028,B0028_D0019,88.08928695422013,24C,24C_square_wave,RF_full_150,24C,72.99003219140062,-15.099254762819513,15.099254762819513
B0028,B0028_D0020,87.88530517851049,24C,24C_square_wave,RF_full_150,24C,72.91250341184178,-14.97280176666871,14.97280176666871
B0028,B0028_D0021,87.59687980300627,24C,24C_square_wave,RF_full_150,24C,72.93331110860676,-14.663568694399515,14.663568694399515
B0028,B0028_D0022,87.60622017916087,24C,24C_square_wave,RF_full_150,24C,72.99003219140062,-14.616187987760256,14.616187987760256
B0028,B0028_D0023,87.9885706699482,24C,24C_square_wave,RF_full_150,24C,72.92093323959452,-15.067637430353685,15.067637430353685
B0028,B0028_D0024,87.41505660162095,24C,24C_square_wave,RF_full_150,24C,72.99003219140062,-14.425024410220331,14.425024410220331
B0028,B0028_D0025,87.05741313918118,24C,24C_square_wave,RF_full_150,24C,72.91644303199911,-14.14097010718207,14.14097010718207
B0028,B0028_D0026,86.81916658155589,24C,24C_square_wave,RF_full_150,24C,72.9374387952435,-13.881727786312396,13.881727786312396
B0028,B0028_D0027,86.82795331347634,24C,24C_square_wave,RF_full_150,24C,73.01988610116474,-13.808067212311599,13.808067212311599
B0028,B0028_D0028,85.86167826147621,24C,24C_square_wave,RF_full_150,24C,72.71765121514663,-13.144027046329583,13.144027046329583
B0033,B0033_D0002,34.47849503931407,24C,24C_constant_4A,RF_full_150,24C,82.11717840358126,47.638683364267195,47.638683364267195
B0033,B0033_D0004,62.646965269124976,24C,24C_constant_4A,RF_full_150,24C,83.48655173451253,20.839586465387555,20.839586465387555
B0033,B0033_D0005,65.1459001223779,24C,24C_constant_4A,RF_full_150,24C,82.9223348106938,17.776434688315902,17.776434688315902
B0033,B0033_D0006,66.09386605736262,24C,24C_constant_4A,RF_full_150,24C,82.26082067768174,16.166954620319117,16.166954620319117
B0033,B0033_D0008,85.65846631933594,24C,24C_constant_4A,RF_full_150,24C,81.96478578249352,-3.6936805368424217,3.6936805368424217
B0033,B0033_D0009,82.80483388360256,24C,24C_constant_4A,RF_full_150,24C,82.54720460459947,-0.2576292790030834,0.2576292790030834
B0033,B0033_D0010,80.98648670995388,24C,24C_constant_4A,RF_full_150,24C,82.05866157700763,1.0721748670537465,1.0721748670537465
B0033,B0033_D0011,80.23279061413645,24C,24C_constant_4A,RF_full_150,24C,82.16379370756822,1.9310030934317695,1.9310030934317695
B0033,B0033_D0012,81.27849884514669,24C,24C_constant_4A,RF_full_150,24C,81.96535374080237,0.686854895655685,0.686854895655685
B0033,B0033_D0013,79.50483653122996,24C,24C_constant_4A,RF_full_150,24C,82.04662415865249,2.5417876274225364,2.5417876274225364
B0033,B0033_D0014,78.69701149811992,24C,24C_constant_4A,RF_full_150,24C,82.04965987796534,3.3526483798454194,3.3526483798454194
B0033,B0033_D0015,78.55651675778654,24C,24C_constant_4A,RF_full_150,24C,81.90142140528367,3.344904647497131,3.344904647497131
B0033,B0033_D0016,79.48853076728707,24C,24C_constant_4A,RF_full_150,24C,82.05379588235527,2.5652651150682004,2.5652651150682004
B0033,B0033_D0017,81.28689385537,24C,24C_constant_4A,RF_full_150,24C,82.02462368217192,0.7377298268019246,0.7377298268019246
B0033,B0033_D0018,82.61753166981268,24C,24C_constant_4A,RF_full_150,24C,81.93138981429989,-0.686141855512787,0.686141855512787
B0033,B0033_D0019,80.71908380797693,24C,24C_constant_4A,RF_full_150,24C,82.03825202398569,1.3191682160087623,1.3191682160087623
B0033,B0033_D0020,79.348726697252,24C,24C_constant_4A,RF_full_150,24C,82.01678831683476,2.6680616195827582,2.6680616195827582
B0033,B0033_D0021,79.09177786393667,24C,24C_constant_4A,RF_full_150,24C,81.93138981429989,2.8396119503632207,2.8396119503632207
B0033,B0033_D0022,84.59884703185577,24C,24C_constant_4A,RF_full_150,24C,82.11656701182399,-2.48228002003178,2.48228002003178
B0033,B0033_D0023,84.39741900177238,24C,24C_constant_4A,RF_full_150,24C,82.02416158948799,-2.3732574122843886,2.3732574122843886
B0033,B0033_D0024,82.93111503765729,24C,24C_constant_4A,RF_full_150,24C,82.02086851759992,-0.9102465200573704,0.9102465200573704
B0033,B0033_D0025,82.10089516394932,24C,24C_constant_4A,RF_full_150,24C,81.92910430333016,-0.17179086061915427,0.17179086061915427
B0033,B0033_D0026,81.90905395559372,24C,24C_constant_4A,RF_full_150,24C,82.03971665067584,0.13066269508212258,0.13066269508212258
B0033,B0033_D0027,82.11446253956193,24C,24C_constant_4A,RF_full_150,24C,82.02192600980678,-0.09253652975515081,0.09253652975515081
B0033,B0033_D0028,82.5635438132046,24C,24C_constant_4A,RF_full_150,24C,82.06336721262684,-0.5001766005777597,0.5001766005777597
B0033,B0033_D0029,81.63279648958606,24C,24C_constant_4A,RF_full_150,24C,81.94291148753406,0.31011499794800557,0.31011499794800557
B0033,B0033_D0030,81.30444055840366,24C,24C_constant_4A,RF_full_150,24C,81.97455914488947,0.6701185864858132,0.6701185864858132
B0033,B0033_D0031,80.39646481911844,24C,24C_constant_4A,RF_full_150,24C,82.03667827234159,1.6402134532231543,1.6402134532231543
B0033,B0033_D0032,80.62680557453697,24C,24C_constant_4A,RF_full_150,24C,81.97775649052656,1.3509509159895856,1.3509509159895856
B0033,B0033_D0033,81.09192084493945,24C,24C_constant_4A,RF_full_150,24C,81.97668002149454,0.8847591765550931,0.8847591765550931
B0033,B0033_D0034,80.72721514550567,24C,24C_constant_4A,RF_full_150,24C,82.03338405414074,1.3061689086350725,1.3061689086350725
B0033,B0033_D0035,79.76979458553798,24C,24C_constant_4A,RF_full_150,24C,82.00289692386343,2.233102338325452,2.233102338325452
B0033,B0033_D0036,79.38621513556528,24C,24C_constant_4A,RF_full_150,24C,82.00289692386343,2.616681788298152,2.616681788298152
B0033,B0033_D0037,79.05920289152803,24C,24C_constant_4A,RF_full_150,24C,82.76315470715673,3.703951815628699,3.703951815628699
B0033,B0033_D0038,80.64211304133877,24C,24C_constant_4A,RF_full_150,24C,82.89803503775913,2.255921996420355,2.255921996420355
B0033,B0033_D0039,80.99930316401101,24C,24C_constant_4A,RF_full_150,24C,81.93256371398486,0.933260549973852,0.933260549973852
B0033,B0033_D0040,80.49690926805938,24C,24C_constant_4A,RF_full_150,24C,82.05139414812838,1.5544848800689977,1.5544848800689977
B0033,B0033_D0041,78.8548876978258,24C,24C_constant_4A,RF_full_150,24C,81.98857450433184,3.1336868065060344,3.1336868065060344
B0033,B0033_D0042,78.54299533277197,24C,24C_constant_4A,RF_full_150,24C,82.02416158948799,3.4811662567160226,3.4811662567160226
B0033,B0033_D0043,81.30790672674124,24C,24C_constant_4A,RF_full_150,24C,81.97143065119975,0.6635239244585165,0.6635239244585165
B0033,B0033_D0044,81.74064986122863,24C,24C_constant_4A,RF_full_150,24C,82.04662415865249,0.30597429742385884,0.30597429742385884
B0033,B0033_D0045,80.58526818671305,24C,24C_constant_4A,RF_full_150,24C,81.95424916139686,1.368980974683808,1.368980974683808
B0033,B0033_D0046,94.25700849860333,24C,24C_constant_4A,RF_full_150,24C,82.0428800605232,-12.214128438080124,12.214128438080124
B0033,B0033_D0047,82.92478943890116,24C,24C_constant_4A,RF_full_150,24C,82.00289692386343,-0.921892515037726,0.921892515037726
B0033,B0033_D0048,81.2094673224685,24C,24C_constant_4A,RF_full_150,24C,81.90772254164197,0.6982552191734754,0.6982552191734754
B0033,B0033_D0049,80.2086049428182,24C,24C_constant_4A,RF_full_150,24C,81.86309303117358,1.6544880883553787,1.6544880883553787
B0033,B0033_D0050,80.40008370453673,24C,24C_constant_4A,RF_full_150,24C,82.03667827234159,1.6365945678048632,1.6365945678048632
B0033,B0033_D0051,81.28376069217798,24C,24C_constant_4A,RF_full_150,24C,82.05379588235527,0.7700351901772962,0.7700351901772962
B0033,B0033_D0052,80.8816382955359,24C,24C_constant_4A,RF_full_150,24C,81.91241450964286,1.0307762141069645,1.0307762141069645
B0033,B0033_D0053,79.86595744547132,24C,24C_constant_4A,RF_full_150,24C,82.01783419881585,2.151876753344524,2.151876753344524
B0033,B0033_D0054,79.37926125085303,24C,24C_constant_4A,RF_full_150,24C,82.03032505926869,2.651063808415657,2.651063808415657
B0033,B0033_D0055,79.01265007701842,24C,24C_constant_4A,RF_full_150,24C,81.91241450964286,2.899764432624437,2.899764432624437
B0033,B0033_D0056,79.1518265243888,24C,24C_constant_4A,RF_full_150,24C,81.92910430333016,2.777277778941368,2.777277778941368
B0033,B0033_D0057,80.13569416398518,24C,24C_constant_4A,RF_full_150,24C,82.01043248993324,1.8747383259480586,1.8747383259480586
B0033,B0033_D0058,79.65354577256917,24C,24C_constant_4A,RF_full_150,24C,82.06218339118941,2.408637618620233,2.408637618620233
B0033,B0033_D0059,77.24444342510122,24C,24C_constant_4A,RF_full_150,24C,82.03667827234159,4.7922348472403655,4.7922348472403655
B0033,B0033_D0060,76.76094282820259,24C,24C_constant_4A,RF_full_150,24C,82.03667827234159,5.275735444139002,5.275735444139002
B0033,B0033_D0061,76.26338657113666,24C,24C_constant_4A,RF_full_150,24C,81.94311966277255,5.679733091635882,5.679733091635882
B0033,B0033_D0062,77.79746002726813,24C,24C_constant_4A,RF_full_150,24C,82.00305921728001,4.205599190011881,4.205599190011881
B0033,B0033_D0063,78.24014719213575,24C,24C_constant_4A,RF_full_150,24C,81.97661196879052,3.7364647766547705,3.7364647766547705
B0033,B0033_D0064,77.59310230940602,24C,24C_constant_4A,RF_full_150,24C,82.04242984021755,4.44932753081153,4.44932753081153
B0033,B0033_D0065,75.72275272552503,24C,24C_constant_4A,RF_full_150,24C,81.98857450433184,6.26582177880681,6.26582177880681
B0033,B0033_D0066,75.25968101073214,24C,24C_constant_4A,RF_full_150,24C,82.0348794687206,6.775198457988466,6.775198457988466
B0033,B0033_D0067,80.29119849585224,24C,24C_constant_4A,RF_full_150,24C,81.91290124748696,1.6217027516347144,1.6217027516347144
B0033,B0033_D0068,81.24502597938525,24C,24C_constant_4A,RF_full_150,24C,81.91241450964286,0.667388530257611,0.667388530257611
B0033,B0033_D0069,79.48925650183075,24C,24C_constant_4A,RF_full_150,24C,81.93256371398486,2.44330721215411,2.44330721215411
B0033,B0033_D0070,77.76193076149951,24C,24C_constant_4A,RF_full_150,24C,82.01043248993324,4.248501728433723,4.248501728433723
B0033,B0033_D0071,76.98782023184016,24C,24C_constant_4A,RF_full_150,24C,82.03667827234159,5.048858040501429,5.048858040501429
B0033,B0033_D0072,76.46587001069179,24C,24C_constant_4A,RF_full_150,24C,81.93600386128892,5.470133850597136,5.470133850597136
B0033,B0033_D0073,77.38402767884381,24C,24C_constant_4A,RF_full_150,24C,81.96716183819845,4.583134159354643,4.583134159354643
B0033,B0033_D0074,78.29960469719893,24C,24C_constant_4A,RF_full_150,24C,82.05379588235527,3.754191185156344,3.754191185156344
B0033,B0033_D0075,77.08126425890252,24C,24C_constant_4A,RF_full_150,24C,81.96716183819845,4.8858975792959285,4.8858975792959285
B0033,B0033_D0076,75.8795327995084,24C,24C_constant_4A,RF_full_150,24C,82.04965987796534,6.170127078456943,6.170127078456943
B0033,B0033_D0077,75.37601021296545,24C,24C_constant_4A,RF_full_150,24C,82.0419868178051,6.665976604839642,6.665976604839642
B0033,B0033_D0078,74.774641313017,24C,24C_constant_4A,RF_full_150,24C,82.02086851759992,7.246227204582922,7.246227204582922
B0033,B0033_D0079,74.98809405786574,24C,24C_constant_4A,RF_full_150,24C,81.9843100319078,6.996215974042059,6.996215974042059
B0033,B0033_D0080,74.53483403901977,24C,24C_constant_4A,RF_full_150,24C,81.98857450433184,7.453740465312066,7.453740465312066
B0033,B0033_D0081,74.00499712525934,24C,24C_constant_4A,RF_full_150,24C,82.00305921728001,7.998062092020675,7.998062092020675
B0033,B0033_D0082,73.38045748050315,24C,24C_constant_4A,RF_full_150,24C,81.97661196879052,8.596154488287368,8.596154488287368
B0033,B0033_D0083,73.64909245960251,24C,24C_constant_4A,RF_full_150,24C,81.92298040988264,8.273887950280127,8.273887950280127
B0033,B0033_D0084,73.71436068603202,24C,24C_constant_4A,RF_full_150,24C,81.9680592466936,8.253698560661576,8.253698560661576
B0033,B0033_D0085,73.17581404173069,24C,24C_constant_4A,RF_full_150,24C,82.04242984021755,8.866615798486862,8.866615798486862
B0033,B0033_D0086,72.6354784024418,24C,24C_constant_4A,RF_full_150,24C,82.03667827234159,9.401199869899784,9.401199869899784
B0033,B0033_D0087,72.78651923615124,24C,24C_constant_4A,RF_full_150,24C,82.0419868178051,9.25546758165386,9.25546758165386
B0033,B0033_D0088,72.9870049809284,24C,24C_constant_4A,RF_full_150,24C,82.05631115691548,9.06930617598708,9.06930617598708
B0033,B0033_D0089,72.4355752079096,24C,24C_constant_4A,RF_full_150,24C,82.08842506572796,9.652849857818367,9.652849857818367
B0033,B0033_D0090,73.33379881442168,24C,24C_constant_4A,RF_full_150,24C,81.92910430333016,8.59530548890848,8.59530548890848
B0033,B0033_D0091,73.44751054752209,24C,24C_constant_4A,RF_full_150,24C,81.93837959490351,8.490869047381423,8.490869047381423
B0033,B0033_D0092,73.55582942610211,24C,24C_constant_4A,RF_full_150,24C,82.6200529590294,9.064223532927286,9.064223532927286
B0033,B0033_D0093,72.36506182327463,24C,24C_constant_4A,RF_full_150,24C,81.93256371398486,9.567501890710233,9.567501890710233
B0033,B0033_D0094,71.02657773780821,24C,24C_constant_4A,RF_full_150,24C,82.03825202398569,11.011674286177481,11.011674286177481
B0033,B0033_D0095,71.20733047408709,24C,24C_constant_4A,RF_full_150,24C,81.95317738320126,10.745846909114178,10.745846909114178
B0033,B0033_D0096,72.06410041682147,24C,24C_constant_4A,RF_full_150,24C,82.01043248993324,9.946332073111762,9.946332073111762
B0033,B0033_D0097,72.24482694460808,24C,24C_constant_4A,RF_full_150,24C,81.96716183819845,9.722334893590372,9.722334893590372
B0033,B0033_D0098,72.70128177397874,24C,24C_constant_4A,RF_full_150,24C,81.94277575288976,9.241493978911024,9.241493978911024
B0033,B0033_D0099,71.13015223771455,24C,24C_constant_4A,RF_full_150,24C,82.5231133050741,11.39296106735955,11.39296106735955
B0033,B0033_D0100,70.50984772945486,24C,24C_constant_4A,RF_full_150,24C,82.02086851759992,11.51102078814506,11.51102078814506
B0033,B0033_D0101,70.72440649499728,24C,24C_constant_4A,RF_full_150,24C,82.11231198314682,11.387905488149542,11.387905488149542
B0033,B0033_D0102,71.56800164730765,24C,24C_constant_4A,RF_full_150,24C,82.06218339118941,10.494181743881754,10.494181743881754
B0033,B0033_D0103,72.57566618258764,24C,24C_constant_4A,RF_full_150,24C,81.93837959490351,9.36271341231587,9.36271341231587
B0033,B0033_D0104,71.15188378863367,24C,24C_constant_4A,RF_full_150,24C,81.97455914488947,10.8226753562558,10.8226753562558
B0033,B0033_D0105,69.81493481279564,24C,24C_constant_4A,RF_full_150,24C,82.01043248993324,12.195497677137595,12.195497677137595
B0033,B0033_D0106,69.89530365199562,24C,24C_constant_4A,RF_full_150,24C,81.95424916139686,12.05894550940124,12.05894550940124
B0033,B0033_D0107,70.05673780048383,24C,24C_constant_4A,RF_full_150,24C,81.91241450964286,11.855676709159027,11.855676709159027
B0033,B0033_D0108,71.83912644726334,24C,24C_constant_4A,RF_full_150,24C,82.00305921728001,10.163932770016672,10.163932770016672
B0033,B0033_D0109,71.8500343977319,24C,24C_constant_4A,RF_full_150,24C,81.92910430333016,10.07906990559826,10.07906990559826
B0033,B0033_D0110,70.51777642267405,24C,24C_constant_4A,RF_full_150,24C,81.94311966277255,11.425343240098499,11.425343240098499
B0033,B0033_D0111,69.13166989980944,24C,24C_constant_4A,RF_full_150,24C,81.93789088150389,12.806220981694452,12.806220981694452
B0033,B0033_D0112,68.49701791533782,24C,24C_constant_4A,RF_full_150,24C,82.03385012322364,13.536832207885823,13.536832207885823
B0033,B0033_D0113,68.9306466394116,24C,24C_constant_4A,RF_full_150,24C,81.98231649851648,13.051669859104877,13.051669859104877
B0033,B0033_D0115,71.17212145331004,24C,24C_constant_4A,RF_full_150,24C,81.95022701185707,10.778105558547026,10.778105558547026
B0033,B0033_D0116,69.73001946479333,24C,24C_constant_4A,RF_full_150,24C,81.89522116961464,12.165201704821314,12.165201704821314
B0033,B0033_D0117,69.80806993911143,24C,24C_constant_4A,RF_full_150,24C,81.93197480176276,12.12390486265133,12.12390486265133
B0033,B0033_D0118,69.24843041578985,24C,24C_constant_4A,RF_full_150,24C,81.92910430333016,12.680673887540308,12.680673887540308
B0033,B0033_D0119,68.57557371237739,24C,24C_constant_4A,RF_full_150,24C,81.90772254164197,13.332148829264582,13.332148829264582
B0033,B0033_D0120,68.08432542439627,24C,24C_constant_4A,RF_full_150,24C,82.157075084288,14.072749659891727,14.072749659891727
B0033,B0033_D0121,68.98150680483043,24C,24C_constant_4A,RF_full_150,24C,82.00305921728001,13.02155241244958,13.02155241244958
B0033,B0033_D0122,68.2115888001602,24C,24C_constant_4A,RF_full_150,24C,81.91241450964286,13.700825709482658,13.700825709482658
B0033,B0033_D0123,67.09207256040727,24C,24C_constant_4A,RF_full_150,24C,81.99568185341636,14.903609293009083,14.903609293009083
B0033,B0033_D0124,67.76107847896125,24C,24C_constant_4A,RF_full_150,24C,81.90772254164197,14.146644062680721,14.146644062680721
B0033,B0033_D0125,67.01930132014887,24C,24C_constant_4A,RF_full_150,24C,81.87909081577654,14.859789495627666,14.859789495627666
B0033,B0033_D0126,67.97039457097719,24C,24C_constant_4A,RF_full_150,24C,82.023696805217,14.053302234239808,14.053302234239808
B0033,B0033_D0127,67.28550430677751,24C,24C_constant_4A,RF_full_150,24C,82.03971665067584,14.754212343898331,14.754212343898331
B0033,B0033_D0128,67.3880571042718,24C,24C_constant_4A,RF_full_150,24C,82.03484710838484,14.646790004113043,14.646790004113043
B0033,B0033_D0129,66.77410515670334,24C,24C_constant_4A,RF_full_150,24C,81.9680592466936,15.193954089990257,15.193954089990257
B0033,B0033_D0130,67.65774709211169,24C,24C_constant_4A,RF_full_150,24C,82.01783419881585,14.360087106704157,14.360087106704157
B0033,B0033_D0131,68.54838853022146,24C,24C_constant_4A,RF_full_150,24C,82.00305921728001,13.454670687058552,13.454670687058552
B0033,B0033_D0132,67.8713336245933,24C,24C_constant_4A,RF_full_150,24C,82.03667827234159,14.165344647748285,14.165344647748285
B0033,B0033_D0133,67.21839410553451,24C,24C_constant_4A,RF_full_150,24C,81.91241450964286,14.694020404108343,14.694020404108343
B0033,B0033_D0134,66.50291192972651,24C,24C_constant_4A,RF_full_150,24C,82.05379588235527,15.550883952628766,15.550883952628766
B0033,B0033_D0135,70.16820929033312,24C,24C_constant_4A,RF_full_150,24C,82.02617706306343,11.857967772730305,11.857967772730305
B0033,B0033_D0136,69.32785475114689,24C,24C_constant_4A,RF_full_150,24C,81.90526591935254,12.577411168205657,12.577411168205657
B0033,B0033_D0137,68.52069088436316,24C,24C_constant_4A,RF_full_150,24C,82.04965987796534,13.528968993602177,13.528968993602177
B0033,B0033_D0138,66.26596968178565,24C,24C_constant_4A,RF_full_150,24C,81.97455914488947,15.70858946310382,15.70858946310382
B0033,B0033_D0148,73.07348947131494,24C,24C_constant_4A,RF_full_150,24C,81.97554897862479,8.902059507309843,8.902059507309843
B0033,B0033_D0149,70.75499772691266,24C,24C_constant_4A,RF_full_150,24C,81.97554897862479,11.220551251712124,11.220551251712124
B0033,B0033_D0150,69.1816186936978,24C,24C_constant_4A,RF_full_150,24C,81.95424916139686,12.77263046769906,12.77263046769906
B0033,B0033_D0151,68.52701446804916,24C,24C_constant_4A,RF_full_150,24C,82.00289692386343,13.475882455814272,13.475882455814272
B0033,B0033_D0152,67.785212830577,24C,24C_constant_4A,RF_full_150,24C,81.99777718873979,14.212564358162794,14.212564358162794
B0033,B0033_D0153,67.89192896959882,24C,24C_constant_4A,RF_full_150,24C,81.94277575288976,14.050846783290936,14.050846783290936
B0033,B0033_D0154,68.04541989785699,24C,24C_constant_4A,RF_full_150,24C,81.9175941081842,13.872174210327216,13.872174210327216
B0033,B0033_D0155,67.4781327384238,24C,24C_constant_4A,RF_full_150,24C,81.91241450964286,14.434281771219062,14.434281771219062
B0033,B0033_D0156,59.444385662433206,24C,24C_constant_4A,RF_full_150,24C,81.9497372358972,22.505351573463997,22.505351573463997
B0033,B0033_D0157,75.20746967304322,24C,24C_constant_4A,RF_full_150,24C,82.06218339118941,6.854713718146186,6.854713718146186
B0033,B0033_D0158,74.49544319356384,24C,24C_constant_4A,RF_full_150,24C,82.0428800605232,7.547436866959359,7.547436866959359
B0033,B0033_D0159,73.76650893215965,24C,24C_constant_4A,RF_full_150,24C,81.91241450964286,8.145905577483205,8.145905577483205
B0033,B0033_D0160,72.99153827068515,24C,24C_constant_4A,RF_full_150,24C,82.04965987796534,9.058121607280185,9.058121607280185
B0033,B0033_D0161,72.37084528862864,24C,24C_constant_4A,RF_full_150,24C,82.07695247201966,9.706107183391012,9.706107183391012
B0033,B0033_D0162,73.38161837323577,24C,24C_constant_4A,RF_full_150,24C,82.01972341155243,8.638105038316667,8.638105038316667
B0033,B0033_D0163,72.07762465827635,24C,24C_constant_4A,RF_full_150,24C,81.97661196879052,9.898987310514173,9.898987310514173
B0033,B0033_D0164,70.91964367922014,24C,24C_constant_4A,RF_full_150,24C,81.93256371398486,11.012920034764718,11.012920034764718
B0033,B0033_D0165,70.15912419426259,24C,24C_constant_4A,RF_full_150,24C,82.01043248993324,11.851308295670648,11.851308295670648
B0033,B0033_D0166,69.5555233060582,24C,24C_constant_4A,RF_full_150,24C,81.97661196879052,12.421088662732316,12.421088662732316
B0033,B0033_D0167,70.43009979067268,24C,24C_constant_4A,RF_full_150,24C,81.95022701185707,11.520127221184381,11.520127221184381
B0033,B0033_D0168,70.68854451974474,24C,24C_constant_4A,RF_full_150,24C,82.00289692386343,11.314352404118694,11.314352404118694
B0033,B0033_D0169,70.62361172704225,24C,24C_constant_4A,RF_full_150,24C,81.97661196879052,11.353000241748276,11.353000241748276
B0033,B0033_D0170,69.15950013287794,24C,24C_constant_4A,RF_full_150,24C,81.9680592466936,12.808559113815662,12.808559113815662
B0033,B0033_D0171,68.23049053716282,24C,24C_constant_4A,RF_full_150,24C,82.06218339118941,13.831692854026585,13.831692854026585
B0033,B0033_D0172,68.48756828912185,24C,24C_constant_4A,RF_full_150,24C,81.92910430333016,13.44153601420831,13.44153601420831
B0033,B0033_D0173,69.33973455535832,24C,24C_constant_4A,RF_full_150,24C,82.01630580117303,12.676571245814714,12.676571245814714
B0033,B0033_D0174,69.59307937871397,24C,24C_constant_4A,RF_full_150,24C,82.07695247201966,12.48387309330569,12.48387309330569
B0033,B0033_D0175,68.85811760904825,24C,24C_constant_4A,RF_full_150,24C,82.04965987796534,13.19154226891709,13.19154226891709
B0033,B0033_D0176,67.99762679695426,24C,24C_constant_4A,RF_full_150,24C,81.93837959490351,13.940752797949244,13.940752797949244
B0033,B0033_D0177,68.98895215853625,24C,24C_constant_4A,RF_full_150,24C,82.04649646811798,13.05754430958173,13.05754430958173
B0033,B0033_D0178,68.1568683098322,24C,24C_constant_4A,RF_full_150,24C,82.00289692386343,13.846028614031226,13.846028614031226
B0033,B0033_D0179,68.26147614397404,24C,24C_constant_4A,RF_full_150,24C,81.97455914488947,13.713083000915432,13.713083000915432
B0033,B0033_D0180,67.49310347029565,24C,24C_constant_4A,RF_full_150,24C,81.90237151682258,14.409268046526932,14.409268046526932
B0033,B0033_D0181,67.64752086166216,24C,24C_constant_4A,RF_full_150,24C,81.91241450964286,14.2648936479807,14.2648936479807
B0033,B0033_D0182,67.67870271302564,24C,24C_constant_4A,RF_full_150,24C,82.04965987796534,14.370957164939696,14.370957164939696
B0033,B0033_D0183,67.16112591952512,24C,24C_constant_4A,RF_full_150,24C,82.0419868178051,14.880860898279977,14.880860898279977
B0033,B0033_D0184,67.06040884526713,24C,24C_constant_4A,RF_full_150,24C,81.97455914488947,14.914150299622335,14.914150299622335
B0033,B0033_D0185,66.38694984993903,24C,24C_constant_4A,RF_full_150,24C,81.91290124748696,15.525951397547928,15.525951397547928
B0033,B0033_D0186,66.48894502227046,24C,24C_constant_4A,RF_full_150,24C,82.04242984021755,15.553484817947094,15.553484817947094
B0033,B0033_D0187,66.78022514351248,24C,24C_constant_4A,RF_full_150,24C,82.03667827234159,15.256453128829108,15.256453128829108
B0033,B0033_D0188,65.88744842855562,24C,24C_constant_4A,RF_full_150,24C,82.01043248993324,16.122984061377622,16.122984061377622
B0033,B0033_D0189,65.88027362370985,24C,24C_constant_4A,RF_full_150,24C,82.04407998122421,16.16380635751436,16.16380635751436
B0033,B0033_D0190,65.9263976103619,24C,24C_constant_4A,RF_full_150,24C,81.97455914488947,16.048161534527566,16.048161534527566
B0033,B0033_D0191,66.07698634906991,24C,24C_constant_4A,RF_full_150,24C,82.07695247201966,15.999966122949743,15.999966122949743
B0033,B0033_D0192,65.23307686464352,24C,24C_constant_4A,RF_full_150,24C,82.00929995312721,16.77622308848369,16.77622308848369
B0033,B0033_D0193,66.4016238510434,24C,24C_constant_4A,RF_full_150,24C,82.0654422768737,15.6638184258303,15.6638184258303
B0033,B0033_D0194,68.17274885356963,24C,24C_constant_4A,RF_full_150,24C,81.99777718873979,13.82502833517016,13.82502833517016
B0033,B0033_D0195,66.45658373701234,24C,24C_constant_4A,RF_full_150,24C,82.0333268311268,15.576743094114462,15.576743094114462
B0033,B0033_D0196,65.62100543458841,24C,24C_constant_4A,RF_full_150,24C,81.9175941081842,16.296588673595792,16.296588673595792
B0033,B0033_D0197,65.76412751838177,24C,24C_constant_4A,RF_full_150,24C,82.05379588235527,16.289668363973504,16.289668363973504
B0034,B0034_D0002,83.11608576422927,24C,24C_constant_4A,RF_full_150,24C,81.98974233316179,-1.1263434310674825,1.1263434310674825
B0034,B0034_D0003,82.2543684847266,24C,24C_constant_4A,RF_full_150,24C,82.10815975488947,-0.1462087298371273,0.1462087298371273
B0034,B0034_D0004,81.0364644638787,24C,24C_constant_4A,RF_full_150,24C,81.99074909838743,0.9542846345087241,0.9542846345087241
B0034,B0034_D0005,79.83701012563002,24C,24C_constant_4A,RF_full_150,24C,82.0988737861274,2.261863660497383,2.261863660497383
B0034,B0034_D0006,74.28250309406349,24C,24C_constant_4A,RF_full_150,24C,81.93300463806646,7.650501544002978,7.650501544002978
B0034,B0034_D0007,74.33351098748506,24C,24C_constant_4A,RF_full_150,24C,82.02512818986975,7.691617202384691,7.691617202384691
B0034,B0034_D0008,73.50665479202634,24C,24C_constant_4A,RF_full_150,24C,82.03445797705035,8.527803185024013,8.527803185024013
B0034,B0034_D0009,72.82520900509817,24C,24C_constant_4A,RF_full_150,24C,81.88456302365537,9.059354018557201,9.059354018557201
B0034,B0034_D0010,72.09480517788236,24C,24C_constant_4A,RF_full_150,24C,81.97402378612378,9.879218608241416,9.879218608241416
B0034,B0034_D0011,71.85474794485145,24C,24C_constant_4A,RF_full_150,24C,81.97302680096259,10.118278856111132,10.118278856111132
B0034,B0034_D0012,72.29351812483702,24C,24C_constant_4A,RF_full_150,24C,81.95628520429882,9.662767079461801,9.662767079461801
B0034,B0034_D0013,71.60520272809185,24C,24C_constant_4A,RF_full_150,24C,81.99892229478725,10.393719566695395,10.393719566695395
B0034,B0034_D0014,71.33603166512324,24C,24C_constant_4A,RF_full_150,24C,82.05379588235527,10.71776421723203,10.71776421723203
B0034,B0034_D0015,71.15423442564914,24C,24C_constant_4A,RF_full_150,24C,82.00289692386343,10.848662498214296,10.848662498214296
B0034,B0034_D0016,72.04739761209454,24C,24C_constant_4A,RF_full_150,24C,82.17082525248196,10.123427640387419,10.123427640387419
B0034,B0034_D0017,74.34507720259325,24C,24C_constant_4A,RF_full_150,24C,82.05379588235527,7.708718679762029,7.708718679762029
B0034,B0034_D0018,76.22656613425352,24C,24C_constant_4A,RF_full_150,24C,82.01972341155243,5.793157277298917,5.793157277298917
B0034,B0034_D0019,73.14524802595353,24C,24C_constant_4A,RF_full_150,24C,81.93138981429989,8.786141788346356,8.786141788346356
B0034,B0034_D0020,71.15397254274946,24C,24C_constant_4A,RF_full_150,24C,82.04965987796534,10.895687335215882,10.895687335215882
B0034,B0034_D0021,70.25520431801718,24C,24C_constant_4A,RF_full_150,24C,81.93256371398486,11.677359395967684,11.677359395967684
B0034,B0034_D0022,81.64731962535431,24C,24C_constant_4A,RF_full_150,24C,82.01972341155243,0.3724037861981202,0.3724037861981202
B0034,B0034_D0023,78.43569104129558,24C,24C_constant_4A,RF_full_150,24C,81.98857450433184,3.5528834630362525,3.5528834630362525
B0034,B0034_D0024,75.74760483026701,24C,24C_constant_4A,RF_full_150,24C,82.03825202398569,6.290647193718684,6.290647193718684
B0034,B0034_D0025,74.27591470317313,24C,24C_constant_4A,RF_full_150,24C,81.90142140528367,7.625506702110542,7.625506702110542
B0034,B0034_D0026,74.0385964524537,24C,24C_constant_4A,RF_full_150,24C,82.03667827234159,7.9980818198878865,7.9980818198878865
B0034,B0034_D0027,74.20131786585294,24C,24C_constant_4A,RF_full_150,24C,81.91241450964286,7.711096643789915,7.711096643789915
B0034,B0034_D0028,74.61076527753261,24C,24C_constant_4A,RF_full_150,24C,82.03136986537721,7.420604587844608,7.420604587844608
B0034,B0034_D0029,73.66564620496395,24C,24C_constant_4A,RF_full_150,24C,81.93138981429989,8.265743609335942,8.265743609335942
B0034,B0034_D0030,72.0796589490003,24C,24C_constant_4A,RF_full_150,24C,82.01043248993324,9.930773540932933,9.930773540932933
B0034,B0034_D0031,71.12936599007894,24C,24C_constant_4A,RF_full_150,24C,81.96716183819845,10.837795848119512,10.837795848119512
B0034,B0034_D0032,71.33244689743333,24C,24C_constant_4A,RF_full_150,24C,82.03667827234159,10.704231374908261,10.704231374908261
B0034,B0034_D0033,72.98387780119288,24C,24C_constant_4A,RF_full_150,24C,82.02993778639048,9.046059985197601,9.046059985197601
B0034,B0034_D0034,71.98079969272577,24C,24C_constant_4A,RF_full_150,24C,82.04242984021755,10.061630147491783,10.061630147491783
B0034,B0034_D0035,70.97756328924257,24C,24C_constant_4A,RF_full_150,24C,81.93256371398486,10.955000424742295,10.955000424742295
B0034,B0034_D0036,70.59050857235226,24C,24C_constant_4A,RF_full_150,24C,82.10367419360372,11.51316562125146,11.51316562125146
B0034,B0034_D0037,70.22098350922657,24C,24C_constant_4A,RF_full_150,24C,82.01783419881585,11.796850689589277,11.796850689589277
B0034,B0034_D0038,73.67529549303433,24C,24C_constant_4A,RF_full_150,24C,82.01043248993324,8.33513699689891,8.33513699689891
B0034,B0034_D0039,74.63293003225745,24C,24C_constant_4A,RF_full_150,24C,82.00289692386343,7.3699668916059835,7.3699668916059835
B0034,B0034_D0040,74.10130074972967,24C,24C_constant_4A,RF_full_150,24C,81.94760345553496,7.846302705805286,7.846302705805286
B0034,B0034_D0041,71.17876788294974,24C,24C_constant_4A,RF_full_150,24C,82.07695247201966,10.898184589069913,10.898184589069913
B0034,B0034_D0042,70.19126098622675,24C,24C_constant_4A,RF_full_150,24C,82.05660916007795,11.865348173851203,11.865348173851203
B0034,B0034_D0043,76.81586739418061,24C,24C_constant_4A,RF_full_150,24C,82.01783419881585,5.201966804635234,5.201966804635234
B0034,B0034_D0044,77.20183584088366,24C,24C_constant_4A,RF_full_150,24C,81.99873506811711,4.796899227233453,4.796899227233453
B0034,B0034_D0045,75.39460776801245,24C,24C_constant_4A,RF_full_150,24C,81.93837959490351,6.54377182689106,6.54377182689106
B0034,B0034_D0046,91.01530029345544,24C,24C_constant_4A,RF_full_150,24C,82.04407998122421,-8.971220312231225,8.971220312231225
B0034,B0034_D0047,79.68287879113322,24C,24C_constant_4A,RF_full_150,24C,82.04226904065177,2.3593902495185546,2.3593902495185546
B0034,B0034_D0048,76.65352324840485,24C,24C_constant_4A,RF_full_150,24C,81.90526591935254,5.251742670947692,5.251742670947692
B0034,B0034_D0049,74.31071546553642,24C,24C_constant_4A,RF_full_150,24C,82.00305921728001,7.692343751743593,7.692343751743593
B0034,B0034_D0050,75.14659424133892,24C,24C_constant_4A,RF_full_150,24C,81.90142140528367,6.7548271639447535,6.7548271639447535
B0034,B0034_D0051,76.0109270346403,24C,24C_constant_4A,RF_full_150,24C,81.92910430333016,5.91817726868986,5.91817726868986
B0034,B0034_D0052,75.59097367502233,24C,24C_constant_4A,RF_full_150,24C,82.04213172390995,6.451158048887621,6.451158048887621
B0034,B0034_D0053,73.23006509104525,24C,24C_constant_4A,RF_full_150,24C,81.97455914488947,8.744494053844221,8.744494053844221
B0034,B0034_D0054,72.73070480755874,24C,24C_constant_4A,RF_full_150,24C,81.93600386128892,9.205299053730187,9.205299053730187
B0034,B0034_D0055,71.6670024510207,24C,24C_constant_4A,RF_full_150,24C,82.03667827234159,10.369675821320882,10.369675821320882
B0034,B0034_D0056,72.46631173198081,24C,24C_constant_4A,RF_full_150,24C,82.03971665067584,9.573404918695033,9.573404918695033
B0034,B0034_D0057,74.7599910899454,24C,24C_constant_4A,RF_full_150,24C,81.90526591935254,7.145274829407143,7.145274829407143
B0034,B0034_D0058,73.60295120923004,24C,24C_constant_4A,RF_full_150,24C,81.90772254164197,8.304771332411931,8.304771332411931
B0034,B0034_D0059,70.48691507324364,24C,24C_constant_4A,RF_full_150,24C,81.99777718873979,11.510862115496153,11.510862115496153
B0034,B0034_D0060,69.30972090692087,24C,24C_constant_4A,RF_full_150,24C,81.93115712723124,12.621436220310372,12.621436220310372
B0034,B0034_D0061,68.12062703775268,24C,24C_constant_4A,RF_full_150,24C,82.03825202398569,13.917624986233008,13.917624986233008
B0034,B0034_D0062,72.35688722538639,24C,24C_constant_4A,RF_full_150,24C,81.93600386128892,9.579116635902537,9.579116635902537
B0034,B0034_D0063,72.77241695225024,24C,24C_constant_4A,RF_full_150,24C,81.96335630347332,9.19093935122308,9.19093935122308
B0034,B0034_D0064,72.11976083651479,24C,24C_constant_4A,RF_full_150,24C,81.95424916139686,9.834488324882074,9.834488324882074
B0034,B0034_D0065,68.87709729948025,24C,24C_constant_4A,RF_full_150,24C,82.01783419881585,13.140736899335593,13.140736899335593
B0034,B0034_D0066,67.69967946450267,24C,24C_constant_4A,RF_full_150,24C,82.01783419881585,14.318154734313183,14.318154734313183
B0034,B0034_D0067,77.54519430832224,24C,24C_constant_4A,RF_full_150,24C,81.92910430333016,4.383909995007926,4.383909995007926
B0034,B0034_D0068,77.81466348876434,24C,24C_constant_4A,RF_full_150,24C,82.00289692386343,4.188233435099093,4.188233435099093
B0034,B0034_D0069,75.33763302532354,24C,24C_constant_4A,RF_full_150,24C,82.02827022648253,6.690637201158992,6.690637201158992
B0034,B0034_D0070,72.2069366651383,24C,24C_constant_4A,RF_full_150,24C,81.89664595356427,9.689709288425973,9.689709288425973
B0034,B0034_D0071,70.72051905646218,24C,24C_constant_4A,RF_full_150,24C,82.00289692386343,11.282377867401252,11.282377867401252
B0034,B0034_D0072,69.48787106181365,24C,24C_constant_4A,RF_full_150,24C,82.03667827234159,12.54880721052794,12.54880721052794
B0034,B0034_D0073,72.49841557376496,24C,24C_constant_4A,RF_full_150,24C,81.92910430333016,9.430688729565205,9.430688729565205
B0034,B0034_D0074,73.39326534006084,24C,24C_constant_4A,RF_full_150,24C,82.06218339118941,8.668918051128571,8.668918051128571
B0034,B0034_D0075,71.45322155222533,24C,24C_constant_4A,RF_full_150,24C,82.03520700036296,10.58198544813763,10.58198544813763
B0034,B0034_D0076,68.83724173341635,24C,24C_constant_4A,RF_full_150,24C,81.91290124748696,13.075659514070608,13.075659514070608
B0034,B0034_D0077,67.57906631260528,24C,24C_constant_4A,RF_full_150,24C,81.94164439315115,14.362578080545873,14.362578080545873
B0034,B0034_D0078,67.6996736414464,24C,24C_constant_4A,RF_full_150,24C,82.03825202398569,14.338578382539296,14.338578382539296
B0034,B0034_D0079,67.88582558446883,24C,24C_constant_4A,RF_full_150,24C,82.01043248993324,14.124606905464404,14.124606905464404
B0034,B0034_D0080,66.70846576755135,24C,24C_constant_4A,RF_full_150,24C,81.99777718873979,15.289311421188444,15.289311421188444
B0034,B0034_D0081,66.86073944391994,24C,24C_constant_4A,RF_full_150,24C,82.03667827234159,15.17593882842165,15.17593882842165
B0034,B0034_D0082,66.95226121384636,24C,24C_constant_4A,RF_full_150,24C,81.96716183819845,15.014900624352094,15.014900624352094
B0034,B0034_D0083,67.19622302378161,24C,24C_constant_4A,RF_full_150,24C,81.9175941081842,14.721371084402591,14.721371084402591
B0034,B0034_D0084,67.27393096045122,24C,24C_constant_4A,RF_full_150,24C,82.01783419881585,14.743903238364624,14.743903238364624
B0034,B0034_D0085,67.41131514841273,24C,24C_constant_4A,RF_full_150,24C,82.04463789056949,14.633322742156764,14.633322742156764
B0034,B0034_D0086,66.86596149788029,24C,24C_constant_4A,RF_full_150,24C,82.01972341155243,15.153761913672142,15.153761913672142
B0034,B0034_D0087,67.01261670776518,24C,24C_constant_4A,RF_full_150,24C,81.94311966277255,14.93050295500737,14.93050295500737
B0034,B0034_D0088,66.45482841189559,24C,24C_constant_4A,RF_full_150,24C,81.97455914488947,15.519730732993878,15.519730732993878
B0034,B0034_D0089,66.61742827883175,24C,24C_constant_4A,RF_full_150,24C,81.93138981429989,15.313961535468138,15.313961535468138
B0034,B0034_D0090,67.50770655277758,24C,24C_constant_4A,RF_full_150,24C,81.97455914488947,14.466852592111891,14.466852592111891
B0034,B0034_D0091,69.0761720527064,24C,24C_constant_4A,RF_full_150,24C,81.92910430333016,12.852932250623766,12.852932250623766
B0034,B0034_D0092,69.17985976408903,24C,24C_constant_4A,RF_full_150,24C,81.8692578412716,12.689398077182574,12.689398077182574
B0034,B0034_D0093,66.5058093104045,24C,24C_constant_4A,RF_full_150,24C,81.96716183819845,15.461352527793949,15.461352527793949
B0034,B0034_D0094,65.88491060851615,24C,24C_constant_4A,RF_full_150,24C,81.97455914488947,16.089648536373318,16.089648536373318
B0034,B0034_D0095,65.31828859825636,24C,24C_constant_4A,RF_full_150,24C,81.92260440513431,16.60431580687795,16.60431580687795
B0034,B0034_D0096,66.90783691896891,24C,24C_constant_4A,RF_full_150,24C,81.91241450964286,15.004577590673946,15.004577590673946
B0034,B0034_D0097,67.81629046082533,24C,24C_constant_4A,RF_full_150,24C,81.93789088150389,14.121600420678561,14.121600420678561
B0034,B0034_D0098,68.24498764775029,24C,24C_constant_4A,RF_full_150,24C,81.90526591935254,13.660278271602252,13.660278271602252
B0034,B0034_D0099,66.68819987767529,24C,24C_constant_4A,RF_full_150,24C,82.08842506572796,15.400225188052673,15.400225188052673
B0034,B0034_D0100,65.30061834329382,24C,24C_constant_4A,RF_full_150,24C,81.99892229478725,16.69830395149343,16.69830395149343
B0034,B0034_D0101,65.50934180687904,24C,24C_constant_4A,RF_full_150,24C,81.97455914488947,16.465217338010433,16.465217338010433
B0034,B0034_D0102,67.83834470848052,24C,24C_constant_4A,RF_full_150,24C,82.01783419881585,14.179489490335328,14.179489490335328
B0034,B0034_D0103,69.58428716793858,24C,24C_constant_4A,RF_full_150,24C,82.03520700036296,12.450919832424375,12.450919832424375
B0034,B0034_D0104,68.14967539672388,24C,24C_constant_4A,RF_full_150,24C,81.9680592466936,13.81838384996972,13.81838384996972
B0034,B0034_D0105,66.05855986950314,24C,24C_constant_4A,RF_full_150,24C,81.94622494135331,15.887665071850165,15.887665071850165
B0034,B0034_D0106,65.37434507796678,24C,24C_constant_4A,RF_full_150,24C,82.01043248993324,16.636087411966457,16.636087411966457
B0034,B0034_D0107,65.52940947741745,24C,24C_constant_4A,RF_full_150,24C,81.8692578412716,16.33984836385416,16.33984836385416
B0034,B0034_D0108,68.8156334098332,24C,24C_constant_4A,RF_full_150,24C,81.91241450964286,13.096781099809661,13.096781099809661
B0034,B0034_D0109,69.58824645661436,24C,24C_constant_4A,RF_full_150,24C,81.93600386128892,12.347757404674567,12.347757404674567
B0034,B0034_D0110,68.24873176726763,24C,24C_constant_4A,RF_full_150,24C,82.02617706306343,13.7774452957958,13.7774452957958
B0034,B0034_D0111,66.09546968645948,24C,24C_constant_4A,RF_full_150,24C,82.024701793442,15.929232106982525,15.929232106982525
B0034,B0034_D0112,65.45016944036956,24C,24C_constant_4A,RF_full_150,24C,82.01972341155243,16.56955397118287,16.56955397118287
B0034,B0034_D0113,66.63502860986867,24C,24C_constant_4A,RF_full_150,24C,81.93256371398486,15.297535104116193,15.297535104116193
B0034,B0034_D0115,68.867378140973,24C,24C_constant_4A,RF_full_150,24C,81.98857450433184,13.121196363358834,13.121196363358834
B0034,B0034_D0116,67.4379943838875,24C,24C_constant_4A,RF_full_150,24C,82.05767300450736,14.619678620619865,14.619678620619865
B0034,B0034_D0117,67.50752279940573,24C,24C_constant_4A,RF_full_150,24C,81.98751535891043,14.479992559504694,14.479992559504694
B0034,B0034_D0118,66.93907437542977,24C,24C_constant_4A,RF_full_150,24C,82.0428800605232,15.103805685093434,15.103805685093434
B0034,B0034_D0119,66.26685605201342,24C,24C_constant_4A,RF_full_150,24C,82.04965987796534,15.782803825951916,15.782803825951916
B0034,B0034_D0120,66.54080298167024,24C,24C_constant_4A,RF_full_150,24C,81.98857450433184,15.447771522661597,15.447771522661597
B0034,B0034_D0121,66.65416883092516,24C,24C_constant_4A,RF_full_150,24C,81.91290124748696,15.258732416561799,15.258732416561799
B0034,B0034_D0122,66.66613267447961,24C,24C_constant_4A,RF_full_150,24C,81.97661196879052,15.310479294310909,15.310479294310909
B0034,B0034_D0123,66.32140548758238,24C,24C_constant_4A,RF_full_150,24C,82.03825202398569,15.71684653640331,15.71684653640331
B0034,B0034_D0124,66.19855204934285,24C,24C_constant_4A,RF_full_150,24C,81.94311966277255,15.744567613429695,15.744567613429695
B0034,B0034_D0125,66.24682112535578,24C,24C_constant_4A,RF_full_150,24C,82.00305921728001,15.756238091924232,15.756238091924232
B0034,B0034_D0126,66.41533837785461,24C,24C_constant_4A,RF_full_150,24C,81.97455914488947,15.559220767034859,15.559220767034859
B0034,B0034_D0127,65.7292174454613,24C,24C_constant_4A,RF_full_150,24C,82.02086851759992,16.29165107213862,16.29165107213862
B0034,B0034_D0128,65.83420899271653,24C,24C_constant_4A,RF_full_150,24C,82.04242984021755,16.208220847501025,16.208220847501025
B0034,B0034_D0129,65.20863824827036,24C,24C_constant_4A,RF_full_150,24C,81.97661196879052,16.76797372052016,16.76797372052016
B0034,B0034_D0130,67.67225036786154,24C,24C_constant_4A,RF_full_150,24C,82.00289692386343,14.330646556001895,14.330646556001895
B0034,B0034_D0131,68.5647041256893,24C,24C_constant_4A,RF_full_150,24C,81.91241450964286,13.347710383953554,13.347710383953554
B0034,B0034_D0132,67.88496609612555,24C,24C_constant_4A,RF_full_150,24C,81.92910430333016,14.044138207204611,14.044138207204611
B0034,B0034_D0133,66.43451545459752,24C,24C_constant_4A,RF_full_150,24C,81.96716183819845,15.532646383600934,15.532646383600934
B0034,B0034_D0134,65.71971634090862,24C,24C_constant_4A,RF_full_150,24C,81.91241450964286,16.19269816873424,16.19269816873424
B0034,B0034_D0135,69.33391515055362,24C,24C_constant_4A,RF_full_150,24C,82.03667827234159,12.702763121787967,12.702763121787967
B0034,B0034_D0136,69.34165229214604,24C,24C_constant_4A,RF_full_150,24C,82.0428800605232,12.701227768377166,12.701227768377166
B0034,B0034_D0137,67.74018689645507,24C,24C_constant_4A,RF_full_150,24C,82.01783419881585,14.277647302360776,14.277647302360776
B0034,B0034_D0138,66.27893834975835,24C,24C_constant_4A,RF_full_150,24C,81.93138981429989,15.652451464541542,15.652451464541542
B0034,B0034_D0139,65.59864338188775,24C,24C_constant_4A,RF_full_150,24C,81.90772254164197,16.30907915975422,16.30907915975422
B0034,B0034_D0140,65.32243974397599,24C,24C_constant_4A,RF_full_150,24C,81.94311966277255,16.620679918796554,16.620679918796554
B0034,B0034_D0141,67.09215940274512,24C,24C_constant_4A,RF_full_150,24C,81.93256371398486,14.840404311239737,14.840404311239737
B0034,B0034_D0142,68.04605085379663,24C,24C_constant_4A,RF_full_150,24C,81.99077994193284,13.944729088136214,13.944729088136214
B0034,B0034_D0143,66.49801838697485,24C,24C_constant_4A,RF_full_150,24C,81.91290124748696,15.414882860512108,15.414882860512108
B0034,B0034_D0144,64.9534693812968,24C,24C_constant_4A,RF_full_150,24C,81.92910430333016,16.975634922033365,16.975634922033365
B0034,B0034_D0145,64.92272185977848,24C,24C_constant_4A,RF_full_150,24C,82.03667827234159,17.113956412563113,17.113956412563113
B0034,B0034_D0146,65.88243045805045,24C,24C_constant_4A,RF_full_150,24C,82.07695247201966,16.194522013969205,16.194522013969205
B0034,B0034_D0147,66.80324282053297,24C,24C_constant_4A,RF_full_150,24C,81.91290124748696,15.109658426953985,15.109658426953985
B0034,B0034_D0148,68.1789868093007,24C,24C_constant_4A,RF_full_150,24C,82.05379588235527,13.874809073054578,13.874809073054578
B0034,B0034_D0149,66.66556270772413,24C,24C_constant_4A,RF_full_150,24C,82.02617706306343,15.360614355339294,15.360614355339294
B0034,B0034_D0150,65.11636731559463,24C,24C_constant_4A,RF_full_150,24C,82.0419868178051,16.925619502210466,16.925619502210466
B0034,B0034_D0151,64.44364222227938,24C,24C_constant_4A,RF_full_150,24C,82.04242984021755,17.59878761793817,17.59878761793817
B0034,B0034_D0152,64.51373097101516,24C,24C_constant_4A,RF_full_150,24C,82.00305921728001,17.489328246264847,17.489328246264847
B0034,B0034_D0153,64.62037828384119,24C,24C_constant_4A,RF_full_150,24C,82.04407998122421,17.423701697383024,17.423701697383024
B0034,B0034_D0154,64.7704575255117,24C,24C_constant_4A,RF_full_150,24C,81.84564218182561,17.07518465631391,17.07518465631391
B0034,B0034_D0155,64.16149407963475,24C,24C_constant_4A,RF_full_150,24C,82.01630580117303,17.854811721538283,17.854811721538283
B0034,B0034_D0156,72.78727012183907,24C,24C_constant_4A,RF_full_150,24C,81.91241450964286,9.125144387803786,9.125144387803786
B0034,B0034_D0157,72.7338171336621,24C,24C_constant_4A,RF_full_150,24C,82.04965987796534,9.31584274430324,9.31584274430324
B0034,B0034_D0158,71.17138590992475,24C,24C_constant_4A,RF_full_150,24C,82.02086851759992,10.84948260767517,10.84948260767517
B0034,B0034_D0159,69.62756051816565,24C,24C_constant_4A,RF_full_150,24C,81.94311966277255,12.315559144606894,12.315559144606894
B0034,B0034_D0160,68.82866246873454,24C,24C_constant_4A,RF_full_150,24C,82.00289692386343,13.174234455128897,13.174234455128897
B0034,B0034_D0161,69.05095414491176,24C,24C_constant_4A,RF_full_150,24C,82.00289692386343,12.951942778951675,12.951942778951675
B0034,B0034_D0162,70.03784160836432,24C,24C_constant_4A,RF_full_150,24C,82.07695247201966,12.039110863655338,12.039110863655338
B0034,B0034_D0163,68.7322651739986,24C,24C_constant_4A,RF_full_150,24C,81.94311966277255,13.210854488773947,13.210854488773947
B0034,B0034_D0164,66.72962057198919,24C,24C_constant_4A,RF_full_150,24C,81.92910430333016,15.199483731340976,15.199483731340976
B0034,B0034_D0165,66.8198310782369,24C,24C_constant_4A,RF_full_150,24C,82.02617706306343,15.206345984826527,15.206345984826527
B0034,B0034_D0166,65.34576485878124,24C,24C_constant_4A,RF_full_150,24C,81.92910430333016,16.583339444548926,16.583339444548926
B0034,B0034_D0167,67.07697283370405,24C,24C_constant_4A,RF_full_150,24C,81.97455914488947,14.897586311185421,14.897586311185421
B0034,B0034_D0168,67.3194485080961,24C,24C_constant_4A,RF_full_150,24C,81.91241450964286,14.592966001546756,14.592966001546756
B0034,B0034_D0169,67.2494903638887,24C,24C_constant_4A,RF_full_150,24C,81.96716183819845,14.717671474309753,14.717671474309753
B0034,B0034_D0170,65.79380402523893,24C,24C_constant_4A,RF_full_150,24C,82.00289692386343,16.209092898624505,16.209092898624505
B0034,B0034_D0171,64.86383444870044,24C,24C_constant_4A,RF_full_150,24C,81.93837959490351,17.074545146203064,17.074545146203064
B0034,B0034_D0172,64.25627605502824,24C,24C_constant_4A,RF_full_150,24C,81.97661196879052,17.720335913762284,17.720335913762284
B0034,B0034_D0173,65.95104578265126,24C,24C_constant_4A,RF_full_150,24C,82.04965987796534,16.098614095314076,16.098614095314076
B0034,B0034_D0174,67.05048924645497,24C,24C_constant_4A,RF_full_150,24C,82.03667827234159,14.986189025886617,14.986189025886617
B0034,B0034_D0175,66.3063491941373,24C,24C_constant_4A,RF_full_150,24C,81.8692578412716,15.562908647134307,15.562908647134307
B0034,B0034_D0176,65.45721339995362,24C,24C_constant_4A,RF_full_150,24C,81.91241450964286,16.45520110968924,16.45520110968924
B0034,B0034_D0177,68.15006448085725,24C,24C_constant_4A,RF_full_150,24C,81.90237151682258,13.75230703596533,13.75230703596533
B0034,B0034_D0178,66.4642850843597,24C,24C_constant_4A,RF_full_150,24C,81.91241450964286,15.448129425283156,15.448129425283156
B0034,B0034_D0179,64.84542965310928,24C,24C_constant_4A,RF_full_150,24C,82.03971665067584,17.194286997566564,17.194286997566564
B0034,B0034_D0180,64.93142962470698,24C,24C_constant_4A,RF_full_150,24C,82.04965987796534,17.11823025325836,17.11823025325836
B0034,B0034_D0181,64.20328805910971,24C,24C_constant_4A,RF_full_150,24C,82.00289692386343,17.799608864753722,17.799608864753722
B0034,B0034_D0182,65.10507957068181,24C,24C_constant_4A,RF_full_150,24C,81.96716183819845,16.86208226751664,16.86208226751664
B0034,B0034_D0183,65.44538175865668,24C,24C_constant_4A,RF_full_150,24C,82.03484710838484,16.589465349728158,16.589465349728158
B0034,B0034_D0184,63.61259848256956,24C,24C_constant_4A,RF_full_150,24C,81.89522116961464,18.282622687045084,18.282622687045084
B0034,B0034_D0185,63.80057671801656,24C,24C_constant_4A,RF_full_150,24C,81.92910430333016,18.128527585313606,18.128527585313606
B0034,B0034_D0186,63.02526501551502,24C,24C_constant_4A,RF_full_150,24C,82.03825202398569,19.012987008470674,19.012987008470674
B0034,B0034_D0187,63.30340625673559,24C,24C_constant_4A,RF_full_150,24C,82.03520700036296,18.731800743627367,18.731800743627367
B0034,B0034_D0188,63.29145084326405,24C,24C_constant_4A,RF_full_150,24C,82.04242984021755,18.7509789969535,18.7509789969535
B0034,B0034_D0189,63.27936949103496,24C,24C_constant_4A,RF_full_150,24C,82.00289692386343,18.72352743282847,18.72352743282847
B0034,B0034_D0190,63.31799161513777,24C,24C_constant_4A,RF_full_150,24C,82.0564423544289,18.738450739291125,18.738450739291125
B0034,B0034_D0191,64.34239716364452,24C,24C_constant_4A,RF_full_150,24C,81.99568185341636,17.653284689771837,17.653284689771837
B0034,B0034_D0192,63.50130823066045,24C,24C_constant_4A,RF_full_150,24C,82.03971665067584,18.538408420015394,18.538408420015394
B0034,B0034_D0193,67.299126646246,24C,24C_constant_4A,RF_full_150,24C,82.0419868178051,14.742860171559101,14.742860171559101
B0034,B0034_D0194,66.43437657706889,24C,24C_constant_4A,RF_full_150,24C,82.00289692386343,15.568520346794543,15.568520346794543
B0034,B0034_D0195,65.601535991704,24C,24C_constant_4A,RF_full_150,24C,81.90142140528367,16.299885413579673,16.299885413579673
B0034,B0034_D0196,64.7562746480599,24C,24C_constant_4A,RF_full_150,24C,82.07026969256732,17.313995044507422,17.313995044507422
B0034,B0034_D0197,64.01300802981667,24C,24C_constant_4A,RF_full_150,24C,82.07695247201966,18.06394444220298,18.06394444220298
B0036,B0036_D0002,90.05503783144462,24C,24C_constant_2A,RF_full_150,24C,77.68727601369235,-12.367761817752267,12.367761817752267
B0036,B0036_D0003,90.22114928010312,24C,24C_constant_2A,RF_full_150,24C,77.59648101137722,-12.624668268725898,12.624668268725898
B0036,B0036_D0004,90.21944168864144,24C,24C_constant_2A,RF_full_150,24C,77.75808185249204,-12.461359836149398,12.461359836149398
B0036,B0036_D0005,89.94624435892123,24C,24C_constant_2A,RF_full_150,24C,79.29689159082349,-10.649352768097742,10.649352768097742
B0036,B0036_D0006,89.6498260836196,24C,24C_constant_2A,RF_full_150,24C,79.22815331288334,-10.421672770736265,10.421672770736265
B0036,B0036_D0007,89.42753992810945,24C,24C_constant_2A,RF_full_150,24C,79.37154863548827,-10.055991292621187,10.055991292621187
B0036,B0036_D0008,89.45428465363851,24C,24C_constant_2A,RF_full_150,24C,79.18850277049832,-10.265781883140193,10.265781883140193
B0036,B0036_D0009,89.46568656416643,24C,24C_constant_2A,RF_full_150,24C,79.2387744125965,-10.226912151569934,10.226912151569934
B0036,B0036_D0010,89.30379729740434,24C,24C_constant_2A,RF_full_150,24C,79.77905170293083,-9.524745594473515,9.524745594473515
B0036,B0036_D0011,89.18162124825409,24C,24C_constant_2A,RF_full_150,24C,79.1852509749737,-9.996370273280391,9.996370273280391
B0036,B0036_D0012,89.1486436903636,24C,24C_constant_2A,RF_full_150,24C,79.27106217757331,-9.877581512790286,9.877581512790286
B0036,B0036_D0013,89.06887981629833,24C,24C_constant_2A,RF_full_150,24C,79.37208782851918,-9.69679198777915,9.69679198777915
B0036,B0036_D0014,88.92679772966473,24C,24C_constant_2A,RF_full_150,24C,79.38326989785241,-9.543527831812312,9.543527831812312
B0036,B0036_D0015,88.795215454717,24C,24C_constant_2A,RF_full_150,24C,79.08750467168969,-9.70771078302731,9.70771078302731
B0036,B0036_D0016,88.90213324952957,24C,24C_constant_2A,RF_full_150,24C,79.62786792483234,-9.274265324697225,9.274265324697225
B0036,B0036_D0017,89.15014666795828,24C,24C_constant_2A,RF_full_150,24C,78.73817722974663,-10.411969438211656,10.411969438211656
B0036,B0036_D0018,89.41500212306937,24C,24C_constant_2A,RF_full_150,24C,80.08510413073047,-9.3298979923389,9.3298979923389
B0036,B0036_D0019,88.96473562890131,24C,24C_constant_2A,RF_full_150,24C,79.64280733244652,-9.321928296454786,9.321928296454786
B0036,B0036_D0020,88.54617750225927,24C,24C_constant_2A,RF_full_150,24C,79.62679314179898,-8.919384360460285,8.919384360460285
B0036,B0036_D0021,88.29525090400551,24C,24C_constant_2A,RF_full_150,24C,79.46292048980389,-8.832330414201621,8.832330414201621
B0036,B0036_D0022,89.13464620734622,24C,24C_constant_2A,RF_full_150,24C,77.30005444543909,-11.834591761907134,11.834591761907134
B0036,B0036_D0023,89.82331036460101,24C,24C_constant_2A,RF_full_150,24C,77.73714830761466,-12.086162056986353,12.086162056986353
B0036,B0036_D0024,89.54541766711449,24C,24C_constant_2A,RF_full_150,24C,77.70371879928643,-11.841698867828057,11.841698867828057
B0036,B0036_D0025,89.259001404437,24C,24C_constant_2A,RF_full_150,24C,77.79679089659176,-11.462210507845242,11.462210507845242
B0036,B0036_D0026,89.05671588273262,24C,24C_constant_2A,RF_full_150,24C,77.86189447978654,-11.194821402946076,11.194821402946076
B0036,B0036_D0027,88.77788894611784,24C,24C_constant_2A,RF_full_150,24C,77.9140213974186,-10.863867548699247,10.863867548699247
B0036,B0036_D0028,88.84429353080576,24C,24C_constant_2A,RF_full_150,24C,77.68178128571026,-11.162512245095499,11.162512245095499
B0036,B0036_D0029,88.56541705189107,24C,24C_constant_2A,RF_full_150,24C,77.86722083830604,-10.698196213585035,10.698196213585035
B0036,B0036_D0030,88.56674420437068,24C,24C_constant_2A,RF_full_150,24C,77.73638436028536,-10.830359844085322,10.830359844085322
B0036,B0036_D0031,88.30421433202525,24C,24C_constant_2A,RF_full_150,24C,77.55124712709603,-10.75296720492922,10.75296720492922
B0036,B0036_D0032,87.96396831706164,24C,24C_constant_2A,RF_full_150,24C,77.87157400406085,-10.092394313000796,10.092394313000796
B0036,B0036_D0033,88.05184406881213,24C,24C_constant_2A,RF_full_150,24C,77.56801042001129,-10.48383364880084,10.48383364880084
B0036,B0036_D0034,88.01213836828529,24C,24C_constant_2A,RF_full_150,24C,77.8270682309308,-10.185070137354487,10.185070137354487
B0036,B0036_D0035,87.77949708017198,24C,24C_constant_2A,RF_full_150,24C,77.459411734109,-10.320085346062982,10.320085346062982
B0036,B0036_D0036,87.72801088327796,24C,24C_constant_2A,RF_full_150,24C,77.71826934132767,-10.00974154195029,10.00974154195029
B0036,B0036_D0037,87.49554168047447,24C,24C_constant_2A,RF_full_150,24C,77.66816827676375,-9.827373403710723,9.827373403710723
B0036,B0036_D0038,88.05112762651879,24C,24C_constant_2A,RF_full_150,24C,77.7098261110253,-10.341301515493498,10.341301515493498
B0036,B0036_D0039,88.12047287168558,24C,24C_constant_2A,RF_full_150,24C,78.1489595884538,-9.971513283231772,9.971513283231772
B0036,B0036_D0040,87.68085198560338,24C,24C_constant_2A,RF_full_150,24C,78.19966368785137,-9.481188297752013,9.481188297752013
B0036,B0036_D0041,87.3102238759584,24C,24C_constant_2A,RF_full_150,24C,77.5236753359346,-9.786548540023801,9.786548540023801
B0036,B0036_D0042,87.03088086384862,24C,24C_constant_2A,RF_full_150,24C,77.57890268341487,-9.451978180433755,9.451978180433755
B0036,B0036_D0043,87.5345202212841,24C,24C_constant_2A,RF_full_150,24C,77.18018143088942,-10.354338790394678,10.354338790394678
B0036,B0036_D0044,88.25560275769575,24C,24C_constant_2A,RF_full_150,24C,78.06254694742645,-10.1930558102693,10.1930558102693
B0036,B0036_D0045,88.15944133782439,24C,24C_constant_2A,RF_full_150,24C,78.22468346727861,-9.93475787054578,9.93475787054578
B0036,B0036_D0046,99.2746476448548,24C,24C_constant_2A,RF_full_150,24C,80.64781667612033,-18.626830968734467,18.626830968734467
B0036,B0036_D0047,88.26778654066621,24C,24C_constant_2A,RF_full_150,24C,77.62989314500577,-10.637893395660441,10.637893395660441
B0036,B0036_D0048,87.85940191563638,24C,24C_constant_2A,RF_full_150,24C,77.42475746671562,-10.434644448920764,10.434644448920764
B0036,B0036_D0049,87.86885330922219,24C,24C_constant_2A,RF_full_150,24C,77.23994043225,-10.628912876972194,10.628912876972194
B0036,B0036_D0050,88.08688063989906,24C,24C_constant_2A,RF_full_150,24C,77.73388160087993,-10.352999039019139,10.352999039019139
B0036,B0036_D0051,88.03446273818332,24C,24C_constant_2A,RF_full_150,24C,77.96722471242492,-10.0672380257584,10.0672380257584
B0036,B0036_D0052,88.03347810784915,24C,24C_constant_2A,RF_full_150,24C,77.81421899847675,-10.219259109372402,10.219259109372402
B0036,B0036_D0053,87.6481901324576,24C,24C_constant_2A,RF_full_150,24C,77.2327514350668,-10.415438697390798,10.415438697390798
B0036,B0036_D0054,87.52678540120735,24C,24C_constant_2A,RF_full_150,24C,77.5723413854577,-9.954444015749644,9.954444015749644
B0036,B0036_D0055,87.50380997668643,24C,24C_constant_2A,RF_full_150,24C,77.60227383732993,-9.901536139356494,9.901536139356494
B0036,B0036_D0056,87.32978901139192,24C,24C_constant_2A,RF_full_150,24C,77.42606425361632,-9.903724757775606,9.903724757775606
B0036,B0036_D0057,87.68071433943535,24C,24C_constant_2A,RF_full_150,24C,77.67356358785223,-10.007150751583126,10.007150751583126
B0036,B0036_D0058,87.53625149601744,24C,24C_constant_2A,RF_full_150,24C,77.91097065698384,-9.625280839033607,9.625280839033607
B0036,B0036_D0059,87.16526745405055,24C,24C_constant_2A,RF_full_150,24C,77.30441961345137,-9.860847840599178,9.860847840599178
B0036,B0036_D0060,86.68312526388094,24C,24C_constant_2A,RF_full_150,24C,77.12116980670568,-9.561955457175259,9.561955457175259
B0036,B0036_D0061,86.59603525769464,24C,24C_constant_2A,RF_full_150,24C,77.09927158728223,-9.496763670412406,9.496763670412406
B0036,B0036_D0062,87.14302261375731,24C,24C_constant_2A,RF_full_150,24C,77.2056762076443,-9.937346406113008,9.937346406113008
B0036,B0036_D0063,87.1653485549856,24C,24C_constant_2A,RF_full_150,24C,77.64313947424782,-9.522209080737781,9.522209080737781
B0036,B0036_D0064,86.9262253136348,24C,24C_constant_2A,RF_full_150,24C,77.57505028289452,-9.35117503074028,9.35117503074028
B0036,B0036_D0065,86.47811331873486,24C,24C_constant_2A,RF_full_150,24C,76.87881858479741,-9.599294733937441,9.599294733937441
B0036,B0036_D0066,86.36518382871043,24C,24C_constant_2A,RF_full_150,24C,77.11302437587302,-9.252159452837404,9.252159452837404
B0036,B0036_D0067,87.24685245535956,24C,24C_constant_2A,RF_full_150,24C,76.74903908595329,-10.497813369406273,10.497813369406273
B0036,B0036_D0068,88.21216035566846,24C,24C_constant_2A,RF_full_150,24C,77.35730695360883,-10.854853402059632,10.854853402059632
B0036,B0036_D0069,87.52441016024798,24C,24C_constant_2A,RF_full_150,24C,77.32113867031514,-10.203271489932845,10.203271489932845
B0036,B0036_D0070,87.21355407739962,24C,24C_constant_2A,RF_full_150,24C,77.0074701058671,-10.206083971532522,10.206083971532522
B0036,B0036_D0071,86.82706961686975,24C,24C_constant_2A,RF_full_150,24C,77.07568210453567,-9.751387512334077,9.751387512334077
B0036,B0036_D0072,86.6611546552878,24C,24C_constant_2A,RF_full_150,24C,77.02363695608078,-9.637517699207024,9.637517699207024
B0036,B0036_D0073,86.930311454381,24C,24C_constant_2A,RF_full_150,24C,77.0849485147444,-9.845362939636601,9.845362939636601
B0036,B0036_D0074,87.16067476873096,24C,24C_constant_2A,RF_full_150,24C,77.3396557490703,-9.821019019660653,9.821019019660653
B0036,B0036_D0075,86.66349107416485,24C,24C_constant_2A,RF_full_150,24C,77.23920033343406,-9.424290740730797,9.424290740730797
B0036,B0036_D0076,86.49453145831636,24C,24C_constant_2A,RF_full_150,24C,77.06603591827471,-9.428495540041652,9.428495540041652
B0036,B0036_D0077,86.02201674420674,24C,24C_constant_2A,RF_full_150,24C,77.19331593540946,-8.82870080879728,8.82870080879728
B0036,B0036_D0078,86.22103645064566,24C,24C_constant_2A,RF_full_150,24C,76.97977156637234,-9.24126488427332,9.24126488427332
B0036,B0036_D0079,86.07436407030583,24C,24C_constant_2A,RF_full_150,24C,77.11714776272626,-8.957216307579571,8.957216307579571
B0036,B0036_D0080,85.9872438678463,24C,24C_constant_2A,RF_full_150,24C,77.06443777775915,-8.92280609008715,8.92280609008715
B0036,B0036_D0081,85.82152071072947,24C,24C_constant_2A,RF_full_150,24C,76.60969564250136,-9.211825068228109,9.211825068228109
B0036,B0036_D0082,85.56014626649811,24C,24C_constant_2A,RF_full_150,24C,77.17338308611629,-8.38676318038182,8.38676318038182
B0036,B0036_D0083,85.5117161579961,24C,24C_constant_2A,RF_full_150,24C,77.48370235506704,-8.028013802929067,8.028013802929067
B0036,B0036_D0084,85.65484410755145,24C,24C_constant_2A,RF_full_150,24C,77.0006734847979,-8.654170622753554,8.654170622753554
B0036,B0036_D0085,85.51854308604068,24C,24C_constant_2A,RF_full_150,24C,76.64235276297332,-8.876190323067362,8.876190323067362
B0036,B0036_D0086,85.32308648060717,24C,24C_constant_2A,RF_full_150,24C,77.1194878211036,-8.20359865950357,8.20359865950357
B0036,B0036_D0087,85.14714989555473,24C,24C_constant_2A,RF_full_150,24C,76.7647855302694,-8.382364365285326,8.382364365285326
B0036,B0036_D0088,85.36306321920031,24C,24C_constant_2A,RF_full_150,24C,77.1232173070449,-8.239845912155417,8.239845912155417
B0036,B0036_D0089,85.19318598383039,24C,24C_constant_2A,RF_full_150,24C,77.27968944399836,-7.913496539832025,7.913496539832025
B0036,B0036_D0090,85.39808974211137,24C,24C_constant_2A,RF_full_150,24C,77.03811583997941,-8.359973902131955,8.359973902131955
B0036,B0036_D0091,85.56511416813895,24C,24C_constant_2A,RF_full_150,24C,77.30495974091151,-8.260154427227434,8.260154427227434
B0036,B0036_D0092,85.7061028736122,24C,24C_constant_2A,RF_full_150,24C,77.11350668092177,-8.592596192690422,8.592596192690422
B0036,B0036_D0093,85.26662462850803,24C,24C_constant_2A,RF_full_150,24C,77.25794948962434,-8.008675138883689,8.008675138883689
B0036,B0036_D0094,84.67304736265704,24C,24C_constant_2A,RF_full_150,24C,76.86999877665367,-7.803048586003371,7.803048586003371
B0036,B0036_D0095,84.52622063615112,24C,24C_constant_2A,RF_full_150,24C,76.25366450250017,-8.272556133650951,8.272556133650951
B0036,B0036_D0096,85.03887429249151,24C,24C_constant_2A,RF_full_150,24C,76.89214198375724,-8.146732308734272,8.146732308734272
B0036,B0036_D0097,84.85552233972288,24C,24C_constant_2A,RF_full_150,24C,77.41674158346414,-7.438780756258737,7.438780756258737
B0036,B0036_D0098,84.98962261475917,24C,24C_constant_2A,RF_full_150,24C,77.4451978901229,-7.544424724636272,7.544424724636272
B0036,B0036_D0099,84.56352386977059,24C,24C_constant_2A,RF_full_150,24C,77.18583473292004,-7.377689136850549,7.377689136850549
B0036,B0036_D0100,84.28563504734932,24C,24C_constant_2A,RF_full_150,24C,77.53057619307057,-6.755058854278744,6.755058854278744
B0036,B0036_D0101,84.16046885643078,24C,24C_constant_2A,RF_full_150,24C,77.41356763215285,-6.746901224277934,6.746901224277934
B0036,B0036_D0102,84.64431820847605,24C,24C_constant_2A,RF_full_150,24C,77.50956603345597,-7.134752175020083,7.134752175020083
B0036,B0036_D0103,84.92334087072317,24C,24C_constant_2A,RF_full_150,24C,76.90875115688308,-8.014589713840081,8.014589713840081
B0036,B0036_D0104,84.67906706914215,24C,24C_constant_2A,RF_full_150,24C,77.25542585643139,-7.423641212710763,7.423641212710763
B0036,B0036_D0105,84.15475626890641,24C,24C_constant_2A,RF_full_150,24C,77.0482479595547,-7.10650830935171,7.10650830935171
B0036,B0036_D0106,84.25231113471493,24C,24C_constant_2A,RF_full_150,24C,77.47272409118264,-6.779587043532288,6.779587043532288
B0036,B0036_D0107,84.01549420008799,24C,24C_constant_2A,RF_full_150,24C,77.08510829538997,-6.930385904698014,6.930385904698014
B0036,B0036_D0108,84.72019218613858,24C,24C_constant_2A,RF_full_150,24C,76.90598531678863,-7.814206869349945,7.814206869349945
B0036,B0036_D0109,84.77843063590052,24C,24C_constant_2A,RF_full_150,24C,77.02783180833619,-7.750598827564332,7.750598827564332
B0036,B0036_D0110,84.20927364175202,24C,24C_constant_2A,RF_full_150,24C,76.74791754638416,-7.4613560953678615,7.4613560953678615
B0036,B0036_D0111,83.61090072435059,24C,24C_constant_2A,RF_full_150,24C,76.42085373496965,-7.190046989380932,7.190046989380932
B0036,B0036_D0112,83.37988482873591,24C,24C_constant_2A,RF_full_150,24C,76.58666578932066,-6.7932190394152485,6.7932190394152485
B0036,B0036_D0113,83.90936893519509,24C,24C_constant_2A,RF_full_150,24C,76.29483848484581,-7.614530450349278,7.614530450349278
B0036,B0036_D0115,84.56701574466102,24C,24C_constant_2A,RF_full_150,24C,76.8336317565036,-7.733383988157414,7.733383988157414
B0036,B0036_D0116,84.01393548306642,24C,24C_constant_2A,RF_full_150,24C,77.28292029830962,-6.731015184756799,6.731015184756799
B0036,B0036_D0117,83.6573650511513,24C,24C_constant_2A,RF_full_150,24C,77.23822113843309,-6.419143912718212,6.419143912718212
B0036,B0036_D0118,83.52146045016214,24C,24C_constant_2A,RF_full_150,24C,77.23052410128365,-6.290936348878489,6.290936348878489
B0036,B0036_D0119,83.29951675057995,24C,24C_constant_2A,RF_full_150,24C,77.27855970762973,-6.020957042950229,6.020957042950229
B0036,B0036_D0120,83.21207876362236,24C,24C_constant_2A,RF_full_150,24C,77.53960574707475,-5.672473016547613,5.672473016547613
B0036,B0036_D0121,83.34225383887483,24C,24C_constant_2A,RF_full_150,24C,76.4048941076471,-6.93735973122773,6.93735973122773
B0036,B0036_D0122,82.97250780333768,24C,24C_constant_2A,RF_full_150,24C,76.51025543536637,-6.462252367971303,6.462252367971303
B0036,B0036_D0123,83.12062615336595,24C,24C_constant_2A,RF_full_150,24C,77.15257956870276,-5.968046584663185,5.968046584663185
B0036,B0036_D0124,83.0176304161285,24C,24C_constant_2A,RF_full_150,24C,77.23085560611322,-5.786774810015274,5.786774810015274
B0036,B0036_D0125,83.05115689816618,24C,24C_constant_2A,RF_full_150,24C,76.35960182394383,-6.69155507422235,6.69155507422235
B0036,B0036_D0126,82.87593778660806,24C,24C_constant_2A,RF_full_150,24C,77.34582752041061,-5.530110266197454,5.530110266197454
B0036,B0036_D0127,82.53938979837274,24C,24C_constant_2A,RF_full_150,24C,76.64636161340661,-5.893028184966127,5.893028184966127
B0036,B0036_D0128,82.6628503105507,24C,24C_constant_2A,RF_full_150,24C,76.38732854778965,-6.275521762761045,6.275521762761045
B0036,B0036_D0129,82.47107423386343,24C,24C_constant_2A,RF_full_150,24C,76.44279648812923,-6.028277745734201,6.028277745734201
B0036,B0036_D0130,83.39295957833353,24C,24C_constant_2A,RF_full_150,24C,77.23469042640417,-6.15826915192936,6.15826915192936
B0036,B0036_D0131,83.54313821624835,24C,24C_constant_2A,RF_full_150,24C,76.78694442303565,-6.756193793212702,6.756193793212702
B0036,B0036_D0132,83.29059082026684,24C,24C_constant_2A,RF_full_150,24C,77.30141605823823,-5.989174762028611,5.989174762028611
B0036,B0036_D0133,82.664992588085,24C,24C_constant_2A,RF_full_150,24C,76.4321305001806,-6.232862087904394,6.232862087904394
B0036,B0036_D0134,82.3439351176426,24C,24C_constant_2A,RF_full_150,24C,76.43040495997731,-5.913530157665292,5.913530157665292
B0036,B0036_D0135,83.59476624851878,24C,24C_constant_2A,RF_full_150,24C,76.75401484975099,-6.840751398767793,6.840751398767793
B0036,B0036_D0136,84.03871731792863,24C,24C_constant_2A,RF_full_150,24C,77.35680019428042,-6.681917123648205,6.681917123648205
B0036,B0036_D0137,83.68858543351537,24C,24C_constant_2A,RF_full_150,24C,77.26785282736479,-6.42073260615058,6.42073260615058
B0036,B0036_D0138,83.02886881243697,24C,24C_constant_2A,RF_full_150,24C,76.13804066321065,-6.890828149226323,6.890828149226323
B0036,B0036_D0139,82.7993890573043,24C,24C_constant_2A,RF_full_150,24C,76.24478246626205,-6.554606591042244,6.554606591042244
B0036,B0036_D0140,82.3431159194922,24C,24C_constant_2A,RF_full_150,24C,77.3071657723058,-5.035950147186412,5.035950147186412
B0036,B0036_D0141,82.87310587716425,24C,24C_constant_2A,RF_full_150,24C,77.18034539515483,-5.692760482009419,5.692760482009419
B0036,B0036_D0142,83.01995587608447,24C,24C_constant_2A,RF_full_150,24C,77.30084303393386,-5.719112842150608,5.719112842150608
B0036,B0036_D0143,82.30394546418556,24C,24C_constant_2A,RF_full_150,24C,77.03976531718067,-5.264180147004893,5.264180147004893
B0036,B0036_D0144,82.04183231329664,24C,24C_constant_2A,RF_full_150,24C,76.5128287675332,-5.5290035457634445,5.5290035457634445
B0036,B0036_D0145,81.722044601408,24C,24C_constant_2A,RF_full_150,24C,76.26509148081647,-5.456953120591535,5.456953120591535
B0036,B0036_D0146,81.87019593252106,24C,24C_constant_2A,RF_full_150,24C,76.38725469922673,-5.482941233294326,5.482941233294326
B0036,B0036_D0147,82.369103770262,24C,24C_constant_2A,RF_full_150,24C,76.23732770031417,-6.131776069947833,6.131776069947833
B0036,B0036_D0148,82.72823220811179,24C,24C_constant_2A,RF_full_150,24C,77.22109895296202,-5.507133255149768,5.507133255149768
B0036,B0036_D0149,82.04482803649675,24C,24C_constant_2A,RF_full_150,24C,76.53635851806405,-5.508469518432705,5.508469518432705
B0036,B0036_D0150,81.32614989669818,24C,24C_constant_2A,RF_full_150,24C,76.48074598559424,-4.8454039111039435,4.8454039111039435
B0036,B0036_D0151,81.08674572315228,24C,24C_constant_2A,RF_full_150,24C,76.38852184484765,-4.698223878304631,4.698223878304631
B0036,B0036_D0152,81.24100029819773,24C,24C_constant_2A,RF_full_150,24C,76.4067445254524,-4.834255772745337,4.834255772745337
B0036,B0036_D0153,80.9400598680685,24C,24C_constant_2A,RF_full_150,24C,76.5721250339982,-4.367934834070297,4.367934834070297
B0036,B0036_D0154,80.68675245167108,24C,24C_constant_2A,RF_full_150,24C,76.63357009950127,-4.053182352169813,4.053182352169813
B0036,B0036_D0155,80.60064118270705,24C,24C_constant_2A,RF_full_150,24C,76.32050456818916,-4.280136614517886,4.280136614517886
B0036,B0036_D0156,83.35516278443589,24C,24C_constant_2A,RF_full_150,24C,76.7004479646809,-6.654714819754986,6.654714819754986
B0036,B0036_D0157,84.25066691943127,24C,24C_constant_2A,RF_full_150,24C,77.33777899840953,-6.912887921021735,6.912887921021735
B0036,B0036_D0158,83.93327493807348,24C,24C_constant_2A,RF_full_150,24C,77.30913507911113,-6.6241398589623515,6.6241398589623515
B0036,B0036_D0159,83.64881751095686,24C,24C_constant_2A,RF_full_150,24C,77.56167073920737,-6.087146771749488,6.087146771749488
B0036,B0036_D0160,83.3244517149827,24C,24C_constant_2A,RF_full_150,24C,76.6133274000377,-6.711124314944996,6.711124314944996
B0036,B0036_D0161,83.49210420355455,24C,24C_constant_2A,RF_full_150,24C,77.49534231820118,-5.996761885353365,5.996761885353365
B0036,B0036_D0162,83.73372114013517,24C,24C_constant_2A,RF_full_150,24C,77.20391413335317,-6.529807006782008,6.529807006782008
B0036,B0036_D0163,83.32522667572822,24C,24C_constant_2A,RF_full_150,24C,77.26434628337398,-6.060880392354235,6.060880392354235
B0036,B0036_D0164,82.61110424173636,24C,24C_constant_2A,RF_full_150,24C,76.55844754349303,-6.052656698243325,6.052656698243325
B0036,B0036_D0165,82.31359137549762,24C,24C_constant_2A,RF_full_150,24C,76.26151602287706,-6.052075352620562,6.052075352620562
B0036,B0036_D0166,82.11996173462605,24C,24C_constant_2A,RF_full_150,24C,76.6362535544128,-5.483708180213242,5.483708180213242
B0036,B0036_D0167,82.5589303549996,24C,24C_constant_2A,RF_full_150,24C,76.548370182447,-6.010560172552601,6.010560172552601
B0036,B0036_D0168,82.40841560140966,24C,24C_constant_2A,RF_full_150,24C,76.89011829661968,-5.518297304789982,5.518297304789982
B0036,B0036_D0169,82.39443862714198,24C,24C_constant_2A,RF_full_150,24C,77.86307389930663,-4.531364727835353,4.531364727835353
B0036,B0036_D0170,81.7921825457841,24C,24C_constant_2A,RF_full_150,24C,77.53290546830563,-4.2592770774784725,4.2592770774784725
B0036,B0036_D0171,81.66181405972758,24C,24C_constant_2A,RF_full_150,24C,76.83981561731319,-4.821998442414383,4.821998442414383
B0036,B0036_D0172,81.49632338414935,24C,24C_constant_2A,RF_full_150,24C,76.68934297792386,-4.806980406225492,4.806980406225492
B0036,B0036_D0173,81.93931314643612,24C,24C_constant_2A,RF_full_150,24C,76.99220285556963,-4.94711029086649,4.94711029086649
B0036,B0036_D0174,81.79827431920386,24C,24C_constant_2A,RF_full_150,24C,77.62185918288944,-4.176415136314418,4.176415136314418
B0036,B0036_D0175,81.55685219837831,24C,24C_constant_2A,RF_full_150,24C,77.14710806873859,-4.409744129639719,4.409744129639719
B0036,B0036_D0176,81.10094860444232,24C,24C_constant_2A,RF_full_150,24C,77.15480714922943,-3.9461414552128957,3.9461414552128957
B0036,B0036_D0177,82.08022489211078,24C,24C_constant_2A,RF_full_150,24C,76.71839680937707,-5.361828082733709,5.361828082733709
B0036,B0036_D0178,81.26545115728902,24C,24C_constant_2A,RF_full_150,24C,76.56265120703664,-4.702799950252384,4.702799950252384
B0036,B0036_D0179,80.98067261119742,24C,24C_constant_2A,RF_full_150,24C,76.96036145513422,-4.020311156063201,4.020311156063201
B0036,B0036_D0180,80.62118087387185,24C,24C_constant_2A,RF_full_150,24C,77.01993997180885,-3.6012409020629974,3.6012409020629974
B0036,B0036_D0181,80.38850514956697,24C,24C_constant_2A,RF_full_150,24C,76.6996967676292,-3.6888083819377613,3.6888083819377613
B0036,B0036_D0182,80.44038765990791,24C,24C_constant_2A,RF_full_150,24C,76.72640930959787,-3.713978350310043,3.713978350310043
B0036,B0036_D0183,80.41778129367134,24C,24C_constant_2A,RF_full_150,24C,76.63091240704884,-3.7868688866225,3.7868688866225
B0036,B0036_D0184,80.3410125950577,24C,24C_constant_2A,RF_full_150,24C,76.11223411533008,-4.228778479727623,4.228778479727623
B0036,B0036_D0185,80.08854886033565,24C,24C_constant_2A,RF_full_150,24C,76.1471416576152,-3.9414072027204554,3.9414072027204554
B0036,B0036_D0186,79.7455867346104,24C,24C_constant_2A,RF_full_150,24C,75.95079888488232,-3.794787849728081,3.794787849728081
B0036,B0036_D0187,79.69069562693686,24C,24C_constant_2A,RF_full_150,24C,76.48185464353962,-3.208840983397238,3.208840983397238
B0036,B0036_D0188,79.60136564752298,24C,24C_constant_2A,RF_full_150,24C,76.09075545854267,-3.5106101889803085,3.5106101889803085
B0036,B0036_D0189,79.23680774889375,24C,24C_constant_2A,RF_full_150,24C,76.00967305333768,-3.2271346955560745,3.2271346955560745
B0036,B0036_D0190,78.817146819684,24C,24C_constant_2A,RF_full_150,24C,76.404223790179,-2.412923029504995,2.412923029504995
B0036,B0036_D0191,78.60114587321144,24C,24C_constant_2A,RF_full_150,24C,76.26878911230669,-2.3323567609047444,2.3323567609047444
B0036,B0036_D0192,78.64937142756176,24C,24C_constant_2A,RF_full_150,24C,75.41558003547651,-3.2337913920852515,3.2337913920852515
B0036,B0036_D0193,79.84927001945094,24C,24C_constant_2A,RF_full_150,24C,77.18277831817937,-2.6664917012715676,2.6664917012715676
B0036,B0036_D0194,79.7863011851928,24C,24C_constant_2A,RF_full_150,24C,77.30542880846787,-2.480872376724932,2.480872376724932
B0036,B0036_D0195,78.97501691702796,24C,24C_constant_2A,RF_full_150,24C,76.35189251025696,-2.623124406770998,2.623124406770998
B0036,B0036_D0196,78.14734938760093,24C,24C_constant_2A,RF_full_150,24C,75.07171156746952,-3.075637820131405,3.075637820131405
B0036,B0036_D0197,77.95564715770588,24C,24C_constant_2A,RF_full_150,24C,76.45017678191931,-1.5054703757865724,1.5054703757865724
B0029,B0029_D0001,84.87536661028815,43C,43C_constant_4A,RF_20x7_deployed,43C,83.28764525045679,-1.587721359831363,1.587721359831363
B0029,B0029_D0002,92.2350603480587,43C,43C_constant_4A,RF_20x7_deployed,43C,82.37338976789678,-9.861670580161913,9.861670580161913
B0029,B0029_D0003,91.27188337361464,43C,43C_constant_4A,RF_20x7_deployed,43C,82.37338976789678,-8.89849360571786,8.89849360571786
B0029,B0029_D0004,90.78752149567184,43C,43C_constant_4A,RF_20x7_deployed,43C,82.37338976789678,-8.414131727775057,8.414131727775057
B0029,B0029_D0005,90.66496668563514,43C,43C_constant_4A,RF_20x7_deployed,43C,82.49083809883126,-8.174128586803874,8.174128586803874
B0029,B0029_D0006,90.75823809830288,43C,43C_constant_4A,RF_20x7_deployed,43C,83.28764525045679,-7.470592847846092,7.470592847846092
B0029,B0029_D0007,90.71658977595028,43C,43C_constant_4A,RF_20x7_deployed,43C,80.4421005300994,-10.274489245850887,10.274489245850887
B0029,B0029_D0008,90.06718009049331,43C,43C_constant_4A,RF_20x7_deployed,43C,81.78146815773674,-8.28571193275657,8.28571193275657
B0029,B0029_D0009,89.40779401472912,43C,43C_constant_4A,RF_20x7_deployed,43C,82.37338976789678,-7.034404246832338,7.034404246832338
B0029,B0029_D0010,88.80357302269759,43C,43C_constant_4A,RF_20x7_deployed,43C,82.37338976789678,-6.430183254800809,6.430183254800809
B0029,B0029_D0011,89.26403723798721,43C,43C_constant_4A,RF_20x7_deployed,43C,82.29048594162018,-6.9735512963670345,6.9735512963670345
B0029,B0029_D0012,88.49058200555989,43C,43C_constant_4A,RF_20x7_deployed,43C,83.1701969195223,-5.320385086037589,5.320385086037589
B0029,B0029_D0013,87.82615840260878,43C,43C_constant_4A,RF_20x7_deployed,43C,83.1701969195223,-4.655961483086486,4.655961483086486
B0029,B0029_D0014,87.71706638674077,43C,43C_constant_4A,RF_20x7_deployed,43C,82.57827530936227,-5.1387910773784995,5.1387910773784995
B0029,B0029_D0015,86.96437753499357,43C,43C_constant_4A,RF_20x7_deployed,43C,83.1701969195223,-3.7941806154712765,3.7941806154712765
B0029,B0029_D0016,88.98922554665673,43C,43C_constant_4A,RF_20x7_deployed,43C,83.1701969195223,-5.819028627134429,5.819028627134429
B0029,B0029_D0017,88.28544254232601,43C,43C_constant_4A,RF_20x7_deployed,43C,83.1701969195223,-5.115245622803712,5.115245622803712
B0029,B0029_D0018,87.61970704362085,43C,43C_constant_4A,RF_20x7_deployed,43C,83.1701969195223,-4.449510124098552,4.449510124098552
B0029,B0029_D0019,86.90095612801552,43C,43C_constant_4A,RF_20x7_deployed,43C,83.1701969195223,-3.7307592084932253,3.7307592084932253
B0029,B0029_D0020,86.56107221571988,43C,43C_constant_4A,RF_20x7_deployed,43C,83.1701969195223,-3.390875296197578,3.390875296197578
B0029,B0029_D0021,86.89564492632904,43C,43C_constant_4A,RF_20x7_deployed,43C,82.57827530936227,-4.317369616966772,4.317369616966772
B0029,B0029_D0022,86.12135341812942,43C,43C_constant_4A,RF_20x7_deployed,43C,83.1701969195223,-2.9511564986071193,2.9511564986071193
B0029,B0029_D0023,85.92106882804018,43C,43C_constant_4A,RF_20x7_deployed,43C,83.1701969195223,-2.7508719085178797,2.7508719085178797
B0029,B0029_D0024,85.05110465324115,43C,43C_constant_4A,RF_20x7_deployed,43C,83.1701969195223,-1.880907733718857,1.880907733718857
B0029,B0029_D0025,84.6849369781552,43C,43C_constant_4A,RF_20x7_deployed,43C,83.1701969195223,-1.5147400586329098,1.5147400586329098
B0029,B0029_D0026,85.65363606433525,43C,43C_constant_4A,RF_20x7_deployed,43C,83.1388423814004,-2.514793682934851,2.514793682934851
B0029,B0029_D0027,84.88486344283565,43C,43C_constant_4A,RF_20x7_deployed,43C,82.57827530936227,-2.306588133473383,2.306588133473383
B0029,B0029_D0028,84.49657017030604,43C,43C_constant_4A,RF_20x7_deployed,43C,83.1701969195223,-1.326373250783746,1.326373250783746
B0029,B0029_D0029,84.25117756835346,43C,43C_constant_4A,RF_20x7_deployed,43C,83.1701969195223,-1.080980648831158,1.080980648831158
B0029,B0029_D0030,83.91949827317025,43C,43C_constant_4A,RF_20x7_deployed,43C,82.57827530936227,-1.3412229638079793,1.3412229638079793
B0029,B0029_D0031,83.68973747434163,43C,43C_constant_4A,RF_20x7_deployed,43C,83.28764525045679,-0.4020922238848357,0.4020922238848357
B0029,B0029_D0032,83.43949463942359,43C,43C_constant_4A,RF_20x7_deployed,43C,83.28764525045679,-0.15184938896679512,0.15184938896679512
B0029,B0029_D0033,82.46283153315714,43C,43C_constant_4A,RF_20x7_deployed,43C,83.1701969195223,0.7073653863651543,0.7073653863651543
B0029,B0029_D0034,82.04838378519834,43C,43C_constant_4A,RF_20x7_deployed,43C,83.1701969195223,1.1218131343239577,1.1218131343239577
B0029,B0029_D0035,82.28180114878546,43C,43C_constant_4A,RF_20x7_deployed,43C,83.1701969195223,0.8883957707368353,0.8883957707368353
B0029,B0029_D0036,82.72738717870185,43C,43C_constant_4A,RF_20x7_deployed,43C,83.1701969195223,0.44280974082045077,0.44280974082045077
B0029,B0029_D0037,82.30600760438773,43C,43C_constant_4A,RF_20x7_deployed,43C,83.28764525045679,0.9816376460690606,0.9816376460690606
B0029,B0029_D0038,81.37559594075881,43C,43C_constant_4A,RF_20x7_deployed,43C,83.28764525045679,1.9120493096979772,1.9120493096979772
B0029,B0029_D0039,81.00265266732248,43C,43C_constant_4A,RF_20x7_deployed,43C,82.57827530936227,1.5756226420397894,1.5756226420397894
B0029,B0029_D0040,80.60399058559669,43C,43C_constant_4A,RF_20x7_deployed,43C,83.28764525045679,2.6836546648601,2.6836546648601
B0030,B0030_D0001,82.80353048087701,43C,43C_constant_4A,RF_20x7_deployed,43C,83.1701969195223,0.36666643864528226,0.36666643864528226
B0030,B0030_D0002,89.07774374754558,43C,43C_constant_4A,RF_20x7_deployed,43C,83.28764525045679,-5.790098497088792,5.790098497088792
B0030,B0030_D0003,88.0984613911459,43C,43C_constant_4A,RF_20x7_deployed,43C,83.1701969195223,-4.928264471623606,4.928264471623606
B0030,B0030_D0004,87.58775159371125,43C,43C_constant_4A,RF_20x7_deployed,43C,83.1701969195223,-4.417554674188949,4.417554674188949
B0030,B0030_D0005,86.90844035181038,43C,43C_constant_4A,RF_20x7_deployed,43C,83.1701969195223,-3.738243432288087,3.738243432288087
B0030,B0030_D0006,87.5337264673067,43C,43C_constant_4A,RF_20x7_deployed,43C,83.1701969195223,-4.36352954778441,4.36352954778441
B0030,B0030_D0007,87.4552382453058,43C,43C_constant_4A,RF_20x7_deployed,43C,82.55545508343678,-4.89978316186901,4.89978316186901
B0030,B0030_D0008,86.26272014382738,43C,43C_constant_4A,RF_20x7_deployed,43C,83.1701969195223,-3.092523224305083,3.092523224305083
B0030,B0030_D0009,85.56310683822126,43C,43C_constant_4A,RF_20x7_deployed,43C,83.1701969195223,-2.3929099186989617,2.3929099186989617
B0030,B0030_D0010,84.95209196355637,43C,43C_constant_4A,RF_20x7_deployed,43C,83.1701969195223,-1.7818950440340728,1.7818950440340728
B0030,B0030_D0011,85.92885019766489,43C,43C_constant_4A,RF_20x7_deployed,43C,83.28764525045679,-2.641204947208095,2.641204947208095
B0030,B0030_D0012,85.1623614609335,43C,43C_constant_4A,RF_20x7_deployed,43C,83.1701969195223,-1.9921645414111993,1.9921645414111993
B0030,B0030_D0013,84.47290223311519,43C,43C_constant_4A,RF_20x7_deployed,43C,83.1701969195223,-1.3027053135928952,1.3027053135928952
B0030,B0030_D0014,83.78068146359588,43C,43C_constant_4A,RF_20x7_deployed,43C,83.28764525045679,-0.4930362131390922,0.4930362131390922
B0030,B0030_D0015,83.59203570435827,43C,43C_constant_4A,RF_20x7_deployed,43C,83.1701969195223,-0.4218387848359697,0.4218387848359697
B0030,B0030_D0016,86.16528340602223,43C,43C_constant_4A,RF_20x7_deployed,43C,82.88240755178022,-3.2828758542420076,3.2828758542420076
B0030,B0030_D0017,85.46036452536416,43C,43C_constant_4A,RF_20x7_deployed,43C,83.1701969195223,-2.2901676058418587,2.2901676058418587
B0030,B0030_D0018,84.20008671722854,43C,43C_constant_4A,RF_20x7_deployed,43C,83.1701969195223,-1.0298897977062467,1.0298897977062467
B0030,B0030_D0019,83.44934940650201,43C,43C_constant_4A,RF_20x7_deployed,43C,82.57827530936227,-0.8710740971397399,0.8710740971397399
B0030,B0030_D0020,83.10344681418572,43C,43C_constant_4A,RF_20x7_deployed,43C,83.28764525045679,0.18419843627107468,0.18419843627107468
B0030,B0030_D0021,83.43524812624086,43C,43C_constant_4A,RF_20x7_deployed,43C,82.57827530936227,-0.8569728168785957,0.8569728168785957
B0030,B0030_D0022,82.63810917752315,43C,43C_constant_4A,RF_20x7_deployed,43C,82.88240755178022,0.24429837425707035,0.24429837425707035
B0030,B0030_D0023,82.4240683117622,43C,43C_constant_4A,RF_20x7_deployed,43C,83.1701969195223,0.7461286077600988,0.7461286077600988
B0030,B0030_D0024,81.53703221566047,43C,43C_constant_4A,RF_20x7_deployed,43C,83.28764525045679,1.7506130347963165,1.7506130347963165
B0030,B0030_D0025,81.1615115089645,43C,43C_constant_4A,RF_20x7_deployed,43C,82.57827530936227,1.4167638003977743,1.4167638003977743
B0030,B0030_D0026,82.70953270197195,43C,43C_constant_4A,RF_20x7_deployed,43C,82.88240755178022,0.17287484980826662,0.17287484980826662
B0030,B0030_D0027,81.92571983084925,43C,43C_constant_4A,RF_20x7_deployed,43C,83.1701969195223,1.244477088673051,1.244477088673051
B0030,B0030_D0028,80.9423836678809,43C,43C_constant_4A,RF_20x7_deployed,43C,82.57827530936227,1.635891641481365,1.635891641481365
B0030,B0030_D0029,80.67106133875703,43C,43C_constant_4A,RF_20x7_deployed,43C,83.1701969195223,2.4991355807652695,2.4991355807652695
B0030,B0030_D0030,80.33221800880993,43C,43C_constant_4A,RF_20x7_deployed,43C,83.1701969195223,2.8379789107123656,2.8379789107123656
B0030,B0030_D0031,80.69193938469499,43C,43C_constant_4A,RF_20x7_deployed,43C,83.1701969195223,2.478257534827307,2.478257534827307
B0030,B0030_D0032,79.81647506636371,43C,43C_constant_4A,RF_20x7_deployed,43C,83.1701969195223,3.3537218531585893,3.3537218531585893
B0030,B0030_D0033,79.45392933703495,43C,43C_constant_4A,RF_20x7_deployed,43C,83.28764525045679,3.833715913421841,3.833715913421841
B0030,B0030_D0034,79.02740716154787,43C,43C_constant_4A,RF_20x7_deployed,43C,83.1701969195223,4.142789757974427,4.142789757974427
B0030,B0030_D0035,79.23065527135404,43C,43C_constant_4A,RF_20x7_deployed,43C,83.1701969195223,3.939541648168259,3.939541648168259
B0030,B0030_D0036,79.68325610610368,43C,43C_constant_4A,RF_20x7_deployed,43C,82.57827530936227,2.8950192032585846,2.8950192032585846
B0030,B0030_D0037,79.24937063480444,43C,43C_constant_4A,RF_20x7_deployed,43C,82.57827530936227,3.3289046745578332,3.3289046745578332
B0030,B0030_D0038,78.93532484708231,43C,43C_constant_4A,RF_20x7_deployed,43C,82.57827530936227,3.6429504622799556,3.6429504622799556
B0030,B0030_D0039,78.53527580484835,43C,43C_constant_4A,RF_20x7_deployed,43C,83.28764525045679,4.752369445608437,4.752369445608437
B0030,B0030_D0040,78.1390202214241,43C,43C_constant_4A,RF_20x7_deployed,43C,82.57827530936227,4.4392550879381645,4.4392550879381645
B0031,B0031_D0001,83.33375971262886,43C,43C_constant_4A,RF_20x7_deployed,43C,83.1701969195223,-0.16356279310656419,0.16356279310656419
B0031,B0031_D0002,91.64291814771585,43C,43C_constant_4A,RF_20x7_deployed,43C,83.1701969195223,-8.47272122819355,8.47272122819355
B0031,B0031_D0003,90.69917501472568,43C,43C_constant_4A,RF_20x7_deployed,43C,82.57827530936227,-8.120899705363414,8.120899705363414
B0031,B0031_D0004,90.22193666757416,43C,43C_constant_4A,RF_20x7_deployed,43C,83.28764525045679,-6.934291417117365,6.934291417117365
B0031,B0031_D0005,90.10738421456476,43C,43C_constant_4A,RF_20x7_deployed,43C,83.28764525045679,-6.8197389641079695,6.8197389641079695
B0031,B0031_D0006,88.57823754899418,43C,43C_constant_4A,RF_20x7_deployed,43C,83.1701969195223,-5.408040629471884,5.408040629471884
B0031,B0031_D0007,90.69964082889771,43C,43C_constant_4A,RF_20x7_deployed,43C,82.57827530936227,-8.121365519535445,8.121365519535445
B0031,B0031_D0008,90.06630520599427,43C,43C_constant_4A,RF_20x7_deployed,43C,82.57827530936227,-7.488029896632,7.488029896632
B0031,B0031_D0009,89.41861291966784,43C,43C_constant_4A,RF_20x7_deployed,43C,82.57827530936227,-6.840337610305568,6.840337610305568
B0031,B0031_D0010,88.8270082868658,43C,43C_constant_4A,RF_20x7_deployed,43C,83.28764525045679,-5.539363036409014,5.539363036409014
B0031,B0031_D0011,89.28104565911615,43C,43C_constant_4A,RF_20x7_deployed,43C,82.88240755178022,-6.398638107335927,6.398638107335927
B0031,B0031_D0012,89.0681701834297,43C,43C_constant_4A,RF_20x7_deployed,43C,82.88240755178022,-6.185762631649482,6.185762631649482
B0031,B0031_D0013,88.4244919198562,43C,43C_constant_4A,RF_20x7_deployed,43C,82.57827530936227,-5.846216610493926,5.846216610493926
B0031,B0031_D0014,88.32526191457029,43C,43C_constant_4A,RF_20x7_deployed,43C,83.28764525045679,-5.0376166641135,5.0376166641135
B0031,B0031_D0015,87.58702639608835,43C,43C_constant_4A,RF_20x7_deployed,43C,82.57827530936227,-5.008751086726079,5.008751086726079
B0031,B0031_D0016,86.76174657027508,43C,43C_constant_4A,RF_20x7_deployed,43C,82.88240755178022,-3.8793390184948606,3.8793390184948606
B0031,B0031_D0017,88.9138913727459,43C,43C_constant_4A,RF_20x7_deployed,43C,82.6029745409957,-6.310916831750191,6.310916831750191
B0031,B0031_D0018,88.24947429853695,43C,43C_constant_4A,RF_20x7_deployed,43C,82.88240755178022,-5.367066746756734,5.367066746756734
B0031,B0031_D0019,88.12956417667756,43C,43C_constant_4A,RF_20x7_deployed,43C,82.57827530936227,-5.551288867315293,5.551288867315293
B0031,B0031_D0020,87.2157288060791,43C,43C_constant_4A,RF_20x7_deployed,43C,82.88240755178022,-4.33332125429888,4.33332125429888
B0031,B0031_D0021,88.14186876759238,43C,43C_constant_4A,RF_20x7_deployed,43C,83.1701969195223,-4.971671848070088,4.971671848070088
B0031,B0031_D0022,87.39289654739855,43C,43C_constant_4A,RF_20x7_deployed,43C,82.88240755178022,-4.510488995618331,4.510488995618331
B0031,B0031_D0023,87.20583669432496,43C,43C_constant_4A,RF_20x7_deployed,43C,83.1701969195223,-4.035639774802661,4.035639774802661
B0031,B0031_D0024,86.34211466408695,43C,43C_constant_4A,RF_20x7_deployed,43C,83.1701969195223,-3.1719177445646523,3.1719177445646523
B0031,B0031_D0025,86.01546746521132,43C,43C_constant_4A,RF_20x7_deployed,43C,82.88240755178022,-3.1330599134310972,3.1330599134310972
B0031,B0031_D0026,86.97122758349889,43C,43C_constant_4A,RF_20x7_deployed,43C,82.88240755178022,-4.088820031718669,4.088820031718669
B0031,B0031_D0027,86.83692208186007,43C,43C_constant_4A,RF_20x7_deployed,43C,82.57827530936227,-4.258646772497798,4.258646772497798
B0031,B0031_D0028,85.84817342242715,43C,43C_constant_4A,RF_20x7_deployed,43C,82.6029745409957,-3.245198881431449,3.245198881431449
B0031,B0031_D0029,85.63886779183179,43C,43C_constant_4A,RF_20x7_deployed,43C,82.88240755178022,-2.7564602400515668,2.7564602400515668
B0031,B0031_D0030,85.30541733277033,43C,43C_constant_4A,RF_20x7_deployed,43C,82.88240755178022,-2.423009780990114,2.423009780990114
B0031,B0031_D0031,85.68663481037605,43C,43C_constant_4A,RF_20x7_deployed,43C,82.88240755178022,-2.80422725859583,2.80422725859583
B0031,B0031_D0032,85.46737898963487,43C,43C_constant_4A,RF_20x7_deployed,43C,82.57827530936227,-2.889103680272598,2.889103680272598
B0031,B0031_D0033,84.50500227057795,43C,43C_constant_4A,RF_20x7_deployed,43C,82.29048594162018,-2.214516328957771,2.214516328957771
B0031,B0031_D0034,84.73441671693833,43C,43C_constant_4A,RF_20x7_deployed,43C,82.57827530936227,-2.156141407576058,2.156141407576058
B0031,B0031_D0035,84.3505495649606,43C,43C_constant_4A,RF_20x7_deployed,43C,83.1701969195223,-1.1803526454383046,1.1803526454383046
B0031,B0031_D0036,84.78534513535038,43C,43C_constant_4A,RF_20x7_deployed,43C,82.88240755178022,-1.9029375835701643,1.9029375835701643
B0031,B0031_D0037,84.38484448077826,43C,43C_constant_4A,RF_20x7_deployed,43C,83.1701969195223,-1.2146475612559584,1.2146475612559584
B0031,B0031_D0038,84.09808563629647,43C,43C_constant_4A,RF_20x7_deployed,43C,82.57827530936227,-1.5198103269342056,1.5198103269342056
B0031,B0031_D0039,83.75016944489423,43C,43C_constant_4A,RF_20x7_deployed,43C,82.88240755178022,-0.8677618931140074,0.8677618931140074
B0031,B0031_D0040,83.36493897423338,43C,43C_constant_4A,RF_20x7_deployed,43C,82.88240755178022,-0.4825314224531638,0.4825314224531638
B0032,B0032_D0001,85.2432053675607,43C,43C_constant_4A,RF_20x7_deployed,43C,82.57827530936227,-2.6649300581984363,2.6649300581984363
B0032,B0032_D0002,94.70159763474284,43C,43C_constant_4A,RF_20x7_deployed,43C,83.1701969195223,-11.531400715220542,11.531400715220542
B0032,B0032_D0003,93.73843245926548,43C,43C_constant_4A,RF_20x7_deployed,43C,83.1701969195223,-10.568235539743185,10.568235539743185
B0032,B0032_D0004,93.27473592056188,43C,43C_constant_4A,RF_20x7_deployed,43C,83.28764525045679,-9.98709067010509,9.98709067010509
B0032,B0032_D0005,92.63699084509034,43C,43C_constant_4A,RF_20x7_deployed,43C,82.57827530936227,-10.05871553572807,10.05871553572807
B0032,B0032_D0006,92.2087198501933,43C,43C_constant_4A,RF_20x7_deployed,43C,82.57827530936227,-9.630444540831036,9.630444540831036
B0032,B0032_D0007,92.1511923875638,43C,43C_constant_4A,RF_20x7_deployed,43C,82.57827530936227,-9.572917078201527,9.572917078201527
B0032,B0032_D0008,91.51409087455932,43C,43C_constant_4A,RF_20x7_deployed,43C,82.29048594162018,-9.22360493293914,9.22360493293914
B0032,B0032_D0009,90.86919228040904,43C,43C_constant_4A,RF_20x7_deployed,43C,82.57827530936227,-8.29091697104677,8.29091697104677
B0032,B0032_D0010,90.2899649055234,43C,43C_constant_4A,RF_20x7_deployed,43C,83.28764525045679,-7.002319655066614,7.002319655066614
B0032,B0032_D0011,90.74914802524592,43C,43C_constant_4A,RF_20x7_deployed,43C,82.88240755178022,-7.866740473465697,7.866740473465697
B0032,B0032_D0012,89.97575184660897,43C,43C_constant_4A,RF_20x7_deployed,43C,83.1701969195223,-6.805554927086675,6.805554927086675
B0032,B0032_D0013,89.33258471259073,43C,43C_constant_4A,RF_20x7_deployed,43C,82.6029745409957,-6.729610171595027,6.729610171595027
B0032,B0032_D0014,88.67775359708016,43C,43C_constant_4A,RF_20x7_deployed,43C,82.88240755178022,-5.795346045299937,5.795346045299937
B0032,B0032_D0015,88.49976666822215,43C,43C_constant_4A,RF_20x7_deployed,43C,83.1701969195223,-5.3295697486998534,5.3295697486998534
B0032,B0032_D0016,89.97630401871434,43C,43C_constant_4A,RF_20x7_deployed,43C,82.6029745409957,-7.3733294777186416,7.3733294777186416
B0032,B0032_D0017,89.84265342224916,43C,43C_constant_4A,RF_20x7_deployed,43C,82.6029745409957,-7.239678881253454,7.239678881253454
B0032,B0032_D0018,89.19132752040872,43C,43C_constant_4A,RF_20x7_deployed,43C,82.88240755178022,-6.308919968628501,6.308919968628501
B0032,B0032_D0019,88.48222245520051,43C,43C_constant_4A,RF_20x7_deployed,43C,82.57827530936227,-5.903947145838245,5.903947145838245
B0032,B0032_D0020,87.56470228524842,43C,43C_constant_4A,RF_20x7_deployed,43C,83.28764525045679,-4.277057034791625,4.277057034791625
B0032,B0032_D0021,88.48777148980996,43C,43C_constant_4A,RF_20x7_deployed,43C,82.57827530936227,-5.9094961804476895,5.9094961804476895
B0032,B0032_D0022,87.7386346695746,43C,43C_constant_4A,RF_20x7_deployed,43C,83.28764525045679,-4.450989419117803,4.450989419117803
B0032,B0032_D0023,86.94583177906492,43C,43C_constant_4A,RF_20x7_deployed,43C,82.6029745409957,-4.3428572380692145,4.3428572380692145
B0032,B0032_D0024,86.68600259382038,43C,43C_constant_4A,RF_20x7_deployed,43C,83.1701969195223,-3.515805674298079,3.515805674298079
B0032,B0032_D0025,85.75486298750046,43C,43C_constant_4A,RF_20x7_deployed,43C,83.28764525045679,-2.4672177370436685,2.4672177370436685
B0032,B0032_D0026,87.31463074407819,43C,43C_constant_4A,RF_20x7_deployed,43C,83.28764525045679,-4.026985493621396,4.026985493621396
B0032,B0032_D0027,85.95746309572824,43C,43C_constant_4A,RF_20x7_deployed,43C,83.1701969195223,-2.7872661762059465,2.7872661762059465
B0032,B0032_D0028,85.5791123095749,43C,43C_constant_4A,RF_20x7_deployed,43C,82.57827530936227,-3.000837000212627,3.000837000212627
B0032,B0032_D0029,84.75525597612949,43C,43C_constant_4A,RF_20x7_deployed,43C,83.1701969195223,-1.585059056607193,1.585059056607193
B0032,B0032_D0030,85.02562185550487,43C,43C_constant_4A,RF_20x7_deployed,43C,83.1701969195223,-1.855424935982569,1.855424935982569
B0032,B0032_D0031,85.4049467562508,43C,43C_constant_4A,RF_20x7_deployed,43C,83.1701969195223,-2.234749836728497,2.234749836728497
B0032,B0032_D0032,84.57177152935635,43C,43C_constant_4A,RF_20x7_deployed,43C,83.1701969195223,-1.4015746098340571,1.4015746098340571
B0032,B0032_D0033,84.22247164444966,43C,43C_constant_4A,RF_20x7_deployed,43C,82.57827530936227,-1.6441963350873863,1.6441963350873863
B0032,B0032_D0034,83.20187908440376,43C,43C_constant_4A,RF_20x7_deployed,43C,83.28764525045679,0.085766166053034,0.085766166053034
B0032,B0032_D0035,83.43186007115987,43C,43C_constant_4A,RF_20x7_deployed,43C,83.28764525045679,-0.144214820703084,0.144214820703084
B0032,B0032_D0036,84.49672037812984,43C,43C_constant_4A,RF_20x7_deployed,43C,82.57827530936227,-1.9184450687675678,1.9184450687675678
B0032,B0032_D0037,83.4715856423221,43C,43C_constant_4A,RF_20x7_deployed,43C,83.28764525045679,-0.1839403918653062,0.1839403918653062
B0032,B0032_D0038,83.17113380919606,43C,43C_constant_4A,RF_20x7_deployed,43C,83.1701969195223,-0.0009368896737669274,0.0009368896737669274
B0032,B0032_D0039,82.18076097973686,43C,43C_constant_4A,RF_20x7_deployed,43C,83.1701969195223,0.9894359397854373,0.9894359397854373
B0032,B0032_D0040,81.79000436769121,43C,43C_constant_4A,RF_20x7_deployed,43C,83.28764525045679,1.4976408827655803,1.4976408827655803
B0029,B0029_D0001,84.87536661028815,43C,43C_constant_4A,RF_full_150,43C,85.6728636716396,0.79749706135145,0.79749706135145
B0029,B0029_D0002,92.2350603480587,43C,43C_constant_4A,RF_full_150,43C,83.1249322314578,-9.11012811660089,9.11012811660089
B0029,B0029_D0003,91.27188337361464,43C,43C_constant_4A,RF_full_150,43C,83.67932186430856,-7.59256150930608,7.59256150930608
B0029,B0029_D0004,90.78752149567184,43C,43C_constant_4A,RF_full_150,43C,83.27614502493651,-7.511376470735328,7.511376470735328
B0029,B0029_D0005,90.66496668563514,43C,43C_constant_4A,RF_full_150,43C,83.26207991151627,-7.402886774118869,7.402886774118869
B0029,B0029_D0006,90.75823809830288,43C,43C_constant_4A,RF_full_150,43C,85.6474342442237,-5.11080385407918,5.11080385407918
B0029,B0029_D0007,90.71658977595028,43C,43C_constant_4A,RF_full_150,43C,81.85110509364036,-8.865484682309926,8.865484682309926
B0029,B0029_D0008,90.06718009049331,43C,43C_constant_4A,RF_full_150,43C,82.79403241237218,-7.273147678121134,7.273147678121134
B0029,B0029_D0009,89.40779401472912,43C,43C_constant_4A,RF_full_150,43C,82.86181709966732,-6.5459769150618,6.5459769150618
B0029,B0029_D0010,88.80357302269759,43C,43C_constant_4A,RF_full_150,43C,83.42408216986392,-5.379490852833669,5.379490852833669
B0029,B0029_D0011,89.26403723798721,43C,43C_constant_4A,RF_full_150,43C,85.40750730195653,-3.8565299360306824,3.8565299360306824
B0029,B0029_D0012,88.49058200555989,43C,43C_constant_4A,RF_full_150,43C,85.31138001787807,-3.1792019876818216,3.1792019876818216
B0029,B0029_D0013,87.82615840260878,43C,43C_constant_4A,RF_full_150,43C,85.2337827912698,-2.59237561133898,2.59237561133898
B0029,B0029_D0014,87.71706638674077,43C,43C_constant_4A,RF_full_150,43C,85.47276533346009,-2.2443010532806795,2.2443010532806795
B0029,B0029_D0015,86.96437753499357,43C,43C_constant_4A,RF_full_150,43C,85.49219491522175,-1.4721826197718286,1.4721826197718286
B0029,B0029_D0016,88.98922554665673,43C,43C_constant_4A,RF_full_150,43C,85.62465452760627,-3.3645710190504587,3.3645710190504587
B0029,B0029_D0017,88.28544254232601,43C,43C_constant_4A,RF_full_150,43C,85.61747477924749,-2.667967763078522,2.667967763078522
B0029,B0029_D0018,87.61970704362085,43C,43C_constant_4A,RF_full_150,43C,84.87611991233955,-2.743587131281302,2.743587131281302
B0029,B0029_D0019,86.90095612801552,43C,43C_constant_4A,RF_full_150,43C,85.48426975370216,-1.4166863743133575,1.4166863743133575
B0029,B0029_D0020,86.56107221571988,43C,43C_constant_4A,RF_full_150,43C,85.6247456887367,-0.93632652698318,0.93632652698318
B0029,B0029_D0021,86.89564492632904,43C,43C_constant_4A,RF_full_150,43C,85.36068795738014,-1.5349569689489044,1.5349569689489044
B0029,B0029_D0022,86.12135341812942,43C,43C_constant_4A,RF_full_150,43C,86.35931000171604,0.23795658358662308,0.23795658358662308
B0029,B0029_D0023,85.92106882804018,43C,43C_constant_4A,RF_full_150,43C,85.53736411027818,-0.38370471776200077,0.38370471776200077
B0029,B0029_D0024,85.05110465324115,43C,43C_constant_4A,RF_full_150,43C,85.60722934619793,0.5561246929567716,0.5561246929567716
B0029,B0029_D0025,84.6849369781552,43C,43C_constant_4A,RF_full_150,43C,85.65100694856726,0.9660699704120503,0.9660699704120503
B0029,B0029_D0026,85.65363606433525,43C,43C_constant_4A,RF_full_150,43C,86.66003825558819,1.0064021912529455,1.0064021912529455
B0029,B0029_D0027,84.88486344283565,43C,43C_constant_4A,RF_full_150,43C,85.74218128114688,0.8573178383112321,0.8573178383112321
B0029,B0029_D0028,84.49657017030604,43C,43C_constant_4A,RF_full_150,43C,85.65100694856726,1.1544367782612142,1.1544367782612142
B0029,B0029_D0029,84.25117756835346,43C,43C_constant_4A,RF_full_150,43C,85.6954433263388,1.4442657579853488,1.4442657579853488
B0029,B0029_D0030,83.91949827317025,43C,43C_constant_4A,RF_full_150,43C,85.87019506098312,1.9506967878128734,1.9506967878128734
B0029,B0029_D0031,83.68973747434163,43C,43C_constant_4A,RF_full_150,43C,85.85876875605061,2.169031281708982,2.169031281708982
B0029,B0029_D0032,83.43949463942359,43C,43C_constant_4A,RF_full_150,43C,85.65024524253496,2.2107506031113786,2.2107506031113786
B0029,B0029_D0033,82.46283153315714,43C,43C_constant_4A,RF_full_150,43C,85.62784181710062,3.1650102839434737,3.1650102839434737
B0029,B0029_D0034,82.04838378519834,43C,43C_constant_4A,RF_full_150,43C,85.64327378060155,3.594889995403207,3.594889995403207
B0029,B0029_D0035,82.28180114878546,43C,43C_constant_4A,RF_full_150,43C,85.64385671878247,3.362055569997011,3.362055569997011
B0029,B0029_D0036,82.72738717870185,43C,43C_constant_4A,RF_full_150,43C,85.6581214829814,2.9307343042795537,2.9307343042795537
B0029,B0029_D0037,82.30600760438773,43C,43C_constant_4A,RF_full_150,43C,85.8738269808291,3.5678193764413635,3.5678193764413635
B0029,B0029_D0038,81.37559594075881,43C,43C_constant_4A,RF_full_150,43C,85.7135873161289,4.3379913753700805,4.3379913753700805
B0029,B0029_D0039,81.00265266732248,43C,43C_constant_4A,RF_full_150,43C,85.49224463658369,4.4895919692612125,4.4895919692612125
B0029,B0029_D0040,80.60399058559669,43C,43C_constant_4A,RF_full_150,43C,85.74200839949152,5.138017813894834,5.138017813894834
B0030,B0030_D0001,82.80353048087701,43C,43C_constant_4A,RF_full_150,43C,86.4579853347561,3.6544548538790878,3.6544548538790878
B0030,B0030_D0002,89.07774374754558,43C,43C_constant_4A,RF_full_150,43C,85.69735394725596,-3.3803898002896204,3.3803898002896204
B0030,B0030_D0003,88.0984613911459,43C,43C_constant_4A,RF_full_150,43C,85.91184508026471,-2.186616310881192,2.186616310881192
B0030,B0030_D0004,87.58775159371125,43C,43C_constant_4A,RF_full_150,43C,85.60956354491609,-1.978188048795161,1.978188048795161
B0030,B0030_D0005,86.90844035181038,43C,43C_constant_4A,RF_full_150,43C,85.56427482005955,-1.344165531750832,1.344165531750832
B0030,B0030_D0006,87.5337264673067,43C,43C_constant_4A,RF_full_150,43C,85.60681286947334,-1.9269135978333622,1.9269135978333622
B0030,B0030_D0007,87.4552382453058,43C,43C_constant_4A,RF_full_150,43C,84.50631717461033,-2.9489210706954623,2.9489210706954623
B0030,B0030_D0008,86.26272014382738,43C,43C_constant_4A,RF_full_150,43C,85.7260548673254,-0.5366652765019779,0.5366652765019779
B0030,B0030_D0009,85.56310683822126,43C,43C_constant_4A,RF_full_150,43C,85.6522620607892,0.08915522256793906,0.08915522256793906
B0030,B0030_D0010,84.95209196355637,43C,43C_constant_4A,RF_full_150,43C,85.72234959221637,0.7702576286600049,0.7702576286600049
B0030,B0030_D0011,85.92885019766489,43C,43C_constant_4A,RF_full_150,43C,85.6920023892065,-0.2368478084583927,0.2368478084583927
B0030,B0030_D0012,85.1623614609335,43C,43C_constant_4A,RF_full_150,43C,85.63375016036595,0.47138869943245254,0.47138869943245254
B0030,B0030_D0013,84.47290223311519,43C,43C_constant_4A,RF_full_150,43C,85.76113489657196,1.2882326634567676,1.2882326634567676
B0030,B0030_D0014,83.78068146359588,43C,43C_constant_4A,RF_full_150,43C,85.6920023892065,1.9113209256106103,1.9113209256106103
B0030,B0030_D0015,83.59203570435827,43C,43C_constant_4A,RF_full_150,43C,85.69215195621052,2.1001162518522563,2.1001162518522563
B0030,B0030_D0016,86.16528340602223,43C,43C_constant_4A,RF_full_150,43C,85.77076297386996,-0.3945204321522624,0.3945204321522624
B0030,B0030_D0017,85.46036452536416,43C,43C_constant_4A,RF_full_150,43C,85.68476326028131,0.224398734917159,0.224398734917159
B0030,B0030_D0018,84.20008671722854,43C,43C_constant_4A,RF_full_150,43C,85.69317629198581,1.4930895747572634,1.4930895747572634
B0030,B0030_D0019,83.44934940650201,43C,43C_constant_4A,RF_full_150,43C,85.53013427357166,2.080784867069653,2.080784867069653
B0030,B0030_D0020,83.10344681418572,43C,43C_constant_4A,RF_full_150,43C,85.82529546867785,2.7218486544921348,2.7218486544921348
B0030,B0030_D0021,83.43524812624086,43C,43C_constant_4A,RF_full_150,43C,85.4348941095942,1.9996459833533322,1.9996459833533322
B0030,B0030_D0022,82.63810917752315,43C,43C_constant_4A,RF_full_150,43C,85.6209748122296,2.9828656347064566,2.9828656347064566
B0030,B0030_D0023,82.4240683117622,43C,43C_constant_4A,RF_full_150,43C,85.72234959221637,3.2982812804541766,3.2982812804541766
B0030,B0030_D0024,81.53703221566047,43C,43C_constant_4A,RF_full_150,43C,85.82439326408789,4.287361048427414,4.287361048427414
B0030,B0030_D0025,81.1615115089645,43C,43C_constant_4A,RF_full_150,43C,85.72568619897788,4.564174690013388,4.564174690013388
B0030,B0030_D0026,82.70953270197195,43C,43C_constant_4A,RF_full_150,43C,86.16896567735292,3.459432975380963,3.459432975380963
B0030,B0030_D0027,81.92571983084925,43C,43C_constant_4A,RF_full_150,43C,85.6533280166123,3.72760818576306,3.72760818576306
B0030,B0030_D0028,80.9423836678809,43C,43C_constant_4A,RF_full_150,43C,85.61654883514338,4.674165167262473,4.674165167262473
B0030,B0030_D0029,80.67106133875703,43C,43C_constant_4A,RF_full_150,43C,85.8232147430168,5.152153404259778,5.152153404259778
B0030,B0030_D0030,80.33221800880993,43C,43C_constant_4A,RF_full_150,43C,86.03717319656829,5.704955187758358,5.704955187758358
B0030,B0030_D0031,80.69193938469499,43C,43C_constant_4A,RF_full_150,43C,86.3785906207912,5.6866512360962105,5.6866512360962105
B0030,B0030_D0032,79.81647506636371,43C,43C_constant_4A,RF_full_150,43C,85.62677869843255,5.8103036320688375,5.8103036320688375
B0030,B0030_D0033,79.45392933703495,43C,43C_constant_4A,RF_full_150,43C,85.6920023892065,6.2380730521715435,6.2380730521715435
B0030,B0030_D0034,79.02740716154787,43C,43C_constant_4A,RF_full_150,43C,85.69215195621052,6.664744794662653,6.664744794662653
B0030,B0030_D0035,79.23065527135404,43C,43C_constant_4A,RF_full_150,43C,85.76323213532483,6.532576863970789,6.532576863970789
B0030,B0030_D0036,79.68325610610368,43C,43C_constant_4A,RF_full_150,43C,86.27475174968438,6.5914956435807,6.5914956435807
B0030,B0030_D0037,79.24937063480444,43C,43C_constant_4A,RF_full_150,43C,86.27834982114136,7.028979186336926,7.028979186336926
B0030,B0030_D0038,78.93532484708231,43C,43C_constant_4A,RF_full_150,43C,85.74942089153306,6.81409604445075,6.81409604445075
B0030,B0030_D0039,78.53527580484835,43C,43C_constant_4A,RF_full_150,43C,85.76375186970903,7.228476064860672,7.228476064860672
B0030,B0030_D0040,78.1390202214241,43C,43C_constant_4A,RF_full_150,43C,85.72608312463602,7.5870629032119155,7.5870629032119155
B0031,B0031_D0001,83.33375971262886,43C,43C_constant_4A,RF_full_150,43C,86.40918436782637,3.0754246551975086,3.0754246551975086
B0031,B0031_D0002,91.64291814771585,43C,43C_constant_4A,RF_full_150,43C,85.40832416723502,-6.234593980480824,6.234593980480824
B0031,B0031_D0003,90.69917501472568,43C,43C_constant_4A,RF_full_150,43C,85.40836298555674,-5.290812029168947,5.290812029168947
B0031,B0031_D0004,90.22193666757416,43C,43C_constant_4A,RF_full_150,43C,85.50997333375904,-4.71196333381512,4.71196333381512
B0031,B0031_D0005,90.10738421456476,43C,43C_constant_4A,RF_full_150,43C,85.50204817223944,-4.60533604232532,4.60533604232532
B0031,B0031_D0006,88.57823754899418,43C,43C_constant_4A,RF_full_150,43C,85.60567709755217,-2.972560451442007,2.972560451442007
B0031,B0031_D0007,90.69964082889771,43C,43C_constant_4A,RF_full_150,43C,85.52897532083325,-5.1706655080644595,5.1706655080644595
B0031,B0031_D0008,90.06630520599427,43C,43C_constant_4A,RF_full_150,43C,84.87351516293116,-5.192790043063113,5.192790043063113
B0031,B0031_D0009,89.41861291966784,43C,43C_constant_4A,RF_full_150,43C,85.57882276545115,-3.8397901542166863,3.8397901542166863
B0031,B0031_D0010,88.8270082868658,43C,43C_constant_4A,RF_full_150,43C,85.48985856915517,-3.3371497177106306,3.3371497177106306
B0031,B0031_D0011,89.28104565911615,43C,43C_constant_4A,RF_full_150,43C,85.64973516217556,-3.6313104969405856,3.6313104969405856
B0031,B0031_D0012,89.0681701834297,43C,43C_constant_4A,RF_full_150,43C,85.48637664647983,-3.581793536949874,3.581793536949874
B0031,B0031_D0013,88.4244919198562,43C,43C_constant_4A,RF_full_150,43C,85.2175372996599,-3.2069546201962993,3.2069546201962993
B0031,B0031_D0014,88.32526191457029,43C,43C_constant_4A,RF_full_150,43C,85.48688672683922,-2.8383751877310743,2.8383751877310743
B0031,B0031_D0015,87.58702639608835,43C,43C_constant_4A,RF_full_150,43C,85.36309732182491,-2.223929074263438,2.223929074263438
B0031,B0031_D0016,86.76174657027508,43C,43C_constant_4A,RF_full_150,43C,85.65618166111268,-1.1055649091623962,1.1055649091623962
B0031,B0031_D0017,88.9138913727459,43C,43C_constant_4A,RF_full_150,43C,85.5290025009548,-3.384888871791091,3.384888871791091
B0031,B0031_D0018,88.24947429853695,43C,43C_constant_4A,RF_full_150,43C,85.49282314541693,-2.7566511531200177,2.7566511531200177
B0031,B0031_D0019,88.12956417667756,43C,43C_constant_4A,RF_full_150,43C,85.24333534010015,-2.8862288365774162,2.8862288365774162
B0031,B0031_D0020,87.2157288060791,43C,43C_constant_4A,RF_full_150,43C,85.64506716806397,-1.5706616380151246,1.5706616380151246
B0031,B0031_D0021,88.14186876759238,43C,43C_constant_4A,RF_full_150,43C,85.81126841780778,-2.3306003497846035,2.3306003497846035
B0031,B0031_D0022,87.39289654739855,43C,43C_constant_4A,RF_full_150,43C,85.56123860750164,-1.831657939896914,1.831657939896914
B0031,B0031_D0023,87.20583669432496,43C,43C_constant_4A,RF_full_150,43C,85.68749754041865,-1.518339153906311,1.518339153906311
B0031,B0031_D0024,86.34211466408695,43C,43C_constant_4A,RF_full_150,43C,85.65770672963689,-0.6844079344500642,0.6844079344500642
B0031,B0031_D0025,86.01546746521132,43C,43C_constant_4A,RF_full_150,43C,85.6794839606462,-0.33598350456512094,0.33598350456512094
B0031,B0031_D0026,86.97122758349889,43C,43C_constant_4A,RF_full_150,43C,85.65090236147756,-1.3203252220213244,1.3203252220213244
B0031,B0031_D0027,86.83692208186007,43C,43C_constant_4A,RF_full_150,43C,85.53013427357166,-1.306787808288405,1.306787808288405
B0031,B0031_D0028,85.84817342242715,43C,43C_constant_4A,RF_full_150,43C,85.69764031628566,-0.15053310614149495,0.15053310614149495
B0031,B0031_D0029,85.63886779183179,43C,43C_constant_4A,RF_full_150,43C,85.58216985586226,-0.05669793596952388,0.05669793596952388
B0031,B0031_D0030,85.30541733277033,43C,43C_constant_4A,RF_full_150,43C,85.78419544094892,0.478778108178588,0.478778108178588
B0031,B0031_D0031,85.68663481037605,43C,43C_constant_4A,RF_full_150,43C,85.65090236147756,-0.035732448898485814,0.035732448898485814
B0031,B0031_D0032,85.46737898963487,43C,43C_constant_4A,RF_full_150,43C,85.63725771915831,0.16987872952344674,0.16987872952344674
B0031,B0031_D0033,84.50500227057795,43C,43C_constant_4A,RF_full_150,43C,85.72622191545429,1.2212196448763422,1.2212196448763422
B0031,B0031_D0034,84.73441671693833,43C,43C_constant_4A,RF_full_150,43C,85.4791047974622,0.744688080523872,0.744688080523872
B0031,B0031_D0035,84.3505495649606,43C,43C_constant_4A,RF_full_150,43C,85.73051343675569,1.3799638717950842,1.3799638717950842
B0031,B0031_D0036,84.78534513535038,43C,43C_constant_4A,RF_full_150,43C,85.73754758331002,0.9522024479596354,0.9522024479596354
B0031,B0031_D0037,84.38484448077826,43C,43C_constant_4A,RF_full_150,43C,85.7761983073909,1.3913538266126437,1.3913538266126437
B0031,B0031_D0038,84.09808563629647,43C,43C_constant_4A,RF_full_150,43C,85.82293626219898,1.724850625902505,1.724850625902505
B0031,B0031_D0039,83.75016944489423,43C,43C_constant_4A,RF_full_150,43C,86.31987368418987,2.569704239295646,2.569704239295646
B0031,B0031_D0040,83.36493897423338,43C,43C_constant_4A,RF_full_150,43C,85.5833715840983,2.2184326098649194,2.2184326098649194
B0032,B0032_D0001,85.2432053675607,43C,43C_constant_4A,RF_full_150,43C,86.06389295040184,0.8206875828411313,0.8206875828411313
B0032,B0032_D0002,94.70159763474284,43C,43C_constant_4A,RF_full_150,43C,85.60093869556762,-9.100658939175219,9.100658939175219
B0032,B0032_D0003,93.73843245926548,43C,43C_constant_4A,RF_full_150,43C,86.10894024259107,-7.629492216674407,7.629492216674407
B0032,B0032_D0004,93.27473592056188,43C,43C_constant_4A,RF_full_150,43C,86.14121940840565,-7.133516512156234,7.133516512156234
B0032,B0032_D0005,92.63699084509034,43C,43C_constant_4A,RF_full_150,43C,86.26075969381331,-6.376231151277025,6.376231151277025
B0032,B0032_D0006,92.2087198501933,43C,43C_constant_4A,RF_full_150,43C,86.0181365971264,-6.1905832530669045,6.1905832530669045
B0032,B0032_D0007,92.1511923875638,43C,43C_constant_4A,RF_full_150,43C,85.91068543728227,-6.240506950281528,6.240506950281528
B0032,B0032_D0008,91.51409087455932,43C,43C_constant_4A,RF_full_150,43C,85.74196919946102,-5.77212167509829,5.77212167509829
B0032,B0032_D0009,90.86919228040904,43C,43C_constant_4A,RF_full_150,43C,85.90605044972995,-4.963141830679092,4.963141830679092
B0032,B0032_D0010,90.2899649055234,43C,43C_constant_4A,RF_full_150,43C,86.18281571107246,-4.10714919445094,4.10714919445094
B0032,B0032_D0011,90.74914802524592,43C,43C_constant_4A,RF_full_150,43C,86.18230563071309,-4.566842394532827,4.566842394532827
B0032,B0032_D0012,89.97575184660897,43C,43C_constant_4A,RF_full_150,43C,86.05403394631978,-3.9217179002891953,3.9217179002891953
B0032,B0032_D0013,89.33258471259073,43C,43C_constant_4A,RF_full_150,43C,85.98309366683107,-3.349491045759663,3.349491045759663
B0032,B0032_D0014,88.67775359708016,43C,43C_constant_4A,RF_full_150,43C,86.18347283001509,-2.4942807670650637,2.4942807670650637
B0032,B0032_D0015,88.49976666822215,43C,43C_constant_4A,RF_full_150,43C,86.1654065715448,-2.3343600966773437,2.3343600966773437
B0032,B0032_D0016,89.97630401871434,43C,43C_constant_4A,RF_full_150,43C,85.92498160286065,-4.05132241585369,4.05132241585369
B0032,B0032_D0017,89.84265342224916,43C,43C_constant_4A,RF_full_150,43C,86.07409460108553,-3.768558821163623,3.768558821163623
B0032,B0032_D0018,89.19132752040872,43C,43C_constant_4A,RF_full_150,43C,86.13862661842631,-3.052700901982405,3.052700901982405
B0032,B0032_D0019,88.48222245520051,43C,43C_constant_4A,RF_full_150,43C,86.31325300031568,-2.168969454884831,2.168969454884831
B0032,B0032_D0020,87.56470228524842,43C,43C_constant_4A,RF_full_150,43C,86.32826768563986,-1.2364345996085575,1.2364345996085575
B0032,B0032_D0021,88.48777148980996,43C,43C_constant_4A,RF_full_150,43C,85.91714471994416,-2.5706267698657967,2.5706267698657967
B0032,B0032_D0022,87.7386346695746,43C,43C_constant_4A,RF_full_150,43C,86.18281571107246,-1.5558189585021296,1.5558189585021296
B0032,B0032_D0023,86.94583177906492,43C,43C_constant_4A,RF_full_150,43C,86.23021078482316,-0.7156209942417604,0.7156209942417604
B0032,B0032_D0024,86.68600259382038,43C,43C_constant_4A,RF_full_150,43C,86.17584424913908,-0.510158344681301,0.510158344681301
B0032,B0032_D0025,85.75486298750046,43C,43C_constant_4A,RF_full_150,43C,86.224572857744,0.46970987024353406,0.46970987024353406
B0032,B0032_D0026,87.31463074407819,43C,43C_constant_4A,RF_full_150,43C,86.18281571107246,-1.1318150330057222,1.1318150330057222
B0032,B0032_D0027,85.95746309572824,43C,43C_constant_4A,RF_full_150,43C,86.31404807556352,0.3565849798352758,0.3565849798352758
B0032,B0032_D0028,85.5791123095749,43C,43C_constant_4A,RF_full_150,43C,86.3601417182888,0.7810294087139056,0.7810294087139056
B0032,B0032_D0029,84.75525597612949,43C,43C_constant_4A,RF_full_150,43C,86.87303850597229,2.117782529842799,2.117782529842799
B0032,B0032_D0030,85.02562185550487,43C,43C_constant_4A,RF_full_150,43C,86.22801379487632,1.2023919393714522,1.2023919393714522
B0032,B0032_D0031,85.4049467562508,43C,43C_constant_4A,RF_full_150,43C,86.1813659372374,0.7764191809866077,0.7764191809866077
B0032,B0032_D0032,84.57177152935635,43C,43C_constant_4A,RF_full_150,43C,86.17584424913908,1.604072719782721,1.604072719782721
B0032,B0032_D0033,84.22247164444966,43C,43C_constant_4A,RF_full_150,43C,86.26947245004928,2.047000805599623,2.047000805599623
B0032,B0032_D0034,83.20187908440376,43C,43C_constant_4A,RF_full_150,43C,86.224572857744,3.0226937733402366,3.0226937733402366
B0032,B0032_D0035,83.43186007115987,43C,43C_constant_4A,RF_full_150,43C,86.18281571107246,2.75095563991259,2.75095563991259
B0032,B0032_D0036,84.49672037812984,43C,43C_constant_4A,RF_full_150,43C,86.12158765852826,1.6248672803984192,1.6248672803984192
B0032,B0032_D0037,83.4715856423221,43C,43C_constant_4A,RF_full_150,43C,86.25143708430151,2.7798514419794174,2.7798514419794174
B0032,B0032_D0038,83.17113380919606,43C,43C_constant_4A,RF_full_150,43C,86.19069195151891,3.0195581423228504,3.0195581423228504
B0032,B0032_D0039,82.18076097973686,43C,43C_constant_4A,RF_full_150,43C,86.23329309451142,4.052532114774564,4.052532114774564
B0032,B0032_D0040,81.79000436769121,43C,43C_constant_4A,RF_full_150,43C,86.28959945206425,4.499595084373041,4.499595084373041
B0041,B0041_D0043,60.78247043180449,4C,4C_multi_load,RF_20x7_deployed,4C,84.20841478751178,23.425944355707294,23.425944355707294
B0041,B0041_D0044,57.38208160473282,4C,4C_multi_load,RF_20x7_deployed,4C,85.2422349617126,27.86015335697978,27.86015335697978
B0041,B0041_D0045,55.97287263649096,4C,4C_multi_load,RF_20x7_deployed,4C,85.19347891733587,29.220606280844905,29.220606280844905
B0041,B0041_D0046,54.20662820925064,4C,4C_multi_load,RF_20x7_deployed,4C,84.7898770776537,30.58324886840306,30.58324886840306
B0041,B0041_D0047,53.03892116446328,4C,4C_multi_load,RF_20x7_deployed,4C,72.92840413036556,19.889482965902282,19.889482965902282
B0041,B0041_D0048,50.85156432813296,4C,4C_multi_load,RF_20x7_deployed,4C,82.71051879323792,31.858954465104965,31.858954465104965
B0041,B0041_D0049,50.00187499904287,4C,4C_multi_load,RF_20x7_deployed,4C,79.45090721379633,29.44903221475346,29.44903221475346
B0041,B0041_D0050,49.5753247393124,4C,4C_multi_load,RF_20x7_deployed,4C,79.21306682421083,29.637742084898427,29.637742084898427
B0041,B0041_D0051,48.27822212685508,4C,4C_multi_load,RF_20x7_deployed,4C,78.90519514724195,30.626973020386878,30.626973020386878
B0041,B0041_D0052,46.91655981219836,4C,4C_multi_load,RF_20x7_deployed,4C,79.14779736146455,32.2312375492662,32.2312375492662
B0041,B0041_D0053,46.494516946201344,4C,4C_multi_load,RF_20x7_deployed,4C,79.47173746094305,32.9772205147417,32.9772205147417
B0041,B0041_D0054,45.36058699724299,4C,4C_multi_load,RF_20x7_deployed,4C,70.38060202743313,25.020015030190137,25.020015030190137
B0041,B0041_D0055,45.88435338468662,4C,4C_multi_load,RF_20x7_deployed,4C,78.98978472033335,33.10543133564673,33.10543133564673
B0041,B0041_D0056,45.78715360981514,4C,4C_multi_load,RF_20x7_deployed,4C,78.97046460998824,33.1833110001731,33.1833110001731
B0041,B0041_D0057,45.55831345025216,4C,4C_multi_load,RF_20x7_deployed,4C,78.90519514724195,33.3468816969898,33.3468816969898
B0041,B0041_D0058,44.84450721786349,4C,4C_multi_load,RF_20x7_deployed,4C,78.97046460998824,34.125957392124754,34.125957392124754
B0041,B0041_D0059,44.31066736400077,4C,4C_multi_load,RF_20x7_deployed,4C,78.90519514724195,34.59452778324118,34.59452778324118
B0041,B0041_D0060,44.65562068093507,4C,4C_multi_load,RF_20x7_deployed,4C,78.90519514724195,34.24957446630688,34.24957446630688
B0041,B0041_D0061,44.0449253545527,4C,4C_multi_load,RF_20x7_deployed,4C,70.80128078457555,26.75635543002285,26.75635543002285
B0041,B0041_D0062,43.9943969101187,4C,4C_multi_load,RF_20x7_deployed,4C,78.90519514724195,34.91079823712325,34.91079823712325
B0041,B0041_D0063,43.411737685577215,4C,4C_multi_load,RF_20x7_deployed,4C,79.13822107915026,35.72648339357304,35.72648339357304
B0041,B0041_D0064,42.21784745197758,4C,4C_multi_load,RF_20x7_deployed,4C,73.47047505729762,31.252627605320036,31.252627605320036
B0041,B0041_D0065,43.28546601574269,4C,4C_multi_load,RF_20x7_deployed,4C,78.90519514724195,35.61972913149926,35.61972913149926
B0041,B0041_D0066,42.4348452009589,4C,4C_multi_load,RF_20x7_deployed,4C,78.97046460998824,36.535619409029344,36.535619409029344
B0041,B0041_D0067,41.82474216823173,4C,4C_multi_load,RF_20x7_deployed,4C,70.5044514568842,28.679709288652468,28.679709288652468
B0042,B0042_D0001,86.43563316877677,4C,4C_multi_load,RF_20x7_deployed,4C,75.47799988848213,-10.957633280294644,10.957633280294644
B0042,B0042_D0002,86.57353140926573,4C,4C_multi_load,RF_20x7_deployed,4C,78.41432648622978,-8.159204923035944,8.159204923035944
B0042,B0042_D0003,86.41175181573044,4C,4C_multi_load,RF_20x7_deployed,4C,78.82130688903214,-7.5904449266982965,7.5904449266982965
B0042,B0042_D0004,86.01723711458105,4C,4C_multi_load,RF_20x7_deployed,4C,78.80479347066259,-7.212443643918462,7.212443643918462
B0042,B0042_D0005,86.10867183853817,4C,4C_multi_load,RF_20x7_deployed,4C,78.97540099398935,-7.133270844548818,7.133270844548818
B0042,B0042_D0007,85.43347886659724,4C,4C_multi_load,RF_20x7_deployed,4C,78.95938588779856,-6.47409297879868,6.47409297879868
B0042,B0042_D0008,85.18238242959323,4C,4C_multi_load,RF_20x7_deployed,4C,78.89411642505229,-6.288266004540944,6.288266004540944
B0042,B0042_D0009,84.79187871788986,4C,4C_multi_load,RF_20x7_deployed,4C,79.04761414539371,-5.744264572496149,5.744264572496149
B0042,B0042_D0010,84.74532423338455,4C,4C_multi_load,RF_20x7_deployed,4C,78.87996530051485,-5.865358932869697,5.865358932869697
B0042,B0042_D0011,84.37384047176228,4C,4C_multi_load,RF_20x7_deployed,4C,78.81469583776858,-5.5591446339936965,5.5591446339936965
B0042,B0042_D0012,84.29945864589725,4C,4C_multi_load,RF_20x7_deployed,4C,78.81469583776858,-5.484762808128664,5.484762808128664
B0042,B0042_D0013,83.91432373887466,4C,4C_multi_load,RF_20x7_deployed,4C,78.87996530051485,-5.034358438359803,5.034358438359803
B0042,B0042_D0014,83.69823820450763,4C,4C_multi_load,RF_20x7_deployed,4C,78.87996530051485,-4.818272903992778,4.818272903992778
B0042,B0042_D0015,83.61189400618532,4C,4C_multi_load,RF_20x7_deployed,4C,78.87996530051485,-4.7319287056704695,4.7319287056704695
B0042,B0042_D0016,83.79948950245985,4C,4C_multi_load,RF_20x7_deployed,4C,78.87996530051485,-4.919524201944995,4.919524201944995
B0042,B0042_D0017,83.09123836423994,4C,4C_multi_load,RF_20x7_deployed,4C,78.9511978309375,-4.1400405333024395,4.1400405333024395
B0042,B0042_D0018,83.03355176283056,4C,4C_multi_load,RF_20x7_deployed,4C,78.87996530051485,-4.153586462315701,4.153586462315701
B0042,B0042_D0019,82.65322437253602,4C,4C_multi_load,RF_20x7_deployed,4C,78.81469583776858,-3.838528534767434,3.838528534767434
B0042,B0042_D0020,82.4976993135228,4C,4C_multi_load,RF_20x7_deployed,4C,78.87996530051485,-3.617734013007947,3.617734013007947
B0042,B0042_D0021,84.0648902722246,4C,4C_multi_load,RF_20x7_deployed,4C,78.81469583776858,-5.25019443445602,5.25019443445602
B0042,B0042_D0022,83.50260212240649,4C,4C_multi_load,RF_20x7_deployed,4C,79.22151798568613,-4.281084136720352,4.281084136720352
B0042,B0042_D0023,83.35909301773961,4C,4C_multi_load,RF_20x7_deployed,4C,79.16937472125178,-4.1897182964878255,4.1897182964878255
B0042,B0042_D0024,82.84432806637584,4C,4C_multi_load,RF_20x7_deployed,4C,79.21929866486786,-3.625029401507973,3.625029401507973
B0042,B0042_D0025,82.24909723289969,4C,4C_multi_load,RF_20x7_deployed,4C,78.87996530051485,-3.369131932384832,3.369131932384832
B0042,B0042_D0026,81.9607292500007,4C,4C_multi_load,RF_20x7_deployed,4C,78.81469583776858,-3.1460334122321143,3.1460334122321143
B0042,B0042_D0027,82.05299945104028,4C,4C_multi_load,RF_20x7_deployed,4C,79.3810233191119,-2.671976131928375,2.671976131928375
B0042,B0042_D0028,82.16348256099239,4C,4C_multi_load,RF_20x7_deployed,4C,79.80319098615968,-2.360291574832715,2.360291574832715
B0042,B0042_D0029,81.49336551201148,4C,4C_multi_load,RF_20x7_deployed,4C,79.57619686916937,-1.917168642842114,1.917168642842114
B0042,B0042_D0030,81.19268172329403,4C,4C_multi_load,RF_20x7_deployed,4C,79.16937472125178,-2.0233070020422446,2.0233070020422446
B0042,B0042_D0031,80.93154443522087,4C,4C_multi_load,RF_20x7_deployed,4C,78.81469583776858,-2.1168485974522895,2.1168485974522895
B0042,B0042_D0032,80.96709056220598,4C,4C_multi_load,RF_20x7_deployed,4C,78.87996530051485,-2.0871252616911278,2.0871252616911278
B0042,B0042_D0033,80.72966356634966,4C,4C_multi_load,RF_20x7_deployed,4C,79.15402920212159,-1.5756343642280655,1.5756343642280655
B0042,B0042_D0034,80.36020445963923,4C,4C_multi_load,RF_20x7_deployed,4C,79.39636883824213,-0.9638356213971093,0.9638356213971093
B0042,B0042_D0035,80.06331795031178,4C,4C_multi_load,RF_20x7_deployed,4C,78.87996530051485,-1.1833526497969302,1.1833526497969302
B0042,B0042_D0036,79.7020370531552,4C,4C_multi_load,RF_20x7_deployed,4C,78.81469583776858,-0.8873412153866127,0.8873412153866127
B0042,B0042_D0037,79.73444144687238,4C,4C_multi_load,RF_20x7_deployed,4C,78.76219594189534,-0.9722455049770389,0.9722455049770389
B0042,B0042_D0038,79.41050478651299,4C,4C_multi_load,RF_20x7_deployed,4C,78.87996530051485,-0.5305394859981334,0.5305394859981334
B0042,B0042_D0039,79.39927790388491,4C,4C_multi_load,RF_20x7_deployed,4C,79.15402920212159,-0.24524870176331603,0.24524870176331603
B0042,B0042_D0040,78.99582703325171,4C,4C_multi_load,RF_20x7_deployed,4C,79.3810233191119,0.3851962858601894,0.3851962858601894
B0042,B0042_D0041,78.27973096826418,4C,4C_multi_load,RF_20x7_deployed,4C,78.84161652917905,0.5618855609148738,0.5618855609148738
B0042,B0042_D0088,71.88672383039729,4C,4C_multi_load,RF_20x7_deployed,4C,83.859591764391,11.972867933993712,11.972867933993712
B0042,B0042_D0089,76.23009644622027,4C,4C_multi_load,RF_20x7_deployed,4C,86.6145866477696,10.384490201549326,10.384490201549326
B0042,B0042_D0090,76.07636982769739,4C,4C_multi_load,RF_20x7_deployed,4C,88.12720293270516,12.050833105007769,12.050833105007769
B0042,B0042_D0091,75.77661815587976,4C,4C_multi_load,RF_20x7_deployed,4C,88.14708354631638,12.370465390436621,12.370465390436621
B0042,B0042_D0092,75.22124830767277,4C,4C_multi_load,RF_20x7_deployed,4C,87.98090886477596,12.759660557103189,12.759660557103189
B0042,B0042_D0093,75.00753574749403,4C,4C_multi_load,RF_20x7_deployed,4C,88.12720293270516,13.119667185211128,13.119667185211128
B0042,B0042_D0094,74.4505613660156,4C,4C_multi_load,RF_20x7_deployed,4C,83.06271647611815,8.612155110102549,8.612155110102549
B0042,B0042_D0095,74.05074678781422,4C,4C_multi_load,RF_20x7_deployed,4C,87.13371059431775,13.082963806503528,13.082963806503528
B0042,B0042_D0096,73.8131013874287,4C,4C_multi_load,RF_20x7_deployed,4C,87.05871411972124,13.245612732292543,13.245612732292543
B0042,B0042_D0097,73.31275512719479,4C,4C_multi_load,RF_20x7_deployed,4C,88.60975660959723,15.297001482402436,15.297001482402436
B0042,B0042_D0098,72.9664129690851,4C,4C_multi_load,RF_20x7_deployed,4C,88.34789343155705,15.381480462471956,15.381480462471956
B0042,B0042_D0099,72.28520788771905,4C,4C_multi_load,RF_20x7_deployed,4C,83.32982150945739,11.044613621738335,11.044613621738335
B0042,B0042_D0100,72.00343044694512,4C,4C_multi_load,RF_20x7_deployed,4C,87.6364477957525,15.633017348807385,15.633017348807385
B0042,B0042_D0101,71.45156829773921,4C,4C_multi_load,RF_20x7_deployed,4C,86.33901916325519,14.887450865515973,14.887450865515973
B0042,B0042_D0102,70.7086094075693,4C,4C_multi_load,RF_20x7_deployed,4C,86.46142647394973,15.75281706638043,15.75281706638043
B0042,B0042_D0103,70.7801539564539,4C,4C_multi_load,RF_20x7_deployed,4C,85.28521830092328,14.505064344469375,14.505064344469375
B0042,B0042_D0104,69.97205111650351,4C,4C_multi_load,RF_20x7_deployed,4C,86.08476380382433,16.112712687320823,16.112712687320823
B0042,B0042_D0105,69.79817642897454,4C,4C_multi_load,RF_20x7_deployed,4C,85.28521830092328,15.487041871948733,15.487041871948733
B0042,B0042_D0106,69.64892326315294,4C,4C_multi_load,RF_20x7_deployed,4C,85.12461180958095,15.475688546428017,15.475688546428017
B0042,B0042_D0107,68.70386011900459,4C,4C_multi_load,RF_20x7_deployed,4C,85.20463884323974,16.500778724235147,16.500778724235147
B0042,B0042_D0108,68.76246515001218,4C,4C_multi_load,RF_20x7_deployed,4C,82.64524933049162,13.882784180479447,13.882784180479447
B0042,B0042_D0109,68.35983065427253,4C,4C_multi_load,RF_20x7_deployed,4C,84.68398780588323,16.324157151610706,16.324157151610706
B0042,B0042_D0110,67.8443800391822,4C,4C_multi_load,RF_20x7_deployed,4C,85.01968816290733,17.17530812372513,17.17530812372513
B0042,B0042_D0111,67.24660112984674,4C,4C_multi_load,RF_20x7_deployed,4C,85.06844420728406,17.82184307743732,17.82184307743732
B0042,B0042_D0112,66.8734585229213,4C,4C_multi_load,RF_20x7_deployed,4C,81.88737597041583,15.013917447494535,15.013917447494535
B0043,B0043_D0001,85.68913210634425,4C,4C_multi_load,RF_20x7_deployed,4C,74.45893230373704,-11.230199802607203,11.230199802607203
B0043,B0043_D0002,84.77840829323554,4C,4C_multi_load,RF_20x7_deployed,4C,75.89176244730655,-8.886645845928996,8.886645845928996
B0043,B0043_D0003,84.07453186025977,4C,4C_multi_load,RF_20x7_deployed,4C,76.42693079178254,-7.647601068477229,7.647601068477229
B0043,B0043_D0004,83.93186204766477,4C,4C_multi_load,RF_20x7_deployed,4C,77.27219214121877,-6.659669906445998,6.659669906445998
B0043,B0043_D0005,83.47084275432496,4C,4C_multi_load,RF_20x7_deployed,4C,78.49392640098901,-4.976916353335952,4.976916353335952
B0043,B0043_D0007,83.05969260612389,4C,4C_multi_load,RF_20x7_deployed,4C,79.00283462750663,-4.056857978617259,4.056857978617259
B0043,B0043_D0008,82.53211691032166,4C,4C_multi_load,RF_20x7_deployed,4C,78.84163789362357,-3.6904790166980916,3.6904790166980916
B0043,B0043_D0009,82.12136595453892,4C,4C_multi_load,RF_20x7_deployed,4C,78.8903939380003,-3.2309720165386153,3.2309720165386153
B0043,B0043_D0010,81.76832400520664,4C,4C_multi_load,RF_20x7_deployed,4C,79.06100146132705,-2.7073225438795845,2.7073225438795845
B0043,B0043_D0011,81.66164379654245,4C,4C_multi_load,RF_20x7_deployed,4C,78.82179635936946,-2.839847437172992,2.839847437172992
B0043,B0043_D0012,81.29420277193967,4C,4C_multi_load,RF_20x7_deployed,4C,79.06100146132705,-2.233201310612614,2.233201310612614
B0043,B0043_D0013,80.89880873273854,4C,4C_multi_load,RF_20x7_deployed,4C,79.06100146132705,-1.8378072714114921,1.8378072714114921
B0043,B0043_D0014,80.68326353636994,4C,4C_multi_load,RF_20x7_deployed,4C,78.97971689238999,-1.7035466439799478,1.7035466439799478
B0043,B0043_D0015,80.2910513309846,4C,4C_multi_load,RF_20x7_deployed,4C,78.99573199858078,-1.295319332403821,1.295319332403821
B0043,B0043_D0016,80.16763980980765,4C,4C_multi_load,RF_20x7_deployed,4C,78.28067284225092,-1.8869669675567309,1.8869669675567309
B0043,B0043_D0017,79.75671203091322,4C,4C_multi_load,RF_20x7_deployed,4C,78.59952790860069,-1.157184122312529,1.157184122312529
B0043,B0043_D0018,79.39067772364254,4C,4C_multi_load,RF_20x7_deployed,4C,79.06100146132705,-0.32967626231548763,0.32967626231548763
B0043,B0043_D0019,79.00300984542122,4C,4C_multi_load,RF_20x7_deployed,4C,78.95414666173255,-0.04886318368866682,0.04886318368866682
B0043,B0043_D0020,78.7782543939564,4C,4C_multi_load,RF_20x7_deployed,4C,78.70402700074995,-0.07422739320645633,0.07422739320645633
B0043,B0043_D0021,79.75084506082104,4C,4C_multi_load,RF_20x7_deployed,4C,78.73720678627805,-1.0136382745429842,1.0136382745429842
B0043,B0043_D0022,79.49037761288797,4C,4C_multi_load,RF_20x7_deployed,4C,79.19335176369013,-0.29702584919783703,0.29702584919783703
B0043,B0043_D0023,79.03976601048706,4C,4C_multi_load,RF_20x7_deployed,4C,79.04498635513627,0.005220344649217168,0.005220344649217168
B0043,B0043_D0024,78.52166644593808,4C,4C_multi_load,RF_20x7_deployed,4C,79.04498635513627,0.523319909198193,0.523319909198193
B0043,B0043_D0025,78.21684215948937,4C,4C_multi_load,RF_20x7_deployed,4C,79.06100146132705,0.8441593018376778,0.8441593018376778
B0043,B0043_D0026,77.91535089012454,4C,4C_multi_load,RF_20x7_deployed,4C,79.06100146132705,1.1456505712025091,1.1456505712025091
B0043,B0043_D0027,77.68574644886233,4C,4C_multi_load,RF_20x7_deployed,4C,78.99573199858078,1.3099855497184478,1.3099855497184478
B0043,B0043_D0028,77.47641252927565,4C,4C_multi_load,RF_20x7_deployed,4C,79.22400957208063,1.7475970428049834,1.7475970428049834
B0043,B0043_D0029,77.12215267580531,4C,4C_multi_load,RF_20x7_deployed,4C,79.22400957208063,2.101856896275322,2.101856896275322
B0043,B0043_D0030,77.12811351585749,4C,4C_multi_load,RF_20x7_deployed,4C,79.18307173368235,2.0549582178248613,2.0549582178248613
B0043,B0043_D0031,76.54678226260079,4C,4C_multi_load,RF_20x7_deployed,4C,79.06100146132705,2.5142191987262663,2.5142191987262663
B0043,B0043_D0032,76.23866588476214,4C,4C_multi_load,RF_20x7_deployed,4C,78.82179635936946,2.583130474607316,2.583130474607316
B0043,B0043_D0033,75.98371204389751,4C,4C_multi_load,RF_20x7_deployed,4C,78.82179635936946,2.8380843154719457,2.8380843154719457
B0043,B0043_D0034,75.61848462894342,4C,4C_multi_load,RF_20x7_deployed,4C,78.82179635936946,3.2033117304260372,3.2033117304260372
B0043,B0043_D0035,74.99572431011985,4C,4C_multi_load,RF_20x7_deployed,4C,78.11174284367803,3.116018533558176,3.116018533558176
B0043,B0043_D0036,74.62053135594125,4C,4C_multi_load,RF_20x7_deployed,4C,78.05013357722979,3.4296022212885333,3.4296022212885333
B0043,B0043_D0037,74.6312493976353,4C,4C_multi_load,RF_20x7_deployed,4C,76.2237409972742,1.5924915996389046,1.5924915996389046
B0043,B0043_D0038,74.62012009403014,4C,4C_multi_load,RF_20x7_deployed,4C,77.69605011944311,3.0759300254129727,3.0759300254129727
B0043,B0043_D0039,74.26510100875838,4C,4C_multi_load,RF_20x7_deployed,4C,78.11174284367803,3.8466418349196516,3.8466418349196516
B0043,B0043_D0040,73.86040635507936,4C,4C_multi_load,RF_20x7_deployed,4C,78.11540303997607,4.25499668489671,4.25499668489671
B0043,B0043_D0041,73.47369262590703,4C,4C_multi_load,RF_20x7_deployed,4C,76.25957452598887,2.785881900081833,2.785881900081833
B0043,B0043_D0088,76.25420258259093,4C,4C_multi_load,RF_20x7_deployed,4C,86.2004541410515,9.94625155846056,9.94625155846056
B0043,B0043_D0089,77.62844056506505,4C,4C_multi_load,RF_20x7_deployed,4C,91.89072430587284,14.262283740807788,14.262283740807788
B0043,B0043_D0090,77.13876313387193,4C,4C_multi_load,RF_20x7_deployed,4C,91.83403978765351,14.695276653781576,14.695276653781576
B0043,B0043_D0091,76.6596641563234,4C,4C_multi_load,RF_20x7_deployed,4C,91.53932260480877,14.879658448485372,14.879658448485372
B0043,B0043_D0092,75.76360974586011,4C,4C_multi_load,RF_20x7_deployed,4C,87.64492733657734,11.88131759071723,11.88131759071723
B0043,B0043_D0093,75.37494880998857,4C,4C_multi_load,RF_20x7_deployed,4C,88.62103245481416,13.246083644825589,13.246083644825589
B0043,B0043_D0094,74.48144454323821,4C,4C_multi_load,RF_20x7_deployed,4C,86.98571580228,12.504271259041786,12.504271259041786
B0043,B0043_D0095,73.90389426044041,4C,4C_multi_load,RF_20x7_deployed,4C,88.89347630192623,14.989582041485818,14.989582041485818
B0043,B0043_D0096,73.50017672667232,4C,4C_multi_load,RF_20x7_deployed,4C,89.2342298049567,15.734053078284376,15.734053078284376
B0043,B0043_D0097,72.82811590068538,4C,4C_multi_load,RF_20x7_deployed,4C,88.98483124312415,16.156715342438773,16.156715342438773
B0043,B0043_D0098,72.29884814151175,4C,4C_multi_load,RF_20x7_deployed,4C,88.00059593472383,15.701747793212078,15.701747793212078
B0043,B0043_D0099,71.62927996234626,4C,4C_multi_load,RF_20x7_deployed,4C,83.48048538413263,11.851205421786375,11.851205421786375
B0043,B0043_D0100,70.98672427331482,4C,4C_multi_load,RF_20x7_deployed,4C,88.96062889974898,17.973904626434162,17.973904626434162
B0043,B0043_D0101,70.06312875357865,4C,4C_multi_load,RF_20x7_deployed,4C,89.11052424833342,19.047395494754767,19.047395494754767
B0043,B0043_D0102,69.31472654267984,4C,4C_multi_load,RF_20x7_deployed,4C,89.14306135134112,19.828334808661282,19.828334808661282
B0043,B0043_D0103,69.2065128026239,4C,4C_multi_load,RF_20x7_deployed,4C,87.04422198270034,17.83770918007643,17.83770918007643
B0043,B0043_D0104,68.25871600935707,4C,4C_multi_load,RF_20x7_deployed,4C,86.15800434477721,17.899288335420138,17.899288335420138
B0043,B0043_D0105,68.0754166096449,4C,4C_multi_load,RF_20x7_deployed,4C,86.18482476091592,18.109408151271012,18.109408151271012
B0043,B0043_D0106,67.55008319398586,4C,4C_multi_load,RF_20x7_deployed,4C,84.64179514583948,17.091711951853625,17.091711951853625
B0043,B0043_D0107,66.41294033632565,4C,4C_multi_load,RF_20x7_deployed,4C,86.69962920023615,20.2866888639105,20.2866888639105
B0043,B0043_D0108,66.28603343710736,4C,4C_multi_load,RF_20x7_deployed,4C,80.08264078332375,13.79660734621639,13.79660734621639
B0043,B0043_D0109,65.7145485798922,4C,4C_multi_load,RF_20x7_deployed,4C,83.68601483586485,17.971466255972658,17.971466255972658
B0043,B0043_D0110,65.01630047405546,4C,4C_multi_load,RF_20x7_deployed,4C,84.76024943857432,19.743948964518864,19.743948964518864
B0043,B0043_D0111,64.40535700778418,4C,4C_multi_load,RF_20x7_deployed,4C,84.08088679972998,19.675529791945806,19.675529791945806
B0043,B0043_D0112,63.83900750600783,4C,4C_multi_load,RF_20x7_deployed,4C,76.0266370598166,12.187629553808762,12.187629553808762
B0044,B0044_D0001,84.32627775760369,4C,4C_multi_load,RF_20x7_deployed,4C,71.6305663005185,-12.695711457085196,12.695711457085196
B0044,B0044_D0002,83.12303265819592,4C,4C_multi_load,RF_20x7_deployed,4C,70.23741378058699,-12.885618877608934,12.885618877608934
B0044,B0044_D0003,82.67005377850256,4C,4C_multi_load,RF_20x7_deployed,4C,70.07426609536708,-12.595787683135484,12.595787683135484
B0044,B0044_D0004,82.26072951745468,4C,4C_multi_load,RF_20x7_deployed,4C,68.8979138572404,-13.362815660214281,13.362815660214281
B0044,B0044_D0005,81.78320311836706,4C,4C_multi_load,RF_20x7_deployed,4C,69.61801107752879,-12.165192040838264,12.165192040838264
B0044,B0044_D0007,81.33884882573233,4C,4C_multi_load,RF_20x7_deployed,4C,70.13317290147745,-11.205675924254876,11.205675924254876
B0044,B0044_D0008,80.79857752371532,4C,4C_multi_load,RF_20x7_deployed,4C,70.5044514568842,-10.294126066831126,10.294126066831126
B0044,B0044_D0009,80.38014193324811,4C,4C_multi_load,RF_20x7_deployed,4C,70.24800098300867,-10.132140950239446,10.132140950239446
B0044,B0044_D0010,80.01680200715806,4C,4C_multi_load,RF_20x7_deployed,4C,70.00932347202637,-10.007478535131696,10.007478535131696
B0044,B0044_D0011,79.89350457495958,4C,4C_multi_load,RF_20x7_deployed,4C,70.51906319582785,-9.374441379131724,9.374441379131724
B0044,B0044_D0012,79.50155132581757,4C,4C_multi_load,RF_20x7_deployed,4C,70.22390457619784,-9.277646749619734,9.277646749619734
B0044,B0044_D0013,79.08155577826047,4C,4C_multi_load,RF_20x7_deployed,4C,69.75769459251852,-9.323861185741947,9.323861185741947
B0044,B0044_D0014,78.5727815551735,4C,4C_multi_load,RF_20x7_deployed,4C,69.84206793668778,-8.730713618485723,8.730713618485723
B0044,B0044_D0015,78.1610399284989,4C,4C_multi_load,RF_20x7_deployed,4C,69.7305044937581,-8.43053543474079,8.43053543474079
B0044,B0044_D0016,78.03387694122793,4C,4C_multi_load,RF_20x7_deployed,4C,69.64892704770514,-8.384949893522787,8.384949893522787
B0044,B0044_D0017,77.61943005657143,4C,4C_multi_load,RF_20x7_deployed,4C,70.01064889809967,-7.608781158471757,7.608781158471757
B0044,B0044_D0018,77.22296438280985,4C,4C_multi_load,RF_20x7_deployed,4C,69.87771727712621,-7.34524710568364,7.34524710568364
B0044,B0044_D0019,76.82790670903275,4C,4C_multi_load,RF_20x7_deployed,4C,70.06574604596429,-6.762160663068457,6.762160663068457
B0044,B0044_D0020,76.53627933970536,4C,4C_multi_load,RF_20x7_deployed,4C,69.64892704770514,-6.887352292000216,6.887352292000216
B0044,B0044_D0021,77.2621404121164,4C,4C_multi_load,RF_20x7_deployed,4C,71.31789469146425,-5.944245720652148,5.944245720652148
B0044,B0044_D0022,76.98572245908126,4C,4C_multi_load,RF_20x7_deployed,4C,70.38060202743313,-6.605120431648132,6.605120431648132
B0044,B0044_D0023,76.52678538886882,4C,4C_multi_load,RF_20x7_deployed,4C,70.05644592513104,-6.470339463737773,6.470339463737773
B0044,B0044_D0024,75.99867612048541,4C,4C_multi_load,RF_20x7_deployed,4C,70.00932347202637,-5.989352648459047,5.989352648459047
B0044,B0044_D0025,75.68314763422102,4C,4C_multi_load,RF_20x7_deployed,4C,70.10005514674675,-5.583092487474261,5.583092487474261
B0044,B0044_D0026,75.06435003496476,4C,4C_multi_load,RF_20x7_deployed,4C,70.01064889809967,-5.053701136865087,5.053701136865087
B0044,B0044_D0027,75.11907367455836,4C,4C_multi_load,RF_20x7_deployed,4C,70.06574604596429,-5.053327628594076,5.053327628594076
B0044,B0044_D0028,74.9047757713875,4C,4C_multi_load,RF_20x7_deployed,4C,69.92866647507428,-4.976109296313226,4.976109296313226
B0044,B0044_D0029,74.53271195688555,4C,4C_multi_load,RF_20x7_deployed,4C,69.8048170456232,-4.727894911262354,4.727894911262354
B0044,B0044_D0030,74.21985819718105,4C,4C_multi_load,RF_20x7_deployed,4C,70.05777135120435,-4.162086845976702,4.162086845976702
B0044,B0044_D0031,73.62660968115057,4C,4C_multi_load,RF_20x7_deployed,4C,69.64892704770514,-3.9776826334454256,3.9776826334454256
B0044,B0044_D0032,73.31574691056603,4C,4C_multi_load,RF_20x7_deployed,4C,70.86457754160067,-2.451169368965367,2.451169368965367
B0044,B0044_D0033,73.35649234438888,4C,4C_multi_load,RF_20x7_deployed,4C,69.69604950080983,-3.660442843579048,3.660442843579048
B0044,B0044_D0034,72.96929498816569,4C,4C_multi_load,RF_20x7_deployed,4C,70.17199252461852,-2.797302463547169,2.797302463547169
B0044,B0044_D0035,72.33950684252603,4C,4C_multi_load,RF_20x7_deployed,4C,70.47998904080649,-1.859517801719548,1.859517801719548
B0044,B0044_D0036,71.95334929819114,4C,4C_multi_load,RF_20x7_deployed,4C,70.36864664558846,-1.5847026526026866,1.5847026526026866
B0044,B0044_D0037,71.94946275231301,4C,4C_multi_load,RF_20x7_deployed,4C,70.12427793148461,-1.8251848208283974,1.8251848208283974
B0044,B0044_D0038,71.93099389789288,4C,4C_multi_load,RF_20x7_deployed,4C,70.86457754160067,-1.0664163562922084,1.0664163562922084
B0044,B0044_D0039,71.56706048326753,4C,4C_multi_load,RF_20x7_deployed,4C,70.52711149391116,-1.0399489893563612,1.0399489893563612
B0044,B0044_D0040,71.1486518831734,4C,4C_multi_load,RF_20x7_deployed,4C,70.31935452291627,-0.8292973602571294,0.8292973602571294
B0044,B0044_D0041,70.75076549872547,4C,4C_multi_load,RF_20x7_deployed,4C,70.49483074034147,-0.2559347583840008,0.2559347583840008
B0044,B0044_D0088,73.89977255585538,4C,4C_multi_load,RF_20x7_deployed,4C,86.24383540846502,12.344062852609639,12.344062852609639
B0044,B0044_D0089,74.70599357238396,4C,4C_multi_load,RF_20x7_deployed,4C,84.35658432800916,9.650590755625203,9.650590755625203
B0044,B0044_D0090,74.40039100565865,4C,4C_multi_load,RF_20x7_deployed,4C,86.33541365062275,11.935022644964107,11.935022644964107
B0044,B0044_D0091,73.74169296358554,4C,4C_multi_load,RF_20x7_deployed,4C,86.51862439611492,12.77693143252938,12.77693143252938
B0044,B0044_D0092,73.02189022392783,4C,4C_multi_load,RF_20x7_deployed,4C,83.32982150945739,10.307931285529563,10.307931285529563
B0044,B0044_D0093,72.61904207883595,4C,4C_multi_load,RF_20x7_deployed,4C,86.37413852821155,13.7550964493756,13.7550964493756
B0044,B0044_D0094,72.0551444182493,4C,4C_multi_load,RF_20x7_deployed,4C,83.26835038319449,11.213205964945189,11.213205964945189
B0044,B0044_D0095,71.50177989205343,4C,4C_multi_load,RF_20x7_deployed,4C,86.15841507014215,14.65663517808872,14.65663517808872
B0044,B0044_D0096,70.69716483599515,4C,4C_multi_load,RF_20x7_deployed,4C,82.27365851716749,11.576493681172337,11.576493681172337
B0044,B0044_D0097,69.86333748725157,4C,4C_multi_load,RF_20x7_deployed,4C,86.33099602813614,16.46765854088457,16.46765854088457
B0044,B0044_D0098,69.32687938412937,4C,4C_multi_load,RF_20x7_deployed,4C,86.06368388662793,16.736804502498558,16.736804502498558
B0044,B0044_D0099,68.62376842862349,4C,4C_multi_load,RF_20x7_deployed,4C,81.12951866829448,12.505750239670988,12.505750239670988
B0044,B0044_D0100,67.99296974406406,4C,4C_multi_load,RF_20x7_deployed,4C,86.04614302934377,18.053173285279712,18.053173285279712
B0044,B0044_D0101,67.43366705196132,4C,4C_multi_load,RF_20x7_deployed,4C,85.30477833135043,17.871111279389112,17.871111279389112
B0044,B0044_D0102,66.67129466602529,4C,4C_multi_load,RF_20x7_deployed,4C,85.42718564204499,18.7558909760197,18.7558909760197
B0044,B0044_D0103,66.93896540537914,4C,4C_multi_load,RF_20x7_deployed,4C,85.19347891733587,18.25451351195673,18.25451351195673
B0044,B0044_D0104,65.76660201508498,4C,4C_multi_load,RF_20x7_deployed,4C,86.08476380382433,20.318161788739346,20.318161788739346
B0044,B0044_D0105,66.14816640550404,4C,4C_multi_load,RF_20x7_deployed,4C,85.2422349617126,19.094068556208555,19.094068556208555
B0044,B0044_D0106,65.43495762077536,4C,4C_multi_load,RF_20x7_deployed,4C,81.88517398013758,16.450216359362216,16.450216359362216
B0044,B0044_D0107,64.48749791950218,4C,4C_multi_load,RF_20x7_deployed,4C,84.70410276311523,20.216604843613055,20.216604843613055
B0044,B0044_D0108,64.53086295452081,4C,4C_multi_load,RF_20x7_deployed,4C,79.12847725111943,14.597614296598621,14.597614296598621
B0044,B0044_D0109,63.76005626721083,4C,4C_multi_load,RF_20x7_deployed,4C,83.01440962055021,19.254353353339383,19.254353353339383
B0044,B0044_D0110,63.4303632868729,4C,4C_multi_load,RF_20x7_deployed,4C,84.83863312203043,21.408269835157533,21.408269835157533
B0044,B0044_D0111,62.82879986612989,4C,4C_multi_load,RF_20x7_deployed,4C,84.20841478751178,21.379614921381894,21.379614921381894
B0044,B0044_D0112,62.43127254660435,4C,4C_multi_load,RF_20x7_deployed,4C,74.02743250868437,11.596159962080023,11.596159962080023
B0045,B0045_D0001,54.09896940389759,4C,4C_constant_1A,RF_20x7_deployed,4C,84.2407710622654,30.141801658367804,30.141801658367804
B0045,B0045_D0002,46.39762023741365,4C,4C_constant_1A,RF_20x7_deployed,4C,81.86929432323255,35.471674085818904,35.471674085818904
B0045,B0045_D0003,44.2596804205788,4C,4C_constant_1A,RF_20x7_deployed,4C,79.10774078570843,34.848060365129626,34.848060365129626
B0045,B0045_D0004,42.90505349739141,4C,4C_constant_1A,RF_20x7_deployed,4C,78.97046460998824,36.065411112596834,36.065411112596834
B0045,B0045_D0005,42.04676106728344,4C,4C_constant_1A,RF_20x7_deployed,4C,79.215060469967,37.16829940268356,37.16829940268356
B0045,B0045_D0006,41.227359714509554,4C,4C_constant_1A,RF_20x7_deployed,4C,77.87163169385308,36.64427197934352,36.64427197934352
B0045,B0045_D0007,39.67980209401992,4C,4C_constant_1A,RF_20x7_deployed,4C,75.88884726978698,36.20904517576706,36.20904517576706
B0045,B0045_D0008,40.91838043579602,4C,4C_constant_1A,RF_20x7_deployed,4C,78.90519514724195,37.98681471144594,37.98681471144594
B0045,B0045_D0009,39.88822138204706,4C,4C_constant_1A,RF_20x7_deployed,4C,78.97046460998824,39.082243227941184,39.082243227941184
B0045,B0045_D0010,39.968887059158185,4C,4C_constant_1A,RF_20x7_deployed,4C,78.90519514724195,38.93630808808377,38.93630808808377
B0045,B0045_D0011,38.91553720314446,4C,4C_constant_1A,RF_20x7_deployed,4C,78.75287904253351,39.83734183938905,39.83734183938905
B0045,B0045_D0012,39.01869115619559,4C,4C_constant_1A,RF_20x7_deployed,4C,78.8181485052798,39.79945734908421,39.79945734908421
B0045,B0045_D0013,38.565291228201474,4C,4C_constant_1A,RF_20x7_deployed,4C,80.86367641639585,42.29838518819437,42.29838518819437
B0045,B0045_D0014,39.7639508489513,4C,4C_constant_1A,RF_20x7_deployed,4C,79.28032993271329,39.51637908376198,39.51637908376198
B0045,B0045_D0015,39.12064084959624,4C,4C_constant_1A,RF_20x7_deployed,4C,78.75287904253351,39.632238192937265,39.632238192937265
B0045,B0045_D0016,38.24707496115591,4C,4C_constant_1A,RF_20x7_deployed,4C,78.17173846537817,39.92466350422226,39.92466350422226
B0045,B0045_D0017,37.72449713389688,4C,4C_constant_1A,RF_20x7_deployed,4C,79.13822107915026,41.41372394525337,41.41372394525337
B0045,B0045_D0018,37.52024489157147,4C,4C_constant_1A,RF_20x7_deployed,4C,78.92349489533822,41.40325000376675,41.40325000376675
B0045,B0045_D0019,37.03629054810128,4C,4C_constant_1A,RF_20x7_deployed,4C,78.75287904253351,41.71658849443223,41.71658849443223
B0045,B0045_D0021,36.54262796896813,4C,4C_constant_1A,RF_20x7_deployed,4C,79.07295161640396,42.53032364743583,42.53032364743583
B0045,B0045_D0022,36.43627925588952,4C,4C_constant_1A,RF_20x7_deployed,4C,78.72025558020637,42.28397632431685,42.28397632431685
B0045,B0045_D0023,35.80511688518131,4C,4C_constant_1A,RF_20x7_deployed,4C,78.73267481558771,42.9275579304064,42.9275579304064
B0045,B0045_D0024,35.64602417494008,4C,4C_constant_1A,RF_20x7_deployed,4C,79.13822107915026,43.492196904210175,43.492196904210175
B0045,B0045_D0025,35.70995914749809,4C,4C_constant_1A,RF_20x7_deployed,4C,78.74479198319014,43.03483283569205,43.03483283569205
B0045,B0045_D0026,35.95285409922111,4C,4C_constant_1A,RF_20x7_deployed,4C,78.91312937116376,42.96027527194265,42.96027527194265
B0045,B0045_D0027,35.869877143879584,4C,4C_constant_1A,RF_20x7_deployed,4C,72.51396293788503,36.64408579400544,36.64408579400544
B0045,B0045_D0028,35.35513748231973,4C,4C_constant_1A,RF_20x7_deployed,4C,76.73313468524731,41.377997202927574,41.377997202927574
B0045,B0045_D0029,35.1765603252771,4C,4C_constant_1A,RF_20x7_deployed,4C,79.13822107915026,43.961660753873154,43.961660753873154
B0045,B0045_D0030,34.70554139479431,4C,4C_constant_1A,RF_20x7_deployed,4C,78.35716996042956,43.65162856563525,43.65162856563525
B0045,B0045_D0031,34.57057194434804,4C,4C_constant_1A,RF_20x7_deployed,4C,78.42243942317585,43.851867478827806,43.851867478827806
B0045,B0045_D0032,34.85775899252752,4C,4C_constant_1A,RF_20x7_deployed,4C,78.54690674794536,43.689147755417835,43.689147755417835
B0045,B0045_D0033,34.16230108716361,4C,4C_constant_1A,RF_20x7_deployed,4C,77.93530893249093,43.773007845327314,43.773007845327314
B0045,B0045_D0034,34.11014658746646,4C,4C_constant_1A,RF_20x7_deployed,4C,81.41875853354594,47.30861194607948,47.30861194607948
B0045,B0045_D0035,36.447646066066895,4C,4C_constant_1A,RF_20x7_deployed,4C,78.97046460998824,42.522818543921346,42.522818543921346
B0045,B0045_D0036,35.69660879143502,4C,4C_constant_1A,RF_20x7_deployed,4C,79.07295161640396,43.37634282496894,43.37634282496894
B0045,B0045_D0037,34.78865873727741,4C,4C_constant_1A,RF_20x7_deployed,4C,78.85822543259192,44.06956669531451,44.06956669531451
B0045,B0045_D0038,35.09156481158547,4C,4C_constant_1A,RF_20x7_deployed,4C,79.13822107915026,44.046656267564785,44.046656267564785
B0045,B0045_D0039,34.55904122189244,4C,4C_constant_1A,RF_20x7_deployed,4C,79.07295161640396,44.51391039451151,44.51391039451151
B0045,B0045_D0040,34.21639876427514,4C,4C_constant_1A,RF_20x7_deployed,4C,78.74306025477998,44.526661490504836,44.526661490504836
B0045,B0045_D0041,33.706974544062426,4C,4C_constant_1A,RF_20x7_deployed,4C,78.36083015672759,44.65385561266516,44.65385561266516
B0045,B0045_D0042,33.350350871508695,4C,4C_constant_1A,RF_20x7_deployed,4C,78.7799042060284,45.42955333451971,45.42955333451971
B0045,B0045_D0043,34.020425586874275,4C,4C_constant_1A,RF_20x7_deployed,4C,76.30573561809702,42.28531003122274,42.28531003122274
B0045,B0045_D0044,33.08932031617742,4C,4C_constant_1A,RF_20x7_deployed,4C,76.30573561809702,43.2164153019196,43.2164153019196
B0045,B0045_D0045,33.11584366746169,4C,4C_constant_1A,RF_20x7_deployed,4C,79.07097078248566,45.95512711502397,45.95512711502397
B0045,B0045_D0046,33.39679178590889,4C,4C_constant_1A,RF_20x7_deployed,4C,69.62476297154507,36.22797118563618,36.22797118563618
B0045,B0045_D0047,32.44495442635344,4C,4C_constant_1A,RF_20x7_deployed,4C,76.25697957372027,43.81202514736683,43.81202514736683
B0045,B0045_D0048,32.51819564812764,4C,4C_constant_1A,RF_20x7_deployed,4C,76.25697957372027,43.738783925592635,43.738783925592635
B0045,B0045_D0049,32.860388451014,4C,4C_constant_1A,RF_20x7_deployed,4C,76.25697957372027,43.39659112270627,43.39659112270627
B0045,B0045_D0050,31.81758729238108,4C,4C_constant_1A,RF_20x7_deployed,4C,77.10980959681687,45.292222304435796,45.292222304435796
B0045,B0045_D0051,32.68224680474294,4C,4C_constant_1A,RF_20x7_deployed,4C,76.30573561809702,43.62348881335408,43.62348881335408
B0045,B0045_D0052,31.95714136075444,4C,4C_constant_1A,RF_20x7_deployed,4C,76.30573561809702,44.348594257342576,44.348594257342576
B0045,B0045_D0053,32.41103024748118,4C,4C_constant_1A,RF_20x7_deployed,4C,75.97101868318056,43.55998843569938,43.55998843569938
B0045,B0045_D0054,31.439787359613646,4C,4C_constant_1A,RF_20x7_deployed,4C,76.25697957372027,44.817192214106626,44.817192214106626
B0045,B0045_D0055,31.902859250967,4C,4C_constant_1A,RF_20x7_deployed,4C,74.40474968250062,42.501890431533624,42.501890431533624
B0045,B0045_D0056,32.77412523916453,4C,4C_constant_1A,RF_20x7_deployed,4C,77.37738008953427,44.60325485036974,44.60325485036974
B0045,B0045_D0057,32.424674176985164,4C,4C_constant_1A,RF_20x7_deployed,4C,78.35716996042956,45.932495783444395,45.932495783444395
B0045,B0045_D0058,32.27035843922461,4C,4C_constant_1A,RF_20x7_deployed,4C,78.2955606939813,46.02520225475669,46.02520225475669
B0045,B0045_D0059,32.135040159228225,4C,4C_constant_1A,RF_20x7_deployed,4C,76.25697957372027,44.12193941449205,44.12193941449205
B0045,B0045_D0060,31.762274404012388,4C,4C_constant_1A,RF_20x7_deployed,4C,75.72946319622767,43.96718879221528,43.96718879221528
B0045,B0045_D0061,30.783800097939345,4C,4C_constant_1A,RF_20x7_deployed,4C,81.54232450767576,50.75852440973641,50.75852440973641
B0045,B0045_D0062,30.854168414035115,4C,4C_constant_1A,RF_20x7_deployed,4C,80.94210917336041,50.08794075932529,50.08794075932529
B0045,B0045_D0063,32.17113695429336,4C,4C_constant_1A,RF_20x7_deployed,4C,74.19468252327957,42.02354556898621,42.02354556898621
B0045,B0045_D0064,31.39062216871376,4C,4C_constant_1A,RF_20x7_deployed,4C,72.62292980269049,41.23230763397673,41.23230763397673
B0045,B0045_D0065,31.450391576266863,4C,4C_constant_1A,RF_20x7_deployed,4C,74.19468252327957,42.7442909470127,42.7442909470127
B0045,B0045_D0067,31.331777841461307,4C,4C_constant_1A,RF_20x7_deployed,4C,76.22568910198979,44.89391126052848,44.89391126052848
B0045,B0045_D0068,32.479067583582975,4C,4C_constant_1A,RF_20x7_deployed,4C,74.19468252327957,41.71561493969659,41.71561493969659
B0045,B0045_D0069,31.687425889831527,4C,4C_constant_1A,RF_20x7_deployed,4C,73.51908849510966,41.831662605278126,41.831662605278126
B0045,B0045_D0070,31.49275464542822,4C,4C_constant_1A,RF_20x7_deployed,4C,73.97500171642855,42.48224707100033,42.48224707100033
B0045,B0045_D0071,30.91531889193368,4C,4C_constant_1A,RF_20x7_deployed,4C,72.61256427851606,41.69724538658238,41.69724538658238
B0045,B0045_D0072,30.34738084253889,4C,4C_constant_1A,RF_20x7_deployed,4C,72.25231251702567,41.90493167448678,41.90493167448678
B0046,B0046_D0001,86.41196161799124,4C,4C_constant_1A,RF_20x7_deployed,4C,88.67819208988513,2.2662304718938913,2.2662304718938913
B0046,B0046_D0002,75.80744233961572,4C,4C_constant_1A,RF_20x7_deployed,4C,90.10990945372444,14.302467114108723,14.302467114108723
B0046,B0046_D0003,75.15605953519885,4C,4C_constant_1A,RF_20x7_deployed,4C,92.04806746308199,16.892007927883142,16.892007927883142
B0046,B0046_D0004,74.29328305141199,4C,4C_constant_1A,RF_20x7_deployed,4C,87.3493850009918,13.056101949579812,13.056101949579812
B0046,B0046_D0005,73.47281158196358,4C,4C_constant_1A,RF_20x7_deployed,4C,86.9083363079973,13.43552472603372,13.43552472603372
B0046,B0046_D0006,72.94777296322404,4C,4C_constant_1A,RF_20x7_deployed,4C,86.74205782884431,13.79428486562027,13.79428486562027
B0046,B0046_D0007,72.78426777549149,4C,4C_constant_1A,RF_20x7_deployed,4C,86.62731811629993,13.843050340808446,13.843050340808446
B0046,B0046_D0008,72.81161311901604,4C,4C_constant_1A,RF_20x7_deployed,4C,87.6580919983396,14.846478879323556,14.846478879323556
B0046,B0046_D0009,72.20296118337569,4C,4C_constant_1A,RF_20x7_deployed,4C,86.86785094778111,14.664889764405416,14.664889764405416
B0046,B0046_D0010,71.4147132382934,4C,4C_constant_1A,RF_20x7_deployed,4C,88.08423455469256,16.669521316399155,16.669521316399155
B0046,B0046_D0011,70.99924474017334,4C,4C_constant_1A,RF_20x7_deployed,4C,86.44516970118578,15.445924961012437,15.445924961012437
B0046,B0046_D0012,70.21613009258284,4C,4C_constant_1A,RF_20x7_deployed,4C,86.99025825847566,16.77412816589282,16.77412816589282
B0046,B0046_D0013,71.17175650807994,4C,4C_constant_1A,RF_20x7_deployed,4C,88.94389176766099,17.77213525958105,17.77213525958105
B0046,B0046_D0014,71.69974428983647,4C,4C_constant_1A,RF_20x7_deployed,4C,87.184753281698,15.48500899186152,15.48500899186152
B0046,B0046_D0015,70.92588523878285,4C,4C_constant_1A,RF_20x7_deployed,4C,85.8575101051752,14.93162486639234,14.93162486639234
B0046,B0046_D0016,70.28156668914711,4C,4C_constant_1A,RF_20x7_deployed,4C,85.77451252175842,15.492945832611312,15.492945832611312
B0046,B0046_D0017,69.45107012577809,4C,4C_constant_1A,RF_20x7_deployed,4C,86.34822184367923,16.89715171790114,16.89715171790114
B0046,B0046_D0018,68.61669541368683,4C,4C_constant_1A,RF_20x7_deployed,4C,85.57004912677448,16.95335371308765,16.95335371308765
B0046,B0046_D0019,68.07889452995282,4C,4C_constant_1A,RF_20x7_deployed,4C,86.92601855475883,18.847124024806007,18.847124024806007
B0046,B0046_D0021,70.50141008118715,4C,4C_constant_1A,RF_20x7_deployed,4C,86.08476380382433,15.583353722637185,15.583353722637185
B0046,B0046_D0022,66.97835687463244,4C,4C_constant_1A,RF_20x7_deployed,4C,84.73611228553497,17.757755410902533,17.757755410902533
B0046,B0046_D0023,66.4575774355874,4C,4C_constant_1A,RF_20x7_deployed,4C,85.19347891733587,18.73590148174847,18.73590148174847
B0046,B0046_D0024,65.90843516952859,4C,4C_constant_1A,RF_20x7_deployed,4C,85.37842959766826,19.46999442813967,19.46999442813967
B0046,B0046_D0025,65.62118542330505,4C,4C_constant_1A,RF_20x7_deployed,4C,84.83863312203043,19.21744769872538,19.21744769872538
B0046,B0046_D0026,64.96618766081244,4C,4C_constant_1A,RF_20x7_deployed,4C,85.2422349617126,20.27604730090016,20.27604730090016
B0046,B0046_D0027,64.38741521087296,4C,4C_constant_1A,RF_20x7_deployed,4C,82.90319566091895,18.515780450045995,18.515780450045995
B0046,B0046_D0028,64.32641369874561,4C,4C_constant_1A,RF_20x7_deployed,4C,81.86787223238967,17.54145853364406,17.54145853364406
B0046,B0046_D0029,63.59818193493592,4C,4C_constant_1A,RF_20x7_deployed,4C,85.42718564204499,21.829003707109067,21.829003707109067
B0046,B0046_D0030,63.57247672708596,4C,4C_constant_1A,RF_20x7_deployed,4C,82.64524933049162,19.07277260340566,19.07277260340566
B0046,B0046_D0031,63.07711942329537,4C,4C_constant_1A,RF_20x7_deployed,4C,82.48898394316419,19.411864519868814,19.411864519868814
B0046,B0046_D0032,62.10600809602066,4C,4C_constant_1A,RF_20x7_deployed,4C,81.93314169513597,19.827133599115314,19.827133599115314
B0046,B0046_D0033,62.01268720834898,4C,4C_constant_1A,RF_20x7_deployed,4C,79.51636658688663,17.503679378537655,17.503679378537655
B0046,B0046_D0034,64.25565006121442,4C,4C_constant_1A,RF_20x7_deployed,4C,83.09228049242306,18.836630431208633,18.836630431208633
B0046,B0046_D0035,65.21663920849596,4C,4C_constant_1A,RF_20x7_deployed,4C,86.0360077594476,20.819368550951637,20.819368550951637
B0046,B0046_D0036,63.89319520809978,4C,4C_constant_1A,RF_20x7_deployed,4C,84.7898770776537,20.896681869553916,20.896681869553916
B0046,B0046_D0037,63.6173229582577,4C,4C_constant_1A,RF_20x7_deployed,4C,82.64524933049162,19.02792637223392,19.02792637223392
B0046,B0046_D0038,62.38941976384381,4C,4C_constant_1A,RF_20x7_deployed,4C,84.20841478751178,21.818995023667973,21.818995023667973
B0046,B0046_D0039,61.76249598327763,4C,4C_constant_1A,RF_20x7_deployed,4C,82.64524933049162,20.882753347213992,20.882753347213992
B0046,B0046_D0040,61.462564592597445,4C,4C_constant_1A,RF_20x7_deployed,4C,84.20841478751178,22.74585019491434,22.74585019491434
B0046,B0046_D0041,61.1945455250817,4C,4C_constant_1A,RF_20x7_deployed,4C,79.14779736146455,17.953251836382854,17.953251836382854
B0046,B0046_D0042,60.27116617856865,4C,4C_constant_1A,RF_20x7_deployed,4C,79.38714788785165,19.115981709283005,19.115981709283005
B0046,B0046_D0043,59.78912045004076,4C,4C_constant_1A,RF_20x7_deployed,4C,78.90519514724195,19.116074697201192,19.116074697201192
B0046,B0046_D0044,59.50364748349229,4C,4C_constant_1A,RF_20x7_deployed,4C,78.90519514724195,19.401547663749668,19.401547663749668
B0046,B0046_D0045,58.9600881616826,4C,4C_constant_1A,RF_20x7_deployed,4C,83.17081004292169,24.21072188123909,24.21072188123909
B0046,B0046_D0046,58.4752016257277,4C,4C_constant_1A,RF_20x7_deployed,4C,70.74312896786653,12.267927342138826,12.267927342138826
B0046,B0046_D0047,58.386188424959,4C,4C_constant_1A,RF_20x7_deployed,4C,78.90519514724195,20.519006722282953,20.519006722282953
B0046,B0046_D0048,57.89628072914521,4C,4C_constant_1A,RF_20x7_deployed,4C,78.97046460998824,21.07418388084303,21.07418388084303
B0046,B0046_D0049,57.499064066884905,4C,4C_constant_1A,RF_20x7_deployed,4C,78.97046460998824,21.471400543103336,21.471400543103336
B0046,B0046_D0050,57.5142951111517,4C,4C_constant_1A,RF_20x7_deployed,4C,79.45241735059795,21.93812223944626,21.93812223944626
B0046,B0046_D0051,56.74726137042624,4C,4C_constant_1A,RF_20x7_deployed,4C,78.90519514724195,22.157933776815717,22.157933776815717
B0046,B0046_D0052,56.90480481756804,4C,4C_constant_1A,RF_20x7_deployed,4C,78.97046460998824,22.0656597924202,22.0656597924202
B0046,B0046_D0053,56.18555860752736,4C,4C_constant_1A,RF_20x7_deployed,4C,78.8181485052798,22.632589897752432,22.632589897752432
B0046,B0046_D0055,60.7059605677049,4C,4C_constant_1A,RF_20x7_deployed,4C,80.19577974215726,19.489819174452357,19.489819174452357
B0046,B0046_D0056,60.59723987614096,4C,4C_constant_1A,RF_20x7_deployed,4C,84.25717083188852,23.659930955747555,23.659930955747555
B0046,B0046_D0057,59.85624339665962,4C,4C_constant_1A,RF_20x7_deployed,4C,79.12847725111943,19.272233854459813,19.272233854459813
B0046,B0046_D0058,59.11446075935493,4C,4C_constant_1A,RF_20x7_deployed,4C,79.12847725111943,20.014016491764508,20.014016491764508
B0046,B0046_D0059,58.22668338389197,4C,4C_constant_1A,RF_20x7_deployed,4C,79.08842067536332,20.861737291471357,20.861737291471357
B0046,B0046_D0060,57.67779783759324,4C,4C_constant_1A,RF_20x7_deployed,4C,78.97046460998824,21.292666772395002,21.292666772395002
B0046,B0046_D0061,58.00993550641032,4C,4C_constant_1A,RF_20x7_deployed,4C,83.11896243345862,25.109026927048298,25.109026927048298
B0046,B0046_D0062,58.55858154103041,4C,4C_constant_1A,RF_20x7_deployed,4C,80.00788982456476,21.44930828353435,21.44930828353435
B0046,B0046_D0063,57.817051353916085,4C,4C_constant_1A,RF_20x7_deployed,4C,75.88873721631593,18.071685862399846,18.071685862399846
B0046,B0046_D0064,57.0541228096758,4C,4C_constant_1A,RF_20x7_deployed,4C,75.13302914066882,18.07890633099302,18.07890633099302
B0046,B0046_D0065,56.76191798059062,4C,4C_constant_1A,RF_20x7_deployed,4C,75.23645758888429,18.474539608293675,18.474539608293675
B0046,B0046_D0067,62.654239291414015,4C,4C_constant_1A,RF_20x7_deployed,4C,78.42243942317585,15.76820013176183,15.76820013176183
B0046,B0046_D0068,60.25226795178259,4C,4C_constant_1A,RF_20x7_deployed,4C,78.35716996042956,18.104902008646967,18.104902008646967
B0046,B0046_D0069,59.559930098136505,4C,4C_constant_1A,RF_20x7_deployed,4C,75.51173528907108,15.951805190934579,15.951805190934579
B0046,B0046_D0070,58.731908687269,4C,4C_constant_1A,RF_20x7_deployed,4C,75.51173528907108,16.779826601802085,16.779826601802085
B0046,B0046_D0071,57.77716024117756,4C,4C_constant_1A,RF_20x7_deployed,4C,75.46048325676699,17.68332301558943,17.68332301558943
B0046,B0046_D0072,57.69020585114733,4C,4C_constant_1A,RF_20x7_deployed,4C,75.13302914066882,17.442823289521492,17.442823289521492
B0047,B0047_D0001,83.71523723487604,4C,4C_constant_1A,RF_20x7_deployed,4C,91.91952910162897,8.204291866752925,8.204291866752925
B0047,B0047_D0002,76.21831052549513,4C,4C_constant_1A,RF_20x7_deployed,4C,92.19754787801989,15.979237352524763,15.979237352524763
B0047,B0047_D0003,75.40381484986712,4C,4C_constant_1A,RF_20x7_deployed,4C,91.76758985460624,16.363775004739125,16.363775004739125
B0047,B0047_D0004,74.17788980033848,4C,4C_constant_1A,RF_20x7_deployed,4C,88.2185287966058,14.040638996267319,14.040638996267319
B0047,B0047_D0005,73.35695833073262,4C,4C_constant_1A,RF_20x7_deployed,4C,88.16107401540043,14.804115684667806,14.804115684667806
B0047,B0047_D0006,72.44290784911335,4C,4C_constant_1A,RF_20x7_deployed,4C,88.96277133638964,16.519863487276282,16.519863487276282
B0047,B0047_D0007,72.29267090474663,4C,4C_constant_1A,RF_20x7_deployed,4C,84.4694043516996,12.176733446952966,12.176733446952966
B0047,B0047_D0008,71.55591330891416,4C,4C_constant_1A,RF_20x7_deployed,4C,86.96430201841987,15.408388709505715,15.408388709505715
B0047,B0047_D0009,70.96372758289266,4C,4C_constant_1A,RF_20x7_deployed,4C,89.13149294486338,18.167765361970723,18.167765361970723
B0047,B0047_D0010,69.99987110904135,4C,4C_constant_1A,RF_20x7_deployed,4C,88.27252649695028,18.272655387908927,18.272655387908927
B0047,B0047_D0011,69.42578343057218,4C,4C_constant_1A,RF_20x7_deployed,4C,89.14306135134112,19.717277920768936,19.717277920768936
B0047,B0047_D0012,68.26117334764483,4C,4C_constant_1A,RF_20x7_deployed,4C,88.831206137807,20.570032790162173,20.570032790162173
B0047,B0047_D0013,70.30221136485481,4C,4C_constant_1A,RF_20x7_deployed,4C,86.20717111451889,15.904959749664073,15.904959749664073
B0047,B0047_D0014,70.2877080676289,4C,4C_constant_1A,RF_20x7_deployed,4C,84.6102194858291,14.322511418200207,14.322511418200207
B0047,B0047_D0015,69.33831440863939,4C,4C_constant_1A,RF_20x7_deployed,4C,89.14306135134112,19.804746942701726,19.804746942701726
B0047,B0047_D0016,68.52526530710112,4C,4C_constant_1A,RF_20x7_deployed,4C,88.23627690655206,19.71101159945094,19.71101159945094
B0047,B0047_D0017,67.48715557411799,4C,4C_constant_1A,RF_20x7_deployed,4C,88.11642407097207,20.62926849685408,20.62926849685408
B0047,B0047_D0018,66.25766683969893,4C,4C_constant_1A,RF_20x7_deployed,4C,86.57498526634416,20.31731842664523,20.31731842664523
B0047,B0047_D0019,65.55971934817903,4C,4C_constant_1A,RF_20x7_deployed,4C,86.15841507014215,20.598695721963125,20.598695721963125
B0047,B0047_D0021,66.97117202966446,4C,4C_constant_1A,RF_20x7_deployed,4C,85.16731305604382,18.196141026379365,18.196141026379365
B0047,B0047_D0022,64.24578571280361,4C,4C_constant_1A,RF_20x7_deployed,4C,85.75409798416855,21.508312271364943,21.508312271364943
B0047,B0047_D0023,64.08595796639035,4C,4C_constant_1A,RF_20x7_deployed,4C,84.77354524660541,20.687587280215055,20.687587280215055
B0047,B0047_D0024,63.000258214714144,4C,4C_constant_1A,RF_20x7_deployed,4C,84.64437290194756,21.64411468723342,21.64411468723342
B0047,B0047_D0025,63.30351929965629,4C,4C_constant_1A,RF_20x7_deployed,4C,82.26788958423195,18.964370284575665,18.964370284575665
B0047,B0047_D0026,62.067951471404015,4C,4C_constant_1A,RF_20x7_deployed,4C,84.750234976825,22.682283505420983,22.682283505420983
B0047,B0047_D0027,61.49436851742656,4C,4C_constant_1A,RF_20x7_deployed,4C,78.80829804545318,17.313929528026627,17.313929528026627
B0047,B0047_D0028,61.404430725334805,4C,4C_constant_1A,RF_20x7_deployed,4C,79.94557372674613,18.541143001411328,18.541143001411328
B0047,B0047_D0029,60.69928594535021,4C,4C_constant_1A,RF_20x7_deployed,4C,84.83863312203043,24.139347176680218,24.139347176680218
B0047,B0047_D0030,60.86717532282094,4C,4C_constant_1A,RF_20x7_deployed,4C,80.24887348942194,19.381698166600998,19.381698166600998
B0047,B0047_D0031,60.36722972257959,4C,4C_constant_1A,RF_20x7_deployed,4C,80.75971683744515,20.392487114865567,20.392487114865567
B0047,B0047_D0032,59.4020246135225,4C,4C_constant_1A,RF_20x7_deployed,4C,80.24887348942194,20.84684887589944,20.84684887589944
B0047,B0047_D0033,59.3152374943271,4C,4C_constant_1A,RF_20x7_deployed,4C,79.41221535041231,20.09697785608521,20.09697785608521
B0047,B0047_D0034,63.06967735514253,4C,4C_constant_1A,RF_20x7_deployed,4C,85.2422349617126,22.172557606570066,22.172557606570066
B0047,B0047_D0035,63.241230794253255,4C,4C_constant_1A,RF_20x7_deployed,4C,86.10145883587693,22.86022804162367,22.86022804162367
B0047,B0047_D0036,62.332472744911,4C,4C_constant_1A,RF_20x7_deployed,4C,84.57052204689076,22.238049301979757,22.238049301979757
B0047,B0047_D0037,61.66962076397541,4C,4C_constant_1A,RF_20x7_deployed,4C,82.72633375605606,21.056712992080655,21.056712992080655
B0047,B0047_D0038,60.64625036018846,4C,4C_constant_1A,RF_20x7_deployed,4C,82.20262012148565,21.55636976129719,21.55636976129719
B0047,B0047_D0039,59.99553298971824,4C,4C_constant_1A,RF_20x7_deployed,4C,80.75971683744515,20.764183847726912,20.764183847726912
B0047,B0047_D0040,59.51279519196692,4C,4C_constant_1A,RF_20x7_deployed,4C,74.29785999326906,14.785064801302134,14.785064801302134
B0047,B0047_D0041,59.46281897727926,4C,4C_constant_1A,RF_20x7_deployed,4C,79.88030426399986,20.4174852867206,20.4174852867206
B0047,B0047_D0042,58.35348425629695,4C,4C_constant_1A,RF_20x7_deployed,4C,79.1730102484547,20.81952599215775,20.81952599215775
B0047,B0047_D0043,58.07674201545184,4C,4C_constant_1A,RF_20x7_deployed,4C,79.05505418307963,20.97831216762779,20.97831216762779
B0047,B0047_D0044,57.77781922174994,4C,4C_constant_1A,RF_20x7_deployed,4C,78.98978472033335,21.21196549858341,21.21196549858341
B0047,B0047_D0045,57.442623330488566,4C,4C_constant_1A,RF_20x7_deployed,4C,79.49704647654151,22.054423146052947,22.054423146052947
B0047,B0047_D0046,57.17864933943895,4C,4C_constant_1A,RF_20x7_deployed,4C,72.06282119495513,14.884171855516186,14.884171855516186
B0047,B0047_D0047,57.09007689714268,4C,4C_constant_1A,RF_20x7_deployed,4C,79.05505418307963,21.964977285936953,21.964977285936953
B0047,B0047_D0048,56.802932375112746,4C,4C_constant_1A,RF_20x7_deployed,4C,78.98978472033335,22.1868523452206,22.1868523452206
B0047,B0047_D0049,56.18182340484643,4C,4C_constant_1A,RF_20x7_deployed,4C,78.90519514724195,22.72337174239552,22.72337174239552
B0047,B0047_D0050,56.60249450164472,4C,4C_constant_1A,RF_20x7_deployed,4C,78.97046460998824,22.36797010834352,22.36797010834352
B0047,B0047_D0051,55.85050881079076,4C,4C_constant_1A,RF_20x7_deployed,4C,78.98978472033335,23.13927590954259,23.13927590954259
B0047,B0047_D0052,56.0021519860991,4C,4C_constant_1A,RF_20x7_deployed,4C,78.98978472033335,22.987632734234246,22.987632734234246
B0047,B0047_D0053,55.298867229585326,4C,4C_constant_1A,RF_20x7_deployed,4C,78.8181485052798,23.519281275694468,23.519281275694468
B0047,B0047_D0055,59.53951187381008,4C,4C_constant_1A,RF_20x7_deployed,4C,70.43875384414217,10.899241970332092,10.899241970332092
B0047,B0047_D0056,60.06193544227011,4C,4C_constant_1A,RF_20x7_deployed,4C,83.70806481650021,23.6461293742301,23.6461293742301
B0047,B0047_D0057,59.53454774512401,4C,4C_constant_1A,RF_20x7_deployed,4C,80.75971683744515,21.225169092321146,21.225169092321146
B0047,B0047_D0058,58.82187865154172,4C,4C_constant_1A,RF_20x7_deployed,4C,80.31414295216823,21.49226430062651,21.49226430062651
B0047,B0047_D0059,58.14055186396176,4C,4C_constant_1A,RF_20x7_deployed,4C,79.71094256290066,21.570390698938894,21.570390698938894
B0047,B0047_D0060,57.58076420291292,4C,4C_constant_1A,RF_20x7_deployed,4C,79.10774078570843,21.526976582795513,21.526976582795513
B0047,B0047_D0061,57.91836749174312,4C,4C_constant_1A,RF_20x7_deployed,4C,82.48898394316419,24.570616451421067,24.570616451421067
B0047,B0047_D0062,58.46142644193103,4C,4C_constant_1A,RF_20x7_deployed,4C,80.00788982456476,21.546463382633725,21.546463382633725
B0047,B0047_D0063,57.94074238109233,4C,4C_constant_1A,RF_20x7_deployed,4C,76.5967143807965,18.65597199970417,18.65597199970417
B0047,B0047_D0064,57.19794073852727,4C,4C_constant_1A,RF_20x7_deployed,4C,74.9790908147162,17.78115007618893,17.78115007618893
B0047,B0047_D0065,56.91970534079699,4C,4C_constant_1A,RF_20x7_deployed,4C,76.46726097851337,19.54755563771638,19.54755563771638
B0047,B0047_D0067,61.065514251978335,4C,4C_constant_1A,RF_20x7_deployed,4C,78.44175953352095,17.376245281542616,17.376245281542616
B0047,B0047_D0068,60.15531489444531,4C,4C_constant_1A,RF_20x7_deployed,4C,78.1705804873365,18.015265592891183,18.015265592891183
B0047,B0047_D0069,59.48573556098842,4C,4C_constant_1A,RF_20x7_deployed,4C,77.2890780467153,17.803342485726887,17.803342485726887
B0047,B0047_D0070,58.8711284421007,4C,4C_constant_1A,RF_20x7_deployed,4C,77.2890780467153,18.417949604614606,18.417949604614606
B0047,B0047_D0071,57.9221513646909,4C,4C_constant_1A,RF_20x7_deployed,4C,76.5967143807965,18.6745630161056,18.6745630161056
B0047,B0047_D0072,57.83543758420898,4C,4C_constant_1A,RF_20x7_deployed,4C,75.16654937544504,17.33111179123606,17.33111179123606
B0048,B0048_D0001,82.89977896838803,4C,4C_constant_1A,RF_20x7_deployed,4C,91.89072430587284,8.990945337484803,8.990945337484803
B0048,B0048_D0002,75.38466738049388,4C,4C_constant_1A,RF_20x7_deployed,4C,89.1560529419479,13.771385561454025,13.771385561454025
B0048,B0048_D0003,74.94611671804016,4C,4C_constant_1A,RF_20x7_deployed,4C,89.86838196433686,14.922265246296703,14.922265246296703
B0048,B0048_D0004,73.91459751248894,4C,4C_constant_1A,RF_20x7_deployed,4C,86.2004541410515,12.285856628562556,12.285856628562556
B0048,B0048_D0005,73.09284456953054,4C,4C_constant_1A,RF_20x7_deployed,4C,86.2004541410515,13.107609571520953,13.107609571520953
B0048,B0048_D0006,72.54796353236738,4C,4C_constant_1A,RF_20x7_deployed,4C,86.1933275822261,13.645364049858728,13.645364049858728
B0048,B0048_D0007,72.5873498573554,4C,4C_constant_1A,RF_20x7_deployed,4C,83.4288261660352,10.841476308679788,10.841476308679788
B0048,B0048_D0008,72.2196433143738,4C,4C_constant_1A,RF_20x7_deployed,4C,89.07858808695593,16.858944772582134,16.858944772582134
B0048,B0048_D0009,71.63691619826879,4C,4C_constant_1A,RF_20x7_deployed,4C,86.20717111451889,14.570254916250093,14.570254916250093
B0048,B0048_D0010,70.8620600719331,4C,4C_constant_1A,RF_20x7_deployed,4C,86.02329267756143,15.161232605628328,15.161232605628328
B0048,B0048_D0011,70.28779972286726,4C,4C_constant_1A,RF_20x7_deployed,4C,86.08476380382433,15.796964080957068,15.796964080957068
B0048,B0048_D0012,69.51353134948532,4C,4C_constant_1A,RF_20x7_deployed,4C,86.0360077594476,16.52247640996228,16.52247640996228
B0048,B0048_D0013,70.98329653940164,4C,4C_constant_1A,RF_20x7_deployed,4C,84.91210739521975,13.928810855818114,13.928810855818114
B0048,B0048_D0014,70.95281992616135,4C,4C_constant_1A,RF_20x7_deployed,4C,83.06271647611815,12.109896549956801,12.109896549956801
B0048,B0048_D0015,70.2136178352028,4C,4C_constant_1A,RF_20x7_deployed,4C,86.08476380382433,15.871145968621533,15.871145968621533
B0048,B0048_D0016,69.5807024547917,4C,4C_constant_1A,RF_20x7_deployed,4C,82.09195261806443,12.51125016327272,12.51125016327272
B0048,B0048_D0017,68.74809175147367,4C,4C_constant_1A,RF_20x7_deployed,4C,85.2422349617126,16.49414321023893,16.49414321023893
B0048,B0048_D0018,67.72577856535582,4C,4C_constant_1A,RF_20x7_deployed,4C,85.30477833135043,17.57899976599461,17.57899976599461
B0048,B0048_D0019,67.20111536657993,4C,4C_constant_1A,RF_20x7_deployed,4C,86.08476380382433,18.883648437244403,18.883648437244403
B0048,B0048_D0021,68.61922379302861,4C,4C_constant_1A,RF_20x7_deployed,4C,85.30477833135043,16.685554538321824,16.685554538321824
B0048,B0048_D0022,65.92052876337206,4C,4C_constant_1A,RF_20x7_deployed,4C,85.30477833135043,19.384249567978372,19.384249567978372
B0048,B0048_D0023,65.56363799789303,4C,4C_constant_1A,RF_20x7_deployed,4C,84.65930721963308,19.095669221740053,19.095669221740053
B0048,B0048_D0024,64.85086209500594,4C,4C_constant_1A,RF_20x7_deployed,4C,85.25602228697372,20.40516019196778,20.40516019196778
B0048,B0048_D0025,64.97609763315859,4C,4C_constant_1A,RF_20x7_deployed,4C,85.2422349617126,20.26613732855401,20.26613732855401
B0048,B0048_D0026,64.13077033364786,4C,4C_constant_1A,RF_20x7_deployed,4C,85.19347891733587,21.062708583688007,21.062708583688007
B0048,B0048_D0027,63.764450762035,4C,4C_constant_1A,RF_20x7_deployed,4C,81.8669022491016,18.102451487066602,18.102451487066602
B0048,B0048_D0028,63.67786236632036,4C,4C_constant_1A,RF_20x7_deployed,4C,74.7686262902732,11.090763923952842,11.090763923952842
B0048,B0048_D0029,62.970571669692674,4C,4C_constant_1A,RF_20x7_deployed,4C,85.41025301097508,22.43968134128241,22.43968134128241
B0048,B0048_D0030,63.15816292747938,4C,4C_constant_1A,RF_20x7_deployed,4C,82.71051879323792,19.552355865758543,19.552355865758543
B0048,B0048_D0031,62.458586550681815,4C,4C_constant_1A,RF_20x7_deployed,4C,82.64524933049162,20.186662779809808,20.186662779809808
B0048,B0048_D0032,61.69921739176535,4C,4C_constant_1A,RF_20x7_deployed,4C,82.48898394316419,20.789766551398834,20.789766551398834
B0048,B0048_D0033,62.0015996014434,4C,4C_constant_1A,RF_20x7_deployed,4C,79.52436699014848,17.522767388705077,17.522767388705077
B0048,B0048_D0034,65.1854285990355,4C,4C_constant_1A,RF_20x7_deployed,4C,84.37399219340762,19.188563594372113,19.188563594372113
B0048,B0048_D0035,65.75279817352691,4C,4C_constant_1A,RF_20x7_deployed,4C,86.08476380382433,20.331965630297418,20.331965630297418
B0048,B0048_D0036,64.44369150491038,4C,4C_constant_1A,RF_20x7_deployed,4C,85.2422349617126,20.79854345680222,20.79854345680222
B0048,B0048_D0037,64.38568797942597,4C,4C_constant_1A,RF_20x7_deployed,4C,85.2422349617126,20.85654698228663,20.85654698228663
B0048,B0048_D0038,63.366899926577325,4C,4C_constant_1A,RF_20x7_deployed,4C,85.19347891733587,21.82657899075854,21.82657899075854
B0048,B0048_D0039,62.529717284865306,4C,4C_constant_1A,RF_20x7_deployed,4C,84.25717083188852,21.72745354702321,21.72745354702321
B0048,B0048_D0040,62.43565589697939,4C,4C_constant_1A,RF_20x7_deployed,4C,82.32173337077703,19.886077473797634,19.886077473797634
B0048,B0048_D0041,62.40011630414665,4C,4C_constant_1A,RF_20x7_deployed,4C,82.48898394316419,20.088867639017536,20.088867639017536
B0048,B0048_D0042,61.50447622299793,4C,4C_constant_1A,RF_20x7_deployed,4C,79.94262036181846,18.438144138820526,18.438144138820526
B0048,B0048_D0043,61.22098560750469,4C,4C_constant_1A,RF_20x7_deployed,4C,78.90519514724195,17.684209539737267,17.684209539737267
B0048,B0048_D0044,60.93341422558193,4C,4C_constant_1A,RF_20x7_deployed,4C,79.49704647654151,18.563632250959586,18.563632250959586
B0048,B0048_D0045,60.18932618016808,4C,4C_constant_1A,RF_20x7_deployed,4C,84.83863312203043,24.64930694186235,24.64930694186235
B0048,B0048_D0046,59.73821150416113,4C,4C_constant_1A,RF_20x7_deployed,4C,70.43875384414217,10.700542339981041,10.700542339981041
B0048,B0048_D0047,60.26045946935747,4C,4C_constant_1A,RF_20x7_deployed,4C,79.94262036181846,19.682160892460985,19.682160892460985
B0048,B0048_D0048,59.77873296814232,4C,4C_constant_1A,RF_20x7_deployed,4C,79.12847725111943,19.349744282977113,19.349744282977113
B0048,B0048_D0049,59.44248551074942,4C,4C_constant_1A,RF_20x7_deployed,4C,79.02315121261702,19.580665701867602,19.580665701867602
B0048,B0048_D0050,59.57802625403703,4C,4C_constant_1A,RF_20x7_deployed,4C,81.58597074332673,22.0079444892897,22.0079444892897
B0048,B0048_D0051,58.63293576554828,4C,4C_constant_1A,RF_20x7_deployed,4C,79.49704647654151,20.86411071099323,20.86411071099323
B0048,B0048_D0052,59.20566936247078,4C,4C_constant_1A,RF_20x7_deployed,4C,79.12847725111943,19.922807888648656,19.922807888648656
B0048,B0048_D0053,57.88412561158884,4C,4C_constant_1A,RF_20x7_deployed,4C,78.90519514724195,21.021069535653112,21.021069535653112
B0048,B0048_D0055,62.96779255842991,4C,4C_constant_1A,RF_20x7_deployed,4C,79.47494588993865,16.50715333150874,16.50715333150874
B0048,B0048_D0056,63.2941687639013,4C,4C_constant_1A,RF_20x7_deployed,4C,85.19347891733587,21.89931015343457,21.89931015343457
B0048,B0048_D0057,62.3629933659206,4C,4C_constant_1A,RF_20x7_deployed,4C,84.7898770776537,22.426883711733097,22.426883711733097
B0048,B0048_D0058,61.64043736281089,4C,4C_constant_1A,RF_20x7_deployed,4C,84.25717083188852,22.616733469077623,22.616733469077623
B0048,B0048_D0059,61.59796391520952,4C,4C_constant_1A,RF_20x7_deployed,4C,84.25717083188852,22.659206916678997,22.659206916678997
B0048,B0048_D0060,61.0392893131389,4C,4C_constant_1A,RF_20x7_deployed,4C,81.65124020607303,20.611950892934125,20.611950892934125
B0048,B0048_D0061,61.37720651633392,4C,4C_constant_1A,RF_20x7_deployed,4C,85.55858111950535,24.181374603171427,24.181374603171427
B0048,B0048_D0062,61.933942071451774,4C,4C_constant_1A,RF_20x7_deployed,4C,85.19347891733587,23.259536845884092,23.259536845884092
B0048,B0048_D0063,61.41788877703529,4C,4C_constant_1A,RF_20x7_deployed,4C,76.58959121583179,15.171702438796501,15.171702438796501
B0048,B0048_D0064,60.47740753785226,4C,4C_constant_1A,RF_20x7_deployed,4C,76.58959121583179,16.11218367797953,16.11218367797953
B0048,B0048_D0065,60.41071035340524,4C,4C_constant_1A,RF_20x7_deployed,4C,76.28817578149382,15.877465428088577,15.877465428088577
B0048,B0048_D0067,64.99367271416074,4C,4C_constant_1A,RF_20x7_deployed,4C,79.07295161640396,14.079278902243217,14.079278902243217
B0048,B0048_D0068,63.45610325871889,4C,4C_constant_1A,RF_20x7_deployed,4C,78.8181485052798,15.362045246560903,15.362045246560903
B0048,B0048_D0069,62.775723173453926,4C,4C_constant_1A,RF_20x7_deployed,4C,76.34692632787535,13.571203154421426,13.571203154421426
B0048,B0048_D0070,62.599384634488274,4C,4C_constant_1A,RF_20x7_deployed,4C,75.44086883154459,12.841484197056317,12.841484197056317
B0048,B0048_D0071,61.87491001509999,4C,4C_constant_1A,RF_20x7_deployed,4C,78.26918389031559,16.394273875215596,16.394273875215596
B0048,B0048_D0072,61.156369849394935,4C,4C_constant_1A,RF_20x7_deployed,4C,76.63834726020852,15.481977410813585,15.481977410813585
B0049,B0049_D0002,71.04528574708688,4C,4C_constant_2A_truncated,RF_20x7_deployed,4C,70.73736540698938,-0.30792034009749614,0.30792034009749614
B0049,B0049_D0003,68.64260666946315,4C,4C_constant_2A_truncated,RF_20x7_deployed,4C,70.80692327312393,2.1643166036607795,2.1643166036607795
B0049,B0049_D0004,68.21871243714573,4C,4C_constant_2A_truncated,RF_20x7_deployed,4C,76.17668947302421,7.957977035878486,7.957977035878486
B0049,B0049_D0006,53.02678982835608,4C,4C_constant_2A_truncated,RF_20x7_deployed,4C,71.64802170265861,18.62123187430253,18.62123187430253
B0049,B0049_D0007,50.34966188329748,4C,4C_constant_2A_truncated,RF_20x7_deployed,4C,70.74249985039486,20.392837967097385,20.392837967097385
B0049,B0049_D0008,46.49387667179768,4C,4C_constant_2A_truncated,RF_20x7_deployed,4C,70.84344031832049,24.34956364652281,24.34956364652281
B0049,B0049_D0009,46.16188514741904,4C,4C_constant_2A_truncated,RF_20x7_deployed,4C,70.82332493777183,24.661439790352787,24.661439790352787
B0049,B0049_D0010,45.26639560586858,4C,4C_constant_2A_truncated,RF_20x7_deployed,4C,70.73736540698938,25.470969801120802,25.470969801120802
B0049,B0049_D0011,42.97924180319936,4C,4C_constant_2A_truncated,RF_20x7_deployed,4C,70.38011624439287,27.40087444119351,27.40087444119351
B0049,B0049_D0012,41.84807147410353,4C,4C_constant_2A_truncated,RF_20x7_deployed,4C,75.76432302655505,33.91625155245152,33.91625155245152
B0049,B0049_D0013,42.28412093826567,4C,4C_constant_2A_truncated,RF_20x7_deployed,4C,70.37588227910977,28.0917613408441,28.0917613408441
B0049,B0049_D0014,40.35607003788769,4C,4C_constant_2A_truncated,RF_20x7_deployed,4C,70.08595601834529,29.729885980457595,29.729885980457595
B0049,B0049_D0015,39.10372180373367,4C,4C_constant_2A_truncated,RF_20x7_deployed,4C,76.05424928731954,36.950527483585866,36.950527483585866
B0049,B0049_D0016,39.765097220666746,4C,4C_constant_2A_truncated,RF_20x7_deployed,4C,70.08595601834529,30.32085879767854,30.32085879767854
B0049,B0049_D0018,38.76025577359998,4C,4C_constant_2A_truncated,RF_20x7_deployed,4C,70.09575746829525,31.335501694695267,31.335501694695267
B0049,B0049_D0019,38.55932951922579,4C,4C_constant_2A_truncated,RF_20x7_deployed,4C,70.46595698663903,31.906627467413237,31.906627467413237
B0049,B0049_D0020,37.92549457258973,4C,4C_constant_2A_truncated,RF_20x7_deployed,4C,69.91138538248597,31.985890809896247,31.985890809896247
B0049,B0049_D0021,36.746932452495045,4C,4C_constant_2A_truncated,RF_20x7_deployed,4C,70.09987264504205,33.35294019254701,33.35294019254701
B0049,B0049_D0022,36.83379016845378,4C,4C_constant_2A_truncated,RF_20x7_deployed,4C,72.01110052167698,35.1773103532232,35.1773103532232
B0049,B0049_D0023,35.46973299601819,4C,4C_constant_2A_truncated,RF_20x7_deployed,4C,68.6460746402497,33.176341644231506,33.176341644231506
B0049,B0049_D0024,35.932325046101546,4C,4C_constant_2A_truncated,RF_20x7_deployed,4C,74.42422132134189,38.49189627524034,38.49189627524034
B0049,B0049_D0025,34.569426155233195,4C,4C_constant_2A_truncated,RF_20x7_deployed,4C,68.23479553506994,33.66536937983674,33.66536937983674
B0050,B0050_D0002,82.4394803888246,4C,4C_constant_2A_truncated,RF_20x7_deployed,4C,70.84344031832049,-11.596040070504117,11.596040070504117
B0050,B0050_D0003,80.0818242698902,4C,4C_constant_2A_truncated,RF_20x7_deployed,4C,72.50251771883168,-7.579306551058522,7.579306551058522
B0050,B0050_D0004,77.58782398713508,4C,4C_constant_2A_truncated,RF_20x7_deployed,4C,77.1255050247949,-0.4623189623401771,0.4623189623401771
B0050,B0050_D0007,67.9513829445816,4C,4C_constant_2A_truncated,RF_20x7_deployed,4C,73.64053342251316,5.6891504779315625,5.6891504779315625
B0050,B0050_D0008,68.71086346119128,4C,4C_constant_2A_truncated,RF_20x7_deployed,4C,74.44911752084673,5.738254059655446,5.738254059655446
B0050,B0050_D0009,67.64015215410988,4C,4C_constant_2A_truncated,RF_20x7_deployed,4C,74.40626060740253,6.766108453292645,6.766108453292645
B0050,B0050_D0010,68.03703096729215,4C,4C_constant_2A_truncated,RF_20x7_deployed,4C,74.35548980380875,6.318458836516598,6.318458836516598
B0050,B0050_D0012,70.01357123082208,4C,4C_constant_2A_truncated,RF_20x7_deployed,4C,80.31863814988694,10.305066919064856,10.305066919064856
B0050,B0050_D0013,71.44637377635415,4C,4C_constant_2A_truncated,RF_20x7_deployed,4C,74.22768235343909,2.7813085770849426,2.7813085770849426
B0050,B0050_D0015,28.68466693784524,4C,4C_constant_2A_truncated,RF_20x7_deployed,4C,80.22987490394269,51.54520796609745,51.54520796609745
B0051,B0051_D0002,64.65902309991391,4C,4C_constant_2A_truncated,RF_20x7_deployed,4C,68.38179778305509,3.722774683141182,3.722774683141182
B0051,B0051_D0003,61.44470130595828,4C,4C_constant_2A_truncated,RF_20x7_deployed,4C,70.73325023024258,9.288548924284292,9.288548924284292
B0051,B0051_D0004,60.19515894858974,4C,4C_constant_2A_truncated,RF_20x7_deployed,4C,75.98964956203508,15.79449061344534,15.79449061344534
B0051,B0051_D0006,50.46404409563006,4C,4C_constant_2A_truncated,RF_20x7_deployed,4C,71.4609645481223,20.996920452492247,20.996920452492247
B0051,B0051_D0007,47.828299475626615,4C,4C_constant_2A_truncated,RF_20x7_deployed,4C,71.6142469807368,23.78594750511018,23.78594750511018
B0051,B0051_D0008,45.0978145682702,4C,4C_constant_2A_truncated,RF_20x7_deployed,4C,71.3003268348771,26.202512266606895,26.202512266606895
B0051,B0051_D0009,44.48953333069081,4C,4C_constant_2A_truncated,RF_20x7_deployed,4C,71.58770938707428,27.098176056383473,27.098176056383473
B0051,B0051_D0010,44.1535851831728,4C,4C_constant_2A_truncated,RF_20x7_deployed,4C,71.46111763434847,27.307532451175668,27.307532451175668
B0051,B0051_D0011,42.15635177240878,4C,4C_constant_2A_truncated,RF_20x7_deployed,4C,71.13820802448228,28.9818562520735,28.9818562520735
B0051,B0051_D0012,41.32795517248315,4C,4C_constant_2A_truncated,RF_20x7_deployed,4C,75.83657125310431,34.50861608062116,34.50861608062116
B0051,B0051_D0013,41.76340773418982,4C,4C_constant_2A_truncated,RF_20x7_deployed,4C,71.49763467954503,29.73422694535521,29.73422694535521
B0051,B0051_D0014,40.12859732493937,4C,4C_constant_2A_truncated,RF_20x7_deployed,4C,71.49763467954503,31.36903735460566,31.36903735460566
B0051,B0051_D0015,39.19609392349757,4C,4C_constant_2A_truncated,RF_20x7_deployed,4C,76.11745701240474,36.92136308890717,36.92136308890717
B0051,B0051_D0016,39.55381746518001,4C,4C_constant_2A_truncated,RF_20x7_deployed,4C,76.11745701240474,36.56363954722473,36.56363954722473
B0051,B0051_D0018,38.27269134740118,4C,4C_constant_2A_truncated,RF_20x7_deployed,4C,70.47019095192212,32.19749960452094,32.19749960452094
B0051,B0051_D0019,38.65886738169735,4C,4C_constant_2A_truncated,RF_20x7_deployed,4C,70.76003020245403,32.101162820756684,32.101162820756684
B0051,B0051_D0020,38.026468882082426,4C,4C_constant_2A_truncated,RF_20x7_deployed,4C,70.44332396947809,32.41685508739566,32.41685508739566
B0051,B0051_D0021,36.88215159623502,4C,4C_constant_2A_truncated,RF_20x7_deployed,4C,70.86618185121603,33.98403025498101,33.98403025498101
B0051,B0051_D0022,36.95897501289535,4C,4C_constant_2A_truncated,RF_20x7_deployed,4C,73.76116201102586,36.80218699813051,36.80218699813051
B0051,B0051_D0023,35.07287714921297,4C,4C_constant_2A_truncated,RF_20x7_deployed,4C,70.38011624439287,35.307239095179895,35.307239095179895
B0051,B0051_D0024,35.23674740270891,4C,4C_constant_2A_truncated,RF_20x7_deployed,4C,76.11745701240474,40.880709609695835,40.880709609695835
B0051,B0051_D0025,33.89244467852115,4C,4C_constant_2A_truncated,RF_20x7_deployed,4C,70.38011624439287,36.487671565871715,36.487671565871715
B0052,B0052_D0002,70.91547557180161,4C,4C_constant_2A_truncated,RF_20x7_deployed,4C,70.5422350547877,-0.3732405170139117,0.3732405170139117
B0052,B0052_D0003,68.53561514346582,4C,4C_constant_2A_truncated,RF_20x7_deployed,4C,71.49763467954503,2.962019536079211,2.962019536079211
B0052,B0052_D0004,67.57823676313247,4C,4C_constant_2A_truncated,RF_20x7_deployed,4C,76.11745701240474,8.539220249272276,8.539220249272276
B0053,B0053_D0001,53.45708943097151,4C,4C_constant_2A_EOL,RF_20x7_deployed,4C,71.63307229173147,18.17598286075996,18.17598286075996
B0053,B0053_D0002,57.703639672161145,4C,4C_constant_2A_EOL,RF_20x7_deployed,4C,70.89778935347331,13.194149681312169,13.194149681312169
B0053,B0053_D0003,57.50762706913491,4C,4C_constant_2A_EOL,RF_20x7_deployed,4C,71.82137735061072,14.313750281475805,14.313750281475805
B0053,B0053_D0004,56.52931926968383,4C,4C_constant_2A_EOL,RF_20x7_deployed,4C,70.60786309270883,14.078543823024994,14.078543823024994
B0053,B0053_D0005,56.0895136178781,4C,4C_constant_2A_EOL,RF_20x7_deployed,4C,70.84344031832049,14.753926700442392,14.753926700442392
B0053,B0053_D0006,55.67991200721928,4C,4C_constant_2A_EOL,RF_20x7_deployed,4C,74.57559572970055,18.895683722481273,18.895683722481273
B0053,B0053_D0007,54.32327028547531,4C,4C_constant_2A_EOL,RF_20x7_deployed,4C,70.56255455902006,16.239284273544747,16.239284273544747
B0053,B0053_D0008,53.237467844965735,4C,4C_constant_2A_EOL,RF_20x7_deployed,4C,76.11745701240474,22.879989167439007,22.879989167439007
B0053,B0053_D0009,54.04644047479822,4C,4C_constant_2A_EOL,RF_20x7_deployed,4C,70.89778935347331,16.851348878675097,16.851348878675097
B0053,B0053_D0010,54.26376020923232,4C,4C_constant_2A_EOL,RF_20x7_deployed,4C,71.08385898932946,16.820098780097133,16.820098780097133
B0053,B0053_D0011,52.52399966870447,4C,4C_constant_2A_EOL,RF_20x7_deployed,4C,76.11745701240474,23.593457343700273,23.593457343700273
B0053,B0053_D0012,54.26775088527152,4C,4C_constant_2A_EOL,RF_20x7_deployed,4C,74.57559572970055,20.307844844429034,20.307844844429034
B0053,B0053_D0013,52.54197845395361,4C,4C_constant_2A_EOL,RF_20x7_deployed,4C,70.93351502584974,18.391536571896133,18.391536571896133
B0053,B0053_D0014,53.0453394166559,4C,4C_constant_2A_EOL,RF_20x7_deployed,4C,71.46906460955856,18.42372519290266,18.42372519290266
B0053,B0053_D0015,53.529123053190695,4C,4C_constant_2A_EOL,RF_20x7_deployed,4C,71.1631539284491,17.63403087525841,17.63403087525841
B0053,B0053_D0016,51.20183328318485,4C,4C_constant_2A_EOL,RF_20x7_deployed,4C,75.63774528498008,24.435912001795238,24.435912001795238
B0053,B0053_D0017,53.35478626716929,4C,4C_constant_2A_EOL,RF_20x7_deployed,4C,70.84344031832049,17.4886540511512,17.4886540511512
B0053,B0053_D0018,51.39618925223749,4C,4C_constant_2A_EOL,RF_20x7_deployed,4C,70.93351502584974,19.537325773612253,19.537325773612253
B0053,B0053_D0019,51.62713199850504,4C,4C_constant_2A_EOL,RF_20x7_deployed,4C,73.77684071031152,22.149708711806475,22.149708711806475
B0053,B0053_D0020,52.79743923268525,4C,4C_constant_2A_EOL,RF_20x7_deployed,4C,73.69201374073413,20.894574508048876,20.894574508048876
B0053,B0053_D0021,52.22656915654359,4C,4C_constant_2A_EOL,RF_20x7_deployed,4C,70.55351405755601,18.326944901012425,18.326944901012425
B0053,B0053_D0022,51.76569534060916,4C,4C_constant_2A_EOL,RF_20x7_deployed,4C,75.65611669752823,23.89042135691907,23.89042135691907
B0053,B0053_D0023,53.8170526550991,4C,4C_constant_2A_EOL,RF_20x7_deployed,4C,70.87322766768462,17.05617501258552,17.05617501258552
B0053,B0053_D0024,51.76111570211771,4C,4C_constant_2A_EOL,RF_20x7_deployed,4C,75.54664499233982,23.785529290222108,23.785529290222108
B0053,B0053_D0025,52.57143528454128,4C,4C_constant_2A_EOL,RF_20x7_deployed,4C,71.1631539284491,18.591718643907825,18.591718643907825
B0053,B0053_D0026,53.016646731948406,4C,4C_constant_2A_EOL,RF_20x7_deployed,4C,72.39801280636928,19.381366074420875,19.381366074420875
B0053,B0053_D0027,51.18483231374269,4C,4C_constant_2A_EOL,RF_20x7_deployed,4C,70.76003020245403,19.575197888711344,19.575197888711344
B0053,B0053_D0028,52.32942334375444,4C,4C_constant_2A_EOL,RF_20x7_deployed,4C,74.00478370963563,21.67536036588119,21.67536036588119
B0053,B0053_D0029,50.15560842406116,4C,4C_constant_2A_EOL,RF_20x7_deployed,4C,70.82332493777183,20.667716513710673,20.667716513710673
B0053,B0053_D0030,52.30789467807804,4C,4C_constant_2A_EOL,RF_20x7_deployed,4C,70.8100199425994,18.502125264521354,18.502125264521354
B0053,B0053_D0031,50.781317567628015,4C,4C_constant_2A_EOL,RF_20x7_deployed,4C,70.84344031832049,20.062122750692474,20.062122750692474
B0053,B0053_D0032,51.25027446564726,4C,4C_constant_2A_EOL,RF_20x7_deployed,4C,71.68169543340505,20.431420967757795,20.431420967757795
B0053,B0053_D0033,49.00665812796456,4C,4C_constant_2A_EOL,RF_20x7_deployed,4C,70.82744011451864,21.820781986554074,21.820781986554074
B0053,B0053_D0034,51.83888882101815,4C,4C_constant_2A_EOL,RF_20x7_deployed,4C,73.49472524221638,21.655836421198224,21.655836421198224
B0053,B0053_D0035,51.3415031029361,4C,4C_constant_2A_EOL,RF_20x7_deployed,4C,73.76181884981307,22.420315746876966,22.420315746876966
B0053,B0053_D0036,50.75189831402551,4C,4C_constant_2A_EOL,RF_20x7_deployed,4C,71.1738058926696,20.421907578644095,20.421907578644095
B0053,B0053_D0037,49.52307369743088,4C,4C_constant_2A_EOL,RF_20x7_deployed,4C,70.56892573467634,21.04585203724546,21.04585203724546
B0053,B0053_D0038,50.72882587291379,4C,4C_constant_2A_EOL,RF_20x7_deployed,4C,74.00478370963563,23.275957836721844,23.275957836721844
B0053,B0053_D0039,49.05654472040194,4C,4C_constant_2A_EOL,RF_20x7_deployed,4C,70.87029702796283,21.813752307560897,21.813752307560897
B0053,B0053_D0040,50.20843714693218,4C,4C_constant_2A_EOL,RF_20x7_deployed,4C,71.49763467954503,21.289197532612853,21.289197532612853
B0053,B0053_D0041,50.39102439803935,4C,4C_constant_2A_EOL,RF_20x7_deployed,4C,70.73736540698938,20.346341008950034,20.346341008950034
B0053,B0053_D0042,49.1227066542282,4C,4C_constant_2A_EOL,RF_20x7_deployed,4C,70.41092210102832,21.288215446800116,21.288215446800116
B0053,B0053_D0043,55.48387677769014,4C,4C_constant_2A_EOL,RF_20x7_deployed,4C,70.64992863333289,15.166051855642749,15.166051855642749
B0053,B0053_D0044,55.68400794957381,4C,4C_constant_2A_EOL,RF_20x7_deployed,4C,71.00815376871259,15.324145819138778,15.324145819138778
B0053,B0053_D0045,51.92504550286202,4C,4C_constant_2A_EOL,RF_20x7_deployed,4C,76.11745701240474,24.192411509542723,24.192411509542723
B0053,B0053_D0046,53.84407951090039,4C,4C_constant_2A_EOL,RF_20x7_deployed,4C,74.99125198896014,21.14717247805975,21.14717247805975
B0053,B0053_D0047,53.60852752918691,4C,4C_constant_2A_EOL,RF_20x7_deployed,4C,70.59234190838417,16.983814379197263,16.983814379197263
B0053,B0053_D0048,50.62294499925558,4C,4C_constant_2A_EOL,RF_20x7_deployed,4C,72.8515017501316,22.228556750876024,22.228556750876024
B0053,B0053_D0049,51.39972428774792,4C,4C_constant_2A_EOL,RF_20x7_deployed,4C,74.89448942298985,23.494765135241927,23.494765135241927
B0053,B0053_D0050,51.52073639524999,4C,4C_constant_2A_EOL,RF_20x7_deployed,4C,70.73736540698938,19.216629011739393,19.216629011739393
B0053,B0053_D0051,52.780816369975255,4C,4C_constant_2A_EOL,RF_20x7_deployed,4C,70.83671062248804,18.055894252512786,18.055894252512786
B0053,B0053_D0052,50.055577090813145,4C,4C_constant_2A_EOL,RF_20x7_deployed,4C,70.47430612866893,20.418729037855783,20.418729037855783
B0053,B0053_D0053,52.33419607749331,4C,4C_constant_2A_EOL,RF_20x7_deployed,4C,70.4903063324708,18.156110254977484,18.156110254977484
B0053,B0053_D0054,52.35908280092715,4C,4C_constant_2A_EOL,RF_20x7_deployed,4C,71.1631539284491,18.804071127521958,18.804071127521958
B0053,B0053_D0055,50.51370039212889,4C,4C_constant_2A_EOL,RF_20x7_deployed,4C,70.38011624439287,19.866415852263977,19.866415852263977
B0054,B0054_D0002,58.32720119058048,4C,4C_constant_2A_EOL,RF_20x7_deployed,4C,70.20966078528036,11.882459594699881,11.882459594699881
B0054,B0054_D0003,55.262607280693175,4C,4C_constant_2A_EOL,RF_20x7_deployed,4C,71.1631539284491,15.900546647755931,15.900546647755931
B0054,B0054_D0004,54.80151128592938,4C,4C_constant_2A_EOL,RF_20x7_deployed,4C,70.84344031832049,16.04192903239111,16.04192903239111
B0054,B0054_D0005,53.77225342804872,4C,4C_constant_2A_EOL,RF_20x7_deployed,4C,71.43254756436197,17.660294136313247,17.660294136313247
B0054,B0054_D0006,53.27746764011898,4C,4C_constant_2A_EOL,RF_20x7_deployed,4C,71.12163479180373,17.84416715168475,17.84416715168475
B0054,B0054_D0007,52.84184289986198,4C,4C_constant_2A_EOL,RF_20x7_deployed,4C,71.21170949933298,18.369866599471003,18.369866599471003
B0054,B0054_D0008,52.24532222682421,4C,4C_constant_2A_EOL,RF_20x7_deployed,4C,71.77582915302827,19.530506926204062,19.530506926204062
B0054,B0054_D0009,52.291819884684834,4C,4C_constant_2A_EOL,RF_20x7_deployed,4C,71.56676789717078,19.274948012485943,19.274948012485943
B0054,B0054_D0010,50.90939604390074,4C,4C_constant_2A_EOL,RF_20x7_deployed,4C,74.67073811605091,23.76134207215017,23.76134207215017
B0054,B0054_D0011,51.13204616836116,4C,4C_constant_2A_EOL,RF_20x7_deployed,4C,72.530329160322,21.39828299196084,21.39828299196084
B0054,B0054_D0012,51.94548093075449,4C,4C_constant_2A_EOL,RF_20x7_deployed,4C,72.85683118697732,20.911350256222825,20.911350256222825
B0054,B0054_D0013,50.86625177175037,4C,4C_constant_2A_EOL,RF_20x7_deployed,4C,72.42760280297297,21.5613510312226,21.5613510312226
B0054,B0054_D0014,51.65919559972741,4C,4C_constant_2A_EOL,RF_20x7_deployed,4C,76.0031805657469,24.34398496601949,24.34398496601949
B0054,B0054_D0015,50.47616059869798,4C,4C_constant_2A_EOL,RF_20x7_deployed,4C,73.31911938844291,22.842958789744934,22.842958789744934
B0054,B0054_D0016,49.312416298132376,4C,4C_constant_2A_EOL,RF_20x7_deployed,4C,72.73122942177908,23.4188131236467,23.4188131236467
B0054,B0054_D0017,50.40024160000218,4C,4C_constant_2A_EOL,RF_20x7_deployed,4C,72.21162792768332,21.81138632768114,21.81138632768114
B0054,B0054_D0018,50.76693880627098,4C,4C_constant_2A_EOL,RF_20x7_deployed,4C,72.46411984816956,21.69718104189858,21.69718104189858
B0054,B0054_D0019,50.53393426677978,4C,4C_constant_2A_EOL,RF_20x7_deployed,4C,72.4965510338907,21.962616767110916,21.962616767110916
B0054,B0054_D0020,50.5204828292668,4C,4C_constant_2A_EOL,RF_20x7_deployed,4C,72.52347245078418,22.002989621517386,22.002989621517386
B0054,B0054_D0021,49.00716661981741,4C,4C_constant_2A_EOL,RF_20x7_deployed,4C,73.68891525166757,24.681748631850155,24.681748631850155
B0054,B0054_D0022,55.08320861812192,4C,4C_constant_2A_EOL,RF_20x7_deployed,4C,72.94186074342393,17.858652125302008,17.858652125302008
B0054,B0054_D0023,54.13256119500636,4C,4C_constant_2A_EOL,RF_20x7_deployed,4C,73.35563643363949,19.22307523863313,19.22307523863313
B0054,B0054_D0024,52.87504193934171,4C,4C_constant_2A_EOL,RF_20x7_deployed,4C,72.49368510142007,19.618643162078357,19.618643162078357
B0054,B0054_D0025,51.927586658076606,4C,4C_constant_2A_EOL,RF_20x7_deployed,4C,72.81339871154867,20.885812053472065,20.885812053472065
B0054,B0054_D0026,50.36647450645566,4C,4C_constant_2A_EOL,RF_20x7_deployed,4C,70.47992260856404,20.11344810210838,20.11344810210838
B0054,B0054_D0027,50.80200154270174,4C,4C_constant_2A_EOL,RF_20x7_deployed,4C,72.73410377242905,21.932102229727313,21.932102229727313
B0054,B0054_D0028,50.79159818220476,4C,4C_constant_2A_EOL,RF_20x7_deployed,4C,72.73410377242905,21.942505590224293,21.942505590224293
B0054,B0054_D0029,50.07691901608136,4C,4C_constant_2A_EOL,RF_20x7_deployed,4C,72.8162646440193,22.739345627937936,22.739345627937936
B0054,B0054_D0030,49.0624430795912,4C,4C_constant_2A_EOL,RF_20x7_deployed,4C,70.92757670283743,21.86513362324623,21.86513362324623
B0054,B0054_D0031,49.93708015055067,4C,4C_constant_2A_EOL,RF_20x7_deployed,4C,75.3735701149054,25.436489964354735,25.436489964354735
B0054,B0054_D0032,47.92007115474821,4C,4C_constant_2A_EOL,RF_20x7_deployed,4C,75.88187978679306,27.961808632044857,27.961808632044857
B0054,B0054_D0033,49.00423066947312,4C,4C_constant_2A_EOL,RF_20x7_deployed,4C,72.48982133805823,23.485590668585118,23.485590668585118
B0054,B0054_D0034,48.60186099481383,4C,4C_constant_2A_EOL,RF_20x7_deployed,4C,73.68598345435868,25.084122459544844,25.084122459544844
B0054,B0054_D0035,48.46601403759206,4C,4C_constant_2A_EOL,RF_20x7_deployed,4C,71.31335868160286,22.847344644010803,22.847344644010803
B0054,B0054_D0036,47.39893194253132,4C,4C_constant_2A_EOL,RF_20x7_deployed,4C,76.17180604755757,28.772874105026247,28.772874105026247
B0054,B0054_D0037,48.19259784535614,4C,4C_constant_2A_EOL,RF_20x7_deployed,4C,70.89778935347331,22.705191508117174,22.705191508117174
B0054,B0054_D0038,48.41168347742348,4C,4C_constant_2A_EOL,RF_20x7_deployed,4C,71.88113454914507,23.469451071721593,23.469451071721593
B0054,B0054_D0039,47.03510432301882,4C,4C_constant_2A_EOL,RF_20x7_deployed,4C,70.93351502584974,23.898410702830923,23.898410702830923
B0054,B0054_D0040,48.092210385194825,4C,4C_constant_2A_EOL,RF_20x7_deployed,4C,74.62994476485338,26.537734379658552,26.537734379658552
B0054,B0054_D0041,46.661700720998525,4C,4C_constant_2A_EOL,RF_20x7_deployed,4C,70.89105965764085,24.229358936642328,24.229358936642328
B0054,B0054_D0042,46.56727368572608,4C,4C_constant_2A_EOL,RF_20x7_deployed,4C,71.21750296360192,24.650229277875837,24.650229277875837
B0054,B0054_D0043,49.88214549558352,4C,4C_constant_2A_EOL,RF_20x7_deployed,4C,72.73696970489968,22.854824209316156,22.854824209316156
B0054,B0054_D0044,49.16657631486018,4C,4C_constant_2A_EOL,RF_20x7_deployed,4C,71.21750296360192,22.050926648741736,22.050926648741736
B0054,B0054_D0045,49.521850313887214,4C,4C_constant_2A_EOL,RF_20x7_deployed,4C,70.92757670283743,21.405726388950214,21.405726388950214
B0054,B0054_D0046,47.49935670218147,4C,4C_constant_2A_EOL,RF_20x7_deployed,4C,70.93351502584974,23.43415832366827,23.43415832366827
B0054,B0054_D0047,47.63013920450438,4C,4C_constant_2A_EOL,RF_20x7_deployed,4C,71.55198371469785,23.921844510193473,23.921844510193473
B0054,B0054_D0048,44.250875877328575,4C,4C_constant_2A_EOL,RF_20x7_deployed,4C,70.89778935347331,26.64691347614474,26.64691347614474
B0054,B0054_D0049,49.687013751208845,4C,4C_constant_2A_EOL,RF_20x7_deployed,4C,71.1016909792857,21.41467722807686,21.41467722807686
B0054,B0054_D0050,49.775366525963946,4C,4C_constant_2A_EOL,RF_20x7_deployed,4C,74.62994476485338,24.85457823888943,24.85457823888943
B0054,B0054_D0051,48.7703935484058,4C,4C_constant_2A_EOL,RF_20x7_deployed,4C,71.08385898932946,22.313465440923657,22.313465440923657
B0054,B0054_D0052,48.2980279186961,4C,4C_constant_2A_EOL,RF_20x7_deployed,4C,70.87322766768462,22.575199748988517,22.575199748988517
B0054,B0054_D0053,47.86851310844377,4C,4C_constant_2A_EOL,RF_20x7_deployed,4C,74.00478370963563,26.13627060119186,26.13627060119186
B0054,B0054_D0054,46.47378295982466,4C,4C_constant_2A_EOL,RF_20x7_deployed,4C,70.51699701235944,24.04321405253478,24.04321405253478
B0054,B0054_D0055,46.61776939911973,4C,4C_constant_2A_EOL,RF_20x7_deployed,4C,75.76432302655505,29.146553627435317,29.146553627435317
B0054,B0054_D0056,47.72841892024845,4C,4C_constant_2A_EOL,RF_20x7_deployed,4C,71.85789439580729,24.12947547555884,24.12947547555884
B0054,B0054_D0057,46.65121052186468,4C,4C_constant_2A_EOL,RF_20x7_deployed,4C,71.20946075452773,24.55825023266305,24.55825023266305
B0054,B0054_D0058,46.16470920004795,4C,4C_constant_2A_EOL,RF_20x7_deployed,4C,76.11745701240474,29.95274781235679,29.95274781235679
B0054,B0054_D0059,46.28899582131488,4C,4C_constant_2A_EOL,RF_20x7_deployed,4C,71.49763467954503,25.208638858230152,25.208638858230152
B0054,B0054_D0060,45.81382896640042,4C,4C_constant_2A_EOL,RF_20x7_deployed,4C,70.68644567852945,24.87261671212903,24.87261671212903
B0054,B0054_D0061,46.93505839556234,4C,4C_constant_2A_EOL,RF_20x7_deployed,4C,71.02065126424426,24.08559286868192,24.08559286868192
B0054,B0054_D0062,45.794952934385854,4C,4C_constant_2A_EOL,RF_20x7_deployed,4C,71.46111763434847,25.666164699962614,25.666164699962614
B0054,B0054_D0063,46.01304495216894,4C,4C_constant_2A_EOL,RF_20x7_deployed,4C,75.82753075164025,29.814485799471313,29.814485799471313
B0054,B0054_D0064,45.55626958680444,4C,4C_constant_2A_EOL,RF_20x7_deployed,4C,71.02065126424426,25.464381677439825,25.464381677439825
B0054,B0054_D0065,44.90253521847672,4C,4C_constant_2A_EOL,RF_20x7_deployed,4C,71.1738058926696,26.271270674192884,26.271270674192884
B0054,B0054_D0066,46.39432312008186,4C,4C_constant_2A_EOL,RF_20x7_deployed,4C,74.70132572819566,28.307002608113798,28.307002608113798
B0054,B0054_D0067,45.59207698493612,4C,4C_constant_2A_EOL,RF_20x7_deployed,4C,73.62253269258603,28.030455707649914,28.030455707649914
B0054,B0054_D0068,44.68245824664734,4C,4C_constant_2A_EOL,RF_20x7_deployed,4C,70.87322766768462,26.190769421037274,26.190769421037274
B0054,B0054_D0069,45.50432246302128,4C,4C_constant_2A_EOL,RF_20x7_deployed,4C,75.82753075164025,30.32320828861897,30.32320828861897
B0054,B0054_D0070,45.5745236573047,4C,4C_constant_2A_EOL,RF_20x7_deployed,4C,71.49763467954503,25.923111022240327,25.923111022240327
B0054,B0054_D0071,46.68586405819098,4C,4C_constant_2A_EOL,RF_20x7_deployed,4C,76.17180604755757,29.485941989366587,29.485941989366587
B0054,B0054_D0072,44.90758878034388,4C,4C_constant_2A_EOL,RF_20x7_deployed,4C,70.59234190838417,25.684753128040292,25.684753128040292
B0054,B0054_D0073,45.69683567685627,4C,4C_constant_2A_EOL,RF_20x7_deployed,4C,71.08385898932946,25.38702331247319,25.38702331247319
B0054,B0054_D0074,43.8242430857714,4C,4C_constant_2A_EOL,RF_20x7_deployed,4C,74.02436125498511,30.20011816921371,30.20011816921371
B0054,B0054_D0075,44.27458979290982,4C,4C_constant_2A_EOL,RF_20x7_deployed,4C,74.29470997040012,30.0201201774903,30.0201201774903
B0054,B0054_D0076,44.09537311423354,4C,4C_constant_2A_EOL,RF_20x7_deployed,4C,71.30673751364307,27.211364399409533,27.211364399409533
B0054,B0054_D0077,45.22904552972398,4C,4C_constant_2A_EOL,RF_20x7_deployed,4C,71.80354536065448,26.5744998309305,26.5744998309305
B0054,B0054_D0078,43.67303174727998,4C,4C_constant_2A_EOL,RF_20x7_deployed,4C,71.11593062370885,27.44289887642887,27.44289887642887
B0054,B0054_D0079,45.1565595493414,4C,4C_constant_2A_EOL,RF_20x7_deployed,4C,73.44622757511976,28.28966802577836,28.28966802577836
B0054,B0054_D0080,43.56108877030062,4C,4C_constant_2A_EOL,RF_20x7_deployed,4C,71.26388060019886,27.70279182989824,27.70279182989824
B0054,B0054_D0081,44.682495217383085,4C,4C_constant_2A_EOL,RF_20x7_deployed,4C,74.00478370963563,29.322288492252547,29.322288492252547
B0054,B0054_D0082,44.17532007343946,4C,4C_constant_2A_EOL,RF_20x7_deployed,4C,71.68169543340505,27.506375359965595,27.506375359965595
B0054,B0054_D0083,43.89701852683957,4C,4C_constant_2A_EOL,RF_20x7_deployed,4C,71.49763467954503,27.600616152705463,27.600616152705463
B0054,B0054_D0084,42.99694554682547,4C,4C_constant_2A_EOL,RF_20x7_deployed,4C,70.73325023024258,27.736304683417103,27.736304683417103
B0054,B0054_D0085,43.48679059804783,4C,4C_constant_2A_EOL,RF_20x7_deployed,4C,71.80354536065448,28.31675476260665,28.31675476260665
B0054,B0054_D0086,43.191359074063385,4C,4C_constant_2A_EOL,RF_20x7_deployed,4C,70.53973854525496,27.348379471191578,27.348379471191578
B0054,B0054_D0087,44.32847268894572,4C,4C_constant_2A_EOL,RF_20x7_deployed,4C,71.46906460955856,27.140591920612835,27.140591920612835
B0054,B0054_D0088,43.45039286156664,4C,4C_constant_2A_EOL,RF_20x7_deployed,4C,71.02065126424426,27.570258402677624,27.570258402677624
B0054,B0054_D0089,42.372230441888256,4C,4C_constant_2A_EOL,RF_20x7_deployed,4C,70.72351315725747,28.351282715369216,28.351282715369216
B0054,B0054_D0090,43.99863860790351,4C,4C_constant_2A_EOL,RF_20x7_deployed,4C,71.49763467954503,27.49899607164152,27.49899607164152
B0054,B0054_D0091,45.55222291384254,4C,4C_constant_2A_EOL,RF_20x7_deployed,4C,71.42192945892816,25.86970654508562,25.86970654508562
B0054,B0054_D0092,45.6086214667753,4C,4C_constant_2A_EOL,RF_20x7_deployed,4C,76.11745701240474,30.508835545629445,30.508835545629445
B0054,B0054_D0093,44.360219879424,4C,4C_constant_2A_EOL,RF_20x7_deployed,4C,74.99125198896014,30.631032109536143,30.631032109536143
B0054,B0054_D0094,44.80618383979608,4C,4C_constant_2A_EOL,RF_20x7_deployed,4C,71.49763467954503,26.691450839748953,26.691450839748953
B0054,B0054_D0095,44.25667000564226,4C,4C_constant_2A_EOL,RF_20x7_deployed,4C,75.12459371166801,30.86792370602575,30.86792370602575
B0054,B0054_D0096,43.96693322718059,4C,4C_constant_2A_EOL,RF_20x7_deployed,4C,75.88159795905949,31.9146647318789,31.9146647318789
B0054,B0054_D0097,42.30612119225313,4C,4C_constant_2A_EOL,RF_20x7_deployed,4C,71.17913834879405,28.873017156540925,28.873017156540925
B0054,B0054_D0098,43.52966576484671,4C,4C_constant_2A_EOL,RF_20x7_deployed,4C,70.87322766768462,27.343561902837905,27.343561902837905
B0054,B0054_D0099,42.20260454804552,4C,4C_constant_2A_EOL,RF_20x7_deployed,4C,70.53339867700734,28.33079412896182,28.33079412896182
B0054,B0054_D0100,42.68122339201789,4C,4C_constant_2A_EOL,RF_20x7_deployed,4C,72.63166049994656,29.95043710792867,29.95043710792867
B0054,B0054_D0101,42.62259668979069,4C,4C_constant_2A_EOL,RF_20x7_deployed,4C,71.80354536065448,29.180948670863792,29.180948670863792
B0054,B0054_D0102,41.86959500896507,4C,4C_constant_2A_EOL,RF_20x7_deployed,4C,71.13728884747304,29.267693838507974,29.267693838507974
B0055,B0055_D0002,65.99460782314391,4C,4C_constant_2A_EOL,RF_20x7_deployed,4C,68.99509344935258,3.000485626208672,3.000485626208672
B0055,B0055_D0003,63.84916400566007,4C,4C_constant_2A_EOL,RF_20x7_deployed,4C,71.49763467954503,7.648470673884958,7.648470673884958
B0055,B0055_D0004,62.86295656115431,4C,4C_constant_2A_EOL,RF_20x7_deployed,4C,71.55188848083375,8.68893191967944,8.68893191967944
B0055,B0055_D0005,60.3381875649706,4C,4C_constant_2A_EOL,RF_20x7_deployed,4C,74.30255572846833,13.964368163497731,13.964368163497731
B0055,B0055_D0006,60.38661268051598,4C,4C_constant_2A_EOL,RF_20x7_deployed,4C,74.57559572970055,14.188983049184571,14.188983049184571
B0055,B0055_D0007,60.04807145046917,4C,4C_constant_2A_EOL,RF_20x7_deployed,4C,71.70157936499128,11.653507914522102,11.653507914522102
B0055,B0055_D0008,59.45295432749865,4C,4C_constant_2A_EOL,RF_20x7_deployed,4C,74.25890476618713,14.805950438688477,14.805950438688477
B0055,B0055_D0009,58.48543913022165,4C,4C_constant_2A_EOL,RF_20x7_deployed,4C,72.00582242377115,13.5203832935495,13.5203832935495
B0055,B0055_D0010,57.41823597306712,4C,4C_constant_2A_EOL,RF_20x7_deployed,4C,74.17812933162736,16.75989335856024,16.75989335856024
B0055,B0055_D0011,57.63863030486148,4C,4C_constant_2A_EOL,RF_20x7_deployed,4C,72.00582242377115,14.36719211890967,14.36719211890967
B0055,B0055_D0012,56.59185235863614,4C,4C_constant_2A_EOL,RF_20x7_deployed,4C,74.00993586720607,17.41808350856993,17.41808350856993
B0055,B0055_D0013,56.63262901691674,4C,4C_constant_2A_EOL,RF_20x7_deployed,4C,76.94985059609772,20.31722157918098,20.31722157918098
B0055,B0055_D0014,55.80282858287292,4C,4C_constant_2A_EOL,RF_20x7_deployed,4C,73.64006008581636,17.83723150294344,17.83723150294344
B0055,B0055_D0015,54.923209125344265,4C,4C_constant_2A_EOL,RF_20x7_deployed,4C,74.98278397284264,20.059574847498375,20.059574847498375
B0055,B0055_D0016,54.62847051548339,4C,4C_constant_2A_EOL,RF_20x7_deployed,4C,77.46475166129338,22.836281145809984,22.836281145809984
B0055,B0055_D0017,55.45838403560155,4C,4C_constant_2A_EOL,RF_20x7_deployed,4C,73.30897921521431,17.85059517961276,17.85059517961276
B0055,B0055_D0018,55.37517514452856,4C,4C_constant_2A_EOL,RF_20x7_deployed,4C,72.72575485882871,17.350579714300146,17.350579714300146
B0055,B0055_D0019,55.33758377122655,4C,4C_constant_2A_EOL,RF_20x7_deployed,4C,73.38380456523575,18.0462207940092,18.0462207940092
B0055,B0055_D0020,53.63347062291412,4C,4C_constant_2A_EOL,RF_20x7_deployed,4C,73.18552299256356,19.552052369649445,19.552052369649445
B0055,B0055_D0021,53.884220107533466,4C,4C_constant_2A_EOL,RF_20x7_deployed,4C,74.0498665574725,20.165646449939032,20.165646449939032
B0055,B0055_D0022,59.908573672679545,4C,4C_constant_2A_EOL,RF_20x7_deployed,4C,76.01104102638342,16.10246735370388,16.10246735370388
B0055,B0055_D0023,58.126907763404645,4C,4C_constant_2A_EOL,RF_20x7_deployed,4C,73.38380456523575,15.256896801831104,15.256896801831104
B0055,B0055_D0024,57.78413732922112,4C,4C_constant_2A_EOL,RF_20x7_deployed,4C,73.38380456523575,15.599667236014632,15.599667236014632
B0055,B0055_D0025,56.8722049211178,4C,4C_constant_2A_EOL,RF_20x7_deployed,4C,76.77095513898709,19.898750217869292,19.898750217869292
B0055,B0055_D0026,55.63187676062746,4C,4C_constant_2A_EOL,RF_20x7_deployed,4C,73.473879272765,17.84200251213754,17.84200251213754
B0055,B0055_D0027,54.93280339229904,4C,4C_constant_2A_EOL,RF_20x7_deployed,4C,73.38380456523575,18.451001172936706,18.451001172936706
B0055,B0055_D0028,54.9265137944232,4C,4C_constant_2A_EOL,RF_20x7_deployed,4C,77.75267305094923,22.826159256526026,22.826159256526026
B0055,B0055_D0029,55.146852004842685,4C,4C_constant_2A_EOL,RF_20x7_deployed,4C,76.77095513898709,21.624103134144406,21.624103134144406
B0055,B0055_D0030,54.74822461367659,4C,4C_constant_2A_EOL,RF_20x7_deployed,4C,73.15440418859497,18.406179574918376,18.406179574918376
B0055,B0055_D0031,54.45339857415499,4C,4C_constant_2A_EOL,RF_20x7_deployed,4C,75.84581810952392,21.39241953536893,21.39241953536893
B0055,B0055_D0032,53.66616958180265,4C,4C_constant_2A_EOL,RF_20x7_deployed,4C,77.59048165978847,23.924312077985817,23.924312077985817
B0055,B0055_D0033,54.768692837265455,4C,4C_constant_2A_EOL,RF_20x7_deployed,4C,78.20986392771594,23.44117109045049,23.44117109045049
B0055,B0055_D0034,53.19758733121562,4C,4C_constant_2A_EOL,RF_20x7_deployed,4C,76.58389474559107,23.386307414375445,23.386307414375445
B0055,B0055_D0035,54.28990362038515,4C,4C_constant_2A_EOL,RF_20x7_deployed,4C,72.93351182982359,18.64360820943844,18.64360820943844
B0055,B0055_D0036,52.94374482753778,4C,4C_constant_2A_EOL,RF_20x7_deployed,4C,77.59952216125251,24.65577733371473,24.65577733371473
B0055,B0055_D0037,54.06630017595644,4C,4C_constant_2A_EOL,RF_20x7_deployed,4C,73.09563064021842,19.029330464261974,19.029330464261974
B0055,B0055_D0038,53.08009312941615,4C,4C_constant_2A_EOL,RF_20x7_deployed,4C,79.83854823449713,26.758455105080976,26.758455105080976
B0055,B0055_D0039,52.96960335290564,4C,4C_constant_2A_EOL,RF_20x7_deployed,4C,73.06010358254943,20.090500229643794,20.090500229643794
B0055,B0055_D0040,53.712565707123616,4C,4C_constant_2A_EOL,RF_20x7_deployed,4C,73.34728752003916,19.634721812915544,19.634721812915544
B0055,B0055_D0041,52.02807367065751,4C,4C_constant_2A_EOL,RF_20x7_deployed,4C,73.97005333607277,21.941979665415253,21.941979665415253
B0055,B0055_D0042,52.87828267662448,4C,4C_constant_2A_EOL,RF_20x7_deployed,4C,73.38380456523575,20.50552188861127,20.50552188861127
B0055,B0055_D0043,54.91764485457311,4C,4C_constant_2A_EOL,RF_20x7_deployed,4C,79.18066260848377,24.26301775391066,24.26301775391066
B0055,B0055_D0044,55.48794968698685,4C,4C_constant_2A_EOL,RF_20x7_deployed,4C,73.97005333607277,18.482103649085914,18.482103649085914
B0055,B0055_D0045,53.96657889603436,4C,4C_constant_2A_EOL,RF_20x7_deployed,4C,76.4456761378891,22.47909724185473,22.47909724185473
B0055,B0055_D0046,53.58079547378074,4C,4C_constant_2A_EOL,RF_20x7_deployed,4C,73.10296049599364,19.522165022212903,19.522165022212903
B0055,B0055_D0047,53.73232105509898,4C,4C_constant_2A_EOL,RF_20x7_deployed,4C,73.84781705681124,20.11549600171226,20.11549600171226
B0055,B0055_D0048,54.3218415325895,4C,4C_constant_2A_EOL,RF_20x7_deployed,4C,72.93351182982359,18.611670297234085,18.611670297234085
B0055,B0055_D0049,56.70069173693979,4C,4C_constant_2A_EOL,RF_20x7_deployed,4C,79.29901866229565,22.598326925355863,22.598326925355863
B0055,B0055_D0050,55.884823589757936,4C,4C_constant_2A_EOL,RF_20x7_deployed,4C,78.96977804031962,23.08495445056169,23.08495445056169
B0055,B0055_D0051,55.23234264822145,4C,4C_constant_2A_EOL,RF_20x7_deployed,4C,75.2124446291759,19.98010198095446,19.98010198095446
B0055,B0055_D0052,54.4850074203713,4C,4C_constant_2A_EOL,RF_20x7_deployed,4C,73.55627764585724,19.071270225485932,19.071270225485932
B0055,B0055_D0053,53.7766773769086,4C,4C_constant_2A_EOL,RF_20x7_deployed,4C,76.7048375486897,22.928160171781094,22.928160171781094
B0055,B0055_D0054,53.04933388072184,4C,4C_constant_2A_EOL,RF_20x7_deployed,4C,73.38380456523575,20.33447068451391,20.33447068451391
B0055,B0055_D0055,52.59109020807784,4C,4C_constant_2A_EOL,RF_20x7_deployed,4C,77.88040792055294,25.289317712475103,25.289317712475103
B0055,B0055_D0056,52.76928949066379,4C,4C_constant_2A_EOL,RF_20x7_deployed,4C,76.8790470630507,24.10975757238692,24.10975757238692
B0055,B0055_D0057,52.66551166845894,4C,4C_constant_2A_EOL,RF_20x7_deployed,4C,76.56227550109888,23.89676383263994,23.89676383263994
B0055,B0055_D0058,51.57682630042174,4C,4C_constant_2A_EOL,RF_20x7_deployed,4C,77.88040792055294,26.303581620131197,26.303581620131197
B0055,B0055_D0059,52.66700526629708,4C,4C_constant_2A_EOL,RF_20x7_deployed,4C,78.46057528670295,25.793570020405866,25.793570020405866
B0055,B0055_D0060,51.58938399405394,4C,4C_constant_2A_EOL,RF_20x7_deployed,4C,72.68914311571974,21.099759121665805,21.099759121665805
B0055,B0055_D0061,51.77103956078648,4C,4C_constant_2A_EOL,RF_20x7_deployed,4C,79.89618457055619,28.12514500976971,28.12514500976971
B0055,B0055_D0062,51.61125895655304,4C,4C_constant_2A_EOL,RF_20x7_deployed,4C,74.26159274702681,22.650333790473773,22.650333790473773
B0055,B0055_D0063,50.5771698651736,4C,4C_constant_2A_EOL,RF_20x7_deployed,4C,77.88040792055294,27.30323805537934,27.30323805537934
B0055,B0055_D0064,52.06880284075114,4C,4C_constant_2A_EOL,RF_20x7_deployed,4C,73.97005333607277,21.901250495321626,21.901250495321626
B0055,B0055_D0065,51.0870966934405,4C,4C_constant_2A_EOL,RF_20x7_deployed,4C,73.34728752003916,22.26019082659866,22.26019082659866
B0055,B0055_D0066,50.665677739846416,4C,4C_constant_2A_EOL,RF_20x7_deployed,4C,79.17163364661079,28.50595590676437,28.50595590676437
B0055,B0055_D0067,51.49971279813455,4C,4C_constant_2A_EOL,RF_20x7_deployed,4C,73.81130001161468,22.311587213480124,22.311587213480124
B0055,B0055_D0068,50.94674903907163,4C,4C_constant_2A_EOL,RF_20x7_deployed,4C,73.84781705681124,22.901068017739604,22.901068017739604
B0055,B0055_D0069,51.45439760427008,4C,4C_constant_2A_EOL,RF_20x7_deployed,4C,77.59048165978847,26.13608405551839,26.13608405551839
B0055,B0055_D0070,52.83814620950022,4C,4C_constant_2A_EOL,RF_20x7_deployed,4C,73.93353629087619,21.095390081375967,21.095390081375967
B0055,B0055_D0071,51.45834268158323,4C,4C_constant_2A_EOL,RF_20x7_deployed,4C,80.62742726046707,29.16908457888384,29.16908457888384
B0055,B0055_D0072,51.6064922245051,4C,4C_constant_2A_EOL,RF_20x7_deployed,4C,73.55627764585724,21.94978542135214,21.94978542135214
B0055,B0055_D0073,52.046151419756384,4C,4C_constant_2A_EOL,RF_20x7_deployed,4C,78.46057528670295,26.414423866946564,26.414423866946564
B0055,B0055_D0074,50.55805493834935,4C,4C_constant_2A_EOL,RF_20x7_deployed,4C,77.06296528229583,26.504910343946484,26.504910343946484
B0055,B0055_D0075,51.68938056455892,4C,4C_constant_2A_EOL,RF_20x7_deployed,4C,80.19879999598751,28.509419431428597,28.509419431428597
B0055,B0055_D0076,50.19971120101915,4C,4C_constant_2A_EOL,RF_20x7_deployed,4C,73.22856226119187,23.02885106017272,23.02885106017272
B0055,B0055_D0077,51.67097739977502,4C,4C_constant_2A_EOL,RF_20x7_deployed,4C,79.32218553544821,27.651208135673194,27.651208135673194
B0055,B0055_D0078,50.49468282058231,4C,4C_constant_2A_EOL,RF_20x7_deployed,4C,77.46475166129338,26.970068840711065,26.970068840711065
B0055,B0055_D0079,50.63131223970314,4C,4C_constant_2A_EOL,RF_20x7_deployed,4C,79.89618457055619,29.264872330853045,29.264872330853045
B0055,B0055_D0080,49.74371027863847,4C,4C_constant_2A_EOL,RF_20x7_deployed,4C,72.779217823249,23.03550754461053,23.03550754461053
B0055,B0055_D0081,51.20399778089666,4C,4C_constant_2A_EOL,RF_20x7_deployed,4C,79.57990442159608,28.375906640699426,28.375906640699426
B0055,B0055_D0082,51.044447550215146,4C,4C_constant_2A_EOL,RF_20x7_deployed,4C,79.55766247519668,28.513214924981533,28.513214924981533
B0055,B0055_D0083,50.805040797205706,4C,4C_constant_2A_EOL,RF_20x7_deployed,4C,74.26159274702681,23.456551949821105,23.456551949821105
B0055,B0055_D0084,49.93937672553138,4C,4C_constant_2A_EOL,RF_20x7_deployed,4C,72.97002887502018,23.030652149488795,23.030652149488795
B0055,B0055_D0085,50.79434147461892,4C,4C_constant_2A_EOL,RF_20x7_deployed,4C,79.57990442159608,28.785562946977166,28.785562946977166
B0055,B0055_D0086,49.81718758881297,4C,4C_constant_2A_EOL,RF_20x7_deployed,4C,73.5167361862092,23.69954859739623,23.69954859739623
B0055,B0055_D0087,50.268886907097645,4C,4C_constant_2A_EOL,RF_20x7_deployed,4C,79.6256643354302,29.356777428332556,29.356777428332556
B0055,B0055_D0088,50.45661455013955,4C,4C_constant_2A_EOL,RF_20x7_deployed,4C,79.5688161536404,29.11220160350085,29.11220160350085
B0055,B0055_D0089,49.922906203921016,4C,4C_constant_2A_EOL,RF_20x7_deployed,4C,76.89393964122844,26.971033437307426,26.971033437307426
B0055,B0055_D0090,54.461946620570686,4C,4C_constant_2A_EOL,RF_20x7_deployed,4C,73.51976060066065,19.05781398008996,19.05781398008996
B0055,B0055_D0091,53.96968015851762,4C,4C_constant_2A_EOL,RF_20x7_deployed,4C,80.75681865458634,26.78713849606872,26.78713849606872
B0055,B0055_D0092,51.6307147657112,4C,4C_constant_2A_EOL,RF_20x7_deployed,4C,74.45428099160866,22.82356622589746,22.82356622589746
B0055,B0055_D0093,52.4928632451332,4C,4C_constant_2A_EOL,RF_20x7_deployed,4C,79.81064645083089,27.317783205697687,27.317783205697687
B0055,B0055_D0094,52.26951348624282,4C,4C_constant_2A_EOL,RF_20x7_deployed,4C,78.48627815805649,26.21676467181367,26.21676467181367
B0055,B0055_D0095,50.00803868356757,4C,4C_constant_2A_EOL,RF_20x7_deployed,4C,77.88040792055294,27.87236923698537,27.87236923698537
B0055,B0055_D0096,50.42047393439078,4C,4C_constant_2A_EOL,RF_20x7_deployed,4C,80.4295420252223,30.009068090831526,30.009068090831526
B0055,B0055_D0097,50.18275790410195,4C,4C_constant_2A_EOL,RF_20x7_deployed,4C,73.09563064021842,22.91287273611647,22.91287273611647
B0055,B0055_D0098,51.426348382976606,4C,4C_constant_2A_EOL,RF_20x7_deployed,4C,75.63359155693695,24.207243173960343,24.207243173960343
B0055,B0055_D0099,49.08422179493511,4C,4C_constant_2A_EOL,RF_20x7_deployed,4C,73.48021914101261,24.3959973460775,24.3959973460775
B0055,B0055_D0100,50.63560717085566,4C,4C_constant_2A_EOL,RF_20x7_deployed,4C,76.98978276917894,26.354175598323287,26.354175598323287
B0055,B0055_D0101,51.00689998074628,4C,4C_constant_2A_EOL,RF_20x7_deployed,4C,80.03112366066523,29.024223679918947,29.024223679918947
B0055,B0055_D0102,49.53795831686582,4C,4C_constant_2A_EOL,RF_20x7_deployed,4C,73.68187941105545,24.14392109418963,24.14392109418963
B0056,B0056_D0002,67.21777776508684,4C,4C_constant_2A_EOL,RF_20x7_deployed,4C,68.8040782738977,1.586300508810865,1.586300508810865
B0056,B0056_D0003,65.87513553673759,4C,4C_constant_2A_EOL,RF_20x7_deployed,4C,71.71492608570512,5.839790548967528,5.839790548967528
B0056,B0056_D0004,64.86827339738456,4C,4C_constant_2A_EOL,RF_20x7_deployed,4C,71.36982722917537,6.501553831790815,6.501553831790815
B0056,B0056_D0005,63.1980207427449,4C,4C_constant_2A_EOL,RF_20x7_deployed,4C,74.28052366332867,11.082502920583764,11.082502920583764
B0056,B0056_D0006,62.94748093516069,4C,4C_constant_2A_EOL,RF_20x7_deployed,4C,71.49763467954503,8.550153744384339,8.550153744384339
B0056,B0056_D0007,64.030988451013,4C,4C_constant_2A_EOL,RF_20x7_deployed,4C,71.33605250725354,7.305064056240539,7.305064056240539
B0056,B0056_D0008,62.863934343035474,4C,4C_constant_2A_EOL,RF_20x7_deployed,4C,74.27783237751146,11.413898034475984,11.413898034475984
B0056,B0056_D0009,61.131300205244486,4C,4C_constant_2A_EOL,RF_20x7_deployed,4C,71.52417227320754,10.392872067963054,10.392872067963054
B0056,B0056_D0010,61.46386124628748,4C,4C_constant_2A_EOL,RF_20x7_deployed,4C,73.90014536361157,12.436284117324092,12.436284117324092
B0056,B0056_D0011,61.37890067844728,4C,4C_constant_2A_EOL,RF_20x7_deployed,4C,71.55198371469785,10.173083036250574,10.173083036250574
B0056,B0056_D0012,60.66936444148384,4C,4C_constant_2A_EOL,RF_20x7_deployed,4C,74.17195049933324,13.502586057849392,13.502586057849392
B0056,B0056_D0013,61.51118072465405,4C,4C_constant_2A_EOL,RF_20x7_deployed,4C,71.27113964545573,9.759958920801687,9.759958920801687
B0056,B0056_D0014,59.6376505423134,4C,4C_constant_2A_EOL,RF_20x7_deployed,4C,76.91699586993975,17.279345327626352,17.279345327626352
B0056,B0056_D0015,59.335533179939006,4C,4C_constant_2A_EOL,RF_20x7_deployed,4C,72.7622719040253,13.426738724086292,13.426738724086292
B0056,B0056_D0016,59.57437570121083,4C,4C_constant_2A_EOL,RF_20x7_deployed,4C,77.03731747829465,17.46294177708382,17.46294177708382
B0056,B0056_D0017,60.7089303008908,4C,4C_constant_2A_EOL,RF_20x7_deployed,4C,71.64205842222711,10.93312812133631,10.93312812133631
B0056,B0056_D0018,60.47193779360701,4C,4C_constant_2A_EOL,RF_20x7_deployed,4C,77.37418674670646,16.902248953099445,16.902248953099445
B0056,B0056_D0019,60.353614997016045,4C,4C_constant_2A_EOL,RF_20x7_deployed,4C,73.13953054904428,12.785915552028236,12.785915552028236
B0056,B0056_D0020,58.14806246959565,4C,4C_constant_2A_EOL,RF_20x7_deployed,4C,77.27392312383421,19.125860654238558,19.125860654238558
B0056,B0056_D0021,58.94398435295199,4C,4C_constant_2A_EOL,RF_20x7_deployed,4C,73.69250863081592,14.748524277863929,14.748524277863929
B0056,B0056_D0022,64.72552073022216,4C,4C_constant_2A_EOL,RF_20x7_deployed,4C,77.85684399909601,13.131323268873857,13.131323268873857
B0056,B0056_D0023,63.01283781501736,4C,4C_constant_2A_EOL,RF_20x7_deployed,4C,72.97002887502018,9.957191060002813,9.957191060002813
B0056,B0056_D0024,62.04360645782554,4C,4C_constant_2A_EOL,RF_20x7_deployed,4C,72.97002887502018,10.926422417194637,10.926422417194637
B0056,B0056_D0025,62.60986701365565,4C,4C_constant_2A_EOL,RF_20x7_deployed,4C,78.1467702598605,15.53690324620485,15.53690324620485
B0056,B0056_D0026,61.39512850238692,4C,4C_constant_2A_EOL,RF_20x7_deployed,4C,71.11492507516678,9.719796572779863,9.719796572779863
B0056,B0056_D0027,59.58585154473497,4C,4C_constant_2A_EOL,RF_20x7_deployed,4C,77.03731747829465,17.451465933559682,17.451465933559682
B0056,B0056_D0028,59.29285120005503,4C,4C_constant_2A_EOL,RF_20x7_deployed,4C,77.7865184983701,18.493667298315067,18.493667298315067
B0056,B0056_D0029,59.20469143305714,4C,4C_constant_2A_EOL,RF_20x7_deployed,4C,77.50912482751771,18.304433394460567,18.304433394460567
B0056,B0056_D0030,60.299145679588285,4C,4C_constant_2A_EOL,RF_20x7_deployed,4C,73.17604759424086,12.87690191465257,12.87690191465257
B0056,B0056_D0031,58.271424683969656,4C,4C_constant_2A_EOL,RF_20x7_deployed,4C,77.7380770501904,19.466652366220742,19.466652366220742
B0056,B0056_D0032,58.95030306596929,4C,4C_constant_2A_EOL,RF_20x7_deployed,4C,78.20178561803742,19.251482552068133,19.251482552068133
B0056,B0056_D0033,60.06556873591576,4C,4C_constant_2A_EOL,RF_20x7_deployed,4C,72.97002887502018,12.904460139104415,12.904460139104415
B0056,B0056_D0034,58.27989016587159,4C,4C_constant_2A_EOL,RF_20x7_deployed,4C,77.3293276216034,19.049437455731805,19.049437455731805
B0056,B0056_D0035,59.015166752750105,4C,4C_constant_2A_EOL,RF_20x7_deployed,4C,73.38380456523575,14.368637812485645,14.368637812485645
B0056,B0056_D0036,58.29067094847523,4C,4C_constant_2A_EOL,RF_20x7_deployed,4C,78.21082611950148,19.920155171026245,19.920155171026245
B0056,B0056_D0037,58.8198025788688,4C,4C_constant_2A_EOL,RF_20x7_deployed,4C,72.97002887502018,14.150226296151374,14.150226296151374
B0056,B0056_D0038,57.29162756470383,4C,4C_constant_2A_EOL,RF_20x7_deployed,4C,73.84781705681124,16.556189492107407,16.556189492107407
B0056,B0056_D0039,58.3778879990148,4C,4C_constant_2A_EOL,RF_20x7_deployed,4C,71.04542468086854,12.667536681853733,12.667536681853733
B0056,B0056_D0040,57.28183273559579,4C,4C_constant_2A_EOL,RF_20x7_deployed,4C,77.85684399909601,20.575011263500222,20.575011263500222
B0056,B0056_D0041,57.21833501412223,4C,4C_constant_2A_EOL,RF_20x7_deployed,4C,73.38380456523575,16.165469551113517,16.165469551113517
B0056,B0056_D0042,58.02588843194047,4C,4C_constant_2A_EOL,RF_20x7_deployed,4C,72.89520352499875,14.869315093058276,14.869315093058276
B0056,B0056_D0043,61.360065213012405,4C,4C_constant_2A_EOL,RF_20x7_deployed,4C,77.51606740540967,16.156002192397267,16.156002192397267
B0056,B0056_D0044,62.273986010227375,4C,4C_constant_2A_EOL,RF_20x7_deployed,4C,73.34728752003916,11.073301509811785,11.073301509811785
B0056,B0056_D0045,58.61144424518614,4C,4C_constant_2A_EOL,RF_20x7_deployed,4C,77.73111400060091,19.11966975541477,19.11966975541477
B0056,B0056_D0046,59.76757499972478,4C,4C_constant_2A_EOL,RF_20x7_deployed,4C,73.26612230177011,13.498547302045331,13.498547302045331
B0056,B0056_D0047,59.59757358101962,4C,4C_constant_2A_EOL,RF_20x7_deployed,4C,72.97002887502018,13.37245529400056,13.37245529400056
B0056,B0056_D0048,61.48111832626293,4C,4C_constant_2A_EOL,RF_20x7_deployed,4C,73.38380456523575,11.90268623897282,11.90268623897282
B0056,B0056_D0049,63.87259709698494,4C,4C_constant_2A_EOL,RF_20x7_deployed,4C,77.7865184983701,13.91392140138516,13.91392140138516
B0056,B0056_D0050,62.16939875834292,4C,4C_constant_2A_EOL,RF_20x7_deployed,4C,77.85684399909601,15.687445240753092,15.687445240753092
B0056,B0056_D0051,61.5401271456296,4C,4C_constant_2A_EOL,RF_20x7_deployed,4C,73.38380456523575,11.843677419606152,11.843677419606152
B0056,B0056_D0052,60.81179267047332,4C,4C_constant_2A_EOL,RF_20x7_deployed,4C,73.38380456523575,12.572011894762433,12.572011894762433
B0056,B0056_D0053,60.44167863249774,4C,4C_constant_2A_EOL,RF_20x7_deployed,4C,77.85684399909601,17.415165366598274,17.415165366598274
B0056,B0056_D0054,59.73090581120179,4C,4C_constant_2A_EOL,RF_20x7_deployed,4C,72.7622719040253,13.03136609282351,13.03136609282351
B0056,B0056_D0055,58.67124067397496,4C,4C_constant_2A_EOL,RF_20x7_deployed,4C,77.29813343097787,18.626892757002913,18.626892757002913
B0056,B0056_D0056,57.02298152956564,4C,4C_constant_2A_EOL,RF_20x7_deployed,4C,77.03731747829465,20.014335948729013,20.014335948729013
B0056,B0056_D0057,59.10858203422994,4C,4C_constant_2A_EOL,RF_20x7_deployed,4C,77.86588450056006,18.757302466330117,18.757302466330117
B0056,B0056_D0058,57.40331691027587,4C,4C_constant_2A_EOL,RF_20x7_deployed,4C,76.17180604755757,18.768489137281698,18.768489137281698
B0056,B0056_D0059,59.12690967517076,4C,4C_constant_2A_EOL,RF_20x7_deployed,4C,77.85684399909601,18.729934323925256,18.729934323925256
B0056,B0056_D0060,57.760464314233,4C,4C_constant_2A_EOL,RF_20x7_deployed,4C,73.26612230177011,15.505657987537113,15.505657987537113
B0056,B0056_D0061,56.08408356335848,4C,4C_constant_2A_EOL,RF_20x7_deployed,4C,74.26159274702681,18.177509183668327,18.177509183668327
B0056,B0056_D0062,58.13331312807285,4C,4C_constant_2A_EOL,RF_20x7_deployed,4C,77.03731747829465,18.904004350221804,18.904004350221804
B0056,B0056_D0063,56.23478078724629,4C,4C_constant_2A_EOL,RF_20x7_deployed,4C,77.37373265044855,21.13895186320226,21.13895186320226
B0056,B0056_D0064,58.32088974398965,4C,4C_constant_2A_EOL,RF_20x7_deployed,4C,77.7865184983701,19.465628754380447,19.465628754380447
B0056,B0056_D0065,56.73372578189731,4C,4C_constant_2A_EOL,RF_20x7_deployed,4C,72.88845599877831,16.154730216881,16.154730216881
B0056,B0056_D0066,55.06115658546378,4C,4C_constant_2A_EOL,RF_20x7_deployed,4C,77.85684399909601,22.795687413632237,22.795687413632237
B0056,B0056_D0067,57.80366974236416,4C,4C_constant_2A_EOL,RF_20x7_deployed,4C,77.50912482751771,19.705455085153552,19.705455085153552
B0056,B0056_D0068,56.92804949382001,4C,4C_constant_2A_EOL,RF_20x7_deployed,4C,76.7048375486897,19.776788054869684,19.776788054869684
B0056,B0056_D0069,58.78632724386853,4C,4C_constant_2A_EOL,RF_20x7_deployed,4C,77.85684399909601,19.070516755227487,19.070516755227487
B0056,B0056_D0070,59.84692816226278,4C,4C_constant_2A_EOL,RF_20x7_deployed,4C,73.38380456523575,13.536876402972972,13.536876402972972
B0056,B0056_D0071,56.33728994363133,4C,4C_constant_2A_EOL,RF_20x7_deployed,4C,73.72342325151143,17.3861333078801,17.3861333078801
B0056,B0056_D0072,58.00515684279765,4C,4C_constant_2A_EOL,RF_20x7_deployed,4C,72.97002887502018,14.964872032222523,14.964872032222523
B0056,B0056_D0073,56.807293648451385,4C,4C_constant_2A_EOL,RF_20x7_deployed,4C,77.86588450056006,21.058590852108672,21.058590852108672
B0056,B0056_D0074,56.98626947130938,4C,4C_constant_2A_EOL,RF_20x7_deployed,4C,77.85684399909601,20.870574527786637,20.870574527786637
B0056,B0056_D0075,57.80005012383788,4C,4C_constant_2A_EOL,RF_20x7_deployed,4C,77.85684399909601,20.056793875258137,20.056793875258137
B0056,B0056_D0076,56.34093095134175,4C,4C_constant_2A_EOL,RF_20x7_deployed,4C,72.97853070630757,16.63759975496582,16.63759975496582
B0056,B0056_D0077,55.8344177840197,4C,4C_constant_2A_EOL,RF_20x7_deployed,4C,77.85684399909601,22.022426215076315,22.022426215076315
B0056,B0056_D0078,56.65306598833423,4C,4C_constant_2A_EOL,RF_20x7_deployed,4C,77.73111400060091,21.078048012266684,21.078048012266684
B0056,B0056_D0079,54.46919948997986,4C,4C_constant_2A_EOL,RF_20x7_deployed,4C,77.57595823979557,23.10675874981571,23.10675874981571
B0056,B0056_D0080,55.60418229629684,4C,4C_constant_2A_EOL,RF_20x7_deployed,4C,73.26612230177011,17.66194000547327,17.66194000547327
B0056,B0056_D0081,56.39975127324168,4C,4C_constant_2A_EOL,RF_20x7_deployed,4C,77.57595823979557,21.17620696655389,21.17620696655389
B0056,B0056_D0082,56.93387282512089,4C,4C_constant_2A_EOL,RF_20x7_deployed,4C,77.85684399909601,20.92297117397512,20.92297117397512
B0056,B0056_D0083,56.355684811003215,4C,4C_constant_2A_EOL,RF_20x7_deployed,4C,78.1467702598605,21.791085448857288,21.791085448857288
B0056,B0056_D0084,55.507544348268745,4C,4C_constant_2A_EOL,RF_20x7_deployed,4C,75.89009822328481,20.382553875016065,20.382553875016065
B0056,B0056_D0085,56.72316130211232,4C,4C_constant_2A_EOL,RF_20x7_deployed,4C,77.85684399909601,21.133682696983698,21.133682696983698
B0056,B0056_D0086,55.42293781514315,4C,4C_constant_2A_EOL,RF_20x7_deployed,4C,72.85234661155455,17.4294087964114,17.4294087964114
B0056,B0056_D0087,53.84110435107422,4C,4C_constant_2A_EOL,RF_20x7_deployed,4C,77.7865184983701,23.945414147295878,23.945414147295878
B0056,B0056_D0088,56.419910645990846,4C,4C_constant_2A_EOL,RF_20x7_deployed,4C,77.86588450056006,21.44597385456921,21.44597385456921
B0056,B0056_D0089,55.33175173265684,4C,4C_constant_2A_EOL,RF_20x7_deployed,4C,76.79888114663844,21.467129413981596,21.467129413981596
B0056,B0056_D0090,63.58045361086595,4C,4C_constant_2A_EOL,RF_20x7_deployed,4C,76.60767867545891,13.027225064592962,13.027225064592962
B0056,B0056_D0091,62.07883587688984,4C,4C_constant_2A_EOL,RF_20x7_deployed,4C,80.69590436452985,18.61706848764001,18.61706848764001
B0056,B0056_D0092,58.7326452211407,4C,4C_constant_2A_EOL,RF_20x7_deployed,4C,74.50021758763103,15.767572366490327,15.767572366490327
B0056,B0056_D0093,59.94694942593881,4C,4C_constant_2A_EOL,RF_20x7_deployed,4C,80.4035530688468,20.456603642907993,20.456603642907993
B0056,B0056_D0094,57.30699482594282,4C,4C_constant_2A_EOL,RF_20x7_deployed,4C,79.32990406185473,22.02290923591191,22.02290923591191
B0056,B0056_D0095,56.461218933594246,4C,4C_constant_2A_EOL,RF_20x7_deployed,4C,77.85684399909601,21.39562506550177,21.39562506550177
B0056,B0056_D0096,55.51716444009956,4C,4C_constant_2A_EOL,RF_20x7_deployed,4C,73.72342325151143,18.20625881141187,18.20625881141187
B0056,B0056_D0097,57.69547364487375,4C,4C_constant_2A_EOL,RF_20x7_deployed,4C,72.97002887502018,15.274555230146426,15.274555230146426
B0056,B0056_D0098,56.51095727670069,4C,4C_constant_2A_EOL,RF_20x7_deployed,4C,77.85684399909601,21.345886722395328,21.345886722395328
B0056,B0056_D0099,56.29359704017048,4C,4C_constant_2A_EOL,RF_20x7_deployed,4C,73.10296049599364,16.80936345582316,16.80936345582316
B0056,B0056_D0100,57.15054141960484,4C,4C_constant_2A_EOL,RF_20x7_deployed,4C,77.7865184983701,20.635977078765258,20.635977078765258
B0056,B0056_D0101,56.86365887655146,4C,4C_constant_2A_EOL,RF_20x7_deployed,4C,76.77095513898709,19.90729626243563,19.90729626243563
B0056,B0056_D0102,56.45295068889752,4C,4C_constant_2A_EOL,RF_20x7_deployed,4C,73.38380456523575,16.930853876338226,16.930853876338226
B0041,B0041_D0043,60.78247043180449,4C,4C_multi_load,RF_full_150,4C,84.85926206915106,24.076791637346567,24.076791637346567
B0041,B0041_D0044,57.38208160473282,4C,4C_multi_load,RF_full_150,4C,85.20731282023549,27.82523121550267,27.82523121550267
B0041,B0041_D0045,55.97287263649096,4C,4C_multi_load,RF_full_150,4C,84.69887709095296,28.726004454462,28.726004454462
B0041,B0041_D0046,54.20662820925064,4C,4C_multi_load,RF_full_150,4C,84.46812319768401,30.26149498843337,30.26149498843337
B0041,B0041_D0047,53.03892116446328,4C,4C_multi_load,RF_full_150,4C,73.20185171889355,20.162930554430268,20.162930554430268
B0041,B0041_D0048,50.85156432813296,4C,4C_multi_load,RF_full_150,4C,82.69913480436385,31.847570476230892,31.847570476230892
B0041,B0041_D0049,50.00187499904287,4C,4C_multi_load,RF_full_150,4C,78.9002902805024,28.898415281459535,28.898415281459535
B0041,B0041_D0050,49.5753247393124,4C,4C_multi_load,RF_full_150,4C,79.57603910513117,30.000714365818773,30.000714365818773
B0041,B0041_D0051,48.27822212685508,4C,4C_multi_load,RF_full_150,4C,79.47252868697285,31.194306560117774,31.194306560117774
B0041,B0041_D0052,46.91655981219836,4C,4C_multi_load,RF_full_150,4C,80.35484085361577,33.43828104141741,33.43828104141741
B0041,B0041_D0053,46.494516946201344,4C,4C_multi_load,RF_full_150,4C,80.01376411564073,33.51924716943938,33.51924716943938
B0041,B0041_D0054,45.36058699724299,4C,4C_multi_load,RF_full_150,4C,69.92244959254913,24.56186259530614,24.56186259530614
B0041,B0041_D0055,45.88435338468662,4C,4C_multi_load,RF_full_150,4C,79.58040886268817,33.696055478001554,33.696055478001554
B0041,B0041_D0056,45.78715360981514,4C,4C_multi_load,RF_full_150,4C,79.91772533888405,34.13057172906891,34.13057172906891
B0041,B0041_D0057,45.55831345025216,4C,4C_multi_load,RF_full_150,4C,79.77004362700495,34.211730176752795,34.211730176752795
B0041,B0041_D0058,44.84450721786349,4C,4C_multi_load,RF_full_150,4C,79.30233750629243,34.457830288428944,34.457830288428944
B0041,B0041_D0059,44.31066736400077,4C,4C_multi_load,RF_full_150,4C,79.63760404072494,35.326936676724166,35.326936676724166
B0041,B0041_D0060,44.65562068093507,4C,4C_multi_load,RF_full_150,4C,79.5410289417345,34.88540826079942,34.88540826079942
B0041,B0041_D0061,44.0449253545527,4C,4C_multi_load,RF_full_150,4C,69.47719578010091,25.43227042554821,25.43227042554821
B0041,B0041_D0062,43.9943969101187,4C,4C_multi_load,RF_full_150,4C,79.1583593185173,35.163962408398596,35.163962408398596
B0041,B0041_D0063,43.411737685577215,4C,4C_multi_load,RF_full_150,4C,78.75537088993228,35.343633204355065,35.343633204355065
B0041,B0041_D0064,42.21784745197758,4C,4C_multi_load,RF_full_150,4C,73.82615938301086,31.608311931033278,31.608311931033278
B0041,B0041_D0065,43.28546601574269,4C,4C_multi_load,RF_full_150,4C,79.59653240370785,36.31106638796516,36.31106638796516
B0041,B0041_D0066,42.4348452009589,4C,4C_multi_load,RF_full_150,4C,79.22957233571839,36.79472713475949,36.79472713475949
B0041,B0041_D0067,41.82474216823173,4C,4C_multi_load,RF_full_150,4C,70.25348084646247,28.428738678230737,28.428738678230737
B0042,B0042_D0001,86.43563316877677,4C,4C_multi_load,RF_full_150,4C,74.20133928467311,-12.234293884103664,12.234293884103664
B0042,B0042_D0002,86.57353140926573,4C,4C_multi_load,RF_full_150,4C,75.216502858291,-11.357028550974732,11.357028550974732
B0042,B0042_D0003,86.41175181573044,4C,4C_multi_load,RF_full_150,4C,77.64816040416139,-8.763591411569053,8.763591411569053
B0042,B0042_D0004,86.01723711458105,4C,4C_multi_load,RF_full_150,4C,77.78832744726519,-8.228909667315861,8.228909667315861
B0042,B0042_D0005,86.10867183853817,4C,4C_multi_load,RF_full_150,4C,77.90406311324564,-8.20460872529253,8.20460872529253
B0042,B0042_D0007,85.43347886659724,4C,4C_multi_load,RF_full_150,4C,78.07052610089337,-7.3629527657038665,7.3629527657038665
B0042,B0042_D0008,85.18238242959323,4C,4C_multi_load,RF_full_150,4C,77.85787328824652,-7.324509141346709,7.324509141346709
B0042,B0042_D0009,84.79187871788986,4C,4C_multi_load,RF_full_150,4C,77.84851976076625,-6.943358957123607,6.943358957123607
B0042,B0042_D0010,84.74532423338455,4C,4C_multi_load,RF_full_150,4C,77.70061323121591,-7.04471100216864,7.04471100216864
B0042,B0042_D0011,84.37384047176228,4C,4C_multi_load,RF_full_150,4C,77.88756903177847,-6.48627143998381,6.48627143998381
B0042,B0042_D0012,84.29945864589725,4C,4C_multi_load,RF_full_150,4C,77.81297817251897,-6.486480473378279,6.486480473378279
B0042,B0042_D0013,83.91432373887466,4C,4C_multi_load,RF_full_150,4C,77.46549638894862,-6.4488273499260345,6.4488273499260345
B0042,B0042_D0014,83.69823820450763,4C,4C_multi_load,RF_full_150,4C,77.91890910974233,-5.779329094765302,5.779329094765302
B0042,B0042_D0015,83.61189400618532,4C,4C_multi_load,RF_full_150,4C,77.6756212953854,-5.936272710799926,5.936272710799926
B0042,B0042_D0016,83.79948950245985,4C,4C_multi_load,RF_full_150,4C,77.78044051344555,-6.019048989014294,6.019048989014294
B0042,B0042_D0017,83.09123836423994,4C,4C_multi_load,RF_full_150,4C,76.01424701575928,-7.076991348480661,7.076991348480661
B0042,B0042_D0018,83.03355176283056,4C,4C_multi_load,RF_full_150,4C,77.52309921195332,-5.510452550877233,5.510452550877233
B0042,B0042_D0019,82.65322437253602,4C,4C_multi_load,RF_full_150,4C,78.1315626622127,-4.521661710323315,4.521661710323315
B0042,B0042_D0020,82.4976993135228,4C,4C_multi_load,RF_full_150,4C,77.79278843270085,-4.704910880821956,4.704910880821956
B0042,B0042_D0021,84.0648902722246,4C,4C_multi_load,RF_full_150,4C,77.42939495527652,-6.635495316948081,6.635495316948081
B0042,B0042_D0022,83.50260212240649,4C,4C_multi_load,RF_full_150,4C,77.29952586081684,-6.2030762615896435,6.2030762615896435
B0042,B0042_D0023,83.35909301773961,4C,4C_multi_load,RF_full_150,4C,78.26204079232386,-5.0970522254157515,5.0970522254157515
B0042,B0042_D0024,82.84432806637584,4C,4C_multi_load,RF_full_150,4C,77.90843913251996,-4.935888933855878,4.935888933855878
B0042,B0042_D0025,82.24909723289969,4C,4C_multi_load,RF_full_150,4C,77.90660808156846,-4.342489151331222,4.342489151331222
B0042,B0042_D0026,81.9607292500007,4C,4C_multi_load,RF_full_150,4C,77.85893666791398,-4.101792582086716,4.101792582086716
B0042,B0042_D0027,82.05299945104028,4C,4C_multi_load,RF_full_150,4C,77.65364982313784,-4.399349627902438,4.399349627902438
B0042,B0042_D0028,82.16348256099239,4C,4C_multi_load,RF_full_150,4C,76.91266358504512,-5.2508189759472685,5.2508189759472685
B0042,B0042_D0029,81.49336551201148,4C,4C_multi_load,RF_full_150,4C,77.50078633661407,-3.9925791753974096,3.9925791753974096
B0042,B0042_D0030,81.19268172329403,4C,4C_multi_load,RF_full_150,4C,77.48912803565555,-3.7035536876384754,3.7035536876384754
B0042,B0042_D0031,80.93154443522087,4C,4C_multi_load,RF_full_150,4C,77.42780579098697,-3.5037386442339056,3.5037386442339056
B0042,B0042_D0032,80.96709056220598,4C,4C_multi_load,RF_full_150,4C,77.58967883967611,-3.377411722529871,3.377411722529871
B0042,B0042_D0033,80.72966356634966,4C,4C_multi_load,RF_full_150,4C,77.963971340195,-2.7656922261546555,2.7656922261546555
B0042,B0042_D0034,80.36020445963923,4C,4C_multi_load,RF_full_150,4C,78.17784708039413,-2.1823573792451043,2.1823573792451043
B0042,B0042_D0035,80.06331795031178,4C,4C_multi_load,RF_full_150,4C,77.94839502890775,-2.1149229214040304,2.1149229214040304
B0042,B0042_D0036,79.7020370531552,4C,4C_multi_load,RF_full_150,4C,77.66556089459361,-2.036476158561584,2.036476158561584
B0042,B0042_D0037,79.73444144687238,4C,4C_multi_load,RF_full_150,4C,76.53933150869386,-3.1951099381785184,3.1951099381785184
B0042,B0042_D0038,79.41050478651299,4C,4C_multi_load,RF_full_150,4C,77.636043271403,-1.7744615151099907,1.7744615151099907
B0042,B0042_D0039,79.39927790388491,4C,4C_multi_load,RF_full_150,4C,77.0470397566099,-2.3522381472750027,2.3522381472750027
B0042,B0042_D0040,78.99582703325171,4C,4C_multi_load,RF_full_150,4C,77.80715558763896,-1.188671445612755,1.188671445612755
B0042,B0042_D0041,78.27973096826418,4C,4C_multi_load,RF_full_150,4C,75.65135605505402,-2.628374913210152,2.628374913210152
B0042,B0042_D0088,71.88672383039729,4C,4C_multi_load,RF_full_150,4C,84.90383213449965,13.017108304102365,13.017108304102365
B0042,B0042_D0089,76.23009644622027,4C,4C_multi_load,RF_full_150,4C,87.78552915899613,11.555432712775854,11.555432712775854
B0042,B0042_D0090,76.07636982769739,4C,4C_multi_load,RF_full_150,4C,89.83683410830015,13.760464280602761,13.760464280602761
B0042,B0042_D0091,75.77661815587976,4C,4C_multi_load,RF_full_150,4C,90.11345424414675,14.336836088266992,14.336836088266992
B0042,B0042_D0092,75.22124830767277,4C,4C_multi_load,RF_full_150,4C,88.43172339811032,13.210475090437555,13.210475090437555
B0042,B0042_D0093,75.00753574749403,4C,4C_multi_load,RF_full_150,4C,89.93769919269039,14.930163445196357,14.930163445196357
B0042,B0042_D0094,74.4505613660156,4C,4C_multi_load,RF_full_150,4C,83.24565131782944,8.795089951813836,8.795089951813836
B0042,B0042_D0095,74.05074678781422,4C,4C_multi_load,RF_full_150,4C,87.80025758187755,13.749510794063326,13.749510794063326
B0042,B0042_D0096,73.8131013874287,4C,4C_multi_load,RF_full_150,4C,86.09120554000269,12.278104152573988,12.278104152573988
B0042,B0042_D0097,73.31275512719479,4C,4C_multi_load,RF_full_150,4C,89.30525345263226,15.992498325437467,15.992498325437467
B0042,B0042_D0098,72.9664129690851,4C,4C_multi_load,RF_full_150,4C,89.13679161627371,16.170378647188613,16.170378647188613
B0042,B0042_D0099,72.28520788771905,4C,4C_multi_load,RF_full_150,4C,83.31151284703425,11.026304959315198,11.026304959315198
B0042,B0042_D0100,72.00343044694512,4C,4C_multi_load,RF_full_150,4C,87.82574081369845,15.822310366753328,15.822310366753328
B0042,B0042_D0101,71.45156829773921,4C,4C_multi_load,RF_full_150,4C,87.60079705441954,16.14922875668033,16.14922875668033
B0042,B0042_D0102,70.7086094075693,4C,4C_multi_load,RF_full_150,4C,87.27659921590924,16.567989808339945,16.567989808339945
B0042,B0042_D0103,70.7801539564539,4C,4C_multi_load,RF_full_150,4C,85.592546825402,14.812392868948095,14.812392868948095
B0042,B0042_D0104,69.97205111650351,4C,4C_multi_load,RF_full_150,4C,86.54164721252309,16.56959609601958,16.56959609601958
B0042,B0042_D0105,69.79817642897454,4C,4C_multi_load,RF_full_150,4C,85.60533761921657,15.807161190242027,15.807161190242027
B0042,B0042_D0106,69.64892326315294,4C,4C_multi_load,RF_full_150,4C,85.10469749161062,15.455774228457685,15.455774228457685
B0042,B0042_D0107,68.70386011900459,4C,4C_multi_load,RF_full_150,4C,85.90202580385626,17.198165684851674,17.198165684851674
B0042,B0042_D0108,68.76246515001218,4C,4C_multi_load,RF_full_150,4C,83.07951786789135,14.317052717879179,14.317052717879179
B0042,B0042_D0109,68.35983065427253,4C,4C_multi_load,RF_full_150,4C,84.13507646962341,15.775245815350885,15.775245815350885
B0042,B0042_D0110,67.8443800391822,4C,4C_multi_load,RF_full_150,4C,85.14354791960064,17.299167880418437,17.299167880418437
B0042,B0042_D0111,67.24660112984674,4C,4C_multi_load,RF_full_150,4C,84.69309341028621,17.44649228043947,17.44649228043947
B0042,B0042_D0112,66.8734585229213,4C,4C_multi_load,RF_full_150,4C,81.66033482257663,14.786876299655333,14.786876299655333
B0043,B0043_D0001,85.68913210634425,4C,4C_multi_load,RF_full_150,4C,74.88874706069974,-10.800385045644504,10.800385045644504
B0043,B0043_D0002,84.77840829323554,4C,4C_multi_load,RF_full_150,4C,74.53595167966716,-10.242456613568379,10.242456613568379
B0043,B0043_D0003,84.07453186025977,4C,4C_multi_load,RF_full_150,4C,74.2294129961141,-9.845118864145661,9.845118864145661
B0043,B0043_D0004,83.93186204766477,4C,4C_multi_load,RF_full_150,4C,76.05124686269241,-7.880615184972356,7.880615184972356
B0043,B0043_D0005,83.47084275432496,4C,4C_multi_load,RF_full_150,4C,76.77603262164307,-6.694810132681894,6.694810132681894
B0043,B0043_D0007,83.05969260612389,4C,4C_multi_load,RF_full_150,4C,78.36399432202593,-4.695698284097958,4.695698284097958
B0043,B0043_D0008,82.53211691032166,4C,4C_multi_load,RF_full_150,4C,77.94554909239287,-4.586567817928795,4.586567817928795
B0043,B0043_D0009,82.12136595453892,4C,4C_multi_load,RF_full_150,4C,77.7064569683588,-4.414908986180123,4.414908986180123
B0043,B0043_D0010,81.76832400520664,4C,4C_multi_load,RF_full_150,4C,78.15295452616365,-3.6153694790429824,3.6153694790429824
B0043,B0043_D0011,81.66164379654245,4C,4C_multi_load,RF_full_150,4C,78.07749154115697,-3.584152255385476,3.584152255385476
B0043,B0043_D0012,81.29420277193967,4C,4C_multi_load,RF_full_150,4C,77.9569279860356,-3.3372747859040715,3.3372747859040715
B0043,B0043_D0013,80.89880873273854,4C,4C_multi_load,RF_full_150,4C,77.95986488811491,-2.938943844623637,2.938943844623637
B0043,B0043_D0014,80.68326353636994,4C,4C_multi_load,RF_full_150,4C,78.29655644531562,-2.386707091054319,2.386707091054319
B0043,B0043_D0015,80.2910513309846,4C,4C_multi_load,RF_full_150,4C,78.15451479815854,-2.1365365328260566,2.1365365328260566
B0043,B0043_D0016,80.16763980980765,4C,4C_multi_load,RF_full_150,4C,77.4019946599405,-2.7656451498671544,2.7656451498671544
B0043,B0043_D0017,79.75671203091322,4C,4C_multi_load,RF_full_150,4C,75.65910862422024,-4.097603406692983,4.097603406692983
B0043,B0043_D0018,79.39067772364254,4C,4C_multi_load,RF_full_150,4C,77.8716458409363,-1.5190318827062441,1.5190318827062441
B0043,B0043_D0019,79.00300984542122,4C,4C_multi_load,RF_full_150,4C,78.48785587639388,-0.5151539690273381,0.5151539690273381
B0043,B0043_D0020,78.7782543939564,4C,4C_multi_load,RF_full_150,4C,77.24026492724511,-1.537989466711295,1.537989466711295
B0043,B0043_D0021,79.75084506082104,4C,4C_multi_load,RF_full_150,4C,77.98526927857631,-1.7655757822447242,1.7655757822447242
B0043,B0043_D0022,79.49037761288797,4C,4C_multi_load,RF_full_150,4C,78.3504421118339,-1.1399355010540688,1.1399355010540688
B0043,B0043_D0023,79.03976601048706,4C,4C_multi_load,RF_full_150,4C,78.44652237982592,-0.5932436306611351,0.5932436306611351
B0043,B0043_D0024,78.52166644593808,4C,4C_multi_load,RF_full_150,4C,78.55106490856672,0.029398462628634547,0.029398462628634547
B0043,B0043_D0025,78.21684215948937,4C,4C_multi_load,RF_full_150,4C,78.32291715946883,0.10607499997945524,0.10607499997945524
B0043,B0043_D0026,77.91535089012454,4C,4C_multi_load,RF_full_150,4C,77.88311430008021,-0.032236590044334434,0.032236590044334434
B0043,B0043_D0027,77.68574644886233,4C,4C_multi_load,RF_full_150,4C,78.06756248838768,0.38181603952534715,0.38181603952534715
B0043,B0043_D0028,77.47641252927565,4C,4C_multi_load,RF_full_150,4C,78.69357795868592,1.2171654294102723,1.2171654294102723
B0043,B0043_D0029,77.12215267580531,4C,4C_multi_load,RF_full_150,4C,78.7056920195647,1.5835393437593837,1.5835393437593837
B0043,B0043_D0030,77.12811351585749,4C,4C_multi_load,RF_full_150,4C,79.33990462353893,2.211791107681435,2.211791107681435
B0043,B0043_D0031,76.54678226260079,4C,4C_multi_load,RF_full_150,4C,78.07343835314595,1.5266560905451598,1.5266560905451598
B0043,B0043_D0032,76.23866588476214,4C,4C_multi_load,RF_full_150,4C,77.88689720142771,1.6482313166655729,1.6482313166655729
B0043,B0043_D0033,75.98371204389751,4C,4C_multi_load,RF_full_150,4C,77.88525680519868,1.9015447613011673,1.9015447613011673
B0043,B0043_D0034,75.61848462894342,4C,4C_multi_load,RF_full_150,4C,78.11162704173093,2.493142412787506,2.493142412787506
B0043,B0043_D0035,74.99572431011985,4C,4C_multi_load,RF_full_150,4C,76.98225671230306,1.986532402183201,1.986532402183201
B0043,B0043_D0036,74.62053135594125,4C,4C_multi_load,RF_full_150,4C,76.55063233495805,1.9301009790167996,1.9301009790167996
B0043,B0043_D0037,74.6312493976353,4C,4C_multi_load,RF_full_150,4C,75.63199832080895,1.0007489231736457,1.0007489231736457
B0043,B0043_D0038,74.62012009403014,4C,4C_multi_load,RF_full_150,4C,75.68005824820337,1.0599381541732242,1.0599381541732242
B0043,B0043_D0039,74.26510100875838,4C,4C_multi_load,RF_full_150,4C,76.96564663418621,2.7005456254278357,2.7005456254278357
B0043,B0043_D0040,73.86040635507936,4C,4C_multi_load,RF_full_150,4C,76.45370623356528,2.5932998784859222,2.5932998784859222
B0043,B0043_D0041,73.47369262590703,4C,4C_multi_load,RF_full_150,4C,75.53449099071668,2.060798364809642,2.060798364809642
B0043,B0043_D0088,76.25420258259093,4C,4C_multi_load,RF_full_150,4C,87.58168612082513,11.32748353823419,11.32748353823419
B0043,B0043_D0089,77.62844056506505,4C,4C_multi_load,RF_full_150,4C,91.99756811536436,14.36912755029931,14.36912755029931
B0043,B0043_D0090,77.13876313387193,4C,4C_multi_load,RF_full_150,4C,92.155845101781,15.017081967909064,15.017081967909064
B0043,B0043_D0091,76.6596641563234,4C,4C_multi_load,RF_full_150,4C,91.5098104243236,14.850146268000202,14.850146268000202
B0043,B0043_D0092,75.76360974586011,4C,4C_multi_load,RF_full_150,4C,88.95462717122227,13.191017425362162,13.191017425362162
B0043,B0043_D0093,75.37494880998857,4C,4C_multi_load,RF_full_150,4C,90.37556039466625,15.000611584677685,15.000611584677685
B0043,B0043_D0094,74.48144454323821,4C,4C_multi_load,RF_full_150,4C,87.73235852345826,13.250913980220048,13.250913980220048
B0043,B0043_D0095,73.90389426044041,4C,4C_multi_load,RF_full_150,4C,89.30998140982439,15.406087149383978,15.406087149383978
B0043,B0043_D0096,73.50017672667232,4C,4C_multi_load,RF_full_150,4C,89.23657413257017,15.736397405897847,15.736397405897847
B0043,B0043_D0097,72.82811590068538,4C,4C_multi_load,RF_full_150,4C,89.07953088227903,16.251414981593655,16.251414981593655
B0043,B0043_D0098,72.29884814151175,4C,4C_multi_load,RF_full_150,4C,89.45408720367831,17.155239062166558,17.155239062166558
B0043,B0043_D0099,71.62927996234626,4C,4C_multi_load,RF_full_150,4C,83.90222909881743,12.27294913647117,12.27294913647117
B0043,B0043_D0100,70.98672427331482,4C,4C_multi_load,RF_full_150,4C,89.30586222640086,18.31913795308604,18.31913795308604
B0043,B0043_D0101,70.06312875357865,4C,4C_multi_load,RF_full_150,4C,89.695954207519,19.63282545394034,19.63282545394034
B0043,B0043_D0102,69.31472654267984,4C,4C_multi_load,RF_full_150,4C,89.63752936501291,20.322802822333074,20.322802822333074
B0043,B0043_D0103,69.2065128026239,4C,4C_multi_load,RF_full_150,4C,88.1336780546115,18.92716525198759,18.92716525198759
B0043,B0043_D0104,68.25871600935707,4C,4C_multi_load,RF_full_150,4C,86.54092255630955,18.28220654695248,18.28220654695248
B0043,B0043_D0105,68.0754166096449,4C,4C_multi_load,RF_full_150,4C,86.98987045323756,18.914453843592653,18.914453843592653
B0043,B0043_D0106,67.55008319398586,4C,4C_multi_load,RF_full_150,4C,85.36747094646101,17.817387752475156,17.817387752475156
B0043,B0043_D0107,66.41294033632565,4C,4C_multi_load,RF_full_150,4C,87.5046356333176,21.091695296991958,21.091695296991958
B0043,B0043_D0108,66.28603343710736,4C,4C_multi_load,RF_full_150,4C,81.13468631827061,14.848652881163247,14.848652881163247
B0043,B0043_D0109,65.7145485798922,4C,4C_multi_load,RF_full_150,4C,83.70542657868644,17.990877998794247,17.990877998794247
B0043,B0043_D0110,65.01630047405546,4C,4C_multi_load,RF_full_150,4C,85.99551418798431,20.979213713928857,20.979213713928857
B0043,B0043_D0111,64.40535700778418,4C,4C_multi_load,RF_full_150,4C,85.8334648846753,21.42810787689112,21.42810787689112
B0043,B0043_D0112,63.83900750600783,4C,4C_multi_load,RF_full_150,4C,77.09862963683553,13.259622130827694,13.259622130827694
B0044,B0044_D0001,84.32627775760369,4C,4C_multi_load,RF_full_150,4C,66.54585656395113,-17.780421193652558,17.780421193652558
B0044,B0044_D0002,83.12303265819592,4C,4C_multi_load,RF_full_150,4C,68.73626627162507,-14.386766386570855,14.386766386570855
B0044,B0044_D0003,82.67005377850256,4C,4C_multi_load,RF_full_150,4C,69.2127392276772,-13.457314550825359,13.457314550825359
B0044,B0044_D0004,82.26072951745468,4C,4C_multi_load,RF_full_150,4C,69.19649384564755,-13.064235671807126,13.064235671807126
B0044,B0044_D0005,81.78320311836706,4C,4C_multi_load,RF_full_150,4C,69.80774673354733,-11.975456384819722,11.975456384819722
B0044,B0044_D0007,81.33884882573233,4C,4C_multi_load,RF_full_150,4C,71.00381918760115,-10.335029638131175,10.335029638131175
B0044,B0044_D0008,80.79857752371532,4C,4C_multi_load,RF_full_150,4C,70.97293805449624,-9.825639469219084,9.825639469219084
B0044,B0044_D0009,80.38014193324811,4C,4C_multi_load,RF_full_150,4C,70.75534861529036,-9.624793317957753,9.624793317957753
B0044,B0044_D0010,80.01680200715806,4C,4C_multi_load,RF_full_150,4C,70.92490582913838,-9.091896178019681,9.091896178019681
B0044,B0044_D0011,79.89350457495958,4C,4C_multi_load,RF_full_150,4C,70.58829729235649,-9.305207282603092,9.305207282603092
B0044,B0044_D0012,79.50155132581757,4C,4C_multi_load,RF_full_150,4C,70.34444940159446,-9.157101924223113,9.157101924223113
B0044,B0044_D0013,79.08155577826047,4C,4C_multi_load,RF_full_150,4C,70.23506858491854,-8.846487193341929,8.846487193341929
B0044,B0044_D0014,78.5727815551735,4C,4C_multi_load,RF_full_150,4C,70.24162942383579,-8.331152131337717,8.331152131337717
B0044,B0044_D0015,78.1610399284989,4C,4C_multi_load,RF_full_150,4C,69.76442359162091,-8.396616336877983,8.396616336877983
B0044,B0044_D0016,78.03387694122793,4C,4C_multi_load,RF_full_150,4C,69.82524926770986,-8.208627673518066,8.208627673518066
B0044,B0044_D0017,77.61943005657143,4C,4C_multi_load,RF_full_150,4C,70.05598008945269,-7.563449967118743,7.563449967118743
B0044,B0044_D0018,77.22296438280985,4C,4C_multi_load,RF_full_150,4C,69.90004084171233,-7.3229235410975235,7.3229235410975235
B0044,B0044_D0019,76.82790670903275,4C,4C_multi_load,RF_full_150,4C,70.08826173374149,-6.739644975291256,6.739644975291256
B0044,B0044_D0020,76.53627933970536,4C,4C_multi_load,RF_full_150,4C,69.89555823685241,-6.64072110285295,6.64072110285295
B0044,B0044_D0021,77.2621404121164,4C,4C_multi_load,RF_full_150,4C,70.12029965948432,-7.141840752632078,7.141840752632078
B0044,B0044_D0022,76.98572245908126,4C,4C_multi_load,RF_full_150,4C,70.9816654056773,-6.004057053403955,6.004057053403955
B0044,B0044_D0023,76.52678538886882,4C,4C_multi_load,RF_full_150,4C,71.0451580012732,-5.481627387595623,5.481627387595623
B0044,B0044_D0024,75.99867612048541,4C,4C_multi_load,RF_full_150,4C,70.81214299614803,-5.186533124337387,5.186533124337387
B0044,B0044_D0025,75.68314763422102,4C,4C_multi_load,RF_full_150,4C,70.1269688069131,-5.556178827307917,5.556178827307917
B0044,B0044_D0026,75.06435003496476,4C,4C_multi_load,RF_full_150,4C,70.01418459307769,-5.050165441887074,5.050165441887074
B0044,B0044_D0027,75.11907367455836,4C,4C_multi_load,RF_full_150,4C,70.0429421943035,-5.076131480254858,5.076131480254858
B0044,B0044_D0028,74.9047757713875,4C,4C_multi_load,RF_full_150,4C,70.28217115081625,-4.622604620571252,4.622604620571252
B0044,B0044_D0029,74.53271195688555,4C,4C_multi_load,RF_full_150,4C,70.17771506853914,-4.354996888346406,4.354996888346406
B0044,B0044_D0030,74.21985819718105,4C,4C_multi_load,RF_full_150,4C,69.94068875333944,-4.27916944384161,4.27916944384161
B0044,B0044_D0031,73.62660968115057,4C,4C_multi_load,RF_full_150,4C,69.63182887358029,-3.9947808075702795,3.9947808075702795
B0044,B0044_D0032,73.31574691056603,4C,4C_multi_load,RF_full_150,4C,69.3964395517799,-3.919307358786128,3.919307358786128
B0044,B0044_D0033,73.35649234438888,4C,4C_multi_load,RF_full_150,4C,69.61043097215632,-3.7460613722325604,3.7460613722325604
B0044,B0044_D0034,72.96929498816569,4C,4C_multi_load,RF_full_150,4C,69.6266139562249,-3.342681031940785,3.342681031940785
B0044,B0044_D0035,72.33950684252603,4C,4C_multi_load,RF_full_150,4C,68.9683025058299,-3.371204336696138,3.371204336696138
B0044,B0044_D0036,71.95334929819114,4C,4C_multi_load,RF_full_150,4C,69.1235337376769,-2.8298155605142483,2.8298155605142483
B0044,B0044_D0037,71.94946275231301,4C,4C_multi_load,RF_full_150,4C,68.90367269955647,-3.0457900527565442,3.0457900527565442
B0044,B0044_D0038,71.93099389789288,4C,4C_multi_load,RF_full_150,4C,69.26112323368685,-2.66987066420603,2.66987066420603
B0044,B0044_D0039,71.56706048326753,4C,4C_multi_load,RF_full_150,4C,69.1587593962975,-2.4083010869700274,2.4083010869700274
B0044,B0044_D0040,71.1486518831734,4C,4C_multi_load,RF_full_150,4C,68.85363198731966,-2.2950198958537413,2.2950198958537413
B0044,B0044_D0041,70.75076549872547,4C,4C_multi_load,RF_full_150,4C,68.82429417296876,-1.926471325756708,1.926471325756708
B0044,B0044_D0088,73.89977255585538,4C,4C_multi_load,RF_full_150,4C,86.55879799478559,12.659025438930215,12.659025438930215
B0044,B0044_D0089,74.70599357238396,4C,4C_multi_load,RF_full_150,4C,85.46418707152651,10.75819349914255,10.75819349914255
B0044,B0044_D0090,74.40039100565865,4C,4C_multi_load,RF_full_150,4C,87.7783388086512,13.377947802992551,13.377947802992551
B0044,B0044_D0091,73.74169296358554,4C,4C_multi_load,RF_full_150,4C,88.1407888493127,14.399095885727164,14.399095885727164
B0044,B0044_D0092,73.02189022392783,4C,4C_multi_load,RF_full_150,4C,83.11921376648803,10.097323542560204,10.097323542560204
B0044,B0044_D0093,72.61904207883595,4C,4C_multi_load,RF_full_150,4C,86.74168888499244,14.122646806156496,14.122646806156496
B0044,B0044_D0094,72.0551444182493,4C,4C_multi_load,RF_full_150,4C,83.09485800634944,11.039713588100142,11.039713588100142
B0044,B0044_D0095,71.50177989205343,4C,4C_multi_load,RF_full_150,4C,86.51043690669509,15.008657014641656,15.008657014641656
B0044,B0044_D0096,70.69716483599515,4C,4C_multi_load,RF_full_150,4C,83.02498474971097,12.327819913715814,12.327819913715814
B0044,B0044_D0097,69.86333748725157,4C,4C_multi_load,RF_full_150,4C,86.46251440038156,16.599176913129995,16.599176913129995
B0044,B0044_D0098,69.32687938412937,4C,4C_multi_load,RF_full_150,4C,86.51919696579803,17.19231758166866,17.19231758166866
B0044,B0044_D0099,68.62376842862349,4C,4C_multi_load,RF_full_150,4C,82.39838163860783,13.774613209984338,13.774613209984338
B0044,B0044_D0100,67.99296974406406,4C,4C_multi_load,RF_full_150,4C,86.57842403127665,18.5854542872126,18.5854542872126
B0044,B0044_D0101,67.43366705196132,4C,4C_multi_load,RF_full_150,4C,85.95347229545399,18.51980524349267,18.51980524349267
B0044,B0044_D0102,66.67129466602529,4C,4C_multi_load,RF_full_150,4C,85.88395628987165,19.21266162384636,19.21266162384636
B0044,B0044_D0103,66.93896540537914,4C,4C_multi_load,RF_full_150,4C,85.19000752115755,18.251042115778418,18.251042115778418
B0044,B0044_D0104,65.76660201508498,4C,4C_multi_load,RF_full_150,4C,86.58808384777767,20.821481832692683,20.821481832692683
B0044,B0044_D0105,66.14816640550404,4C,4C_multi_load,RF_full_150,4C,84.85885183808169,18.710685432577648,18.710685432577648
B0044,B0044_D0106,65.43495762077536,4C,4C_multi_load,RF_full_150,4C,81.61809946635123,16.18314184557586,16.18314184557586
B0044,B0044_D0107,64.48749791950218,4C,4C_multi_load,RF_full_150,4C,83.9971270333421,19.50962911383992,19.50962911383992
B0044,B0044_D0108,64.53086295452081,4C,4C_multi_load,RF_full_150,4C,80.14063544037462,15.60977248585381,15.60977248585381
B0044,B0044_D0109,63.76005626721083,4C,4C_multi_load,RF_full_150,4C,82.95544640687754,19.195390139666713,19.195390139666713
B0044,B0044_D0110,63.4303632868729,4C,4C_multi_load,RF_full_150,4C,84.55248235056301,21.122119063690114,21.122119063690114
B0044,B0044_D0111,62.82879986612989,4C,4C_multi_load,RF_full_150,4C,84.42483628987071,21.59603642374082,21.59603642374082
B0044,B0044_D0112,62.43127254660435,4C,4C_multi_load,RF_full_150,4C,75.44702209048188,13.015749543877533,13.015749543877533
B0045,B0045_D0001,54.09896940389759,4C,4C_constant_1A,RF_full_150,4C,84.52139968627475,30.422430282377157,30.422430282377157
B0045,B0045_D0002,46.39762023741365,4C,4C_constant_1A,RF_full_150,4C,81.51257858402356,35.11495834660991,35.11495834660991
B0045,B0045_D0003,44.2596804205788,4C,4C_constant_1A,RF_full_150,4C,79.9030074645627,35.6433270439839,35.6433270439839
B0045,B0045_D0004,42.90505349739141,4C,4C_constant_1A,RF_full_150,4C,79.24268207434811,36.3376285769567,36.3376285769567
B0045,B0045_D0005,42.04676106728344,4C,4C_constant_1A,RF_full_150,4C,78.19070810486741,36.14394703758397,36.14394703758397
B0045,B0045_D0006,41.227359714509554,4C,4C_constant_1A,RF_full_150,4C,76.83592142113797,35.608561706628414,35.608561706628414
B0045,B0045_D0007,39.67980209401992,4C,4C_constant_1A,RF_full_150,4C,72.05677411515663,32.37697202113671,32.37697202113671
B0045,B0045_D0008,40.91838043579602,4C,4C_constant_1A,RF_full_150,4C,80.33549366619089,39.41711323039487,39.41711323039487
B0045,B0045_D0009,39.88822138204706,4C,4C_constant_1A,RF_full_150,4C,79.15043692448887,39.262215542441815,39.262215542441815
B0045,B0045_D0010,39.968887059158185,4C,4C_constant_1A,RF_full_150,4C,79.1663905803971,39.19750352123892,39.19750352123892
B0045,B0045_D0011,38.91553720314446,4C,4C_constant_1A,RF_full_150,4C,78.83003770155203,39.91450049840757,39.91450049840757
B0045,B0045_D0012,39.01869115619559,4C,4C_constant_1A,RF_full_150,4C,79.1132046499399,40.094513493744316,40.094513493744316
B0045,B0045_D0013,38.565291228201474,4C,4C_constant_1A,RF_full_150,4C,81.75574400792992,43.190452779728446,43.190452779728446
B0045,B0045_D0014,39.7639508489513,4C,4C_constant_1A,RF_full_150,4C,79.51309132064625,39.74914047169495,39.74914047169495
B0045,B0045_D0015,39.12064084959624,4C,4C_constant_1A,RF_full_150,4C,79.15344616984645,40.032805320250205,40.032805320250205
B0045,B0045_D0016,38.24707496115591,4C,4C_constant_1A,RF_full_150,4C,76.0006922453748,37.75361728421888,37.75361728421888
B0045,B0045_D0017,37.72449713389688,4C,4C_constant_1A,RF_full_150,4C,79.2194403518692,41.49494321797231,41.49494321797231
B0045,B0045_D0018,37.52024489157147,4C,4C_constant_1A,RF_full_150,4C,77.91481497559623,40.39457008402476,40.39457008402476
B0045,B0045_D0019,37.03629054810128,4C,4C_constant_1A,RF_full_150,4C,79.84742031075766,42.81112976265638,42.81112976265638
B0045,B0045_D0021,36.54262796896813,4C,4C_constant_1A,RF_full_150,4C,78.55283036653569,42.01020239756756,42.01020239756756
B0045,B0045_D0022,36.43627925588952,4C,4C_constant_1A,RF_full_150,4C,76.92869085624233,40.49241160035281,40.49241160035281
B0045,B0045_D0023,35.80511688518131,4C,4C_constant_1A,RF_full_150,4C,78.29807455015673,42.492957664975414,42.492957664975414
B0045,B0045_D0024,35.64602417494008,4C,4C_constant_1A,RF_full_150,4C,79.89613363538156,44.25010946044148,44.25010946044148
B0045,B0045_D0025,35.70995914749809,4C,4C_constant_1A,RF_full_150,4C,78.8215086299133,43.11154948241521,43.11154948241521
B0045,B0045_D0026,35.95285409922111,4C,4C_constant_1A,RF_full_150,4C,78.7482536969665,42.79539959774539,42.79539959774539
B0045,B0045_D0027,35.869877143879584,4C,4C_constant_1A,RF_full_150,4C,73.64543285453378,37.775555710654196,37.775555710654196
B0045,B0045_D0028,35.35513748231973,4C,4C_constant_1A,RF_full_150,4C,76.75351612838537,41.39837864606564,41.39837864606564
B0045,B0045_D0029,35.1765603252771,4C,4C_constant_1A,RF_full_150,4C,79.88453327182198,44.70797294654488,44.70797294654488
B0045,B0045_D0030,34.70554139479431,4C,4C_constant_1A,RF_full_150,4C,78.40307676672595,43.697535371931636,43.697535371931636
B0045,B0045_D0031,34.57057194434804,4C,4C_constant_1A,RF_full_150,4C,77.9705089102644,43.39993696591636,43.39993696591636
B0045,B0045_D0032,34.85775899252752,4C,4C_constant_1A,RF_full_150,4C,78.45550629035439,43.59774729782687,43.59774729782687
B0045,B0045_D0033,34.16230108716361,4C,4C_constant_1A,RF_full_150,4C,77.49694608418581,43.334644997022195,43.334644997022195
B0045,B0045_D0034,34.11014658746646,4C,4C_constant_1A,RF_full_150,4C,80.63416374254406,46.5240171550776,46.5240171550776
B0045,B0045_D0035,36.447646066066895,4C,4C_constant_1A,RF_full_150,4C,80.35860902067557,43.91096295460868,43.91096295460868
B0045,B0045_D0036,35.69660879143502,4C,4C_constant_1A,RF_full_150,4C,78.88583459414444,43.18922580270942,43.18922580270942
B0045,B0045_D0037,34.78865873727741,4C,4C_constant_1A,RF_full_150,4C,78.33656483835,43.54790610107259,43.54790610107259
B0045,B0045_D0038,35.09156481158547,4C,4C_constant_1A,RF_full_150,4C,78.8619394086952,43.770374597109736,43.770374597109736
B0045,B0045_D0039,34.55904122189244,4C,4C_constant_1A,RF_full_150,4C,79.04011447950448,44.48107325761204,44.48107325761204
B0045,B0045_D0040,34.21639876427514,4C,4C_constant_1A,RF_full_150,4C,79.0653629747181,44.84896421044296,44.84896421044296
B0045,B0045_D0041,33.706974544062426,4C,4C_constant_1A,RF_full_150,4C,78.11723289043913,44.4102583463767,44.4102583463767
B0045,B0045_D0042,33.350350871508695,4C,4C_constant_1A,RF_full_150,4C,76.8842252101002,43.5338743385915,43.5338743385915
B0045,B0045_D0043,34.020425586874275,4C,4C_constant_1A,RF_full_150,4C,77.0297196319185,43.00929404504422,43.00929404504422
B0045,B0045_D0044,33.08932031617742,4C,4C_constant_1A,RF_full_150,4C,76.52480694758101,43.43548663140359,43.43548663140359
B0045,B0045_D0045,33.11584366746169,4C,4C_constant_1A,RF_full_150,4C,78.82710604242837,45.71126237496668,45.71126237496668
B0045,B0045_D0046,33.39679178590889,4C,4C_constant_1A,RF_full_150,4C,70.26141545463568,36.86462366872679,36.86462366872679
B0045,B0045_D0047,32.44495442635344,4C,4C_constant_1A,RF_full_150,4C,76.82881885044708,44.38386442409364,44.38386442409364
B0045,B0045_D0048,32.51819564812764,4C,4C_constant_1A,RF_full_150,4C,76.40881675422678,43.89062110609914,43.89062110609914
B0045,B0045_D0049,32.860388451014,4C,4C_constant_1A,RF_full_150,4C,76.57545835283887,43.71506990182486,43.71506990182486
B0045,B0045_D0050,31.81758729238108,4C,4C_constant_1A,RF_full_150,4C,76.33393714236651,44.51634984998543,44.51634984998543
B0045,B0045_D0051,32.68224680474294,4C,4C_constant_1A,RF_full_150,4C,76.82953074468456,44.14728393994162,44.14728393994162
B0045,B0045_D0052,31.95714136075444,4C,4C_constant_1A,RF_full_150,4C,76.81563822066526,44.85849685991082,44.85849685991082
B0045,B0045_D0053,32.41103024748118,4C,4C_constant_1A,RF_full_150,4C,75.82302636331083,43.41199611582965,43.41199611582965
B0045,B0045_D0054,31.439787359613646,4C,4C_constant_1A,RF_full_150,4C,76.36645568249456,44.926668322880914,44.926668322880914
B0045,B0045_D0055,31.902859250967,4C,4C_constant_1A,RF_full_150,4C,70.955065727433,39.052206476466,39.052206476466
B0045,B0045_D0056,32.77412523916453,4C,4C_constant_1A,RF_full_150,4C,75.56168453175772,42.78755929259319,42.78755929259319
B0045,B0045_D0057,32.424674176985164,4C,4C_constant_1A,RF_full_150,4C,78.44670359400673,46.02202941702157,46.02202941702157
B0045,B0045_D0058,32.27035843922461,4C,4C_constant_1A,RF_full_150,4C,78.2272828052302,45.956924366005595,45.956924366005595
B0045,B0045_D0059,32.135040159228225,4C,4C_constant_1A,RF_full_150,4C,76.899220808625,44.76418064939678,44.76418064939678
B0045,B0045_D0060,31.762274404012388,4C,4C_constant_1A,RF_full_150,4C,75.84484545130371,44.082571047291324,44.082571047291324
B0045,B0045_D0061,30.783800097939345,4C,4C_constant_1A,RF_full_150,4C,79.89391374448948,49.11011364655013,49.11011364655013
B0045,B0045_D0062,30.854168414035115,4C,4C_constant_1A,RF_full_150,4C,79.534144565994,48.67997615195888,48.67997615195888
B0045,B0045_D0063,32.17113695429336,4C,4C_constant_1A,RF_full_150,4C,73.06635515674846,40.8952182024551,40.8952182024551
B0045,B0045_D0064,31.39062216871376,4C,4C_constant_1A,RF_full_150,4C,72.71326578144891,41.32264361273515,41.32264361273515
B0045,B0045_D0065,31.450391576266863,4C,4C_constant_1A,RF_full_150,4C,73.08431529603384,41.63392371976697,41.63392371976697
B0045,B0045_D0067,31.331777841461307,4C,4C_constant_1A,RF_full_150,4C,73.82293347149272,42.491155630031415,42.491155630031415
B0045,B0045_D0068,32.479067583582975,4C,4C_constant_1A,RF_full_150,4C,73.89604812738997,41.416980543807,41.416980543807
B0045,B0045_D0069,31.687425889831527,4C,4C_constant_1A,RF_full_150,4C,73.64721160783769,41.95978571800616,41.95978571800616
B0045,B0045_D0070,31.49275464542822,4C,4C_constant_1A,RF_full_150,4C,73.2492574832755,41.75650283784728,41.75650283784728
B0045,B0045_D0071,30.91531889193368,4C,4C_constant_1A,RF_full_150,4C,73.05954980725735,42.144230915323675,42.144230915323675
B0045,B0045_D0072,30.34738084253889,4C,4C_constant_1A,RF_full_150,4C,72.20163607009897,41.85425522756008,41.85425522756008
B0046,B0046_D0001,86.41196161799124,4C,4C_constant_1A,RF_full_150,4C,90.0332563123027,3.621294694311459,3.621294694311459
B0046,B0046_D0002,75.80744233961572,4C,4C_constant_1A,RF_full_150,4C,90.79979437356478,14.99235203394906,14.99235203394906
B0046,B0046_D0003,75.15605953519885,4C,4C_constant_1A,RF_full_150,4C,92.20592832471884,17.04986878951999,17.04986878951999
B0046,B0046_D0004,74.29328305141199,4C,4C_constant_1A,RF_full_150,4C,89.29678370660561,15.00350065519362,15.00350065519362
B0046,B0046_D0005,73.47281158196358,4C,4C_constant_1A,RF_full_150,4C,89.15009603828743,15.677284456323846,15.677284456323846
B0046,B0046_D0006,72.94777296322404,4C,4C_constant_1A,RF_full_150,4C,88.99582683167091,16.04805386844687,16.04805386844687
B0046,B0046_D0007,72.78426777549149,4C,4C_constant_1A,RF_full_150,4C,87.68756147111996,14.903293695628477,14.903293695628477
B0046,B0046_D0008,72.81161311901604,4C,4C_constant_1A,RF_full_150,4C,88.43881128776299,15.627198168746943,15.627198168746943
B0046,B0046_D0009,72.20296118337569,4C,4C_constant_1A,RF_full_150,4C,87.51667380906623,15.313712625690542,15.313712625690542
B0046,B0046_D0010,71.4147132382934,4C,4C_constant_1A,RF_full_150,4C,89.07324629317446,17.65853305488106,17.65853305488106
B0046,B0046_D0011,70.99924474017334,4C,4C_constant_1A,RF_full_150,4C,87.25871647811216,16.259471737938824,16.259471737938824
B0046,B0046_D0012,70.21613009258284,4C,4C_constant_1A,RF_full_150,4C,87.46597593244336,17.249845839860512,17.249845839860512
B0046,B0046_D0013,71.17175650807994,4C,4C_constant_1A,RF_full_150,4C,90.05762421505229,18.88586770697235,18.88586770697235
B0046,B0046_D0014,71.69974428983647,4C,4C_constant_1A,RF_full_150,4C,87.36215866601978,15.662414376183307,15.662414376183307
B0046,B0046_D0015,70.92588523878285,4C,4C_constant_1A,RF_full_150,4C,87.1853161760958,16.259430937312942,16.259430937312942
B0046,B0046_D0016,70.28156668914711,4C,4C_constant_1A,RF_full_150,4C,86.28499132047895,16.00342463133184,16.00342463133184
B0046,B0046_D0017,69.45107012577809,4C,4C_constant_1A,RF_full_150,4C,87.01256614830511,17.561496022527024,17.561496022527024
B0046,B0046_D0018,68.61669541368683,4C,4C_constant_1A,RF_full_150,4C,86.35176720155431,17.735071787867483,17.735071787867483
B0046,B0046_D0019,68.07889452995282,4C,4C_constant_1A,RF_full_150,4C,86.55745465195399,18.47856012200117,18.47856012200117
B0046,B0046_D0021,70.50141008118715,4C,4C_constant_1A,RF_full_150,4C,86.40870325973498,15.907293178547832,15.907293178547832
B0046,B0046_D0022,66.97835687463244,4C,4C_constant_1A,RF_full_150,4C,85.59188749392223,18.61353061928979,18.61353061928979
B0046,B0046_D0023,66.4575774355874,4C,4C_constant_1A,RF_full_150,4C,85.05426621568417,18.59668878009677,18.59668878009677
B0046,B0046_D0024,65.90843516952859,4C,4C_constant_1A,RF_full_150,4C,85.97683853414578,20.068403364617197,20.068403364617197
B0046,B0046_D0025,65.62118542330505,4C,4C_constant_1A,RF_full_150,4C,84.38805560604914,18.766870182744086,18.766870182744086
B0046,B0046_D0026,64.96618766081244,4C,4C_constant_1A,RF_full_150,4C,84.88152063429288,19.915332973480446,19.915332973480446
B0046,B0046_D0027,64.38741521087296,4C,4C_constant_1A,RF_full_150,4C,81.90638348804009,17.518968277167133,17.518968277167133
B0046,B0046_D0028,64.32641369874561,4C,4C_constant_1A,RF_full_150,4C,82.27086949674964,17.94445579800403,17.94445579800403
B0046,B0046_D0029,63.59818193493592,4C,4C_constant_1A,RF_full_150,4C,85.90541592532728,22.307233990391353,22.307233990391353
B0046,B0046_D0030,63.57247672708596,4C,4C_constant_1A,RF_full_150,4C,82.82785580655369,19.255379079467723,19.255379079467723
B0046,B0046_D0031,63.07711942329537,4C,4C_constant_1A,RF_full_150,4C,82.80513301627224,19.728013592976865,19.728013592976865
B0046,B0046_D0032,62.10600809602066,4C,4C_constant_1A,RF_full_150,4C,82.40799327300752,20.30198517698686,20.30198517698686
B0046,B0046_D0033,62.01268720834898,4C,4C_constant_1A,RF_full_150,4C,80.47556191210352,18.462874703754537,18.462874703754537
B0046,B0046_D0034,64.25565006121442,4C,4C_constant_1A,RF_full_150,4C,84.03753348404994,19.78188342283552,19.78188342283552
B0046,B0046_D0035,65.21663920849596,4C,4C_constant_1A,RF_full_150,4C,86.58925316656773,21.372613958071767,21.372613958071767
B0046,B0046_D0036,63.89319520809978,4C,4C_constant_1A,RF_full_150,4C,84.53019661065427,20.63700140255449,20.63700140255449
B0046,B0046_D0037,63.6173229582577,4C,4C_constant_1A,RF_full_150,4C,82.8305640720607,19.213241113802994,19.213241113802994
B0046,B0046_D0038,62.38941976384381,4C,4C_constant_1A,RF_full_150,4C,84.51633976049285,22.126919996649043,22.126919996649043
B0046,B0046_D0039,61.76249598327763,4C,4C_constant_1A,RF_full_150,4C,82.90452849671901,21.14203251344138,21.14203251344138
B0046,B0046_D0040,61.462564592597445,4C,4C_constant_1A,RF_full_150,4C,84.42728253087324,22.964717938275797,22.964717938275797
B0046,B0046_D0041,61.1945455250817,4C,4C_constant_1A,RF_full_150,4C,79.97029894570258,18.77575342062088,18.77575342062088
B0046,B0046_D0042,60.27116617856865,4C,4C_constant_1A,RF_full_150,4C,79.46110747158693,19.18994129301828,19.18994129301828
B0046,B0046_D0043,59.78912045004076,4C,4C_constant_1A,RF_full_150,4C,79.73147901613946,19.942358566098697,19.942358566098697
B0046,B0046_D0044,59.50364748349229,4C,4C_constant_1A,RF_full_150,4C,79.60795621027314,20.104308726780857,20.104308726780857
B0046,B0046_D0045,58.9600881616826,4C,4C_constant_1A,RF_full_150,4C,83.81543461214139,24.85534645045879,24.85534645045879
B0046,B0046_D0046,58.4752016257277,4C,4C_constant_1A,RF_full_150,4C,69.65480158922256,11.179599963494859,11.179599963494859
B0046,B0046_D0047,58.386188424959,4C,4C_constant_1A,RF_full_150,4C,79.38547343670484,20.99928501174584,20.99928501174584
B0046,B0046_D0048,57.89628072914521,4C,4C_constant_1A,RF_full_150,4C,79.20241101228618,21.306130283140966,21.306130283140966
B0046,B0046_D0049,57.499064066884905,4C,4C_constant_1A,RF_full_150,4C,79.17042624624645,21.671362179361545,21.671362179361545
B0046,B0046_D0050,57.5142951111517,4C,4C_constant_1A,RF_full_150,4C,80.74460511984972,23.230310008698027,23.230310008698027
B0046,B0046_D0051,56.74726137042624,4C,4C_constant_1A,RF_full_150,4C,79.32137913129338,22.574117760867146,22.574117760867146
B0046,B0046_D0052,56.90480481756804,4C,4C_constant_1A,RF_full_150,4C,79.5807726706388,22.675967853070752,22.675967853070752
B0046,B0046_D0053,56.18555860752736,4C,4C_constant_1A,RF_full_150,4C,79.2590657594062,23.073507151878836,23.073507151878836
B0046,B0046_D0055,60.7059605677049,4C,4C_constant_1A,RF_full_150,4C,80.73636071496696,20.030400147262064,20.030400147262064
B0046,B0046_D0056,60.59723987614096,4C,4C_constant_1A,RF_full_150,4C,84.82185672967758,24.224616853536617,24.224616853536617
B0046,B0046_D0057,59.85624339665962,4C,4C_constant_1A,RF_full_150,4C,80.08077142296017,20.224528026300547,20.224528026300547
B0046,B0046_D0058,59.11446075935493,4C,4C_constant_1A,RF_full_150,4C,79.83193837747251,20.717477618117584,20.717477618117584
B0046,B0046_D0059,58.22668338389197,4C,4C_constant_1A,RF_full_150,4C,79.88791641573982,21.661233031847857,21.661233031847857
B0046,B0046_D0060,57.67779783759324,4C,4C_constant_1A,RF_full_150,4C,79.41892745325926,21.74112961566602,21.74112961566602
B0046,B0046_D0061,58.00993550641032,4C,4C_constant_1A,RF_full_150,4C,83.66876335971618,25.65882785330586,25.65882785330586
B0046,B0046_D0062,58.55858154103041,4C,4C_constant_1A,RF_full_150,4C,81.02914320742099,22.47056166639058,22.47056166639058
B0046,B0046_D0063,57.817051353916085,4C,4C_constant_1A,RF_full_150,4C,75.64395706751263,17.826905713596545,17.826905713596545
B0046,B0046_D0064,57.0541228096758,4C,4C_constant_1A,RF_full_150,4C,75.67566379832799,18.621540988652185,18.621540988652185
B0046,B0046_D0065,56.76191798059062,4C,4C_constant_1A,RF_full_150,4C,75.53288692899017,18.77096894839955,18.77096894839955
B0046,B0046_D0067,62.654239291414015,4C,4C_constant_1A,RF_full_150,4C,78.96968255167766,16.31544326026365,16.31544326026365
B0046,B0046_D0068,60.25226795178259,4C,4C_constant_1A,RF_full_150,4C,78.19558146635009,17.9433135145675,17.9433135145675
B0046,B0046_D0069,59.559930098136505,4C,4C_constant_1A,RF_full_150,4C,75.55315039930812,15.993220301171618,15.993220301171618
B0046,B0046_D0070,58.731908687269,4C,4C_constant_1A,RF_full_150,4C,75.18694015032563,16.455031463056628,16.455031463056628
B0046,B0046_D0071,57.77716024117756,4C,4C_constant_1A,RF_full_150,4C,75.51351136194143,17.736351120763864,17.736351120763864
B0046,B0046_D0072,57.69020585114733,4C,4C_constant_1A,RF_full_150,4C,75.80732364458979,18.117117793442453,18.117117793442453
B0047,B0047_D0001,83.71523723487604,4C,4C_constant_1A,RF_full_150,4C,92.28915595703108,8.573918722155042,8.573918722155042
B0047,B0047_D0002,76.21831052549513,4C,4C_constant_1A,RF_full_150,4C,91.89057401052419,15.672263485029063,15.672263485029063
B0047,B0047_D0003,75.40381484986712,4C,4C_constant_1A,RF_full_150,4C,92.377732996488,16.97391814662089,16.97391814662089
B0047,B0047_D0004,74.17788980033848,4C,4C_constant_1A,RF_full_150,4C,90.05107328602232,15.873183485683839,15.873183485683839
B0047,B0047_D0005,73.35695833073262,4C,4C_constant_1A,RF_full_150,4C,89.94087109200288,16.583912761270255,16.583912761270255
B0047,B0047_D0006,72.44290784911335,4C,4C_constant_1A,RF_full_150,4C,90.35388505134932,17.91097720223597,17.91097720223597
B0047,B0047_D0007,72.29267090474663,4C,4C_constant_1A,RF_full_150,4C,85.32051615353329,13.027845248786662,13.027845248786662
B0047,B0047_D0008,71.55591330891416,4C,4C_constant_1A,RF_full_150,4C,88.36003150665273,16.804118197738575,16.804118197738575
B0047,B0047_D0009,70.96372758289266,4C,4C_constant_1A,RF_full_150,4C,89.3818419139857,18.418114331093037,18.418114331093037
B0047,B0047_D0010,69.99987110904135,4C,4C_constant_1A,RF_full_150,4C,89.61168564218988,19.611814533148532,19.611814533148532
B0047,B0047_D0011,69.42578343057218,4C,4C_constant_1A,RF_full_150,4C,89.53286079906208,20.107077368489897,20.107077368489897
B0047,B0047_D0012,68.26117334764483,4C,4C_constant_1A,RF_full_150,4C,89.47925858172954,21.21808523408471,21.21808523408471
B0047,B0047_D0013,70.30221136485481,4C,4C_constant_1A,RF_full_150,4C,86.41152846719514,16.109317102340327,16.109317102340327
B0047,B0047_D0014,70.2877080676289,4C,4C_constant_1A,RF_full_150,4C,84.77769299713174,14.489984929502839,14.489984929502839
B0047,B0047_D0015,69.33831440863939,4C,4C_constant_1A,RF_full_150,4C,89.46273430351866,20.124419894879267,20.124419894879267
B0047,B0047_D0016,68.52526530710112,4C,4C_constant_1A,RF_full_150,4C,88.15184761856588,19.62658231146476,19.62658231146476
B0047,B0047_D0017,67.48715557411799,4C,4C_constant_1A,RF_full_150,4C,87.57688017100513,20.089724596887137,20.089724596887137
B0047,B0047_D0018,66.25766683969893,4C,4C_constant_1A,RF_full_150,4C,87.52949633613831,21.27182949643938,21.27182949643938
B0047,B0047_D0019,65.55971934817903,4C,4C_constant_1A,RF_full_150,4C,86.50618330622571,20.946463958046678,20.946463958046678
B0047,B0047_D0021,66.97117202966446,4C,4C_constant_1A,RF_full_150,4C,86.25119658781566,19.280024558151197,19.280024558151197
B0047,B0047_D0022,64.24578571280361,4C,4C_constant_1A,RF_full_150,4C,86.76562997502964,22.51984426222603,22.51984426222603
B0047,B0047_D0023,64.08595796639035,4C,4C_constant_1A,RF_full_150,4C,85.05549804856705,20.969540082176692,20.969540082176692
B0047,B0047_D0024,63.000258214714144,4C,4C_constant_1A,RF_full_150,4C,85.12422597523711,22.123967760522966,22.123967760522966
B0047,B0047_D0025,63.30351929965629,4C,4C_constant_1A,RF_full_150,4C,82.97257685040405,19.669057550747766,19.669057550747766
B0047,B0047_D0026,62.067951471404015,4C,4C_constant_1A,RF_full_150,4C,85.61998805017909,23.552036578775073,23.552036578775073
B0047,B0047_D0027,61.49436851742656,4C,4C_constant_1A,RF_full_150,4C,79.82689668789176,18.332528170465203,18.332528170465203
B0047,B0047_D0028,61.404430725334805,4C,4C_constant_1A,RF_full_150,4C,79.91402461681832,18.50959389148352,18.50959389148352
B0047,B0047_D0029,60.69928594535021,4C,4C_constant_1A,RF_full_150,4C,84.47317679630562,23.77389085095541,23.77389085095541
B0047,B0047_D0030,60.86717532282094,4C,4C_constant_1A,RF_full_150,4C,80.83837025560119,19.97119493278025,19.97119493278025
B0047,B0047_D0031,60.36722972257959,4C,4C_constant_1A,RF_full_150,4C,81.40186046248094,21.034630739901353,21.034630739901353
B0047,B0047_D0032,59.4020246135225,4C,4C_constant_1A,RF_full_150,4C,81.3164990829857,21.9144744694632,21.9144744694632
B0047,B0047_D0033,59.3152374943271,4C,4C_constant_1A,RF_full_150,4C,79.7338459290589,20.4186084347318,20.4186084347318
B0047,B0047_D0034,63.06967735514253,4C,4C_constant_1A,RF_full_150,4C,85.01408941662865,21.94441206148612,21.94441206148612
B0047,B0047_D0035,63.241230794253255,4C,4C_constant_1A,RF_full_150,4C,85.98141947412142,22.74018867986817,22.74018867986817
B0047,B0047_D0036,62.332472744911,4C,4C_constant_1A,RF_full_150,4C,85.1930562476228,22.860583502711805,22.860583502711805
B0047,B0047_D0037,61.66962076397541,4C,4C_constant_1A,RF_full_150,4C,82.68383869163759,21.01421792766218,21.01421792766218
B0047,B0047_D0038,60.64625036018846,4C,4C_constant_1A,RF_full_150,4C,83.38269437909108,22.736444018902617,22.736444018902617
B0047,B0047_D0039,59.99553298971824,4C,4C_constant_1A,RF_full_150,4C,81.68456721727071,21.68903422755247,21.68903422755247
B0047,B0047_D0040,59.51279519196692,4C,4C_constant_1A,RF_full_150,4C,76.94802007039468,17.435224878427753,17.435224878427753
B0047,B0047_D0041,59.46281897727926,4C,4C_constant_1A,RF_full_150,4C,80.1308802292288,20.66806125194953,20.66806125194953
B0047,B0047_D0042,58.35348425629695,4C,4C_constant_1A,RF_full_150,4C,79.71707978174452,21.363595525447565,21.363595525447565
B0047,B0047_D0043,58.07674201545184,4C,4C_constant_1A,RF_full_150,4C,79.91575457029148,21.83901255483964,21.83901255483964
B0047,B0047_D0044,57.77781922174994,4C,4C_constant_1A,RF_full_150,4C,79.85065203479247,22.072832813042538,22.072832813042538
B0047,B0047_D0045,57.442623330488566,4C,4C_constant_1A,RF_full_150,4C,80.79148559195868,23.34886226147011,23.34886226147011
B0047,B0047_D0046,57.17864933943895,4C,4C_constant_1A,RF_full_150,4C,71.9181134416497,14.739464102210746,14.739464102210746
B0047,B0047_D0047,57.09007689714268,4C,4C_constant_1A,RF_full_150,4C,79.94502828505897,22.854951387916287,22.854951387916287
B0047,B0047_D0048,56.802932375112746,4C,4C_constant_1A,RF_full_150,4C,79.54880698834414,22.745874613231393,22.745874613231393
B0047,B0047_D0049,56.18182340484643,4C,4C_constant_1A,RF_full_150,4C,79.22178210223461,23.03995869738818,23.03995869738818
B0047,B0047_D0050,56.60249450164472,4C,4C_constant_1A,RF_full_150,4C,79.78978743295626,23.18729293131154,23.18729293131154
B0047,B0047_D0051,55.85050881079076,4C,4C_constant_1A,RF_full_150,4C,79.55766087335009,23.70715206255933,23.70715206255933
B0047,B0047_D0052,56.0021519860991,4C,4C_constant_1A,RF_full_150,4C,80.0373031880786,24.035151201979495,24.035151201979495
B0047,B0047_D0053,55.298867229585326,4C,4C_constant_1A,RF_full_150,4C,79.2418598591373,23.94299262955198,23.94299262955198
B0047,B0047_D0055,59.53951187381008,4C,4C_constant_1A,RF_full_150,4C,71.88438644533211,12.344874571522034,12.344874571522034
B0047,B0047_D0056,60.06193544227011,4C,4C_constant_1A,RF_full_150,4C,84.3009612251173,24.239025782847193,24.239025782847193
B0047,B0047_D0057,59.53454774512401,4C,4C_constant_1A,RF_full_150,4C,81.43292459667467,21.89837685155066,21.89837685155066
B0047,B0047_D0058,58.82187865154172,4C,4C_constant_1A,RF_full_150,4C,80.85894659286164,22.037067941319926,22.037067941319926
B0047,B0047_D0059,58.14055186396176,4C,4C_constant_1A,RF_full_150,4C,80.17801936074804,22.037467496786277,22.037467496786277
B0047,B0047_D0060,57.58076420291292,4C,4C_constant_1A,RF_full_150,4C,80.07204961768473,22.49128541477181,22.49128541477181
B0047,B0047_D0061,57.91836749174312,4C,4C_constant_1A,RF_full_150,4C,82.92994382252024,25.011576330777125,25.011576330777125
B0047,B0047_D0062,58.46142644193103,4C,4C_constant_1A,RF_full_150,4C,80.8457326321895,22.384306190258464,22.384306190258464
B0047,B0047_D0063,57.94074238109233,4C,4C_constant_1A,RF_full_150,4C,76.32585689138533,18.385114510293,18.385114510293
B0047,B0047_D0064,57.19794073852727,4C,4C_constant_1A,RF_full_150,4C,75.12749393497398,17.92955319644671,17.92955319644671
B0047,B0047_D0065,56.91970534079699,4C,4C_constant_1A,RF_full_150,4C,75.86654134984613,18.946836009049143,18.946836009049143
B0047,B0047_D0067,61.065514251978335,4C,4C_constant_1A,RF_full_150,4C,78.55507094560004,17.4895566936217,17.4895566936217
B0047,B0047_D0068,60.15531489444531,4C,4C_constant_1A,RF_full_150,4C,78.47888373688929,18.323568842443976,18.323568842443976
B0047,B0047_D0069,59.48573556098842,4C,4C_constant_1A,RF_full_150,4C,76.54520929433745,17.059473733349037,17.059473733349037
B0047,B0047_D0070,58.8711284421007,4C,4C_constant_1A,RF_full_150,4C,76.89894717930686,18.02781873720616,18.02781873720616
B0047,B0047_D0071,57.9221513646909,4C,4C_constant_1A,RF_full_150,4C,76.7026939844525,18.780542619761597,18.780542619761597
B0047,B0047_D0072,57.83543758420898,4C,4C_constant_1A,RF_full_150,4C,75.74904670643902,17.913609122230035,17.913609122230035
B0048,B0048_D0001,82.89977896838803,4C,4C_constant_1A,RF_full_150,4C,91.98687889478727,9.087099926399233,9.087099926399233
B0048,B0048_D0002,75.38466738049388,4C,4C_constant_1A,RF_full_150,4C,90.94136252632185,15.556695145827973,15.556695145827973
B0048,B0048_D0003,74.94611671804016,4C,4C_constant_1A,RF_full_150,4C,91.40779827759394,16.46168155955378,16.46168155955378
B0048,B0048_D0004,73.91459751248894,4C,4C_constant_1A,RF_full_150,4C,87.55906494121304,13.644467428724099,13.644467428724099
B0048,B0048_D0005,73.09284456953054,4C,4C_constant_1A,RF_full_150,4C,87.57193784303986,14.47909327350932,14.47909327350932
B0048,B0048_D0006,72.54796353236738,4C,4C_constant_1A,RF_full_150,4C,87.50206949501559,14.954105962648214,14.954105962648214
B0048,B0048_D0007,72.5873498573554,4C,4C_constant_1A,RF_full_150,4C,84.50525966288016,11.917909805524758,11.917909805524758
B0048,B0048_D0008,72.2196433143738,4C,4C_constant_1A,RF_full_150,4C,90.19807805768895,17.978434743315148,17.978434743315148
B0048,B0048_D0009,71.63691619826879,4C,4C_constant_1A,RF_full_150,4C,86.43478123287206,14.797865034603262,14.797865034603262
B0048,B0048_D0010,70.8620600719331,4C,4C_constant_1A,RF_full_150,4C,86.41123875189585,15.54917867996275,15.54917867996275
B0048,B0048_D0011,70.28779972286726,4C,4C_constant_1A,RF_full_150,4C,86.55756432539691,16.269764602529648,16.269764602529648
B0048,B0048_D0012,69.51353134948532,4C,4C_constant_1A,RF_full_150,4C,86.54630471992225,17.032773370436928,17.032773370436928
B0048,B0048_D0013,70.98329653940164,4C,4C_constant_1A,RF_full_150,4C,84.6254458490654,13.642149309663765,13.642149309663765
B0048,B0048_D0014,70.95281992616135,4C,4C_constant_1A,RF_full_150,4C,83.10878922747659,12.155969301315238,12.155969301315238
B0048,B0048_D0015,70.2136178352028,4C,4C_constant_1A,RF_full_150,4C,86.58719217755346,16.373574342350665,16.373574342350665
B0048,B0048_D0016,69.5807024547917,4C,4C_constant_1A,RF_full_150,4C,82.88603253625733,13.305330081465627,13.305330081465627
B0048,B0048_D0017,68.74809175147367,4C,4C_constant_1A,RF_full_150,4C,85.27089094961147,16.522799198137804,16.522799198137804
B0048,B0048_D0018,67.72577856535582,4C,4C_constant_1A,RF_full_150,4C,85.92465218819098,18.19887362283515,18.19887362283515
B0048,B0048_D0019,67.20111536657993,4C,4C_constant_1A,RF_full_150,4C,86.43696050059808,19.23584513401815,19.23584513401815
B0048,B0048_D0021,68.61922379302861,4C,4C_constant_1A,RF_full_150,4C,85.90462292253845,17.28539912950984,17.28539912950984
B0048,B0048_D0022,65.92052876337206,4C,4C_constant_1A,RF_full_150,4C,85.88154776578702,19.961019002414957,19.961019002414957
B0048,B0048_D0023,65.56363799789303,4C,4C_constant_1A,RF_full_150,4C,84.61563579387533,19.051997795982302,19.051997795982302
B0048,B0048_D0024,64.85086209500594,4C,4C_constant_1A,RF_full_150,4C,86.08512115752829,21.234259062522355,21.234259062522355
B0048,B0048_D0025,64.97609763315859,4C,4C_constant_1A,RF_full_150,4C,84.49714774852178,19.521050115363195,19.521050115363195
B0048,B0048_D0026,64.13077033364786,4C,4C_constant_1A,RF_full_150,4C,84.6560146639045,20.52524433025664,20.52524433025664
B0048,B0048_D0027,63.764450762035,4C,4C_constant_1A,RF_full_150,4C,80.96037516286255,17.19592440082755,17.19592440082755
B0048,B0048_D0028,63.67786236632036,4C,4C_constant_1A,RF_full_150,4C,75.84584796875515,12.16798560243479,12.16798560243479
B0048,B0048_D0029,62.970571669692674,4C,4C_constant_1A,RF_full_150,4C,85.95927873416306,22.98870706447039,22.98870706447039
B0048,B0048_D0030,63.15816292747938,4C,4C_constant_1A,RF_full_150,4C,83.06128453534355,19.903121607864165,19.903121607864165
B0048,B0048_D0031,62.458586550681815,4C,4C_constant_1A,RF_full_150,4C,82.92163348446333,20.463046933781513,20.463046933781513
B0048,B0048_D0032,61.69921739176535,4C,4C_constant_1A,RF_full_150,4C,82.78139017705031,21.08217278528496,21.08217278528496
B0048,B0048_D0033,62.0015996014434,4C,4C_constant_1A,RF_full_150,4C,79.01248849511047,17.010888893667072,17.010888893667072
B0048,B0048_D0034,65.1854285990355,4C,4C_constant_1A,RF_full_150,4C,85.0043210394602,19.81889244042469,19.81889244042469
B0048,B0048_D0035,65.75279817352691,4C,4C_constant_1A,RF_full_150,4C,86.52628540660429,20.773487233077375,20.773487233077375
B0048,B0048_D0036,64.44369150491038,4C,4C_constant_1A,RF_full_150,4C,85.25469447694762,20.811002972037244,20.811002972037244
B0048,B0048_D0037,64.38568797942597,4C,4C_constant_1A,RF_full_150,4C,84.48978843082295,20.104100451396988,20.104100451396988
B0048,B0048_D0038,63.366899926577325,4C,4C_constant_1A,RF_full_150,4C,84.94792772663494,21.58102780005762,21.58102780005762
B0048,B0048_D0039,62.529717284865306,4C,4C_constant_1A,RF_full_150,4C,84.3800925492935,21.850375264428187,21.850375264428187
B0048,B0048_D0040,62.43565589697939,4C,4C_constant_1A,RF_full_150,4C,81.86991665724459,19.434260760265197,19.434260760265197
B0048,B0048_D0041,62.40011630414665,4C,4C_constant_1A,RF_full_150,4C,82.78881769973336,20.388701395586708,20.388701395586708
B0048,B0048_D0042,61.50447622299793,4C,4C_constant_1A,RF_full_150,4C,80.37386603905675,18.86938981605882,18.86938981605882
B0048,B0048_D0043,61.22098560750469,4C,4C_constant_1A,RF_full_150,4C,79.7331621951256,18.512176587620914,18.512176587620914
B0048,B0048_D0044,60.93341422558193,4C,4C_constant_1A,RF_full_150,4C,80.7129931659209,19.77957894033898,19.77957894033898
B0048,B0048_D0045,60.18932618016808,4C,4C_constant_1A,RF_full_150,4C,84.78757459179994,24.598248411631857,24.598248411631857
B0048,B0048_D0046,59.73821150416113,4C,4C_constant_1A,RF_full_150,4C,70.67198645230276,10.933774948141632,10.933774948141632
B0048,B0048_D0047,60.26045946935747,4C,4C_constant_1A,RF_full_150,4C,80.7450173954149,20.484557926057434,20.484557926057434
B0048,B0048_D0048,59.77873296814232,4C,4C_constant_1A,RF_full_150,4C,79.44667693435726,19.667943966214935,19.667943966214935
B0048,B0048_D0049,59.44248551074942,4C,4C_constant_1A,RF_full_150,4C,79.44859784696938,20.006112336219957,20.006112336219957
B0048,B0048_D0050,59.57802625403703,4C,4C_constant_1A,RF_full_150,4C,82.64933687628242,23.07131062224539,23.07131062224539
B0048,B0048_D0051,58.63293576554828,4C,4C_constant_1A,RF_full_150,4C,80.54792796605615,21.914992200507868,21.914992200507868
B0048,B0048_D0052,59.20566936247078,4C,4C_constant_1A,RF_full_150,4C,80.14007403283198,20.934404670361197,20.934404670361197
B0048,B0048_D0053,57.88412561158884,4C,4C_constant_1A,RF_full_150,4C,80.09829850651545,22.214172894926605,22.214172894926605
B0048,B0048_D0055,62.96779255842991,4C,4C_constant_1A,RF_full_150,4C,79.6525334945106,16.684740936080694,16.684740936080694
B0048,B0048_D0056,63.2941687639013,4C,4C_constant_1A,RF_full_150,4C,85.72873996219957,22.434571198298272,22.434571198298272
B0048,B0048_D0057,62.3629933659206,4C,4C_constant_1A,RF_full_150,4C,84.67007747453123,22.307084108610624,22.307084108610624
B0048,B0048_D0058,61.64043736281089,4C,4C_constant_1A,RF_full_150,4C,84.39407319577668,22.75363583296579,22.75363583296579
B0048,B0048_D0059,61.59796391520952,4C,4C_constant_1A,RF_full_150,4C,84.35875236695614,22.76078845174662,22.76078845174662
B0048,B0048_D0060,61.0392893131389,4C,4C_constant_1A,RF_full_150,4C,82.0358155597733,20.996526246634396,20.996526246634396
B0048,B0048_D0061,61.37720651633392,4C,4C_constant_1A,RF_full_150,4C,85.99816041279404,24.620953896460115,24.620953896460115
B0048,B0048_D0062,61.933942071451774,4C,4C_constant_1A,RF_full_150,4C,85.65183760621649,23.717895534764715,23.717895534764715
B0048,B0048_D0063,61.41788877703529,4C,4C_constant_1A,RF_full_150,4C,76.64044054747968,15.222551770444397,15.222551770444397
B0048,B0048_D0064,60.47740753785226,4C,4C_constant_1A,RF_full_150,4C,75.82974572905941,15.352338191207153,15.352338191207153
B0048,B0048_D0065,60.41071035340524,4C,4C_constant_1A,RF_full_150,4C,76.60541761086004,16.1947072574548,16.1947072574548
B0048,B0048_D0067,64.99367271416074,4C,4C_constant_1A,RF_full_150,4C,79.12791067543534,14.134237961274607,14.134237961274607
B0048,B0048_D0068,63.45610325871889,4C,4C_constant_1A,RF_full_150,4C,79.24881113229576,15.792707873576866,15.792707873576866
B0048,B0048_D0069,62.775723173453926,4C,4C_constant_1A,RF_full_150,4C,75.93360749391869,13.15788432046476,13.15788432046476
B0048,B0048_D0070,62.599384634488274,4C,4C_constant_1A,RF_full_150,4C,75.22561647001619,12.626231835527918,12.626231835527918
B0048,B0048_D0071,61.87491001509999,4C,4C_constant_1A,RF_full_150,4C,78.4099659819838,16.53505596688381,16.53505596688381
B0048,B0048_D0072,61.156369849394935,4C,4C_constant_1A,RF_full_150,4C,76.13027955317817,14.973909703783235,14.973909703783235
B0049,B0049_D0002,71.04528574708688,4C,4C_constant_2A_truncated,RF_full_150,4C,61.91589707723404,-9.129388669852837,9.129388669852837
B0049,B0049_D0003,68.64260666946315,4C,4C_constant_2A_truncated,RF_full_150,4C,64.16844502906125,-4.474161640401903,4.474161640401903
B0049,B0049_D0004,68.21871243714573,4C,4C_constant_2A_truncated,RF_full_150,4C,72.7236213449691,4.504908907823378,4.504908907823378
B0049,B0049_D0006,53.02678982835608,4C,4C_constant_2A_truncated,RF_full_150,4C,65.38162703765788,12.354837209301799,12.354837209301799
B0049,B0049_D0007,50.34966188329748,4C,4C_constant_2A_truncated,RF_full_150,4C,64.9007997558293,14.551137872531818,14.551137872531818
B0049,B0049_D0008,46.49387667179768,4C,4C_constant_2A_truncated,RF_full_150,4C,64.21835501526574,17.724478343468064,17.724478343468064
B0049,B0049_D0009,46.16188514741904,4C,4C_constant_2A_truncated,RF_full_150,4C,64.14840648687422,17.98652133945518,17.98652133945518
B0049,B0049_D0010,45.26639560586858,4C,4C_constant_2A_truncated,RF_full_150,4C,63.1237495091935,17.85735390332492,17.85735390332492
B0049,B0049_D0011,42.97924180319936,4C,4C_constant_2A_truncated,RF_full_150,4C,63.261708065634096,20.28246626243474,20.28246626243474
B0049,B0049_D0012,41.84807147410353,4C,4C_constant_2A_truncated,RF_full_150,4C,71.17527223374036,29.32720075963683,29.32720075963683
B0049,B0049_D0013,42.28412093826567,4C,4C_constant_2A_truncated,RF_full_150,4C,61.80352955858591,19.519408620320235,19.519408620320235
B0049,B0049_D0014,40.35607003788769,4C,4C_constant_2A_truncated,RF_full_150,4C,61.365022453844965,21.008952415957275,21.008952415957275
B0049,B0049_D0015,39.10372180373367,4C,4C_constant_2A_truncated,RF_full_150,4C,71.97571402380439,32.871992220070716,32.871992220070716
B0049,B0049_D0016,39.765097220666746,4C,4C_constant_2A_truncated,RF_full_150,4C,62.36580487490596,22.600707654239216,22.600707654239216
B0049,B0049_D0018,38.76025577359998,4C,4C_constant_2A_truncated,RF_full_150,4C,65.920081474681,27.15982570108102,27.15982570108102
B0049,B0049_D0019,38.55932951922579,4C,4C_constant_2A_truncated,RF_full_150,4C,63.10122892961566,24.541899410389867,24.541899410389867
B0049,B0049_D0020,37.92549457258973,4C,4C_constant_2A_truncated,RF_full_150,4C,63.794290714392396,25.86879614180267,25.86879614180267
B0049,B0049_D0021,36.746932452495045,4C,4C_constant_2A_truncated,RF_full_150,4C,64.92180665125957,28.174874198764527,28.174874198764527
B0049,B0049_D0022,36.83379016845378,4C,4C_constant_2A_truncated,RF_full_150,4C,67.1222341990108,30.288444030557024,30.288444030557024
B0049,B0049_D0023,35.46973299601819,4C,4C_constant_2A_truncated,RF_full_150,4C,63.78488547738484,28.315152481366653,28.315152481366653
B0049,B0049_D0024,35.932325046101546,4C,4C_constant_2A_truncated,RF_full_150,4C,71.7572703222915,35.82494527618996,35.82494527618996
B0049,B0049_D0025,34.569426155233195,4C,4C_constant_2A_truncated,RF_full_150,4C,63.67547186191259,29.106045706679396,29.106045706679396
B0050,B0050_D0002,82.4394803888246,4C,4C_constant_2A_truncated,RF_full_150,4C,63.82614995748705,-18.61333043133756,18.61333043133756
B0050,B0050_D0003,80.0818242698902,4C,4C_constant_2A_truncated,RF_full_150,4C,67.08576089452971,-12.996063375360492,12.996063375360492
B0050,B0050_D0004,77.58782398713508,4C,4C_constant_2A_truncated,RF_full_150,4C,74.09607101161565,-3.4917529755194323,3.4917529755194323
B0050,B0050_D0007,67.9513829445816,4C,4C_constant_2A_truncated,RF_full_150,4C,69.9452873952556,1.993904450674009,1.993904450674009
B0050,B0050_D0008,68.71086346119128,4C,4C_constant_2A_truncated,RF_full_150,4C,70.06306176253958,1.3521983013482952,1.3521983013482952
B0050,B0050_D0009,67.64015215410988,4C,4C_constant_2A_truncated,RF_full_150,4C,70.24592319156407,2.60577103745419,2.60577103745419
B0050,B0050_D0010,68.03703096729215,4C,4C_constant_2A_truncated,RF_full_150,4C,70.08651934144127,2.0494883741491208,2.0494883741491208
B0050,B0050_D0012,70.01357123082208,4C,4C_constant_2A_truncated,RF_full_150,4C,79.02704781028038,9.013476579458299,9.013476579458299
B0050,B0050_D0013,71.44637377635415,4C,4C_constant_2A_truncated,RF_full_150,4C,69.69461969049163,-1.7517540858625154,1.7517540858625154
B0050,B0050_D0015,28.68466693784524,4C,4C_constant_2A_truncated,RF_full_150,4C,80.24535984096062,51.56069290311538,51.56069290311538
B0051,B0051_D0002,64.65902309991391,4C,4C_constant_2A_truncated,RF_full_150,4C,63.23866358307316,-1.4203595168407475,1.4203595168407475
B0051,B0051_D0003,61.44470130595828,4C,4C_constant_2A_truncated,RF_full_150,4C,64.13896925622475,2.6942679502664717,2.6942679502664717
B0051,B0051_D0004,60.19515894858974,4C,4C_constant_2A_truncated,RF_full_150,4C,72.80223191167384,12.6070729630841,12.6070729630841
B0051,B0051_D0006,50.46404409563006,4C,4C_constant_2A_truncated,RF_full_150,4C,66.20659001348687,15.742545917856816,15.742545917856816
B0051,B0051_D0007,47.828299475626615,4C,4C_constant_2A_truncated,RF_full_150,4C,67.17806321295826,19.34976373733165,19.34976373733165
B0051,B0051_D0008,45.0978145682702,4C,4C_constant_2A_truncated,RF_full_150,4C,67.4390193036516,22.341204735381403,22.341204735381403
B0051,B0051_D0009,44.48953333069081,4C,4C_constant_2A_truncated,RF_full_150,4C,66.95539676645237,22.465863435761555,22.465863435761555
B0051,B0051_D0010,44.1535851831728,4C,4C_constant_2A_truncated,RF_full_150,4C,66.81841601636407,22.664830833191267,22.664830833191267
B0051,B0051_D0011,42.15635177240878,4C,4C_constant_2A_truncated,RF_full_150,4C,66.7983468036939,24.64199503128512,24.64199503128512
B0051,B0051_D0012,41.32795517248315,4C,4C_constant_2A_truncated,RF_full_150,4C,73.20443103008068,31.876475857597534,31.876475857597534
B0051,B0051_D0013,41.76340773418982,4C,4C_constant_2A_truncated,RF_full_150,4C,66.009399013212,24.245991279022185,24.245991279022185
B0051,B0051_D0014,40.12859732493937,4C,4C_constant_2A_truncated,RF_full_150,4C,65.60126040422261,25.472663079283244,25.472663079283244
B0051,B0051_D0015,39.19609392349757,4C,4C_constant_2A_truncated,RF_full_150,4C,72.57524660306184,33.37915267956427,33.37915267956427
B0051,B0051_D0016,39.55381746518001,4C,4C_constant_2A_truncated,RF_full_150,4C,72.76328304709492,33.209465581914905,33.209465581914905
B0051,B0051_D0018,38.27269134740118,4C,4C_constant_2A_truncated,RF_full_150,4C,64.89897792964399,26.626286582242813,26.626286582242813
B0051,B0051_D0019,38.65886738169735,4C,4C_constant_2A_truncated,RF_full_150,4C,65.59025911994604,26.931391738248692,26.931391738248692
B0051,B0051_D0020,38.026468882082426,4C,4C_constant_2A_truncated,RF_full_150,4C,65.1035292021553,27.077060320072874,27.077060320072874
B0051,B0051_D0021,36.88215159623502,4C,4C_constant_2A_truncated,RF_full_150,4C,64.69770273232749,27.815551136092466,27.815551136092466
B0051,B0051_D0022,36.95897501289535,4C,4C_constant_2A_truncated,RF_full_150,4C,69.47774149810176,32.51876648520641,32.51876648520641
B0051,B0051_D0023,35.07287714921297,4C,4C_constant_2A_truncated,RF_full_150,4C,63.29051910417328,28.217641954960307,28.217641954960307
B0051,B0051_D0024,35.23674740270891,4C,4C_constant_2A_truncated,RF_full_150,4C,72.67718988750981,37.440442484800904,37.440442484800904
B0051,B0051_D0025,33.89244467852115,4C,4C_constant_2A_truncated,RF_full_150,4C,63.49056992261988,29.598125244098732,29.598125244098732
B0052,B0052_D0002,70.91547557180161,4C,4C_constant_2A_truncated,RF_full_150,4C,64.0877392281799,-6.827736343621709,6.827736343621709
B0052,B0052_D0003,68.53561514346582,4C,4C_constant_2A_truncated,RF_full_150,4C,65.35244480946535,-3.183170334000465,3.183170334000465
B0052,B0052_D0004,67.57823676313247,4C,4C_constant_2A_truncated,RF_full_150,4C,73.50475476362018,5.926518000487718,5.926518000487718
B0053,B0053_D0001,53.45708943097151,4C,4C_constant_2A_EOL,RF_full_150,4C,67.09801415806204,13.640924727090535,13.640924727090535
B0053,B0053_D0002,57.703639672161145,4C,4C_constant_2A_EOL,RF_full_150,4C,65.68777021239909,7.984130540237942,7.984130540237942
B0053,B0053_D0003,57.50762706913491,4C,4C_constant_2A_EOL,RF_full_150,4C,67.33174820133814,9.824121132203231,9.824121132203231
B0053,B0053_D0004,56.52931926968383,4C,4C_constant_2A_EOL,RF_full_150,4C,65.26488892720087,8.73556965751704,8.73556965751704
B0053,B0053_D0005,56.0895136178781,4C,4C_constant_2A_EOL,RF_full_150,4C,64.90526990769872,8.815756289820627,8.815756289820627
B0053,B0053_D0006,55.67991200721928,4C,4C_constant_2A_EOL,RF_full_150,4C,71.02574196420504,15.34582995698576,15.34582995698576
B0053,B0053_D0007,54.32327028547531,4C,4C_constant_2A_EOL,RF_full_150,4C,64.94421271646311,10.620942430987803,10.620942430987803
B0053,B0053_D0008,53.237467844965735,4C,4C_constant_2A_EOL,RF_full_150,4C,72.76721178579982,19.52974394083408,19.52974394083408
B0053,B0053_D0009,54.04644047479822,4C,4C_constant_2A_EOL,RF_full_150,4C,65.55197362143551,11.50553314663729,11.50553314663729
B0053,B0053_D0010,54.26376020923232,4C,4C_constant_2A_EOL,RF_full_150,4C,64.52035012061668,10.25658991138436,10.25658991138436
B0053,B0053_D0011,52.52399966870447,4C,4C_constant_2A_EOL,RF_full_150,4C,72.58827473916013,20.064275070455658,20.064275070455658
B0053,B0053_D0012,54.26775088527152,4C,4C_constant_2A_EOL,RF_full_150,4C,70.69511582106044,16.427364935788923,16.427364935788923
B0053,B0053_D0013,52.54197845395361,4C,4C_constant_2A_EOL,RF_full_150,4C,64.7074429043629,12.165464450409296,12.165464450409296
B0053,B0053_D0014,53.0453394166559,4C,4C_constant_2A_EOL,RF_full_150,4C,66.33519542504773,13.28985600839183,13.28985600839183
B0053,B0053_D0015,53.529123053190695,4C,4C_constant_2A_EOL,RF_full_150,4C,64.54215788103166,11.013034827840961,11.013034827840961
B0053,B0053_D0016,51.20183328318485,4C,4C_constant_2A_EOL,RF_full_150,4C,72.70672033731293,21.504887054128083,21.504887054128083
B0053,B0053_D0017,53.35478626716929,4C,4C_constant_2A_EOL,RF_full_150,4C,64.51693026679172,11.16214399962243,11.16214399962243
B0053,B0053_D0018,51.39618925223749,4C,4C_constant_2A_EOL,RF_full_150,4C,64.67181210922244,13.275622856984953,13.275622856984953
B0053,B0053_D0019,51.62713199850504,4C,4C_constant_2A_EOL,RF_full_150,4C,70.52238122603359,18.895249227528545,18.895249227528545
B0053,B0053_D0020,52.79743923268525,4C,4C_constant_2A_EOL,RF_full_150,4C,70.48959001731542,17.692150784630172,17.692150784630172
B0053,B0053_D0021,52.22656915654359,4C,4C_constant_2A_EOL,RF_full_150,4C,64.02445330423143,11.797884147687839,11.797884147687839
B0053,B0053_D0022,51.76569534060916,4C,4C_constant_2A_EOL,RF_full_150,4C,72.63409473514317,20.868399394534002,20.868399394534002
B0053,B0053_D0023,53.8170526550991,4C,4C_constant_2A_EOL,RF_full_150,4C,64.64438382204193,10.827331166942834,10.827331166942834
B0053,B0053_D0024,51.76111570211771,4C,4C_constant_2A_EOL,RF_full_150,4C,73.6686939991179,21.907578297000192,21.907578297000192
B0053,B0053_D0025,52.57143528454128,4C,4C_constant_2A_EOL,RF_full_150,4C,64.66534814554396,12.093912861002678,12.093912861002678
B0053,B0053_D0026,53.016646731948406,4C,4C_constant_2A_EOL,RF_full_150,4C,66.85902325083431,13.842376518885906,13.842376518885906
B0053,B0053_D0027,51.18483231374269,4C,4C_constant_2A_EOL,RF_full_150,4C,64.35836298671526,13.173530672972575,13.173530672972575
B0053,B0053_D0028,52.32942334375444,4C,4C_constant_2A_EOL,RF_full_150,4C,71.15202806428356,18.822604720529114,18.822604720529114
B0053,B0053_D0029,50.15560842406116,4C,4C_constant_2A_EOL,RF_full_150,4C,64.91148321041887,14.755874786357708,14.755874786357708
B0053,B0053_D0030,52.30789467807804,4C,4C_constant_2A_EOL,RF_full_150,4C,64.34215999046513,12.034265312387092,12.034265312387092
B0053,B0053_D0031,50.781317567628015,4C,4C_constant_2A_EOL,RF_full_150,4C,63.882235238501465,13.10091767087345,13.10091767087345
B0053,B0053_D0032,51.25027446564726,4C,4C_constant_2A_EOL,RF_full_150,4C,66.44546325209093,15.195188786443673,15.195188786443673
B0053,B0053_D0033,49.00665812796456,4C,4C_constant_2A_EOL,RF_full_150,4C,64.36866145950745,15.362003331542887,15.362003331542887
B0053,B0053_D0034,51.83888882101815,4C,4C_constant_2A_EOL,RF_full_150,4C,70.22648203765745,18.387593216639296,18.387593216639296
B0053,B0053_D0035,51.3415031029361,4C,4C_constant_2A_EOL,RF_full_150,4C,68.96466546594779,17.623162363011687,17.623162363011687
B0053,B0053_D0036,50.75189831402551,4C,4C_constant_2A_EOL,RF_full_150,4C,64.79826680523537,14.046368491209861,14.046368491209861
B0053,B0053_D0037,49.52307369743088,4C,4C_constant_2A_EOL,RF_full_150,4C,63.280440844117656,13.757367146686775,13.757367146686775
B0053,B0053_D0038,50.72882587291379,4C,4C_constant_2A_EOL,RF_full_150,4C,70.845080037663,20.116254164749208,20.116254164749208
B0053,B0053_D0039,49.05654472040194,4C,4C_constant_2A_EOL,RF_full_150,4C,63.4834239748378,14.42687925443586,14.42687925443586
B0053,B0053_D0040,50.20843714693218,4C,4C_constant_2A_EOL,RF_full_150,4C,64.23533639937473,14.026899252442554,14.026899252442554
B0053,B0053_D0041,50.39102439803935,4C,4C_constant_2A_EOL,RF_full_150,4C,64.17899398093336,13.787969582894007,13.787969582894007
B0053,B0053_D0042,49.1227066542282,4C,4C_constant_2A_EOL,RF_full_150,4C,63.25510889135965,14.132402237131444,14.132402237131444
B0053,B0053_D0043,55.48387677769014,4C,4C_constant_2A_EOL,RF_full_150,4C,66.1272869814518,10.643410203761661,10.643410203761661
B0053,B0053_D0044,55.68400794957381,4C,4C_constant_2A_EOL,RF_full_150,4C,66.47611414863434,10.792106199060527,10.792106199060527
B0053,B0053_D0045,51.92504550286202,4C,4C_constant_2A_EOL,RF_full_150,4C,72.49321331979367,20.56816781693165,20.56816781693165
B0053,B0053_D0046,53.84407951090039,4C,4C_constant_2A_EOL,RF_full_150,4C,72.21043509993264,18.366355589032246,18.366355589032246
B0053,B0053_D0047,53.60852752918691,4C,4C_constant_2A_EOL,RF_full_150,4C,64.64832778581963,11.039800256632724,11.039800256632724
B0053,B0053_D0048,50.62294499925558,4C,4C_constant_2A_EOL,RF_full_150,4C,67.82008978485912,17.19714478560354,17.19714478560354
B0053,B0053_D0049,51.39972428774792,4C,4C_constant_2A_EOL,RF_full_150,4C,70.6102821260083,19.210557838260378,19.210557838260378
B0053,B0053_D0050,51.52073639524999,4C,4C_constant_2A_EOL,RF_full_150,4C,63.57429886349998,12.053562468249993,12.053562468249993
B0053,B0053_D0051,52.780816369975255,4C,4C_constant_2A_EOL,RF_full_150,4C,64.31182200650308,11.531005636527823,11.531005636527823
B0053,B0053_D0052,50.055577090813145,4C,4C_constant_2A_EOL,RF_full_150,4C,63.31826930524022,13.262692214427076,13.262692214427076
B0053,B0053_D0053,52.33419607749331,4C,4C_constant_2A_EOL,RF_full_150,4C,63.910894550472946,11.576698472979636,11.576698472979636
B0053,B0053_D0054,52.35908280092715,4C,4C_constant_2A_EOL,RF_full_150,4C,64.34303950798677,11.983956707059626,11.983956707059626
B0053,B0053_D0055,50.51370039212889,4C,4C_constant_2A_EOL,RF_full_150,4C,62.68582528297496,12.17212489084607,12.17212489084607
B0054,B0054_D0002,58.32720119058048,4C,4C_constant_2A_EOL,RF_full_150,4C,63.128633141723974,4.801431951143492,4.801431951143492
B0054,B0054_D0003,55.262607280693175,4C,4C_constant_2A_EOL,RF_full_150,4C,64.18336683558601,8.92075955489284,8.92075955489284
B0054,B0054_D0004,54.80151128592938,4C,4C_constant_2A_EOL,RF_full_150,4C,64.52022655279141,9.718715266862034,9.718715266862034
B0054,B0054_D0005,53.77225342804872,4C,4C_constant_2A_EOL,RF_full_150,4C,66.45308734618182,12.680833918133096,12.680833918133096
B0054,B0054_D0006,53.27746764011898,4C,4C_constant_2A_EOL,RF_full_150,4C,64.78158845515732,11.504120815038341,11.504120815038341
B0054,B0054_D0007,52.84184289986198,4C,4C_constant_2A_EOL,RF_full_150,4C,65.59220761994244,12.750364720080462,12.750364720080462
B0054,B0054_D0008,52.24532222682421,4C,4C_constant_2A_EOL,RF_full_150,4C,66.67161519044328,14.426292963619069,14.426292963619069
B0054,B0054_D0009,52.291819884684834,4C,4C_constant_2A_EOL,RF_full_150,4C,66.19086878006655,13.899048895381718,13.899048895381718
B0054,B0054_D0010,50.90939604390074,4C,4C_constant_2A_EOL,RF_full_150,4C,70.59573388457633,19.68633784067559,19.68633784067559
B0054,B0054_D0011,51.13204616836116,4C,4C_constant_2A_EOL,RF_full_150,4C,66.98308948455505,15.851043316193895,15.851043316193895
B0054,B0054_D0012,51.94548093075449,4C,4C_constant_2A_EOL,RF_full_150,4C,67.73266466577208,15.787183735017585,15.787183735017585
B0054,B0054_D0013,50.86625177175037,4C,4C_constant_2A_EOL,RF_full_150,4C,67.00165618988875,16.13540441813838,16.13540441813838
B0054,B0054_D0014,51.65919559972741,4C,4C_constant_2A_EOL,RF_full_150,4C,71.1045366240485,19.445341024321095,19.445341024321095
B0054,B0054_D0015,50.47616059869798,4C,4C_constant_2A_EOL,RF_full_150,4C,68.64333087837726,18.167170279679276,18.167170279679276
B0054,B0054_D0016,49.312416298132376,4C,4C_constant_2A_EOL,RF_full_150,4C,67.65341983241115,18.34100353427877,18.34100353427877
B0054,B0054_D0017,50.40024160000218,4C,4C_constant_2A_EOL,RF_full_150,4C,66.95315851864909,16.552916918646908,16.552916918646908
B0054,B0054_D0018,50.76693880627098,4C,4C_constant_2A_EOL,RF_full_150,4C,67.00678915085153,16.239850344580553,16.239850344580553
B0054,B0054_D0019,50.53393426677978,4C,4C_constant_2A_EOL,RF_full_150,4C,66.97323717437447,16.439302907594694,16.439302907594694
B0054,B0054_D0020,50.5204828292668,4C,4C_constant_2A_EOL,RF_full_150,4C,67.15106448501807,16.63058165575127,16.63058165575127
B0054,B0054_D0021,49.00716661981741,4C,4C_constant_2A_EOL,RF_full_150,4C,71.0237517948698,22.016585175052384,22.016585175052384
B0054,B0054_D0022,55.08320861812192,4C,4C_constant_2A_EOL,RF_full_150,4C,67.91541742908164,12.83220881095972,12.83220881095972
B0054,B0054_D0023,54.13256119500636,4C,4C_constant_2A_EOL,RF_full_150,4C,68.53219848331469,14.399637288308327,14.399637288308327
B0054,B0054_D0024,52.87504193934171,4C,4C_constant_2A_EOL,RF_full_150,4C,67.36524834853334,14.490206409191629,14.490206409191629
B0054,B0054_D0025,51.927586658076606,4C,4C_constant_2A_EOL,RF_full_150,4C,67.21821467059941,15.290628012522802,15.290628012522802
B0054,B0054_D0026,50.36647450645566,4C,4C_constant_2A_EOL,RF_full_150,4C,66.83487123073837,16.468396724282712,16.468396724282712
B0054,B0054_D0027,50.80200154270174,4C,4C_constant_2A_EOL,RF_full_150,4C,67.25108453460761,16.449082991905875,16.449082991905875
B0054,B0054_D0028,50.79159818220476,4C,4C_constant_2A_EOL,RF_full_150,4C,68.04698066517761,17.255382482972855,17.255382482972855
B0054,B0054_D0029,50.07691901608136,4C,4C_constant_2A_EOL,RF_full_150,4C,67.02220848554566,16.9452894694643,16.9452894694643
B0054,B0054_D0030,49.0624430795912,4C,4C_constant_2A_EOL,RF_full_150,4C,65.65309425965718,16.590651180065983,16.590651180065983
B0054,B0054_D0031,49.93708015055067,4C,4C_constant_2A_EOL,RF_full_150,4C,70.1830045107446,20.245924360193925,20.245924360193925
B0054,B0054_D0032,47.92007115474821,4C,4C_constant_2A_EOL,RF_full_150,4C,73.3098996746519,25.389828519903695,25.389828519903695
B0054,B0054_D0033,49.00423066947312,4C,4C_constant_2A_EOL,RF_full_150,4C,66.64640019771741,17.642169528244295,17.642169528244295
B0054,B0054_D0034,48.60186099481383,4C,4C_constant_2A_EOL,RF_full_150,4C,67.6631349549518,19.061273960137967,19.061273960137967
B0054,B0054_D0035,48.46601403759206,4C,4C_constant_2A_EOL,RF_full_150,4C,66.04344752763069,17.57743349003863,17.57743349003863
B0054,B0054_D0036,47.39893194253132,4C,4C_constant_2A_EOL,RF_full_150,4C,73.45423387007729,26.05530192754597,26.05530192754597
B0054,B0054_D0037,48.19259784535614,4C,4C_constant_2A_EOL,RF_full_150,4C,66.0793395138122,17.88674166845606,17.88674166845606
B0054,B0054_D0038,48.41168347742348,4C,4C_constant_2A_EOL,RF_full_150,4C,66.19753470624251,17.785851228819027,17.785851228819027
B0054,B0054_D0039,47.03510432301882,4C,4C_constant_2A_EOL,RF_full_150,4C,66.28993605473818,19.254831731719356,19.254831731719356
B0054,B0054_D0040,48.092210385194825,4C,4C_constant_2A_EOL,RF_full_150,4C,71.4058694539461,23.31365906875127,23.31365906875127
B0054,B0054_D0041,46.661700720998525,4C,4C_constant_2A_EOL,RF_full_150,4C,65.88589677938779,19.224196058389268,19.224196058389268
B0054,B0054_D0042,46.56727368572608,4C,4C_constant_2A_EOL,RF_full_150,4C,65.56946549761443,19.002191811888352,19.002191811888352
B0054,B0054_D0043,49.88214549558352,4C,4C_constant_2A_EOL,RF_full_150,4C,66.86554500727546,16.983399511691935,16.983399511691935
B0054,B0054_D0044,49.16657631486018,4C,4C_constant_2A_EOL,RF_full_150,4C,66.16842983965641,17.001853524796232,17.001853524796232
B0054,B0054_D0045,49.521850313887214,4C,4C_constant_2A_EOL,RF_full_150,4C,65.64456872707174,16.12271841318453,16.12271841318453
B0054,B0054_D0046,47.49935670218147,4C,4C_constant_2A_EOL,RF_full_150,4C,65.6210794783078,18.121722776126333,18.121722776126333
B0054,B0054_D0047,47.63013920450438,4C,4C_constant_2A_EOL,RF_full_150,4C,66.12850623681165,18.498367032307264,18.498367032307264
B0054,B0054_D0048,44.250875877328575,4C,4C_constant_2A_EOL,RF_full_150,4C,67.01074034224435,22.759864464915772,22.759864464915772
B0054,B0054_D0049,49.687013751208845,4C,4C_constant_2A_EOL,RF_full_150,4C,66.29079473865994,16.603780987451096,16.603780987451096
B0054,B0054_D0050,49.775366525963946,4C,4C_constant_2A_EOL,RF_full_150,4C,71.37504867692783,21.599682150963886,21.599682150963886
B0054,B0054_D0051,48.7703935484058,4C,4C_constant_2A_EOL,RF_full_150,4C,65.41624593703108,16.64585238862528,16.64585238862528
B0054,B0054_D0052,48.2980279186961,4C,4C_constant_2A_EOL,RF_full_150,4C,65.23516484642315,16.937136927727046,16.937136927727046
B0054,B0054_D0053,47.86851310844377,4C,4C_constant_2A_EOL,RF_full_150,4C,71.51702556549132,23.648512457047552,23.648512457047552
B0054,B0054_D0054,46.47378295982466,4C,4C_constant_2A_EOL,RF_full_150,4C,64.94173396504874,18.46795100522408,18.46795100522408
B0054,B0054_D0055,46.61776939911973,4C,4C_constant_2A_EOL,RF_full_150,4C,72.75180871785469,26.134039318734956,26.134039318734956
B0054,B0054_D0056,47.72841892024845,4C,4C_constant_2A_EOL,RF_full_150,4C,67.04129702575415,19.312878105505696,19.312878105505696
B0054,B0054_D0057,46.65121052186468,4C,4C_constant_2A_EOL,RF_full_150,4C,65.41734685579611,18.766136333931435,18.766136333931435
B0054,B0054_D0058,46.16470920004795,4C,4C_constant_2A_EOL,RF_full_150,4C,72.43960999307502,26.274900793027072,26.274900793027072
B0054,B0054_D0059,46.28899582131488,4C,4C_constant_2A_EOL,RF_full_150,4C,65.33147277513616,19.042476953821286,19.042476953821286
B0054,B0054_D0060,45.81382896640042,4C,4C_constant_2A_EOL,RF_full_150,4C,64.65467751935735,18.840848552956928,18.840848552956928
B0054,B0054_D0061,46.93505839556234,4C,4C_constant_2A_EOL,RF_full_150,4C,64.919161313142,17.984102917579655,17.984102917579655
B0054,B0054_D0062,45.794952934385854,4C,4C_constant_2A_EOL,RF_full_150,4C,64.96508721214882,19.170134277762962,19.170134277762962
B0054,B0054_D0063,46.01304495216894,4C,4C_constant_2A_EOL,RF_full_150,4C,72.74591901945385,26.73287406728491,26.73287406728491
B0054,B0054_D0064,45.55626958680444,4C,4C_constant_2A_EOL,RF_full_150,4C,65.35138074406255,19.795111157258113,19.795111157258113
B0054,B0054_D0065,44.90253521847672,4C,4C_constant_2A_EOL,RF_full_150,4C,64.63386456818539,19.731329349708666,19.731329349708666
B0054,B0054_D0066,46.39432312008186,4C,4C_constant_2A_EOL,RF_full_150,4C,72.43535189085357,26.04102877077171,26.04102877077171
B0054,B0054_D0067,45.59207698493612,4C,4C_constant_2A_EOL,RF_full_150,4C,70.54208279928402,24.950005814347897,24.950005814347897
B0054,B0054_D0068,44.68245824664734,4C,4C_constant_2A_EOL,RF_full_150,4C,64.49494138694837,19.812483140301026,19.812483140301026
B0054,B0054_D0069,45.50432246302128,4C,4C_constant_2A_EOL,RF_full_150,4C,72.87916609746517,27.37484363444389,27.37484363444389
B0054,B0054_D0070,45.5745236573047,4C,4C_constant_2A_EOL,RF_full_150,4C,65.34893214786592,19.77440849056122,19.77440849056122
B0054,B0054_D0071,46.68586405819098,4C,4C_constant_2A_EOL,RF_full_150,4C,73.6023023042688,26.916438246077824,26.916438246077824
B0054,B0054_D0072,44.90758878034388,4C,4C_constant_2A_EOL,RF_full_150,4C,64.59942078623061,19.69183200588673,19.69183200588673
B0054,B0054_D0073,45.69683567685627,4C,4C_constant_2A_EOL,RF_full_150,4C,64.58505438018616,18.888218703329898,18.888218703329898
B0054,B0054_D0074,43.8242430857714,4C,4C_constant_2A_EOL,RF_full_150,4C,69.76887395842878,25.944630872657385,25.944630872657385
B0054,B0054_D0075,44.27458979290982,4C,4C_constant_2A_EOL,RF_full_150,4C,71.5135390493746,27.238949256464778,27.238949256464778
B0054,B0054_D0076,44.09537311423354,4C,4C_constant_2A_EOL,RF_full_150,4C,64.7501431326442,20.65477001841066,20.65477001841066
B0054,B0054_D0077,45.22904552972398,4C,4C_constant_2A_EOL,RF_full_150,4C,66.72099197576172,21.491946446037737,21.491946446037737
B0054,B0054_D0078,43.67303174727998,4C,4C_constant_2A_EOL,RF_full_150,4C,65.54494486550387,21.871913118223887,21.871913118223887
B0054,B0054_D0079,45.1565595493414,4C,4C_constant_2A_EOL,RF_full_150,4C,70.50197938155357,25.345419832212166,25.345419832212166
B0054,B0054_D0080,43.56108877030062,4C,4C_constant_2A_EOL,RF_full_150,4C,65.37526153019466,21.814172759894042,21.814172759894042
B0054,B0054_D0081,44.682495217383085,4C,4C_constant_2A_EOL,RF_full_150,4C,71.25054249596312,26.568047278580032,26.568047278580032
B0054,B0054_D0082,44.17532007343946,4C,4C_constant_2A_EOL,RF_full_150,4C,66.78415302568479,22.60883295224533,22.60883295224533
B0054,B0054_D0083,43.89701852683957,4C,4C_constant_2A_EOL,RF_full_150,4C,64.48107419845378,20.584055671614216,20.584055671614216
B0054,B0054_D0084,42.99694554682547,4C,4C_constant_2A_EOL,RF_full_150,4C,63.506067491323954,20.50912194449848,20.50912194449848
B0054,B0054_D0085,43.48679059804783,4C,4C_constant_2A_EOL,RF_full_150,4C,66.57095840327435,23.084167805226514,23.084167805226514
B0054,B0054_D0086,43.191359074063385,4C,4C_constant_2A_EOL,RF_full_150,4C,64.449863379116,21.25850430505261,21.25850430505261
B0054,B0054_D0087,44.32847268894572,4C,4C_constant_2A_EOL,RF_full_150,4C,65.9938979838014,21.66542529485568,21.66542529485568
B0054,B0054_D0088,43.45039286156664,4C,4C_constant_2A_EOL,RF_full_150,4C,65.11767274304471,21.667279881478066,21.667279881478066
B0054,B0054_D0089,42.372230441888256,4C,4C_constant_2A_EOL,RF_full_150,4C,64.30817200641003,21.935941564521777,21.935941564521777
B0054,B0054_D0090,43.99863860790351,4C,4C_constant_2A_EOL,RF_full_150,4C,66.25674060009042,22.258101992186916,22.258101992186916
B0054,B0054_D0091,45.55222291384254,4C,4C_constant_2A_EOL,RF_full_150,4C,66.21190563184666,20.65968271800412,20.65968271800412
B0054,B0054_D0092,45.6086214667753,4C,4C_constant_2A_EOL,RF_full_150,4C,72.63996175837605,27.03134029160075,27.03134029160075
B0054,B0054_D0093,44.360219879424,4C,4C_constant_2A_EOL,RF_full_150,4C,72.42091369637382,28.060693816949815,28.060693816949815
B0054,B0054_D0094,44.80618383979608,4C,4C_constant_2A_EOL,RF_full_150,4C,64.81941336552464,20.013229525728562,20.013229525728562
B0054,B0054_D0095,44.25667000564226,4C,4C_constant_2A_EOL,RF_full_150,4C,71.8741578400472,27.61748783440494,27.61748783440494
B0054,B0054_D0096,43.96693322718059,4C,4C_constant_2A_EOL,RF_full_150,4C,71.738965831918,27.772032604737404,27.772032604737404
B0054,B0054_D0097,42.30612119225313,4C,4C_constant_2A_EOL,RF_full_150,4C,65.79302485494803,23.4869036626949,23.4869036626949
B0054,B0054_D0098,43.52966576484671,4C,4C_constant_2A_EOL,RF_full_150,4C,64.46861386094055,20.93894809609384,20.93894809609384
B0054,B0054_D0099,42.20260454804552,4C,4C_constant_2A_EOL,RF_full_150,4C,64.35685134171645,22.15424679367093,22.15424679367093
B0054,B0054_D0100,42.68122339201789,4C,4C_constant_2A_EOL,RF_full_150,4C,68.67377893330008,25.992555541282194,25.992555541282194
B0054,B0054_D0101,42.62259668979069,4C,4C_constant_2A_EOL,RF_full_150,4C,66.76721065326144,24.144613963470754,24.144613963470754
B0054,B0054_D0102,41.86959500896507,4C,4C_constant_2A_EOL,RF_full_150,4C,64.70580876678007,22.836213757814996,22.836213757814996
B0055,B0055_D0002,65.99460782314391,4C,4C_constant_2A_EOL,RF_full_150,4C,62.17470575274272,-3.8199020704011915,3.8199020704011915
B0055,B0055_D0003,63.84916400566007,4C,4C_constant_2A_EOL,RF_full_150,4C,65.42721889832376,1.5780548926636868,1.5780548926636868
B0055,B0055_D0004,62.86295656115431,4C,4C_constant_2A_EOL,RF_full_150,4C,67.27925411379495,4.416297552640636,4.416297552640636
B0055,B0055_D0005,60.3381875649706,4C,4C_constant_2A_EOL,RF_full_150,4C,71.0181165602541,10.679928995283497,10.679928995283497
B0055,B0055_D0006,60.38661268051598,4C,4C_constant_2A_EOL,RF_full_150,4C,71.81941400721493,11.43280132669895,11.43280132669895
B0055,B0055_D0007,60.04807145046917,4C,4C_constant_2A_EOL,RF_full_150,4C,67.08800329183545,7.0399318413662755,7.0399318413662755
B0055,B0055_D0008,59.45295432749865,4C,4C_constant_2A_EOL,RF_full_150,4C,71.95217185009263,12.499217522593973,12.499217522593973
B0055,B0055_D0009,58.48543913022165,4C,4C_constant_2A_EOL,RF_full_150,4C,67.6252053407865,9.139766210564844,9.139766210564844
B0055,B0055_D0010,57.41823597306712,4C,4C_constant_2A_EOL,RF_full_150,4C,70.78505257654159,13.366816603474469,13.366816603474469
B0055,B0055_D0011,57.63863030486148,4C,4C_constant_2A_EOL,RF_full_150,4C,67.81256395441241,10.173933649550932,10.173933649550932
B0055,B0055_D0012,56.59185235863614,4C,4C_constant_2A_EOL,RF_full_150,4C,69.92654176259303,13.334689403956894,13.334689403956894
B0055,B0055_D0013,56.63262901691674,4C,4C_constant_2A_EOL,RF_full_150,4C,72.05885337073273,15.426224353815996,15.426224353815996
B0055,B0055_D0014,55.80282858287292,4C,4C_constant_2A_EOL,RF_full_150,4C,69.3841895665753,13.581360983702382,13.581360983702382
B0055,B0055_D0015,54.923209125344265,4C,4C_constant_2A_EOL,RF_full_150,4C,70.96233412238668,16.039124997042414,16.039124997042414
B0055,B0055_D0016,54.62847051548339,4C,4C_constant_2A_EOL,RF_full_150,4C,73.96318816153092,19.33471764604753,19.33471764604753
B0055,B0055_D0017,55.45838403560155,4C,4C_constant_2A_EOL,RF_full_150,4C,69.19213751177315,13.733753476171607,13.733753476171607
B0055,B0055_D0018,55.37517514452856,4C,4C_constant_2A_EOL,RF_full_150,4C,68.97893991419348,13.603764769664913,13.603764769664913
B0055,B0055_D0019,55.33758377122655,4C,4C_constant_2A_EOL,RF_full_150,4C,69.13576048848647,13.79817671725992,13.79817671725992
B0055,B0055_D0020,53.63347062291412,4C,4C_constant_2A_EOL,RF_full_150,4C,69.39912437886665,15.765653755952528,15.765653755952528
B0055,B0055_D0021,53.884220107533466,4C,4C_constant_2A_EOL,RF_full_150,4C,71.96182851566822,18.07760840813475,18.07760840813475
B0055,B0055_D0022,59.908573672679545,4C,4C_constant_2A_EOL,RF_full_150,4C,73.36418382135736,13.455610148677813,13.455610148677813
B0055,B0055_D0023,58.126907763404645,4C,4C_constant_2A_EOL,RF_full_150,4C,69.41631441136147,11.289406647956824,11.289406647956824
B0055,B0055_D0024,57.78413732922112,4C,4C_constant_2A_EOL,RF_full_150,4C,69.30320494444175,11.519067615220628,11.519067615220628
B0055,B0055_D0025,56.8722049211178,4C,4C_constant_2A_EOL,RF_full_150,4C,74.12331921545311,17.25111429433531,17.25111429433531
B0055,B0055_D0026,55.63187676062746,4C,4C_constant_2A_EOL,RF_full_150,4C,70.29851302259232,14.666636261964854,14.666636261964854
B0055,B0055_D0027,54.93280339229904,4C,4C_constant_2A_EOL,RF_full_150,4C,69.51650467338655,14.583701281087507,14.583701281087507
B0055,B0055_D0028,54.9265137944232,4C,4C_constant_2A_EOL,RF_full_150,4C,74.90317645361351,19.97666265919031,19.97666265919031
B0055,B0055_D0029,55.146852004842685,4C,4C_constant_2A_EOL,RF_full_150,4C,74.84571478673428,19.69886278189159,19.69886278189159
B0055,B0055_D0030,54.74822461367659,4C,4C_constant_2A_EOL,RF_full_150,4C,69.81493626460248,15.066711650925889,15.066711650925889
B0055,B0055_D0031,54.45339857415499,4C,4C_constant_2A_EOL,RF_full_150,4C,73.98066353222787,19.527264958072877,19.527264958072877
B0055,B0055_D0032,53.66616958180265,4C,4C_constant_2A_EOL,RF_full_150,4C,76.1124519481341,22.446282366331445,22.446282366331445
B0055,B0055_D0033,54.768692837265455,4C,4C_constant_2A_EOL,RF_full_150,4C,74.30819578196866,19.53950294470321,19.53950294470321
B0055,B0055_D0034,53.19758733121562,4C,4C_constant_2A_EOL,RF_full_150,4C,74.15518849995155,20.957601168735927,20.957601168735927
B0055,B0055_D0035,54.28990362038515,4C,4C_constant_2A_EOL,RF_full_150,4C,69.36438288885054,15.074479268465396,15.074479268465396
B0055,B0055_D0036,52.94374482753778,4C,4C_constant_2A_EOL,RF_full_150,4C,76.1164975928553,23.17275276531752,23.17275276531752
B0055,B0055_D0037,54.06630017595644,4C,4C_constant_2A_EOL,RF_full_150,4C,69.20867928495686,15.142379109000416,15.142379109000416
B0055,B0055_D0038,53.08009312941615,4C,4C_constant_2A_EOL,RF_full_150,4C,76.65908815107176,23.578995021655608,23.578995021655608
B0055,B0055_D0039,52.96960335290564,4C,4C_constant_2A_EOL,RF_full_150,4C,70.29241359854458,17.322810245638948,17.322810245638948
B0055,B0055_D0040,53.712565707123616,4C,4C_constant_2A_EOL,RF_full_150,4C,69.42773905200198,15.715173344878366,15.715173344878366
B0055,B0055_D0041,52.02807367065751,4C,4C_constant_2A_EOL,RF_full_150,4C,70.4426334421567,18.414559771499192,18.414559771499192
B0055,B0055_D0042,52.87828267662448,4C,4C_constant_2A_EOL,RF_full_150,4C,69.4766909659901,16.598408289365622,16.598408289365622
B0055,B0055_D0043,54.91764485457311,4C,4C_constant_2A_EOL,RF_full_150,4C,76.93212809950421,22.0144832449311,22.0144832449311
B0055,B0055_D0044,55.48794968698685,4C,4C_constant_2A_EOL,RF_full_150,4C,70.36958711622397,14.881637429237117,14.881637429237117
B0055,B0055_D0045,53.96657889603436,4C,4C_constant_2A_EOL,RF_full_150,4C,74.09367587123238,20.127096975198015,20.127096975198015
B0055,B0055_D0046,53.58079547378074,4C,4C_constant_2A_EOL,RF_full_150,4C,69.3693321388412,15.788536665060462,15.788536665060462
B0055,B0055_D0047,53.73232105509898,4C,4C_constant_2A_EOL,RF_full_150,4C,70.46624709058625,16.733926035487272,16.733926035487272
B0055,B0055_D0048,54.3218415325895,4C,4C_constant_2A_EOL,RF_full_150,4C,69.47257223141712,15.150730698827616,15.150730698827616
B0055,B0055_D0049,56.70069173693979,4C,4C_constant_2A_EOL,RF_full_150,4C,76.06299639151585,19.362304654576064,19.362304654576064
B0055,B0055_D0050,55.884823589757936,4C,4C_constant_2A_EOL,RF_full_150,4C,75.71496444570893,19.830140855950994,19.830140855950994
B0055,B0055_D0051,55.23234264822145,4C,4C_constant_2A_EOL,RF_full_150,4C,72.07067742974165,16.838334781520203,16.838334781520203
B0055,B0055_D0052,54.4850074203713,4C,4C_constant_2A_EOL,RF_full_150,4C,70.13972464500476,15.654717224633458,15.654717224633458
B0055,B0055_D0053,53.7766773769086,4C,4C_constant_2A_EOL,RF_full_150,4C,73.36112888070647,19.584451503797872,19.584451503797872
B0055,B0055_D0054,53.04933388072184,4C,4C_constant_2A_EOL,RF_full_150,4C,69.31740243492358,16.26806855420174,16.26806855420174
B0055,B0055_D0055,52.59109020807784,4C,4C_constant_2A_EOL,RF_full_150,4C,76.0983995943274,23.507309386249567,23.507309386249567
B0055,B0055_D0056,52.76928949066379,4C,4C_constant_2A_EOL,RF_full_150,4C,74.70213634050182,21.932846849838036,21.932846849838036
B0055,B0055_D0057,52.66551166845894,4C,4C_constant_2A_EOL,RF_full_150,4C,73.90360072816355,21.238089059704613,21.238089059704613
B0055,B0055_D0058,51.57682630042174,4C,4C_constant_2A_EOL,RF_full_150,4C,75.94216075746392,24.36533445704218,24.36533445704218
B0055,B0055_D0059,52.66700526629708,4C,4C_constant_2A_EOL,RF_full_150,4C,75.64463015967091,22.97762489337383,22.97762489337383
B0055,B0055_D0060,51.58938399405394,4C,4C_constant_2A_EOL,RF_full_150,4C,69.35750168926647,17.76811769521253,17.76811769521253
B0055,B0055_D0061,51.77103956078648,4C,4C_constant_2A_EOL,RF_full_150,4C,77.31480560381908,25.543766043032605,25.543766043032605
B0055,B0055_D0062,51.61125895655304,4C,4C_constant_2A_EOL,RF_full_150,4C,70.69454846048895,19.08328950393591,19.08328950393591
B0055,B0055_D0063,50.5771698651736,4C,4C_constant_2A_EOL,RF_full_150,4C,76.25862598946507,25.681456124291472,25.681456124291472
B0055,B0055_D0064,52.06880284075114,4C,4C_constant_2A_EOL,RF_full_150,4C,70.0730553739728,18.004252533221667,18.004252533221667
B0055,B0055_D0065,51.0870966934405,4C,4C_constant_2A_EOL,RF_full_150,4C,69.34075881055547,18.25366211711497,18.25366211711497
B0055,B0055_D0066,50.665677739846416,4C,4C_constant_2A_EOL,RF_full_150,4C,75.98898919707433,25.323311457227916,25.323311457227916
B0055,B0055_D0067,51.49971279813455,4C,4C_constant_2A_EOL,RF_full_150,4C,70.61703641259055,19.117323614455998,19.117323614455998
B0055,B0055_D0068,50.94674903907163,4C,4C_constant_2A_EOL,RF_full_150,4C,70.57075479400304,19.624005754931403,19.624005754931403
B0055,B0055_D0069,51.45439760427008,4C,4C_constant_2A_EOL,RF_full_150,4C,76.28320317679568,24.828805572525603,24.828805572525603
B0055,B0055_D0070,52.83814620950022,4C,4C_constant_2A_EOL,RF_full_150,4C,70.0478857999754,17.20973959047518,17.20973959047518
B0055,B0055_D0071,51.45834268158323,4C,4C_constant_2A_EOL,RF_full_150,4C,79.65545806990492,28.19711538832169,28.19711538832169
B0055,B0055_D0072,51.6064922245051,4C,4C_constant_2A_EOL,RF_full_150,4C,70.07535086627024,18.468858641765145,18.468858641765145
B0055,B0055_D0073,52.046151419756384,4C,4C_constant_2A_EOL,RF_full_150,4C,75.8982219794704,23.852070559714022,23.852070559714022
B0055,B0055_D0074,50.55805493834935,4C,4C_constant_2A_EOL,RF_full_150,4C,75.21139005532845,24.6533351169791,24.6533351169791
B0055,B0055_D0075,51.68938056455892,4C,4C_constant_2A_EOL,RF_full_150,4C,77.76523114420397,26.07585057964505,26.07585057964505
B0055,B0055_D0076,50.19971120101915,4C,4C_constant_2A_EOL,RF_full_150,4C,69.4312966183428,19.23158541732365,19.23158541732365
B0055,B0055_D0077,51.67097739977502,4C,4C_constant_2A_EOL,RF_full_150,4C,77.00407824408991,25.33310084431489,25.33310084431489
B0055,B0055_D0078,50.49468282058231,4C,4C_constant_2A_EOL,RF_full_150,4C,74.52330388738086,24.02862106679855,24.02862106679855
B0055,B0055_D0079,50.63131223970314,4C,4C_constant_2A_EOL,RF_full_150,4C,77.685738233673,27.054425993969865,27.054425993969865
B0055,B0055_D0080,49.74371027863847,4C,4C_constant_2A_EOL,RF_full_150,4C,69.31976596883065,19.576055690192184,19.576055690192184
B0055,B0055_D0081,51.20399778089666,4C,4C_constant_2A_EOL,RF_full_150,4C,76.22547401365496,25.021476232758303,25.021476232758303
B0055,B0055_D0082,51.044447550215146,4C,4C_constant_2A_EOL,RF_full_150,4C,76.66289680632939,25.61844925611424,25.61844925611424
B0055,B0055_D0083,50.805040797205706,4C,4C_constant_2A_EOL,RF_full_150,4C,70.67441843903015,19.869377641824443,19.869377641824443
B0055,B0055_D0084,49.93937672553138,4C,4C_constant_2A_EOL,RF_full_150,4C,69.37884954778897,19.439472822257592,19.439472822257592
B0055,B0055_D0085,50.79434147461892,4C,4C_constant_2A_EOL,RF_full_150,4C,76.03044269017188,25.236101215552964,25.236101215552964
B0055,B0055_D0086,49.81718758881297,4C,4C_constant_2A_EOL,RF_full_150,4C,69.38140216864622,19.564214579833248,19.564214579833248
B0055,B0055_D0087,50.268886907097645,4C,4C_constant_2A_EOL,RF_full_150,4C,77.07407664700156,26.805189739903916,26.805189739903916
B0055,B0055_D0088,50.45661455013955,4C,4C_constant_2A_EOL,RF_full_150,4C,77.54904444619957,27.092429896060025,27.092429896060025
B0055,B0055_D0089,49.922906203921016,4C,4C_constant_2A_EOL,RF_full_150,4C,74.6921571986321,24.769250994711086,24.769250994711086
B0055,B0055_D0090,54.461946620570686,4C,4C_constant_2A_EOL,RF_full_150,4C,70.14945704373933,15.687510423168646,15.687510423168646
B0055,B0055_D0091,53.96968015851762,4C,4C_constant_2A_EOL,RF_full_150,4C,79.43219354971644,25.462513391198826,25.462513391198826
B0055,B0055_D0092,51.6307147657112,4C,4C_constant_2A_EOL,RF_full_150,4C,72.87664910547916,21.245934339767963,21.245934339767963
B0055,B0055_D0093,52.4928632451332,4C,4C_constant_2A_EOL,RF_full_150,4C,77.16399920010262,24.671135954969422,24.671135954969422
B0055,B0055_D0094,52.26951348624282,4C,4C_constant_2A_EOL,RF_full_150,4C,75.6653048398739,23.395791353631076,23.395791353631076
B0055,B0055_D0095,50.00803868356757,4C,4C_constant_2A_EOL,RF_full_150,4C,76.48309590457357,26.475057221006004,26.475057221006004
B0055,B0055_D0096,50.42047393439078,4C,4C_constant_2A_EOL,RF_full_150,4C,78.80328527976604,28.382811345375266,28.382811345375266
B0055,B0055_D0097,50.18275790410195,4C,4C_constant_2A_EOL,RF_full_150,4C,69.2823750264009,19.09961712229895,19.09961712229895
B0055,B0055_D0098,51.426348382976606,4C,4C_constant_2A_EOL,RF_full_150,4C,71.92118490181349,20.494836518836884,20.494836518836884
B0055,B0055_D0099,49.08422179493511,4C,4C_constant_2A_EOL,RF_full_150,4C,69.66408464067423,20.57986284573912,20.57986284573912
B0055,B0055_D0100,50.63560717085566,4C,4C_constant_2A_EOL,RF_full_150,4C,73.42325771554889,22.78765054469323,22.78765054469323
B0055,B0055_D0101,51.00689998074628,4C,4C_constant_2A_EOL,RF_full_150,4C,77.25008533785964,26.24318535711336,26.24318535711336
B0055,B0055_D0102,49.53795831686582,4C,4C_constant_2A_EOL,RF_full_150,4C,70.21197909811596,20.674020781250142,20.674020781250142
B0056,B0056_D0002,67.21777776508684,4C,4C_constant_2A_EOL,RF_full_150,4C,62.54497929686073,-4.672798468226105,4.672798468226105
B0056,B0056_D0003,65.87513553673759,4C,4C_constant_2A_EOL,RF_full_150,4C,66.66774555116564,0.7926100144280497,0.7926100144280497
B0056,B0056_D0004,64.86827339738456,4C,4C_constant_2A_EOL,RF_full_150,4C,65.8686434488077,1.0003700514231468,1.0003700514231468
B0056,B0056_D0005,63.1980207427449,4C,4C_constant_2A_EOL,RF_full_150,4C,71.50282880255884,8.304808059813936,8.304808059813936
B0056,B0056_D0006,62.94748093516069,4C,4C_constant_2A_EOL,RF_full_150,4C,66.24567539130231,3.2981944561416228,3.2981944561416228
B0056,B0056_D0007,64.030988451013,4C,4C_constant_2A_EOL,RF_full_150,4C,67.63460816108159,3.6036197100685854,3.6036197100685854
B0056,B0056_D0008,62.863934343035474,4C,4C_constant_2A_EOL,RF_full_150,4C,72.30716088183549,9.443226538800012,9.443226538800012
B0056,B0056_D0009,61.131300205244486,4C,4C_constant_2A_EOL,RF_full_150,4C,66.99772362330552,5.866423418061032,5.866423418061032
B0056,B0056_D0010,61.46386124628748,4C,4C_constant_2A_EOL,RF_full_150,4C,71.73467944958193,10.270818203294453,10.270818203294453
B0056,B0056_D0011,61.37890067844728,4C,4C_constant_2A_EOL,RF_full_150,4C,67.3813148339952,6.002414155547925,6.002414155547925
B0056,B0056_D0012,60.66936444148384,4C,4C_constant_2A_EOL,RF_full_150,4C,69.36999123698905,8.700626795505208,8.700626795505208
B0056,B0056_D0013,61.51118072465405,4C,4C_constant_2A_EOL,RF_full_150,4C,67.01274415410522,5.501563429451174,5.501563429451174
B0056,B0056_D0014,59.6376505423134,4C,4C_constant_2A_EOL,RF_full_150,4C,73.26188771185554,13.624237169542134,13.624237169542134
B0056,B0056_D0015,59.335533179939006,4C,4C_constant_2A_EOL,RF_full_150,4C,68.50656051458964,9.171027334650631,9.171027334650631
B0056,B0056_D0016,59.57437570121083,4C,4C_constant_2A_EOL,RF_full_150,4C,74.26752547590917,14.693149774698334,14.693149774698334
B0056,B0056_D0017,60.7089303008908,4C,4C_constant_2A_EOL,RF_full_150,4C,67.45619933917924,6.747269038288437,6.747269038288437
B0056,B0056_D0018,60.47193779360701,4C,4C_constant_2A_EOL,RF_full_150,4C,73.31552450591006,12.84358671230305,12.84358671230305
B0056,B0056_D0019,60.353614997016045,4C,4C_constant_2A_EOL,RF_full_150,4C,69.00471336588312,8.651098368867075,8.651098368867075
B0056,B0056_D0020,58.14806246959565,4C,4C_constant_2A_EOL,RF_full_150,4C,73.90407366238317,15.756011192787518,15.756011192787518
B0056,B0056_D0021,58.94398435295199,4C,4C_constant_2A_EOL,RF_full_150,4C,72.62369684039379,13.679712487441797,13.679712487441797
B0056,B0056_D0022,64.72552073022216,4C,4C_constant_2A_EOL,RF_full_150,4C,75.91668307432228,11.191162344100121,11.191162344100121
B0056,B0056_D0023,63.01283781501736,4C,4C_constant_2A_EOL,RF_full_150,4C,68.98098194420722,5.968144129189852,5.968144129189852
B0056,B0056_D0024,62.04360645782554,4C,4C_constant_2A_EOL,RF_full_150,4C,68.9902648993394,6.946658441513854,6.946658441513854
B0056,B0056_D0025,62.60986701365565,4C,4C_constant_2A_EOL,RF_full_150,4C,75.76768304026767,13.157816026612018,13.157816026612018
B0056,B0056_D0026,61.39512850238692,4C,4C_constant_2A_EOL,RF_full_150,4C,69.67040872439598,8.275280222009066,8.275280222009066
B0056,B0056_D0027,59.58585154473497,4C,4C_constant_2A_EOL,RF_full_150,4C,74.08679101316471,14.500939468429742,14.500939468429742
B0056,B0056_D0028,59.29285120005503,4C,4C_constant_2A_EOL,RF_full_150,4C,74.917698833366,15.62484763331097,15.62484763331097
B0056,B0056_D0029,59.20469143305714,4C,4C_constant_2A_EOL,RF_full_150,4C,75.4319905230268,16.227299089969655,16.227299089969655
B0056,B0056_D0030,60.299145679588285,4C,4C_constant_2A_EOL,RF_full_150,4C,68.93903881501626,8.639893135427975,8.639893135427975
B0056,B0056_D0031,58.271424683969656,4C,4C_constant_2A_EOL,RF_full_150,4C,75.8223931749493,17.550968490979642,17.550968490979642
B0056,B0056_D0032,58.95030306596929,4C,4C_constant_2A_EOL,RF_full_150,4C,75.40385697452302,16.453553908553737,16.453553908553737
B0056,B0056_D0033,60.06556873591576,4C,4C_constant_2A_EOL,RF_full_150,4C,69.37071757139186,9.305148835476103,9.305148835476103
B0056,B0056_D0034,58.27989016587159,4C,4C_constant_2A_EOL,RF_full_150,4C,74.81580679525648,16.535916629384886,16.535916629384886
B0056,B0056_D0035,59.015166752750105,4C,4C_constant_2A_EOL,RF_full_150,4C,69.09257363880361,10.07740688605351,10.07740688605351
B0056,B0056_D0036,58.29067094847523,4C,4C_constant_2A_EOL,RF_full_150,4C,74.96601594374212,16.67534499526689,16.67534499526689
B0056,B0056_D0037,58.8198025788688,4C,4C_constant_2A_EOL,RF_full_150,4C,69.25226885277523,10.432466273906428,10.432466273906428
B0056,B0056_D0038,57.29162756470383,4C,4C_constant_2A_EOL,RF_full_150,4C,70.2978637154636,13.006236150759776,13.006236150759776
B0056,B0056_D0039,58.3778879990148,4C,4C_constant_2A_EOL,RF_full_150,4C,69.51728663242322,11.139398633408419,11.139398633408419
B0056,B0056_D0040,57.28183273559579,4C,4C_constant_2A_EOL,RF_full_150,4C,75.89060360969768,18.608770874101886,18.608770874101886
B0056,B0056_D0041,57.21833501412223,4C,4C_constant_2A_EOL,RF_full_150,4C,69.27572463856549,12.05738962444326,12.05738962444326
B0056,B0056_D0042,58.02588843194047,4C,4C_constant_2A_EOL,RF_full_150,4C,68.94344520479338,10.917556772852905,10.917556772852905
B0056,B0056_D0043,61.360065213012405,4C,4C_constant_2A_EOL,RF_full_150,4C,74.63271677695265,13.272651563940244,13.272651563940244
B0056,B0056_D0044,62.273986010227375,4C,4C_constant_2A_EOL,RF_full_150,4C,69.5048785802758,7.230892570048425,7.230892570048425
B0056,B0056_D0045,58.61144424518614,4C,4C_constant_2A_EOL,RF_full_150,4C,75.14162669396786,16.530182448781723,16.530182448781723
B0056,B0056_D0046,59.76757499972478,4C,4C_constant_2A_EOL,RF_full_150,4C,68.98755586415811,9.219980864433332,9.219980864433332
B0056,B0056_D0047,59.59757358101962,4C,4C_constant_2A_EOL,RF_full_150,4C,68.9834028624324,9.385829281412782,9.385829281412782
B0056,B0056_D0048,61.48111832626293,4C,4C_constant_2A_EOL,RF_full_150,4C,69.71505356419345,8.233935237930524,8.233935237930524
B0056,B0056_D0049,63.87259709698494,4C,4C_constant_2A_EOL,RF_full_150,4C,75.33949212832306,11.466895031338119,11.466895031338119
B0056,B0056_D0050,62.16939875834292,4C,4C_constant_2A_EOL,RF_full_150,4C,75.95680226170059,13.787403503357666,13.787403503357666
B0056,B0056_D0051,61.5401271456296,4C,4C_constant_2A_EOL,RF_full_150,4C,69.3148023951132,7.774675249483607,7.774675249483607
B0056,B0056_D0052,60.81179267047332,4C,4C_constant_2A_EOL,RF_full_150,4C,69.29383707805883,8.482044407585512,8.482044407585512
B0056,B0056_D0053,60.44167863249774,4C,4C_constant_2A_EOL,RF_full_150,4C,75.669182725577,15.227504093079261,15.227504093079261
B0056,B0056_D0054,59.73090581120179,4C,4C_constant_2A_EOL,RF_full_150,4C,68.89367797846897,9.162772167267185,9.162772167267185
B0056,B0056_D0055,58.67124067397496,4C,4C_constant_2A_EOL,RF_full_150,4C,74.63853015279074,15.967289478815779,15.967289478815779
B0056,B0056_D0056,57.02298152956564,4C,4C_constant_2A_EOL,RF_full_150,4C,74.47211839377538,17.449136864209734,17.449136864209734
B0056,B0056_D0057,59.10858203422994,4C,4C_constant_2A_EOL,RF_full_150,4C,76.47777769119237,17.369195656962432,17.369195656962432
B0056,B0056_D0058,57.40331691027587,4C,4C_constant_2A_EOL,RF_full_150,4C,74.66098196402795,17.257665053752085,17.257665053752085
B0056,B0056_D0059,59.12690967517076,4C,4C_constant_2A_EOL,RF_full_150,4C,75.89236316464964,16.76545348947888,16.76545348947888
B0056,B0056_D0060,57.760464314233,4C,4C_constant_2A_EOL,RF_full_150,4C,68.87352905655514,11.113064742322145,11.113064742322145
B0056,B0056_D0061,56.08408356335848,4C,4C_constant_2A_EOL,RF_full_150,4C,70.63215027617609,14.548066712817608,14.548066712817608
B0056,B0056_D0062,58.13331312807285,4C,4C_constant_2A_EOL,RF_full_150,4C,74.19118323640662,16.057870108333766,16.057870108333766
B0056,B0056_D0063,56.23478078724629,4C,4C_constant_2A_EOL,RF_full_150,4C,75.6911058872225,19.45632509997622,19.45632509997622
B0056,B0056_D0064,58.32088974398965,4C,4C_constant_2A_EOL,RF_full_150,4C,75.18441080171657,16.863521057726913,16.863521057726913
B0056,B0056_D0065,56.73372578189731,4C,4C_constant_2A_EOL,RF_full_150,4C,68.53953090010178,11.805805118204468,11.805805118204468
B0056,B0056_D0066,55.06115658546378,4C,4C_constant_2A_EOL,RF_full_150,4C,76.36935528486724,21.308198699403462,21.308198699403462
B0056,B0056_D0067,57.80366974236416,4C,4C_constant_2A_EOL,RF_full_150,4C,75.51845774641585,17.71478800405169,17.71478800405169
B0056,B0056_D0068,56.92804949382001,4C,4C_constant_2A_EOL,RF_full_150,4C,73.15721046270005,16.229160968880038,16.229160968880038
B0056,B0056_D0069,58.78632724386853,4C,4C_constant_2A_EOL,RF_full_150,4C,75.8758127044686,17.089485460600073,17.089485460600073
B0056,B0056_D0070,59.84692816226278,4C,4C_constant_2A_EOL,RF_full_150,4C,69.32181403254265,9.47488587027987,9.47488587027987
B0056,B0056_D0071,56.33728994363133,4C,4C_constant_2A_EOL,RF_full_150,4C,72.38258371540125,16.04529377176992,16.04529377176992
B0056,B0056_D0072,58.00515684279765,4C,4C_constant_2A_EOL,RF_full_150,4C,68.9862881614929,10.98113131869524,10.98113131869524
B0056,B0056_D0073,56.807293648451385,4C,4C_constant_2A_EOL,RF_full_150,4C,75.88338286276128,19.076089214309896,19.076089214309896
B0056,B0056_D0074,56.98626947130938,4C,4C_constant_2A_EOL,RF_full_150,4C,75.78759156903791,18.801322097728537,18.801322097728537
B0056,B0056_D0075,57.80005012383788,4C,4C_constant_2A_EOL,RF_full_150,4C,76.76880645306017,18.968756329222288,18.968756329222288
B0056,B0056_D0076,56.34093095134175,4C,4C_constant_2A_EOL,RF_full_150,4C,68.62003806559282,12.279107114251076,12.279107114251076
B0056,B0056_D0077,55.8344177840197,4C,4C_constant_2A_EOL,RF_full_150,4C,76.39245576290602,20.558037978886325,20.558037978886325
B0056,B0056_D0078,56.65306598833423,4C,4C_constant_2A_EOL,RF_full_150,4C,74.15889604863055,17.505830060296326,17.505830060296326
B0056,B0056_D0079,54.46919948997986,4C,4C_constant_2A_EOL,RF_full_150,4C,76.46980754608016,22.000608056100305,22.000608056100305
B0056,B0056_D0080,55.60418229629684,4C,4C_constant_2A_EOL,RF_full_150,4C,68.99446800868542,13.390285712388575,13.390285712388575
B0056,B0056_D0081,56.39975127324168,4C,4C_constant_2A_EOL,RF_full_150,4C,75.89158906648376,19.491837793242084,19.491837793242084
B0056,B0056_D0082,56.93387282512089,4C,4C_constant_2A_EOL,RF_full_150,4C,76.19092315506441,19.257050329943517,19.257050329943517
B0056,B0056_D0083,56.355684811003215,4C,4C_constant_2A_EOL,RF_full_150,4C,75.71166462871562,19.35597981771241,19.35597981771241
B0056,B0056_D0084,55.507544348268745,4C,4C_constant_2A_EOL,RF_full_150,4C,73.37448683150849,17.866942483239747,17.866942483239747
B0056,B0056_D0085,56.72316130211232,4C,4C_constant_2A_EOL,RF_full_150,4C,76.3861525093425,19.662991207230178,19.662991207230178
B0056,B0056_D0086,55.42293781514315,4C,4C_constant_2A_EOL,RF_full_150,4C,68.98436329125478,13.56142547611163,13.56142547611163
B0056,B0056_D0087,53.84110435107422,4C,4C_constant_2A_EOL,RF_full_150,4C,75.65992679424971,21.818822443175492,21.818822443175492
B0056,B0056_D0088,56.419910645990846,4C,4C_constant_2A_EOL,RF_full_150,4C,76.13242211505282,19.712511469061972,19.712511469061972
B0056,B0056_D0089,55.33175173265684,4C,4C_constant_2A_EOL,RF_full_150,4C,73.537094240706,18.205342508049156,18.205342508049156
B0056,B0056_D0090,63.58045361086595,4C,4C_constant_2A_EOL,RF_full_150,4C,73.8455024805965,10.265048869730542,10.265048869730542
B0056,B0056_D0091,62.07883587688984,4C,4C_constant_2A_EOL,RF_full_150,4C,79.5923329511207,17.513497074230855,17.513497074230855
B0056,B0056_D0092,58.7326452211407,4C,4C_constant_2A_EOL,RF_full_150,4C,73.30648033427778,14.57383511313708,14.57383511313708
B0056,B0056_D0093,59.94694942593881,4C,4C_constant_2A_EOL,RF_full_150,4C,78.07268350303565,18.125734077096837,18.125734077096837
B0056,B0056_D0094,57.30699482594282,4C,4C_constant_2A_EOL,RF_full_150,4C,77.06427222594898,19.75727740000616,19.75727740000616
B0056,B0056_D0095,56.461218933594246,4C,4C_constant_2A_EOL,RF_full_150,4C,76.16276542218272,19.70154648858847,19.70154648858847
B0056,B0056_D0096,55.51716444009956,4C,4C_constant_2A_EOL,RF_full_150,4C,72.08268490381522,16.565520463715657,16.565520463715657
B0056,B0056_D0097,57.69547364487375,4C,4C_constant_2A_EOL,RF_full_150,4C,69.33012372369305,11.634650078819298,11.634650078819298
B0056,B0056_D0098,56.51095727670069,4C,4C_constant_2A_EOL,RF_full_150,4C,76.81560380604152,20.304646529340836,20.304646529340836
B0056,B0056_D0099,56.29359704017048,4C,4C_constant_2A_EOL,RF_full_150,4C,69.20815950525575,12.914562465085268,12.914562465085268
B0056,B0056_D0100,57.15054141960484,4C,4C_constant_2A_EOL,RF_full_150,4C,75.40643202837462,18.255890608769782,18.255890608769782
B0056,B0056_D0101,56.86365887655146,4C,4C_constant_2A_EOL,RF_full_150,4C,74.95646186647511,18.092802989923648,18.092802989923648
B0056,B0056_D0102,56.45295068889752,4C,4C_constant_2A_EOL,RF_full_150,4C,69.21665687152021,12.763706182622691,12.763706182622691
