battery_id,cycle_uid,discharge_cycle,soh_rated_pct,duration_s,active_time_s,target_decision_time_s,decision_time_s,decision_delay_beyond_target_s,window_start_s,window_end_s,raw_inside_count,interpolated_grid_fraction,future_support_s,extra_history_s
B0005,B0005_D0001,1,92.82437104090783,10,35.702999999999996,50.702999999999996,53.781,3.078000000000003,43.781,53.781,1,0.9090909090909091,0.0,8.078000000000003
B0005,B0005_D0002,2,92.31636248599636,10,35.703,50.703,53.828,3.125,43.828,53.828,1,0.9090909090909091,0.0,8.125
B0005,B0005_D0003,3,91.7674597111704,10,35.766,50.766,53.891,3.125,43.891,53.891,1,0.9090909090909091,0.0,8.125
B0005,B0005_D0004,4,91.76312637910564,10,35.75,50.75,53.813,3.0630000000000024,43.813,53.813,1,0.9090909090909091,0.0,8.063000000000002
B0005,B0005_D0005,5,91.73227541060209,10,35.656000000000006,50.656000000000006,53.859,3.202999999999996,43.859,53.859,1,0.9090909090909091,0.0,8.202999999999996
B0005,B0005_D0006,6,91.78308300337748,10,35.703,50.703,53.906,3.202999999999996,43.906,53.906,1,0.9090909090909091,0.0,8.202999999999996
B0005,B0005_D0007,7,91.75730714613302,10,35.562,50.562,53.687,3.125,43.687,53.687,1,0.9090909090909091,0.0,8.125
B0005,B0005_D0008,8,91.28783952832768,10,35.578,50.578,53.844,3.2659999999999982,43.844,53.844,1,0.9090909090909091,0.0,8.265999999999998
B0005,B0005_D0009,9,91.23869264945668,10,35.578,50.578,53.719,3.1409999999999982,43.719,53.719,1,0.9090909090909091,0.0,8.140999999999998
B0005,B0005_D0010,10,91.2306634248468,10,35.563,50.563,53.735,3.171999999999997,43.735,53.735,1,0.9090909090909091,0.0,8.171999999999997
B0005,B0005_D0011,11,91.23097763432251,10,35.594,50.594,53.844,3.25,43.844,53.844,1,0.9090909090909091,0.0,8.25
B0005,B0005_D0012,12,90.7100967883696,10,35.735,50.735,53.922,3.1869999999999976,43.922,53.922,1,0.9090909090909091,0.0,8.186999999999998
B0005,B0005_D0013,13,90.68760788774524,10,35.656,50.656,53.843999999999994,3.1879999999999953,43.843999999999994,53.843999999999994,1,0.9090909090909091,0.0,8.187999999999995
B0005,B0005_D0014,14,90.67202457367912,10,35.594,50.594,53.75,3.155999999999999,43.75,53.75,1,0.9090909090909091,0.0,8.155999999999999
B0005,B0005_D0015,15,90.12990018153252,10,35.641000000000005,50.641000000000005,53.969,3.327999999999996,43.969,53.969,1,0.9090909090909091,0.0,8.327999999999996
B0005,B0005_D0016,16,90.10534501230752,10,35.782,50.782,54.0,3.2180000000000035,44.0,54.0,1,0.9090909090909091,0.0,8.218000000000004
B0005,B0005_D0017,17,90.12897504131044,10,35.672000000000004,50.672000000000004,53.797,3.124999999999993,43.797,53.797,1,0.9090909090909091,0.0,8.124999999999993
B0005,B0005_D0018,18,90.15341571417048,10,35.656000000000006,50.656000000000006,53.781,3.124999999999993,43.781,53.781,1,0.9090909090909091,0.0,8.124999999999993
B0005,B0005_D0019,19,90.1388812359802,10,35.641000000000005,50.641000000000005,53.906000000000006,3.2650000000000006,43.906000000000006,53.906000000000006,1,0.9090909090909091,0.0,8.265
B0005,B0005_D0020,20,92.35129974664598,10,35.625,50.625,53.875,3.25,43.875,53.875,1,0.9090909090909091,0.0,8.25
B0005,B0005_D0021,21,92.3708655641822,10,35.703,50.703,53.797,3.093999999999994,43.797,53.797,1,0.9090909090909091,0.0,8.093999999999994
B0005,B0005_D0022,22,91.80887106739472,10,35.672,50.672,53.891,3.219000000000001,43.891,53.891,1,0.9090909090909091,0.0,8.219000000000001
B0005,B0005_D0023,23,91.2890373788812,10,35.703,50.703,53.907,3.2039999999999935,43.907,53.907,1,0.9090909090909091,0.0,8.203999999999994
B0005,B0005_D0024,24,91.25568217539184,10,35.594,50.594,53.844,3.25,43.844,53.844,1,0.9090909090909091,0.0,8.25
B0005,B0005_D0025,25,91.2790752110188,10,35.719,50.719,53.875,3.155999999999999,43.875,53.875,1,0.9090909090909091,0.0,8.155999999999999
B0005,B0005_D0026,26,90.70155637541954,10,35.688,50.688,53.766,3.077999999999996,43.766,53.766,1,0.9090909090909091,0.0,8.077999999999996
B0005,B0005_D0027,27,90.73845970579468,10,35.625,50.625,53.656,3.030999999999999,43.656,53.656,1,0.9090909090909091,0.0,8.030999999999999
B0005,B0005_D0028,28,90.6984694355176,10,35.594,50.594,53.734,3.1400000000000006,43.734,53.734,1,0.9090909090909091,0.0,8.14
B0005,B0005_D0029,29,90.13828325839116,10,35.625,50.625,53.859,3.2340000000000018,43.859,53.859,1,0.9090909090909091,0.0,8.234000000000002
B0005,B0005_D0030,30,90.2038520058676,10,35.625,50.625,53.843999999999994,3.218999999999994,43.843999999999994,53.843999999999994,1,0.9090909090909091,0.0,8.218999999999994
B0005,B0005_D0031,31,92.59012758352245,10,19.578,34.578,38.265,3.6869999999999976,28.265,38.265,2,0.9090909090909091,0.0,8.687000000000001
B0005,B0005_D0032,32,91.53519228369714,10,19.561999999999998,34.562,38.312,3.75,28.311999999999998,38.312,2,0.9090909090909091,0.0,8.75
B0005,B0005_D0033,33,90.99520544750636,10,19.656,34.656,38.453,3.797000000000004,28.453000000000003,38.453,2,0.9090909090909091,0.0,8.797000000000004
B0005,B0005_D0034,34,90.4653981851426,10,19.546999999999997,34.547,38.281,3.7340000000000018,28.281,38.281,2,0.9090909090909091,0.0,8.734000000000002
B0005,B0005_D0035,35,90.230495229026,10,19.625,34.625,38.344,3.719000000000001,28.344,38.344,2,0.9090909090909091,0.0,8.719000000000001
B0005,B0005_D0036,36,89.96885325986096,10,19.563000000000002,34.563,38.344,3.780999999999999,28.344,38.344,2,0.9090909090909091,0.0,8.780999999999999
B0005,B0005_D0037,37,89.42216167685231,10,19.469,34.469,38.188,3.719000000000001,28.188000000000002,38.188,2,0.9090909090909091,0.0,8.719000000000001
B0005,B0005_D0038,38,89.14615242126362,10,19.485,34.485,38.188,3.703000000000003,28.188000000000002,38.188,2,0.9090909090909091,0.0,8.703000000000003
B0005,B0005_D0039,39,88.65168579009143,10,19.484,34.484,38.281,3.796999999999997,28.281,38.281,2,0.9090909090909091,0.0,8.796999999999997
B0005,B0005_D0040,40,88.65188775394685,10,19.609,34.609,38.359,3.75,28.359,38.359,2,0.9090909090909091,0.0,8.75
B0005,B0005_D0041,41,88.39360553331026,10,19.563000000000002,34.563,38.219,3.655999999999999,28.219,38.219,2,0.9090909090909091,0.0,8.655999999999999
B0005,B0005_D0042,42,88.11575352046545,10,19.515,34.515,38.187,3.671999999999997,28.186999999999998,38.187,2,0.9090909090909091,0.0,8.671999999999997
B0005,B0005_D0043,43,88.38086462469224,10,35.516,50.516,53.5,2.9840000000000018,43.5,53.5,1,0.9090909090909091,0.0,7.984000000000002
B0005,B0005_D0044,44,88.13341798715734,10,19.484,34.484,38.14,3.655999999999999,28.14,38.14,2,0.9090909090909091,0.0,8.655999999999999
B0005,B0005_D0045,45,87.58652435332071,10,19.484,34.484,38.312000000000005,3.828000000000003,28.312000000000005,38.312000000000005,2,0.9090909090909091,0.0,8.828000000000003
B0005,B0005_D0046,46,87.09248023980004,10,19.561999999999998,34.562,38.25,3.6880000000000024,28.25,38.25,2,0.9090909090909091,0.0,8.688000000000002
B0005,B0005_D0047,47,86.8045675592357,10,19.5,34.5,38.25,3.75,28.25,38.25,2,0.9090909090909091,0.0,8.75
B0005,B0005_D0048,48,89.68120074286804,10,19.625,34.625,38.281,3.655999999999999,28.281,38.281,2,0.9090909090909091,0.0,8.655999999999999
B0005,B0005_D0049,49,89.15945111636638,10,19.546999999999997,34.547,38.218999999999994,3.671999999999997,28.218999999999994,38.218999999999994,2,0.9090909090909091,0.0,8.671999999999997
B0005,B0005_D0050,50,88.36821038139479,10,19.61,34.61,38.36,3.75,28.36,38.36,2,0.9090909090909091,0.0,8.75
B0005,B0005_D0051,51,87.85088925176532,10,19.641,34.641,38.375,3.7340000000000018,28.375,38.375,2,0.9090909090909091,0.0,8.734000000000002
B0005,B0005_D0052,52,87.34353089918953,10,19.578,34.578,38.375,3.796999999999997,28.375,38.375,2,0.9090909090909091,0.0,8.797
B0005,B0005_D0053,53,87.08586253728572,10,19.5,34.5,38.234,3.7340000000000018,28.234,38.234,2,0.9090909090909091,0.0,8.734000000000002
B0005,B0005_D0054,54,86.82112528239094,10,19.531,34.531,38.203,3.672000000000004,28.203000000000003,38.203,2,0.9090909090909091,0.0,8.672000000000004
B0005,B0005_D0055,55,86.31608619617913,10,19.641,34.641,38.391,3.75,28.391,38.391,2,0.9090909090909091,0.0,8.75
B0005,B0005_D0056,56,85.79032694665067,10,19.531,34.531,38.217999999999996,3.6869999999999976,28.217999999999996,38.217999999999996,2,0.9090909090909091,0.0,8.686999999999998
B0005,B0005_D0057,57,85.52666755675959,10,19.500000000000004,34.5,38.235,3.7349999999999994,28.235,38.235,2,0.9090909090909091,0.0,8.734999999999996
B0005,B0005_D0058,58,85.30072498242605,10,19.64,34.64,38.375,3.7349999999999994,28.375,38.375,2,0.9090909090909091,0.0,8.735
B0005,B0005_D0059,59,85.01555136321294,10,19.5,34.5,38.218,3.7180000000000035,28.218000000000004,38.218,2,0.9090909090909091,0.0,8.718000000000004
B0005,B0005_D0060,60,84.72899300898948,10,19.578000000000003,34.578,38.359,3.780999999999999,28.359,38.359,2,0.9090909090909091,0.0,8.780999999999999
B0005,B0005_D0061,61,84.24514543304643,10,19.546999999999997,34.547,38.266,3.719000000000001,28.266,38.266,2,0.9090909090909091,0.0,8.719000000000001
B0005,B0005_D0062,62,83.72370795579857,10,19.594,34.594,38.391,3.796999999999997,28.391,38.391,2,0.9090909090909091,0.0,8.796999999999997
B0005,B0005_D0063,63,83.72846239939551,10,19.5,34.5,38.297,3.796999999999997,28.296999999999997,38.297,2,0.9090909090909091,0.0,8.796999999999997
B0005,B0005_D0064,64,83.18581879907026,10,19.656000000000006,34.656000000000006,38.375,3.718999999999994,28.375,38.375,2,0.9090909090909091,0.0,8.718999999999994
B0005,B0005_D0065,65,82.9506934374123,10,19.469,34.469,38.188,3.719000000000001,28.188000000000002,38.188,2,0.9090909090909091,0.0,8.719000000000001
B0005,B0005_D0066,66,82.69270286667508,10,19.61,34.61,38.36,3.75,28.36,38.36,2,0.9090909090909091,0.0,8.75
B0005,B0005_D0067,67,82.13268910650655,10,19.61,34.61,38.313,3.703000000000003,28.313000000000002,38.313,2,0.9090909090909091,0.0,8.703000000000003
B0005,B0005_D0068,68,81.89289215111849,10,19.609,34.609,38.437,3.827999999999996,28.436999999999998,38.437,2,0.9090909090909091,0.0,8.827999999999996
B0005,B0005_D0069,69,81.63675203549555,10,19.625,34.625,38.375,3.75,28.375,38.375,2,0.9090909090909091,0.0,8.75
B0005,B0005_D0070,70,81.38764457766808,10,19.531,34.531,38.344,3.8130000000000024,28.344,38.344,2,0.9090909090909091,0.0,8.813000000000002
B0005,B0005_D0071,71,81.10627427605796,10,19.547,34.547,38.219,3.672000000000004,28.219,38.219,2,0.9090909090909091,0.0,8.672
B0005,B0005_D0072,72,80.56628301882924,10,19.532000000000004,34.532000000000004,38.235,3.702999999999996,28.235,38.235,2,0.9090909090909091,0.0,8.702999999999996
B0005,B0005_D0073,73,80.32815698744193,10,19.5,34.5,38.25,3.75,28.25,38.25,2,0.9090909090909091,0.0,8.75
B0005,B0005_D0074,74,80.07571116958798,10,19.594,34.594,38.312,3.7179999999999964,28.311999999999998,38.312,2,0.9090909090909091,0.0,8.717999999999996
B0005,B0005_D0075,75,79.5184615700164,10,19.625000000000004,34.625,38.422,3.796999999999997,28.421999999999997,38.422,2,0.9090909090909091,0.0,8.796999999999993
B0005,B0005_D0076,76,79.28944984121105,10,19.468000000000004,34.468,38.14,3.671999999999997,28.14,38.14,2,0.9090909090909091,0.0,8.671999999999997
B0005,B0005_D0077,77,79.24715353687058,10,19.485,34.485,38.219,3.7340000000000018,28.219,38.219,2,0.9090909090909091,0.0,8.734000000000002
B0005,B0005_D0078,78,79.77631946247968,10,19.5,34.5,38.218999999999994,3.718999999999994,28.218999999999994,38.218999999999994,2,0.9090909090909091,0.0,8.718999999999994
B0005,B0005_D0079,79,78.73650873900519,10,19.485,34.485,38.235,3.75,28.235,38.235,2,0.9090909090909091,0.0,8.75
B0005,B0005_D0080,80,78.24509975468973,10,19.547000000000004,34.547000000000004,38.25,3.702999999999996,28.25,38.25,2,0.9090909090909091,0.0,8.702999999999996
B0005,B0005_D0081,81,77.98829736685181,10,19.516,34.516,38.203,3.6870000000000047,28.203000000000003,38.203,2,0.9090909090909091,0.0,8.687000000000005
B0005,B0005_D0082,82,77.97407834092117,10,19.608999999999998,34.608999999999995,38.391000000000005,3.7820000000000107,28.391000000000005,38.391000000000005,2,0.9090909090909091,0.0,8.782000000000007
B0005,B0005_D0083,83,77.7344676795305,10,19.546999999999997,34.547,38.266,3.719000000000001,28.266,38.266,2,0.9090909090909091,0.0,8.719000000000001
B0005,B0005_D0084,84,77.44370539945209,10,19.516000000000005,34.516000000000005,38.313,3.796999999999997,28.313000000000002,38.313,2,0.9090909090909091,0.0,8.796999999999997
B0005,B0005_D0085,85,76.9118299471279,10,19.484,34.484,38.25,3.7659999999999982,28.25,38.25,2,0.9090909090909091,0.0,8.765999999999998
B0005,B0005_D0086,86,76.39571291255139,10,19.578,34.578,38.313,3.7349999999999994,28.313000000000002,38.313,2,0.9090909090909091,0.0,8.735000000000003
B0005,B0005_D0087,87,76.42626314878223,10,19.531,34.531,38.265,3.7340000000000018,28.265,38.265,2,0.9090909090909091,0.0,8.734000000000002
B0005,B0005_D0088,88,76.1323662642189,10,19.515,34.515,38.219,3.7040000000000006,28.219,38.219,2,0.9090909090909091,0.0,8.704
B0005,B0005_D0089,89,75.87429969244934,10,19.484,34.484,38.156,3.671999999999997,28.156,38.156,2,0.9090909090909091,0.0,8.671999999999997
B0005,B0005_D0090,90,80.29094495653295,10,19.61,34.61,38.313,3.703000000000003,28.313000000000002,38.313,2,0.9090909090909091,0.0,8.703000000000003
B0005,B0005_D0091,91,78.19245723372212,10,19.547000000000004,34.547000000000004,38.375,3.827999999999996,28.375,38.375,2,0.9090909090909091,0.0,8.827999999999996
B0005,B0005_D0092,92,77.40457623883893,10,19.594,34.594,38.358999999999995,3.7649999999999935,28.358999999999995,38.358999999999995,2,0.9090909090909091,0.0,8.764999999999993
B0005,B0005_D0093,93,76.61877815934297,10,19.578000000000003,34.578,38.25,3.671999999999997,28.25,38.25,2,0.9090909090909091,0.0,8.671999999999997
B0005,B0005_D0094,94,76.34764134244853,10,19.500000000000004,34.5,38.203,3.703000000000003,28.203000000000003,38.203,2,0.9090909090909091,0.0,8.703
B0005,B0005_D0095,95,75.84786508568163,10,19.578000000000003,34.578,38.359,3.780999999999999,28.359,38.359,2,0.9090909090909091,0.0,8.780999999999999
B0005,B0005_D0096,96,75.59487980071346,10,19.500000000000004,34.5,38.343,3.8430000000000035,28.343000000000004,38.343,2,0.9090909090909091,0.0,8.843
B0005,B0005_D0097,97,75.32819480340552,10,19.483999999999995,34.483999999999995,38.203,3.7190000000000083,28.203000000000003,38.203,2,0.9090909090909091,0.0,8.719000000000008
B0005,B0005_D0098,98,75.07726763335681,10,19.547000000000004,34.547000000000004,38.297000000000004,3.75,28.297000000000004,38.297000000000004,2,0.9090909090909091,0.0,8.75
B0005,B0005_D0099,99,74.54222025200119,10,19.578000000000003,34.578,38.36,3.7819999999999965,28.36,38.36,2,0.9090909090909091,0.0,8.781999999999996
B0005,B0005_D0100,100,74.29341922806006,10,19.578000000000003,34.578,38.343,3.7650000000000006,28.343000000000004,38.343,2,0.9090909090909091,0.0,8.765
B0005,B0005_D0101,101,74.02068389880529,10,19.531,34.531,38.375,3.844000000000001,28.375,38.375,2,0.9090909090909091,0.0,8.844000000000001
B0005,B0005_D0102,102,73.76047934515816,10,19.608999999999998,34.608999999999995,38.297,3.6880000000000024,28.296999999999997,38.297,2,0.9090909090909091,0.0,8.687999999999999
B0005,B0005_D0103,103,74.29517994152012,10,19.531,34.531,38.36,3.8290000000000006,28.36,38.36,2,0.9090909090909091,0.0,8.829
B0005,B0005_D0104,104,74.80459149068348,10,19.516,34.516,38.235,3.719000000000001,28.235,38.235,2,0.9090909090909091,0.0,8.719000000000001
B0005,B0005_D0105,105,74.04002973464492,10,19.562999999999995,34.562999999999995,38.312999999999995,3.75,28.312999999999995,38.312999999999995,2,0.9090909090909091,0.0,8.75
B0005,B0005_D0106,106,73.48771634233412,10,19.531,34.531,38.25,3.719000000000001,28.25,38.25,2,0.9090909090909091,0.0,8.719000000000001
B0005,B0005_D0107,107,72.69506137422964,10,19.547,34.547,38.265,3.7180000000000035,28.265,38.265,2,0.9090909090909091,0.0,8.718
B0005,B0005_D0108,108,72.70731033617845,10,19.485,34.485,38.25,3.7650000000000006,28.25,38.25,2,0.9090909090909091,0.0,8.765
B0005,B0005_D0109,109,72.75118759533416,10,19.547000000000004,34.547000000000004,38.281000000000006,3.7340000000000018,28.281000000000006,38.281000000000006,2,0.9090909090909091,0.0,8.734000000000002
B0005,B0005_D0110,110,72.4521081880618,10,19.625,34.625,38.36000000000058,3.735000000000582,28.360000000000582,38.36000000000058,2,0.9090909090909091,0.0,8.735000000000582
B0005,B0005_D0111,111,71.93354685740283,10,19.579,34.579,38.329,3.75,28.329,38.329,2,0.9090909090909091,0.0,8.75
B0005,B0005_D0112,112,71.67227160784894,10,19.5,34.5,38.234,3.7340000000000018,28.234,38.234,2,0.9090909090909091,0.0,8.734000000000002
B0005,B0005_D0113,113,71.66979450419048,10,19.546999999999997,34.547,38.266000000000005,3.7190000000000083,28.266000000000005,38.266000000000005,2,0.9090909090909091,0.0,8.719000000000008
B0005,B0005_D0114,114,71.403243672388,10,19.546999999999997,34.547,38.281,3.7340000000000018,28.281,38.281,2,0.9090909090909091,0.0,8.734000000000002
B0005,B0005_D0115,115,71.14601590870593,10,19.608999999999998,34.608999999999995,38.391,3.7820000000000036,28.391,38.391,2,0.9090909090909091,0.0,8.782
B0005,B0005_D0116,116,70.8714516365654,10,19.561999999999998,34.562,38.218999999999994,3.6569999999999965,28.218999999999994,38.218999999999994,2,0.9090909090909091,0.0,8.656999999999996
B0005,B0005_D0117,117,70.6204614397223,10,19.594,34.594,38.313,3.719000000000001,28.313000000000002,38.313,2,0.9090909090909091,0.0,8.719000000000001
B0005,B0005_D0118,118,70.62893964700964,10,19.563000000000002,34.563,38.235,3.671999999999997,28.235,38.235,2,0.9090909090909091,0.0,8.671999999999997
B0005,B0005_D0119,119,70.37991865734948,10,19.531000000000002,34.531000000000006,38.203,3.671999999999997,28.203000000000003,38.203,2,0.9090909090909091,0.0,8.672
B0005,B0005_D0120,120,71.66960242610739,10,19.563000000000002,34.563,38.313,3.75,28.313000000000002,38.313,2,0.9090909090909091,0.0,8.75
B0005,B0005_D0121,121,71.91275088396453,10,19.531,34.531,38.234,3.703000000000003,28.234,38.234,2,0.9090909090909091,0.0,8.703000000000003
B0005,B0005_D0122,122,70.86773587242763,10,19.578000000000003,34.578,38.422,3.843999999999994,28.421999999999997,38.422,2,0.9090909090909091,0.0,8.843999999999994
B0005,B0005_D0123,123,70.34908318388216,10,19.485,34.485,38.266,3.780999999999999,28.266,38.266,2,0.9090909090909091,0.0,8.780999999999999
B0005,B0005_D0124,124,70.06018891793812,10,19.5,34.5,38.235,3.7349999999999994,28.235,38.235,2,0.9090909090909091,0.0,8.735
B0005,B0005_D0125,125,69.83504116363164,10,19.546999999999997,34.547,38.344,3.797000000000004,28.344,38.344,2,0.9090909090909091,0.0,8.797000000000004
B0005,B0005_D0126,126,69.5642394426363,10,19.610000000000003,34.61,38.343999999999994,3.7339999999999947,28.343999999999994,38.343999999999994,2,0.9090909090909091,0.0,8.733999999999991
B0005,B0005_D0127,127,69.31143838989175,10,19.579,34.579,38.282,3.702999999999996,28.281999999999996,38.282,2,0.9090909090909091,0.0,8.702999999999996
B0005,B0005_D0128,128,69.02183380987069,10,19.562,34.562,38.297,3.7349999999999994,28.296999999999997,38.297,2,0.9090909090909091,0.0,8.734999999999996
B0005,B0005_D0129,129,68.76182075128112,10,19.578000000000003,34.578,38.265,3.6869999999999976,28.265,38.265,2,0.9090909090909091,0.0,8.686999999999998
B0005,B0005_D0130,130,68.52564012447505,10,19.531000000000006,34.531000000000006,38.219,3.6879999999999953,28.219,38.219,2,0.9090909090909091,0.0,8.687999999999995
B0005,B0005_D0131,131,68.525427831352,10,19.578000000000003,34.578,38.328,3.75,28.328000000000003,38.328,2,0.9090909090909091,0.0,8.75
B0005,B0005_D0132,132,68.23677554340759,10,19.578000000000003,34.578,38.265,3.6869999999999976,28.265,38.265,2,0.9090909090909091,0.0,8.686999999999998
B0005,B0005_D0133,133,68.7696008447881,10,19.578000000000003,34.578,38.406,3.827999999999996,28.406,38.406,2,0.9090909090909091,0.0,8.827999999999996
B0005,B0005_D0134,134,69.30557575767696,10,19.64,34.64,38.359,3.719000000000001,28.359,38.359,2,0.9090909090909091,0.0,8.719000000000001
B0005,B0005_D0135,135,68.4925001791947,10,19.641,34.641,38.375,3.7340000000000018,28.375,38.375,2,0.9090909090909091,0.0,8.734000000000002
B0005,B0005_D0136,136,68.23913974630379,10,19.5,34.5,38.125,3.625,28.125,38.125,2,0.9090909090909091,0.0,8.625
B0005,B0005_D0137,137,67.71610233129982,10,19.483999999999995,34.483999999999995,38.156,3.672000000000004,28.156,38.156,2,0.9090909090909091,0.0,8.672000000000004
B0005,B0005_D0138,138,67.73208509189482,10,19.5,34.5,38.219,3.719000000000001,28.219,38.219,2,0.9090909090909091,0.0,8.719000000000001
B0005,B0005_D0139,139,67.73519606596204,10,19.484,34.484,38.25,3.7659999999999982,28.25,38.25,2,0.9090909090909091,0.0,8.765999999999998
B0005,B0005_D0140,140,67.4657498751729,10,19.594,34.594,38.344,3.75,28.344,38.344,2,0.9090909090909091,0.0,8.75
B0005,B0005_D0141,141,67.20945968985276,10,19.703000000000003,34.703,38.515,3.8119999999999976,28.515,38.515,2,0.9090909090909091,0.0,8.811999999999998
B0005,B0005_D0142,142,66.94956895347877,10,19.516,34.516,38.25,3.7340000000000018,28.25,38.25,2,0.9090909090909091,0.0,8.734000000000002
B0005,B0005_D0143,143,66.94572615103486,10,19.531,34.531,38.312,3.780999999999999,28.311999999999998,38.312,2,0.9090909090909091,0.0,8.780999999999999
B0005,B0005_D0144,144,66.70033379880827,10,19.546999999999997,34.547,38.312,3.7650000000000006,28.311999999999998,38.312,2,0.9090909090909091,0.0,8.765
B0005,B0005_D0145,145,66.43222154587457,10,19.563,34.563,38.266,3.702999999999996,28.266,38.266,2,0.9090909090909091,0.0,8.703
B0005,B0005_D0146,146,66.15854496138111,10,19.547000000000004,34.547000000000004,38.375,3.827999999999996,28.375,38.375,2,0.9090909090909091,0.0,8.827999999999996
B0005,B0005_D0147,147,65.90845794222598,10,19.546,34.546,38.281,3.7349999999999994,28.281,38.281,2,0.9090909090909091,0.0,8.735
B0005,B0005_D0148,148,65.92332218320168,10,19.531,34.531,38.25,3.719000000000001,28.25,38.25,2,0.9090909090909091,0.0,8.719000000000001
B0005,B0005_D0149,149,65.9146520051351,10,19.609,34.609,38.359,3.75,28.359,38.359,2,0.9090909090909091,0.0,8.75
B0005,B0005_D0150,150,66.19362111221339,10,19.592999999999996,34.592999999999996,38.312,3.719000000000001,28.311999999999998,38.312,2,0.9090909090909091,0.0,8.719000000000001
B0005,B0005_D0151,151,68.00608383277392,10,19.483999999999998,34.483999999999995,38.219,3.7350000000000065,28.219,38.219,2,0.9090909090909091,0.0,8.735000000000003
B0005,B0005_D0152,152,66.97653433973677,10,19.546,34.546,38.25,3.7040000000000006,28.25,38.25,2,0.9090909090909091,0.0,8.704
B0005,B0005_D0153,153,66.45143282560349,10,19.516,34.516,38.266,3.75,28.266,38.266,2,0.9090909090909091,0.0,8.75
B0005,B0005_D0154,154,66.18370637499478,10,19.485,34.485,38.188,3.703000000000003,28.188000000000002,38.188,2,0.9090909090909091,0.0,8.703000000000003
B0005,B0005_D0155,155,65.93169483766465,10,19.484,34.484,38.14,3.655999999999999,28.14,38.14,2,0.9090909090909091,0.0,8.655999999999999
B0005,B0005_D0156,156,65.67375660662135,10,19.531,34.531,38.375,3.844000000000001,28.375,38.375,2,0.9090909090909091,0.0,8.844000000000001
B0005,B0005_D0157,157,65.66010317221101,10,19.531,34.531,38.281,3.75,28.281,38.281,2,0.9090909090909091,0.0,8.75
B0005,B0005_D0158,158,65.38979973472176,10,19.5,34.5,38.235,3.7349999999999994,28.235,38.235,2,0.9090909090909091,0.0,8.735
B0005,B0005_D0159,159,65.1516459320296,10,19.578000000000003,34.578,38.328,3.75,28.328000000000003,38.328,2,0.9090909090909091,0.0,8.75
B0005,B0005_D0160,160,65.16786779519101,10,19.593999999999994,34.593999999999994,38.297,3.703000000000003,28.296999999999997,38.297,2,0.9090909090909091,0.0,8.703000000000003
B0005,B0005_D0161,161,65.17050219327821,10,19.625,34.625,38.25,3.625,28.25,38.25,2,0.9090909090909091,0.0,8.625
B0005,B0005_D0162,162,64.89435403247853,10,19.485,34.485,38.203,3.7180000000000035,28.203000000000003,38.203,2,0.9090909090909091,0.0,8.718000000000004
B0005,B0005_D0163,163,64.90367528459451,10,19.608999999999995,34.608999999999995,38.375,3.7660000000000053,28.375,38.375,2,0.9090909090909091,0.0,8.766000000000005
B0005,B0005_D0164,164,64.67318069221216,10,19.483999999999998,34.483999999999995,38.078,3.5940000000000083,28.078000000000003,38.078,2,0.9090909090909091,0.0,8.594000000000005
B0005,B0005_D0165,165,64.4001696309559,10,19.562000000000005,34.562000000000005,38.312000000000005,3.75,28.312000000000005,38.312000000000005,2,0.9090909090909091,0.0,8.75
B0005,B0005_D0166,166,64.37262610689703,10,19.469,34.469,38.141000000000005,3.672000000000004,28.141000000000005,38.141000000000005,2,0.9090909090909091,0.0,8.672000000000004
B0005,B0005_D0167,167,65.45076821153677,10,19.593999999999998,34.593999999999994,38.343999999999994,3.75,28.343999999999994,38.343999999999994,2,0.9090909090909091,0.0,8.749999999999996
B0005,B0005_D0168,168,66.25396643214678,10,19.515,34.515,38.312,3.796999999999997,28.311999999999998,38.312,2,0.9090909090909091,0.0,8.796999999999997
B0006,B0006_D0001,1,101.7668795502799,10,35.702999999999996,50.702999999999996,53.781,3.078000000000003,43.781,53.781,1,0.9090909090909091,0.0,8.078000000000003
B0006,B0006_D0002,2,101.2570123015706,10,35.703,50.703,53.828,3.125,43.828,53.828,1,0.9090909090909091,0.0,8.125
B0006,B0006_D0003,3,100.6663185672732,10,35.766,50.766,53.891,3.125,43.891,53.891,1,0.9090909090909091,0.0,8.125
B0006,B0006_D0004,4,100.66423327703706,10,35.75,50.75,53.813,3.0630000000000024,43.813,53.813,1,0.9090909090909091,0.0,8.063000000000002
B0006,B0006_D0005,5,100.02641688123856,10,35.656000000000006,50.656000000000006,53.859,3.202999999999996,43.859,53.859,1,0.9090909090909091,0.0,8.202999999999996
B0006,B0006_D0006,6,100.69495379965822,10,35.703,50.703,53.906,3.202999999999996,43.906,53.906,1,0.9090909090909091,0.0,8.202999999999996
B0006,B0006_D0007,7,100.65505528134835,10,35.562,50.562,53.687,3.125,43.687,53.687,1,0.9090909090909091,0.0,8.125
B0006,B0006_D0008,8,98.439491313642,10,35.578,50.578,53.844,3.2659999999999982,43.844,53.844,1,0.9090909090909091,0.0,8.265999999999998
B0006,B0006_D0009,9,98.40830882167124,10,35.578,50.578,53.719,3.1409999999999982,43.719,53.719,1,0.9090909090909091,0.0,8.140999999999998
B0006,B0006_D0010,10,97.86153958780268,10,35.563,50.563,53.735,3.171999999999997,43.735,53.735,1,0.9090909090909091,0.0,8.171999999999997
B0006,B0006_D0011,11,97.27995757064676,10,35.594,50.594,53.844,3.25,43.844,53.844,1,0.9090909090909091,0.0,8.25
B0006,B0006_D0012,12,96.73752522420564,10,35.735,50.735,53.922,3.1869999999999976,43.922,53.922,1,0.9090909090909091,0.0,8.186999999999998
B0006,B0006_D0013,13,96.16399769684014,10,35.656,50.656,53.843999999999994,3.1879999999999953,43.843999999999994,53.843999999999994,1,0.9090909090909091,0.0,8.187999999999995
B0006,B0006_D0014,14,95.59449654742434,10,35.594,50.594,53.75,3.155999999999999,43.75,53.75,1,0.9090909090909091,0.0,8.155999999999999
B0006,B0006_D0015,15,95.05333570989652,10,35.641000000000005,50.641000000000005,53.969,3.327999999999996,43.969,53.969,1,0.9090909090909091,0.0,8.327999999999996
B0006,B0006_D0016,16,94.45994974030728,10,35.782,50.782,54.0,3.2180000000000035,44.0,54.0,1,0.9090909090909091,0.0,8.218000000000004
B0006,B0006_D0017,17,93.91391861244244,10,35.672000000000004,50.672000000000004,53.797,3.124999999999993,43.797,53.797,1,0.9090909090909091,0.0,8.124999999999993
B0006,B0006_D0018,18,93.37848580760104,10,35.656000000000006,50.656000000000006,53.781,3.124999999999993,43.781,53.781,1,0.9090909090909091,0.0,8.124999999999993
B0006,B0006_D0019,19,93.37946287226885,10,35.641000000000005,50.641000000000005,53.906000000000006,3.2650000000000006,43.906000000000006,53.906000000000006,1,0.9090909090909091,0.0,8.265
B0006,B0006_D0020,20,98.98132741254088,10,35.625,50.625,53.875,3.25,43.875,53.875,1,0.9090909090909091,0.0,8.25
B0006,B0006_D0021,21,97.87749540442012,10,35.703,50.703,53.797,3.093999999999994,43.797,53.797,1,0.9090909090909091,0.0,8.093999999999994
B0006,B0006_D0022,22,97.29075085393777,10,35.672,50.672,53.891,3.219000000000001,43.891,53.891,1,0.9090909090909091,0.0,8.219000000000001
B0006,B0006_D0023,23,96.21230560840044,10,35.703,50.703,53.907,3.2039999999999935,43.907,53.907,1,0.9090909090909091,0.0,8.203999999999994
B0006,B0006_D0024,24,97.2990566571082,10,35.594,50.594,53.844,3.25,43.844,53.844,1,0.9090909090909091,0.0,8.25
B0006,B0006_D0025,25,95.07039652765395,10,35.719,50.719,53.875,3.155999999999999,43.875,53.875,1,0.9090909090909091,0.0,8.155999999999999
B0006,B0006_D0026,26,93.93371068400424,10,35.688,50.688,53.766,3.077999999999996,43.766,53.766,1,0.9090909090909091,0.0,8.077999999999996
B0006,B0006_D0027,27,93.41530664132108,10,35.625,50.625,53.656,3.030999999999999,43.656,53.656,1,0.9090909090909091,0.0,8.030999999999999
B0006,B0006_D0028,28,92.801220350415,10,35.594,50.594,53.734,3.1400000000000006,43.734,53.734,1,0.9090909090909091,0.0,8.14
B0006,B0006_D0029,29,92.25998980927886,10,35.625,50.625,53.859,3.2340000000000018,43.859,53.859,1,0.9090909090909091,0.0,8.234000000000002
B0006,B0006_D0030,30,92.86144454426584,10,35.625,50.625,53.843999999999994,3.218999999999994,43.843999999999994,53.843999999999994,1,0.9090909090909091,0.0,8.218999999999994
B0006,B0006_D0031,31,96.2388044454532,10,19.578,34.578,38.265,3.6869999999999976,28.265,38.265,2,0.9090909090909091,0.0,8.687000000000001
B0006,B0006_D0032,32,94.11158763046276,10,19.561999999999998,34.562,38.312,3.75,28.311999999999998,38.312,2,0.9090909090909091,0.0,8.75
B0006,B0006_D0033,33,92.76383439427936,10,19.656,34.656,38.453,3.797000000000004,28.453000000000003,38.453,2,0.9090909090909091,0.0,8.797000000000004
B0006,B0006_D0034,34,91.9625445859094,10,19.546999999999997,34.547,38.281,3.7340000000000018,28.281,38.281,2,0.9090909090909091,0.0,8.734000000000002
B0006,B0006_D0035,35,90.92698036997214,10,19.625,34.625,38.344,3.719000000000001,28.344,38.344,2,0.9090909090909091,0.0,8.719000000000001
B0006,B0006_D0036,36,90.67385029783529,10,19.563000000000002,34.563,38.344,3.780999999999999,28.344,38.344,2,0.9090909090909091,0.0,8.780999999999999
B0006,B0006_D0037,37,89.85509225152718,10,19.469,34.469,38.188,3.719000000000001,28.188000000000002,38.188,2,0.9090909090909091,0.0,8.719000000000001
B0006,B0006_D0038,38,89.05023147060238,10,19.485,34.485,38.188,3.703000000000003,28.188000000000002,38.188,2,0.9090909090909091,0.0,8.703000000000003
B0006,B0006_D0039,39,88.55065211341164,10,19.484,34.484,38.281,3.796999999999997,28.281,38.281,2,0.9090909090909091,0.0,8.796999999999997
B0006,B0006_D0040,40,88.02356224085473,10,19.609,34.609,38.359,3.75,28.359,38.359,2,0.9090909090909091,0.0,8.75
B0006,B0006_D0041,41,87.51456894003294,10,19.563000000000002,34.563,38.219,3.655999999999999,28.219,38.219,2,0.9090909090909091,0.0,8.655999999999999
B0006,B0006_D0042,42,86.97462518866288,10,19.515,34.515,38.187,3.671999999999997,28.186999999999998,38.187,2,0.9090909090909091,0.0,8.671999999999997
B0006,B0006_D0043,43,87.73383276818602,10,35.516,50.516,53.5,2.9840000000000018,43.5,53.5,1,0.9090909090909091,0.0,7.984000000000002
B0006,B0006_D0044,44,88.29695470921088,10,19.484,34.484,38.14,3.655999999999999,28.14,38.14,2,0.9090909090909091,0.0,8.655999999999999
B0006,B0006_D0045,45,86.68943709812419,10,19.484,34.484,38.312000000000005,3.828000000000003,28.312000000000005,38.312000000000005,2,0.9090909090909091,0.0,8.828000000000003
B0006,B0006_D0046,46,85.6662956020367,10,19.561999999999998,34.562,38.25,3.6880000000000024,28.25,38.25,2,0.9090909090909091,0.0,8.688000000000002
B0006,B0006_D0047,47,85.12038906836733,10,19.5,34.5,38.25,3.75,28.25,38.25,2,0.9090909090909091,0.0,8.75
B0006,B0006_D0048,48,91.1859730890915,10,19.625,34.625,38.281,3.655999999999999,28.281,38.281,2,0.9090909090909091,0.0,8.655999999999999
B0006,B0006_D0049,49,90.40642025157354,10,19.546999999999997,34.547,38.218999999999994,3.671999999999997,28.218999999999994,38.218999999999994,2,0.9090909090909091,0.0,8.671999999999997
B0006,B0006_D0050,50,88.78805472517142,10,19.61,34.61,38.36,3.75,28.36,38.36,2,0.9090909090909091,0.0,8.75
B0006,B0006_D0051,51,87.237049209184,10,19.641,34.641,38.375,3.7340000000000018,28.375,38.375,2,0.9090909090909091,0.0,8.734000000000002
B0006,B0006_D0052,52,86.46035170661865,10,19.578,34.578,38.375,3.796999999999997,28.375,38.375,2,0.9090909090909091,0.0,8.797
B0006,B0006_D0053,53,85.40543276276622,10,19.5,34.5,38.234,3.7340000000000018,28.234,38.234,2,0.9090909090909091,0.0,8.734000000000002
B0006,B0006_D0054,54,84.87977118730883,10,19.531,34.531,38.203,3.672000000000004,28.203000000000003,38.203,2,0.9090909090909091,0.0,8.672000000000004
B0006,B0006_D0055,55,84.10317262014732,10,19.641,34.641,38.391,3.75,28.391,38.391,2,0.9090909090909091,0.0,8.75
B0006,B0006_D0056,56,83.57384161147543,10,19.531,34.531,38.217999999999996,3.6869999999999976,28.217999999999996,38.217999999999996,2,0.9090909090909091,0.0,8.686999999999998
B0006,B0006_D0057,57,83.03795693523827,10,19.500000000000004,34.5,38.235,3.7349999999999994,28.235,38.235,2,0.9090909090909091,0.0,8.734999999999996
B0006,B0006_D0058,58,82.55605075190346,10,19.64,34.64,38.375,3.7349999999999994,28.375,38.375,2,0.9090909090909091,0.0,8.735
B0006,B0006_D0059,59,82.00674628095464,10,19.5,34.5,38.218,3.7180000000000035,28.218000000000004,38.218,2,0.9090909090909091,0.0,8.718000000000004
B0006,B0006_D0060,60,81.4599970808272,10,19.578000000000003,34.578,38.359,3.780999999999999,28.359,38.359,2,0.9090909090909091,0.0,8.780999999999999
B0006,B0006_D0061,61,80.44248151480832,10,19.546999999999997,34.547,38.266,3.719000000000001,28.266,38.266,2,0.9090909090909091,0.0,8.719000000000001
B0006,B0006_D0062,62,80.17622449484624,10,19.594,34.594,38.391,3.796999999999997,28.391,38.391,2,0.9090909090909091,0.0,8.796999999999997
B0006,B0006_D0063,63,79.94856072013991,10,19.5,34.5,38.297,3.796999999999997,28.296999999999997,38.297,2,0.9090909090909091,0.0,8.796999999999997
B0006,B0006_D0064,64,79.38136561787802,10,19.656000000000006,34.656000000000006,38.375,3.718999999999994,28.375,38.375,2,0.9090909090909091,0.0,8.718999999999994
B0006,B0006_D0065,65,79.14859872343084,10,19.469,34.469,38.188,3.719000000000001,28.188000000000002,38.188,2,0.9090909090909091,0.0,8.719000000000001
B0006,B0006_D0066,66,78.35688183567815,10,19.61,34.61,38.36,3.75,28.36,38.36,2,0.9090909090909091,0.0,8.75
B0006,B0006_D0067,67,78.06723069856942,10,19.61,34.61,38.313,3.703000000000003,28.313000000000002,38.313,2,0.9090909090909091,0.0,8.703000000000003
B0006,B0006_D0068,68,77.55855946395211,10,19.609,34.609,38.437,3.827999999999996,28.436999999999998,38.437,2,0.9090909090909091,0.0,8.827999999999996
B0006,B0006_D0069,69,77.03370803147585,10,19.625,34.625,38.375,3.75,28.375,38.375,2,0.9090909090909091,0.0,8.75
B0006,B0006_D0070,70,76.26569372312217,10,19.531,34.531,38.344,3.8130000000000024,28.344,38.344,2,0.9090909090909091,0.0,8.813000000000002
B0006,B0006_D0071,71,76.50785159033714,10,19.547,34.547,38.219,3.672000000000004,28.219,38.219,2,0.9090909090909091,0.0,8.672
B0006,B0006_D0072,72,76.23283417237045,10,19.532000000000004,34.532000000000004,38.235,3.702999999999996,28.235,38.235,2,0.9090909090909091,0.0,8.702999999999996
B0006,B0006_D0073,73,75.72746493327715,10,19.5,34.5,38.25,3.75,28.25,38.25,2,0.9090909090909091,0.0,8.75
B0006,B0006_D0074,74,75.4695752301041,10,19.594,34.594,38.312,3.7179999999999964,28.311999999999998,38.312,2,0.9090909090909091,0.0,8.717999999999996
B0006,B0006_D0075,75,75.19987166525351,10,19.625000000000004,34.625,38.422,3.796999999999997,28.421999999999997,38.422,2,0.9090909090909091,0.0,8.796999999999993
B0006,B0006_D0076,76,74.67600959020095,10,19.468000000000004,34.468,38.14,3.671999999999997,28.14,38.14,2,0.9090909090909091,0.0,8.671999999999997
B0006,B0006_D0077,77,74.3816151224871,10,19.485,34.485,38.219,3.7340000000000018,28.219,38.219,2,0.9090909090909091,0.0,8.734000000000002
B0006,B0006_D0078,78,76.51438107200852,10,19.5,34.5,38.218999999999994,3.718999999999994,28.218999999999994,38.218999999999994,2,0.9090909090909091,0.0,8.718999999999994
B0006,B0006_D0079,79,75.20380044180057,10,19.485,34.485,38.235,3.75,28.235,38.235,2,0.9090909090909091,0.0,8.75
B0006,B0006_D0080,80,74.43796804365446,10,19.547000000000004,34.547000000000004,38.25,3.702999999999996,28.25,38.25,2,0.9090909090909091,0.0,8.702999999999996
B0006,B0006_D0081,81,73.91389642773318,10,19.516,34.516,38.203,3.6870000000000047,28.203000000000003,38.203,2,0.9090909090909091,0.0,8.687000000000005
B0006,B0006_D0082,82,73.9229991107842,10,19.608999999999998,34.608999999999995,38.391000000000005,3.7820000000000107,28.391000000000005,38.391000000000005,2,0.9090909090909091,0.0,8.782000000000007
B0006,B0006_D0083,83,73.66074224499864,10,19.546999999999997,34.547,38.266,3.719000000000001,28.266,38.266,2,0.9090909090909091,0.0,8.719000000000001
B0006,B0006_D0084,84,73.37582467533949,10,19.516000000000005,34.516000000000005,38.313,3.796999999999997,28.313000000000002,38.313,2,0.9090909090909091,0.0,8.796999999999997
B0006,B0006_D0085,85,72.58146328760668,10,19.484,34.484,38.25,3.7659999999999982,28.25,38.25,2,0.9090909090909091,0.0,8.765999999999998
B0006,B0006_D0086,86,72.59618860483587,10,19.578,34.578,38.313,3.7349999999999994,28.313000000000002,38.313,2,0.9090909090909091,0.0,8.735000000000003
B0006,B0006_D0087,87,72.35742347388872,10,19.531,34.531,38.265,3.7340000000000018,28.265,38.265,2,0.9090909090909091,0.0,8.734000000000002
B0006,B0006_D0088,88,72.34269052829943,10,19.515,34.515,38.219,3.7040000000000006,28.219,38.219,2,0.9090909090909091,0.0,8.704
B0006,B0006_D0089,89,72.08370965142339,10,19.484,34.484,38.156,3.671999999999997,28.156,38.156,2,0.9090909090909091,0.0,8.671999999999997
B0006,B0006_D0090,90,79.67933296550063,10,19.61,34.61,38.313,3.703000000000003,28.313000000000002,38.313,2,0.9090909090909091,0.0,8.703000000000003
B0006,B0006_D0091,91,77.31951188457819,10,19.547000000000004,34.547000000000004,38.375,3.827999999999996,28.375,38.375,2,0.9090909090909091,0.0,8.827999999999996
B0006,B0006_D0092,92,75.73527958783049,10,19.594,34.594,38.358999999999995,3.7649999999999935,28.358999999999995,38.358999999999995,2,0.9090909090909091,0.0,8.764999999999993
B0006,B0006_D0093,93,74.94893041667702,10,19.578000000000003,34.578,38.25,3.671999999999997,28.25,38.25,2,0.9090909090909091,0.0,8.671999999999997
B0006,B0006_D0094,94,74.15555372705246,10,19.500000000000004,34.5,38.203,3.703000000000003,28.203000000000003,38.203,2,0.9090909090909091,0.0,8.703
B0006,B0006_D0095,95,73.6483241273414,10,19.578000000000003,34.578,38.359,3.780999999999999,28.359,38.359,2,0.9090909090909091,0.0,8.780999999999999
B0006,B0006_D0096,96,73.13802198049653,10,19.500000000000004,34.5,38.343,3.8430000000000035,28.343000000000004,38.343,2,0.9090909090909091,0.0,8.843
B0006,B0006_D0097,97,72.59182340531257,10,19.483999999999995,34.483999999999995,38.203,3.7190000000000083,28.203000000000003,38.203,2,0.9090909090909091,0.0,8.719000000000008
B0006,B0006_D0098,98,72.34335322015197,10,19.547000000000004,34.547000000000004,38.297000000000004,3.75,28.297000000000004,38.297000000000004,2,0.9090909090909091,0.0,8.75
B0006,B0006_D0099,99,72.06901997138895,10,19.578000000000003,34.578,38.36,3.7819999999999965,28.36,38.36,2,0.9090909090909091,0.0,8.781999999999996
B0006,B0006_D0100,100,71.5605372480387,10,19.578000000000003,34.578,38.343,3.7650000000000006,28.343000000000004,38.343,2,0.9090909090909091,0.0,8.765
B0006,B0006_D0101,101,71.30123589762857,10,19.531,34.531,38.375,3.844000000000001,28.375,38.375,2,0.9090909090909091,0.0,8.844000000000001
B0006,B0006_D0102,102,71.02438249830975,10,19.608999999999998,34.608999999999995,38.297,3.6880000000000024,28.296999999999997,38.297,2,0.9090909090909091,0.0,8.687999999999999
B0006,B0006_D0103,103,71.03503115177503,10,19.531,34.531,38.36,3.8290000000000006,28.36,38.36,2,0.9090909090909091,0.0,8.829
B0006,B0006_D0104,104,72.61279021654194,10,19.516,34.516,38.235,3.719000000000001,28.235,38.235,2,0.9090909090909091,0.0,8.719000000000001
B0006,B0006_D0105,105,71.57788163862855,10,19.562999999999995,34.562999999999995,38.312999999999995,3.75,28.312999999999995,38.312999999999995,2,0.9090909090909091,0.0,8.75
B0006,B0006_D0106,106,70.75078755794715,10,19.531,34.531,38.25,3.719000000000001,28.25,38.25,2,0.9090909090909091,0.0,8.719000000000001
B0006,B0006_D0107,107,70.48655753258726,10,19.547,34.547,38.265,3.7180000000000035,28.265,38.265,2,0.9090909090909091,0.0,8.718
B0006,B0006_D0108,108,70.24586590646545,10,19.485,34.485,38.25,3.7650000000000006,28.25,38.25,2,0.9090909090909091,0.0,8.765
B0006,B0006_D0109,109,69.75821482857815,10,19.547000000000004,34.547000000000004,38.281000000000006,3.7340000000000018,28.281000000000006,38.281000000000006,2,0.9090909090909091,0.0,8.734000000000002
B0006,B0006_D0110,110,69.72671916307038,10,19.625,34.625,38.36000000000058,3.735000000000582,28.360000000000582,38.36000000000058,2,0.9090909090909091,0.0,8.735000000000582
B0006,B0006_D0111,111,69.46585589656323,10,19.579,34.579,38.329,3.75,28.329,38.329,2,0.9090909090909091,0.0,8.75
B0006,B0006_D0112,112,69.19189736163904,10,19.5,34.5,38.234,3.7340000000000018,28.234,38.234,2,0.9090909090909091,0.0,8.734000000000002
B0006,B0006_D0113,113,68.68407119097562,10,19.546999999999997,34.547,38.266000000000005,3.7190000000000083,28.266000000000005,38.266000000000005,2,0.9090909090909091,0.0,8.719000000000008
B0006,B0006_D0114,114,68.93029945931838,10,19.546999999999997,34.547,38.281,3.7340000000000018,28.281,38.281,2,0.9090909090909091,0.0,8.734000000000002
B0006,B0006_D0115,115,68.68800149554288,10,19.608999999999998,34.608999999999995,38.391,3.7820000000000036,28.391,38.391,2,0.9090909090909091,0.0,8.782
B0006,B0006_D0116,116,68.41290291971356,10,19.561999999999998,34.562,38.218999999999994,3.6569999999999965,28.218999999999994,38.218999999999994,2,0.9090909090909091,0.0,8.656999999999996
B0006,B0006_D0117,117,68.16512018658753,10,19.594,34.594,38.313,3.719000000000001,28.313000000000002,38.313,2,0.9090909090909091,0.0,8.719000000000001
B0006,B0006_D0118,118,67.90483070086299,10,19.563000000000002,34.563,38.235,3.671999999999997,28.235,38.235,2,0.9090909090909091,0.0,8.671999999999997
B0006,B0006_D0119,119,67.66345454997655,10,19.531000000000002,34.531000000000006,38.203,3.671999999999997,28.203000000000003,38.203,2,0.9090909090909091,0.0,8.672
B0006,B0006_D0120,120,69.20802869118744,10,19.563000000000002,34.563,38.313,3.75,28.313000000000002,38.313,2,0.9090909090909091,0.0,8.75
B0006,B0006_D0121,121,70.25733895325736,10,19.531,34.531,38.234,3.703000000000003,28.234,38.234,2,0.9090909090909091,0.0,8.703000000000003
B0006,B0006_D0122,122,68.93595113136764,10,19.578000000000003,34.578,38.422,3.843999999999994,28.421999999999997,38.422,2,0.9090909090909091,0.0,8.843999999999994
B0006,B0006_D0123,123,68.41328891599532,10,19.485,34.485,38.266,3.780999999999999,28.266,38.266,2,0.9090909090909091,0.0,8.780999999999999
B0006,B0006_D0124,124,67.86575648309008,10,19.5,34.5,38.235,3.7349999999999994,28.235,38.235,2,0.9090909090909091,0.0,8.735
B0006,B0006_D0125,125,67.62467319400798,10,19.546999999999997,34.547,38.344,3.797000000000004,28.344,38.344,2,0.9090909090909091,0.0,8.797000000000004
B0006,B0006_D0126,126,67.37049575830618,10,19.610000000000003,34.61,38.343999999999994,3.7339999999999947,28.343999999999994,38.343999999999994,2,0.9090909090909091,0.0,8.733999999999991
B0006,B0006_D0127,127,66.85037565421159,10,19.579,34.579,38.282,3.702999999999996,28.281999999999996,38.282,2,0.9090909090909091,0.0,8.702999999999996
B0006,B0006_D0128,128,66.56176483359263,10,19.562,34.562,38.297,3.7349999999999994,28.296999999999997,38.297,2,0.9090909090909091,0.0,8.734999999999996
B0006,B0006_D0129,129,66.29651890863822,10,19.578000000000003,34.578,38.265,3.6869999999999976,28.265,38.265,2,0.9090909090909091,0.0,8.686999999999998
B0006,B0006_D0130,130,66.07893719337645,10,19.531000000000006,34.531000000000006,38.219,3.6879999999999953,28.219,38.219,2,0.9090909090909091,0.0,8.687999999999995
B0006,B0006_D0131,131,66.06125370330544,10,19.578000000000003,34.578,38.328,3.75,28.328000000000003,38.328,2,0.9090909090909091,0.0,8.75
B0006,B0006_D0132,132,65.78242650931341,10,19.578000000000003,34.578,38.265,3.6869999999999976,28.265,38.265,2,0.9090909090909091,0.0,8.686999999999998
B0006,B0006_D0133,133,66.04512848751195,10,19.578000000000003,34.578,38.406,3.827999999999996,28.406,38.406,2,0.9090909090909091,0.0,8.827999999999996
B0006,B0006_D0134,134,67.37164383636953,10,19.64,34.64,38.359,3.719000000000001,28.359,38.359,2,0.9090909090909091,0.0,8.719000000000001
B0006,B0006_D0135,135,66.30064036176807,10,19.641,34.641,38.375,3.7340000000000018,28.375,38.375,2,0.9090909090909091,0.0,8.734000000000002
B0006,B0006_D0136,136,65.50593392415533,10,19.5,34.5,38.125,3.625,28.125,38.125,2,0.9090909090909091,0.0,8.625
B0006,B0006_D0137,137,65.2608101146965,10,19.483999999999995,34.483999999999995,38.156,3.672000000000004,28.156,38.156,2,0.9090909090909091,0.0,8.672000000000004
B0006,B0006_D0138,138,65.02030975677887,10,19.5,34.5,38.219,3.719000000000001,28.219,38.219,2,0.9090909090909091,0.0,8.719000000000001
B0006,B0006_D0139,139,65.0117867920558,10,19.484,34.484,38.25,3.7659999999999982,28.25,38.25,2,0.9090909090909091,0.0,8.765999999999998
B0006,B0006_D0140,140,64.47533361240379,10,19.594,34.594,38.344,3.75,28.344,38.344,2,0.9090909090909091,0.0,8.75
B0006,B0006_D0141,141,63.96265286923975,10,19.703000000000003,34.703,38.515,3.8119999999999976,28.515,38.515,2,0.9090909090909091,0.0,8.811999999999998
B0006,B0006_D0142,142,63.96039085857309,10,19.516,34.516,38.25,3.7340000000000018,28.25,38.25,2,0.9090909090909091,0.0,8.734000000000002
B0006,B0006_D0143,143,63.70183804514616,10,19.531,34.531,38.312,3.780999999999999,28.311999999999998,38.312,2,0.9090909090909091,0.0,8.780999999999999
B0006,B0006_D0144,144,63.70636961500734,10,19.546999999999997,34.547,38.312,3.7650000000000006,28.311999999999998,38.312,2,0.9090909090909091,0.0,8.765
B0006,B0006_D0145,145,63.1881971322039,10,19.563,34.563,38.266,3.702999999999996,28.266,38.266,2,0.9090909090909091,0.0,8.703
B0006,B0006_D0146,146,62.906868444776165,10,19.547000000000004,34.547000000000004,38.375,3.827999999999996,28.375,38.375,2,0.9090909090909091,0.0,8.827999999999996
B0006,B0006_D0147,147,62.66299320276505,10,19.546,34.546,38.281,3.7349999999999994,28.281,38.281,2,0.9090909090909091,0.0,8.735
B0006,B0006_D0148,148,62.661566577467134,10,19.531,34.531,38.25,3.719000000000001,28.25,38.25,2,0.9090909090909091,0.0,8.719000000000001
B0006,B0006_D0149,149,62.40437480156788,10,19.609,34.609,38.359,3.75,28.359,38.359,2,0.9090909090909091,0.0,8.75
B0006,B0006_D0150,150,62.67177142472422,10,19.592999999999996,34.592999999999996,38.312,3.719000000000001,28.311999999999998,38.312,2,0.9090909090909091,0.0,8.719000000000001
B0006,B0006_D0151,151,64.4902438663345,10,19.483999999999998,34.483999999999995,38.219,3.7350000000000065,28.219,38.219,2,0.9090909090909091,0.0,8.735000000000003
B0006,B0006_D0152,152,63.177010108794185,10,19.546,34.546,38.25,3.7040000000000006,28.25,38.25,2,0.9090909090909091,0.0,8.704
B0006,B0006_D0153,153,62.398808534214254,10,19.516,34.516,38.266,3.75,28.266,38.266,2,0.9090909090909091,0.0,8.75
B0006,B0006_D0154,154,61.60601438971667,10,19.485,34.485,38.188,3.703000000000003,28.188000000000002,38.188,2,0.9090909090909091,0.0,8.703000000000003
B0006,B0006_D0155,155,61.35568833106767,10,19.484,34.484,38.14,3.655999999999999,28.14,38.14,2,0.9090909090909091,0.0,8.655999999999999
B0006,B0006_D0156,156,61.08698790688678,10,19.531,34.531,38.375,3.844000000000001,28.375,38.375,2,0.9090909090909091,0.0,8.844000000000001
B0006,B0006_D0157,157,60.5551339457587,10,19.531,34.531,38.281,3.75,28.281,38.281,2,0.9090909090909091,0.0,8.75
B0006,B0006_D0158,158,60.28079882565868,10,19.5,34.5,38.235,3.7349999999999994,28.235,38.235,2,0.9090909090909091,0.0,8.735
B0006,B0006_D0159,159,60.044681313586366,10,19.578000000000003,34.578,38.328,3.75,28.328000000000003,38.328,2,0.9090909090909091,0.0,8.75
B0006,B0006_D0160,160,59.52951992779168,10,19.593999999999994,34.593999999999994,38.297,3.703000000000003,28.296999999999997,38.297,2,0.9090909090909091,0.0,8.703000000000003
B0006,B0006_D0161,161,59.25896255209705,10,19.625,34.625,38.25,3.625,28.25,38.25,2,0.9090909090909091,0.0,8.625
B0006,B0006_D0162,162,58.983534090723126,10,19.485,34.485,38.203,3.7180000000000035,28.203000000000003,38.203,2,0.9090909090909091,0.0,8.718000000000004
B0006,B0006_D0163,163,58.72976418376958,10,19.608999999999995,34.608999999999995,38.375,3.7660000000000053,28.375,38.375,2,0.9090909090909091,0.0,8.766000000000005
B0006,B0006_D0164,164,57.6909165798125,10,19.483999999999998,34.483999999999995,38.078,3.5940000000000083,28.078000000000003,38.078,2,0.9090909090909091,0.0,8.594000000000005
B0006,B0006_D0165,165,58.22004778686132,10,19.562000000000005,34.562000000000005,38.312000000000005,3.75,28.312000000000005,38.312000000000005,2,0.9090909090909091,0.0,8.75
B0006,B0006_D0166,166,57.93987473958035,10,19.469,34.469,38.141000000000005,3.672000000000004,28.141000000000005,38.141000000000005,2,0.9090909090909091,0.0,8.672000000000004
B0006,B0006_D0167,167,58.74874417384586,10,19.593999999999998,34.593999999999994,38.343999999999994,3.75,28.343999999999994,38.343999999999994,2,0.9090909090909091,0.0,8.749999999999996
B0006,B0006_D0168,168,59.283761639646784,10,19.515,34.515,38.312,3.796999999999997,28.311999999999998,38.312,2,0.9090909090909091,0.0,8.796999999999997
B0007,B0007_D0001,1,94.5526147695395,10,35.702999999999996,50.702999999999996,53.781,3.078000000000003,43.781,53.781,1,0.9090909090909091,0.0,8.078000000000003
B0007,B0007_D0002,2,94.03185138434294,10,35.703,50.703,53.828,3.125,43.828,53.828,1,0.9090909090909091,0.0,8.125
B0007,B0007_D0003,3,94.03313358505694,10,35.766,50.766,53.891,3.125,43.891,53.891,1,0.9090909090909091,0.0,8.125
B0007,B0007_D0004,4,94.03854504916724,10,35.75,50.75,53.813,3.0630000000000024,43.813,53.813,1,0.9090909090909091,0.0,8.063000000000002
B0007,B0007_D0005,5,93.97254364142526,10,35.656000000000006,50.656000000000006,53.859,3.202999999999996,43.859,53.859,1,0.9090909090909091,0.0,8.202999999999996
B0007,B0007_D0006,6,94.03501758558704,10,35.703,50.703,53.906,3.202999999999996,43.906,53.906,1,0.9090909090909091,0.0,8.202999999999996
B0007,B0007_D0007,7,93.99676261783036,10,35.562,50.562,53.687,3.125,43.687,53.687,1,0.9090909090909091,0.0,8.125
B0007,B0007_D0008,8,94.075440620194,10,35.578,50.578,53.844,3.2659999999999982,43.844,53.844,1,0.9090909090909091,0.0,8.265999999999998
B0007,B0007_D0009,9,93.4845393519292,10,35.578,50.578,53.719,3.1409999999999982,43.719,53.719,1,0.9090909090909091,0.0,8.140999999999998
B0007,B0007_D0010,10,93.50261900695996,10,35.563,50.563,53.735,3.171999999999997,43.735,53.735,1,0.9090909090909091,0.0,8.171999999999997
B0007,B0007_D0011,11,93.50221197094288,10,35.594,50.594,53.844,3.25,43.844,53.844,1,0.9090909090909091,0.0,8.25
B0007,B0007_D0012,12,92.98259493883182,10,35.735,50.735,53.922,3.1869999999999976,43.922,53.922,1,0.9090909090909091,0.0,8.186999999999998
B0007,B0007_D0013,13,92.95373280431104,10,35.656,50.656,53.843999999999994,3.1879999999999953,43.843999999999994,53.843999999999994,1,0.9090909090909091,0.0,8.187999999999995
B0007,B0007_D0014,14,92.95042288854616,10,35.594,50.594,53.75,3.155999999999999,43.75,53.75,1,0.9090909090909091,0.0,8.155999999999999
B0007,B0007_D0015,15,92.96811293478524,10,35.641000000000005,50.641000000000005,53.969,3.327999999999996,43.969,53.969,1,0.9090909090909091,0.0,8.327999999999996
B0007,B0007_D0016,16,92.93677725300518,10,35.782,50.782,54.0,3.2180000000000035,44.0,54.0,1,0.9090909090909091,0.0,8.218000000000004
B0007,B0007_D0017,17,92.39086456610724,10,35.672000000000004,50.672000000000004,53.797,3.124999999999993,43.797,53.797,1,0.9090909090909091,0.0,8.124999999999993
B0007,B0007_D0018,18,92.42626458068524,10,35.656000000000006,50.656000000000006,53.781,3.124999999999993,43.781,53.781,1,0.9090909090909091,0.0,8.124999999999993
B0007,B0007_D0019,19,92.4189475925017,10,35.641000000000005,50.641000000000005,53.906000000000006,3.2650000000000006,43.906000000000006,53.906000000000006,1,0.9090909090909091,0.0,8.265
B0007,B0007_D0020,20,94.03902718804883,10,35.625,50.625,53.875,3.25,43.875,53.875,1,0.9090909090909091,0.0,8.25
B0007,B0007_D0021,21,94.073607987218,10,35.703,50.703,53.797,3.093999999999994,43.797,53.797,1,0.9090909090909091,0.0,8.093999999999994
B0007,B0007_D0022,22,94.05477156622392,10,35.672,50.672,53.891,3.219000000000001,43.891,53.891,1,0.9090909090909091,0.0,8.219000000000001
B0007,B0007_D0023,23,93.55044824889998,10,35.703,50.703,53.907,3.2039999999999935,43.907,53.907,1,0.9090909090909091,0.0,8.203999999999994
B0007,B0007_D0024,24,93.50997575970686,10,35.594,50.594,53.844,3.25,43.844,53.844,1,0.9090909090909091,0.0,8.25
B0007,B0007_D0025,25,93.53357681400492,10,35.719,50.719,53.875,3.155999999999999,43.875,53.875,1,0.9090909090909091,0.0,8.155999999999999
B0007,B0007_D0026,26,92.98062322010084,10,35.688,50.688,53.766,3.077999999999996,43.766,53.766,1,0.9090909090909091,0.0,8.077999999999996
B0007,B0007_D0027,27,93.0016954859173,10,35.625,50.625,53.656,3.030999999999999,43.656,53.656,1,0.9090909090909091,0.0,8.030999999999999
B0007,B0007_D0028,28,92.95826554580384,10,35.594,50.594,53.734,3.1400000000000006,43.734,53.734,1,0.9090909090909091,0.0,8.14
B0007,B0007_D0029,29,92.40699089389145,10,35.625,50.625,53.859,3.2340000000000018,43.859,53.859,1,0.9090909090909091,0.0,8.234000000000002
B0007,B0007_D0030,30,92.4600851063082,10,35.625,50.625,53.843999999999994,3.218999999999994,43.843999999999994,53.843999999999994,1,0.9090909090909091,0.0,8.218999999999994
B0007,B0007_D0031,31,94.17338718975424,10,19.578,34.578,38.265,3.6869999999999976,28.265,38.265,2,0.9090909090909091,0.0,8.687000000000001
B0007,B0007_D0032,32,93.14105558952922,10,19.561999999999998,34.562,38.312,3.75,28.311999999999998,38.312,2,0.9090909090909091,0.0,8.75
B0007,B0007_D0033,33,92.6042519826176,10,19.656,34.656,38.453,3.797000000000004,28.453000000000003,38.453,2,0.9090909090909091,0.0,8.797000000000004
B0007,B0007_D0034,34,92.34752324104352,10,19.546999999999997,34.547,38.281,3.7340000000000018,28.281,38.281,2,0.9090909090909091,0.0,8.734000000000002
B0007,B0007_D0035,35,91.8414215584509,10,19.625,34.625,38.344,3.719000000000001,28.344,38.344,2,0.9090909090909091,0.0,8.719000000000001
B0007,B0007_D0036,36,91.8580980983614,10,19.563000000000002,34.563,38.344,3.780999999999999,28.344,38.344,2,0.9090909090909091,0.0,8.780999999999999
B0007,B0007_D0037,37,91.58361291859424,10,19.469,34.469,38.188,3.719000000000001,28.188000000000002,38.188,2,0.9090909090909091,0.0,8.719000000000001
B0007,B0007_D0038,38,91.05735475658892,10,19.485,34.485,38.188,3.703000000000003,28.188000000000002,38.188,2,0.9090909090909091,0.0,8.703000000000003
B0007,B0007_D0039,39,90.82530457557574,10,19.484,34.484,38.281,3.796999999999997,28.281,38.281,2,0.9090909090909091,0.0,8.796999999999997
B0007,B0007_D0040,40,90.5690780075228,10,19.609,34.609,38.359,3.75,28.359,38.359,2,0.9090909090909091,0.0,8.75
B0007,B0007_D0041,41,90.58028166969792,10,19.563000000000002,34.563,38.219,3.655999999999999,28.219,38.219,2,0.9090909090909091,0.0,8.655999999999999
B0007,B0007_D0042,42,90.30274477778704,10,19.515,34.515,38.187,3.671999999999997,28.186999999999998,38.187,2,0.9090909090909091,0.0,8.671999999999997
B0007,B0007_D0043,43,90.66020913497027,10,35.516,50.516,53.5,2.9840000000000018,43.5,53.5,1,0.9090909090909091,0.0,7.984000000000002
B0007,B0007_D0044,44,90.31320969141764,10,19.484,34.484,38.14,3.655999999999999,28.14,38.14,2,0.9090909090909091,0.0,8.655999999999999
B0007,B0007_D0045,45,89.79155124950229,10,19.484,34.484,38.312000000000005,3.828000000000003,28.312000000000005,38.312000000000005,2,0.9090909090909091,0.0,8.828000000000003
B0007,B0007_D0046,46,89.29426300195226,10,19.561999999999998,34.562,38.25,3.6880000000000024,28.25,38.25,2,0.9090909090909091,0.0,8.688000000000002
B0007,B0007_D0047,47,89.01634302251375,10,19.5,34.5,38.25,3.75,28.25,38.25,2,0.9090909090909091,0.0,8.75
B0007,B0007_D0048,48,90.75378449787786,10,19.625,34.625,38.281,3.655999999999999,28.281,38.281,2,0.9090909090909091,0.0,8.655999999999999
B0007,B0007_D0049,49,90.7851257742292,10,19.546999999999997,34.547,38.218999999999994,3.671999999999997,28.218999999999994,38.218999999999994,2,0.9090909090909091,0.0,8.671999999999997
B0007,B0007_D0050,50,90.01216089028335,10,19.61,34.61,38.36,3.75,28.36,38.36,2,0.9090909090909091,0.0,8.75
B0007,B0007_D0051,51,89.52238102804654,10,19.641,34.641,38.375,3.7340000000000018,28.375,38.375,2,0.9090909090909091,0.0,8.734000000000002
B0007,B0007_D0052,52,89.0171516150066,10,19.578,34.578,38.375,3.796999999999997,28.375,38.375,2,0.9090909090909091,0.0,8.797
B0007,B0007_D0053,53,88.7664384798406,10,19.5,34.5,38.234,3.7340000000000018,28.234,38.234,2,0.9090909090909091,0.0,8.734000000000002
B0007,B0007_D0054,54,88.51314867366426,10,19.531,34.531,38.203,3.672000000000004,28.203000000000003,38.203,2,0.9090909090909091,0.0,8.672000000000004
B0007,B0007_D0055,55,88.0040530927102,10,19.641,34.641,38.391,3.75,28.391,38.391,2,0.9090909090909091,0.0,8.75
B0007,B0007_D0056,56,87.48237967688445,10,19.531,34.531,38.217999999999996,3.6869999999999976,28.217999999999996,38.217999999999996,2,0.9090909090909091,0.0,8.686999999999998
B0007,B0007_D0057,57,87.48250375296554,10,19.500000000000004,34.5,38.235,3.7349999999999994,28.235,38.235,2,0.9090909090909091,0.0,8.734999999999996
B0007,B0007_D0058,58,87.25143696073415,10,19.64,34.64,38.375,3.7349999999999994,28.375,38.375,2,0.9090909090909091,0.0,8.735
B0007,B0007_D0059,59,86.98228727643365,10,19.5,34.5,38.218,3.7180000000000035,28.218000000000004,38.218,2,0.9090909090909091,0.0,8.718000000000004
B0007,B0007_D0060,60,86.42821138858982,10,19.578000000000003,34.578,38.359,3.780999999999999,28.359,38.359,2,0.9090909090909091,0.0,8.780999999999999
B0007,B0007_D0061,61,86.1950162294209,10,19.546999999999997,34.547,38.266,3.719000000000001,28.266,38.266,2,0.9090909090909091,0.0,8.719000000000001
B0007,B0007_D0062,62,85.69894388242597,10,19.594,34.594,38.391,3.796999999999997,28.391,38.391,2,0.9090909090909091,0.0,8.796999999999997
B0007,B0007_D0063,63,85.69850998502307,10,19.5,34.5,38.297,3.796999999999997,28.296999999999997,38.297,2,0.9090909090909091,0.0,8.796999999999997
B0007,B0007_D0064,64,85.18260586819383,10,19.656000000000006,34.656000000000006,38.375,3.718999999999994,28.375,38.375,2,0.9090909090909091,0.0,8.718999999999994
B0007,B0007_D0065,65,85.20068737191244,10,19.469,34.469,38.188,3.719000000000001,28.188000000000002,38.188,2,0.9090909090909091,0.0,8.719000000000001
B0007,B0007_D0066,66,84.67858078671516,10,19.61,34.61,38.36,3.75,28.36,38.36,2,0.9090909090909091,0.0,8.75
B0007,B0007_D0067,67,84.38288681938828,10,19.61,34.61,38.313,3.703000000000003,28.313000000000002,38.313,2,0.9090909090909091,0.0,8.703000000000003
B0007,B0007_D0068,68,84.15372178291575,10,19.609,34.609,38.437,3.827999999999996,28.436999999999998,38.437,2,0.9090909090909091,0.0,8.827999999999996
B0007,B0007_D0069,69,83.89635071012741,10,19.625,34.625,38.375,3.75,28.375,38.375,2,0.9090909090909091,0.0,8.75
B0007,B0007_D0070,70,83.66030137983086,10,19.531,34.531,38.344,3.8130000000000024,28.344,38.344,2,0.9090909090909091,0.0,8.813000000000002
B0007,B0007_D0071,71,83.37183604126994,10,19.547,34.547,38.219,3.672000000000004,28.219,38.219,2,0.9090909090909091,0.0,8.672
B0007,B0007_D0072,72,83.11331315333763,10,19.532000000000004,34.532000000000004,38.235,3.702999999999996,28.235,38.235,2,0.9090909090909091,0.0,8.702999999999996
B0007,B0007_D0073,73,82.87121532881531,10,19.5,34.5,38.25,3.75,28.25,38.25,2,0.9090909090909091,0.0,8.75
B0007,B0007_D0074,74,82.6269342464367,10,19.594,34.594,38.312,3.7179999999999964,28.311999999999998,38.312,2,0.9090909090909091,0.0,8.717999999999996
B0007,B0007_D0075,75,82.3608731378666,10,19.625000000000004,34.625,38.422,3.796999999999997,28.421999999999997,38.422,2,0.9090909090909091,0.0,8.796999999999993
B0007,B0007_D0076,76,81.82068405449036,10,19.468000000000004,34.468,38.14,3.671999999999997,28.14,38.14,2,0.9090909090909091,0.0,8.671999999999997
B0007,B0007_D0077,77,81.81277156024248,10,19.485,34.485,38.219,3.7340000000000018,28.219,38.219,2,0.9090909090909091,0.0,8.734000000000002
B0007,B0007_D0078,78,82.0559589609192,10,19.5,34.5,38.218999999999994,3.718999999999994,28.218999999999994,38.218999999999994,2,0.9090909090909091,0.0,8.718999999999994
B0007,B0007_D0079,79,81.57850394828483,10,19.485,34.485,38.235,3.75,28.235,38.235,2,0.9090909090909091,0.0,8.75
B0007,B0007_D0080,80,81.0606641493618,10,19.547000000000004,34.547000000000004,38.25,3.702999999999996,28.25,38.25,2,0.9090909090909091,0.0,8.702999999999996
B0007,B0007_D0081,81,80.82136607381061,10,19.516,34.516,38.203,3.6870000000000047,28.203000000000003,38.203,2,0.9090909090909091,0.0,8.687000000000005
B0007,B0007_D0082,82,80.79117550809605,10,19.608999999999998,34.608999999999995,38.391000000000005,3.7820000000000107,28.391000000000005,38.391000000000005,2,0.9090909090909091,0.0,8.782000000000007
B0007,B0007_D0083,83,80.83620901489451,10,19.546999999999997,34.547,38.266,3.719000000000001,28.266,38.266,2,0.9090909090909091,0.0,8.719000000000001
B0007,B0007_D0084,84,80.54327931865014,10,19.516000000000005,34.516000000000005,38.313,3.796999999999997,28.313000000000002,38.313,2,0.9090909090909091,0.0,8.796999999999997
B0007,B0007_D0085,85,80.03301687154688,10,19.484,34.484,38.25,3.7659999999999982,28.25,38.25,2,0.9090909090909091,0.0,8.765999999999998
B0007,B0007_D0086,86,79.79587243502833,10,19.578,34.578,38.313,3.7349999999999994,28.313000000000002,38.313,2,0.9090909090909091,0.0,8.735000000000003
B0007,B0007_D0087,87,79.81089759731121,10,19.531,34.531,38.265,3.7340000000000018,28.265,38.265,2,0.9090909090909091,0.0,8.734000000000002
B0007,B0007_D0088,88,79.79032557316987,10,19.515,34.515,38.219,3.7040000000000006,28.219,38.219,2,0.9090909090909091,0.0,8.704
B0007,B0007_D0089,89,79.53253910740352,10,19.484,34.484,38.156,3.671999999999997,28.156,38.156,2,0.9090909090909091,0.0,8.671999999999997
B0007,B0007_D0090,90,84.44105580927753,10,19.61,34.61,38.313,3.703000000000003,28.313000000000002,38.313,2,0.9090909090909091,0.0,8.703000000000003
B0007,B0007_D0091,91,81.29969139866601,10,19.547000000000004,34.547000000000004,38.375,3.827999999999996,28.375,38.375,2,0.9090909090909091,0.0,8.827999999999996
B0007,B0007_D0092,92,80.78716931406449,10,19.594,34.594,38.358999999999995,3.7649999999999935,28.358999999999995,38.358999999999995,2,0.9090909090909091,0.0,8.764999999999993
B0007,B0007_D0093,93,80.28313382423269,10,19.578000000000003,34.578,38.25,3.671999999999997,28.25,38.25,2,0.9090909090909091,0.0,8.671999999999997
B0007,B0007_D0094,94,79.74873460762174,10,19.500000000000004,34.5,38.203,3.703000000000003,28.203000000000003,38.203,2,0.9090909090909091,0.0,8.703
B0007,B0007_D0095,95,79.52051219435971,10,19.578000000000003,34.578,38.359,3.780999999999999,28.359,38.359,2,0.9090909090909091,0.0,8.780999999999999
B0007,B0007_D0096,96,79.26758531494089,10,19.500000000000004,34.5,38.343,3.8430000000000035,28.343000000000004,38.343,2,0.9090909090909091,0.0,8.843
B0007,B0007_D0097,97,78.99868573621188,10,19.483999999999995,34.483999999999995,38.203,3.7190000000000083,28.203000000000003,38.203,2,0.9090909090909091,0.0,8.719000000000008
B0007,B0007_D0098,98,78.76092732639034,10,19.547000000000004,34.547000000000004,38.297000000000004,3.75,28.297000000000004,38.297000000000004,2,0.9090909090909091,0.0,8.75
B0007,B0007_D0099,99,78.4899242324434,10,19.578000000000003,34.578,38.36,3.7819999999999965,28.36,38.36,2,0.9090909090909091,0.0,8.781999999999996
B0007,B0007_D0100,100,78.51282687975178,10,19.578000000000003,34.578,38.343,3.7650000000000006,28.343000000000004,38.343,2,0.9090909090909091,0.0,8.765
B0007,B0007_D0101,101,78.2624936954719,10,19.531,34.531,38.375,3.844000000000001,28.375,38.375,2,0.9090909090909091,0.0,8.844000000000001
B0007,B0007_D0102,102,77.98169667805736,10,19.608999999999998,34.608999999999995,38.297,3.6880000000000024,28.296999999999997,38.297,2,0.9090909090909091,0.0,8.687999999999999
B0007,B0007_D0103,103,78.24910266696052,10,19.531,34.531,38.36,3.8290000000000006,28.36,38.36,2,0.9090909090909091,0.0,8.829
B0007,B0007_D0104,104,78.7489749921135,10,19.516,34.516,38.235,3.719000000000001,28.235,38.235,2,0.9090909090909091,0.0,8.719000000000001
B0007,B0007_D0105,105,78.2640558439023,10,19.562999999999995,34.562999999999995,38.312999999999995,3.75,28.312999999999995,38.312999999999995,2,0.9090909090909091,0.0,8.75
B0007,B0007_D0106,106,77.9877748735063,10,19.531,34.531,38.25,3.719000000000001,28.25,38.25,2,0.9090909090909091,0.0,8.719000000000001
B0007,B0007_D0107,107,77.49488428352494,10,19.547,34.547,38.265,3.7180000000000035,28.265,38.265,2,0.9090909090909091,0.0,8.718
B0007,B0007_D0108,108,77.1938576567251,10,19.485,34.485,38.25,3.7650000000000006,28.25,38.25,2,0.9090909090909091,0.0,8.765
B0007,B0007_D0109,109,77.25093744345037,10,19.547000000000004,34.547000000000004,38.281000000000006,3.7340000000000018,28.281000000000006,38.281000000000006,2,0.9090909090909091,0.0,8.734000000000002
B0007,B0007_D0110,110,77.22970077051454,10,19.625,34.625,38.36000000000058,3.735000000000582,28.360000000000582,38.36000000000058,2,0.9090909090909091,0.0,8.735000000000582
B0007,B0007_D0111,111,76.71543360879438,10,19.579,34.579,38.329,3.75,28.329,38.329,2,0.9090909090909091,0.0,8.75
B0007,B0007_D0112,112,76.43801971479242,10,19.5,34.5,38.234,3.7340000000000018,28.234,38.234,2,0.9090909090909091,0.0,8.734000000000002
B0007,B0007_D0113,113,76.44630124589922,10,19.546999999999997,34.547,38.266000000000005,3.7190000000000083,28.266000000000005,38.266000000000005,2,0.9090909090909091,0.0,8.719000000000008
B0007,B0007_D0114,114,76.45458250665615,10,19.546999999999997,34.547,38.281,3.7340000000000018,28.281,38.281,2,0.9090909090909091,0.0,8.734000000000002
B0007,B0007_D0115,115,76.19529662330623,10,19.608999999999998,34.608999999999995,38.391,3.7820000000000036,28.391,38.391,2,0.9090909090909091,0.0,8.782
B0007,B0007_D0116,116,75.93337709550309,10,19.561999999999998,34.562,38.218999999999994,3.6569999999999965,28.218999999999994,38.218999999999994,2,0.9090909090909091,0.0,8.656999999999996
B0007,B0007_D0117,117,75.68241133213476,10,19.594,34.594,38.313,3.719000000000001,28.313000000000002,38.313,2,0.9090909090909091,0.0,8.719000000000001
B0007,B0007_D0118,118,75.68025092614516,10,19.563000000000002,34.563,38.235,3.671999999999997,28.235,38.235,2,0.9090909090909091,0.0,8.671999999999997
B0007,B0007_D0119,119,75.69735307433983,10,19.531000000000002,34.531000000000006,38.203,3.671999999999997,28.203000000000003,38.203,2,0.9090909090909091,0.0,8.672
B0007,B0007_D0120,120,76.69799596579394,10,19.563000000000002,34.563,38.313,3.75,28.313000000000002,38.313,2,0.9090909090909091,0.0,8.75
B0007,B0007_D0121,121,76.95686399326549,10,19.531,34.531,38.234,3.703000000000003,28.234,38.234,2,0.9090909090909091,0.0,8.703000000000003
B0007,B0007_D0122,122,76.18123986419369,10,19.578000000000003,34.578,38.422,3.843999999999994,28.421999999999997,38.422,2,0.9090909090909091,0.0,8.843999999999994
B0007,B0007_D0123,123,75.67906517794573,10,19.485,34.485,38.266,3.780999999999999,28.266,38.266,2,0.9090909090909091,0.0,8.780999999999999
B0007,B0007_D0124,124,75.38925374923957,10,19.5,34.5,38.235,3.7349999999999994,28.235,38.235,2,0.9090909090909091,0.0,8.735
B0007,B0007_D0125,125,75.15980338018666,10,19.546999999999997,34.547,38.344,3.797000000000004,28.344,38.344,2,0.9090909090909091,0.0,8.797000000000004
B0007,B0007_D0126,126,74.8911029849794,10,19.610000000000003,34.61,38.343999999999994,3.7339999999999947,28.343999999999994,38.343999999999994,2,0.9090909090909091,0.0,8.733999999999991
B0007,B0007_D0127,127,74.6424267316758,10,19.579,34.579,38.282,3.702999999999996,28.281999999999996,38.282,2,0.9090909090909091,0.0,8.702999999999996
B0007,B0007_D0128,128,74.62071949335129,10,19.562,34.562,38.297,3.7349999999999994,28.296999999999997,38.297,2,0.9090909090909091,0.0,8.734999999999996
B0007,B0007_D0129,129,74.37413882690404,10,19.578000000000003,34.578,38.265,3.6869999999999976,28.265,38.265,2,0.9090909090909091,0.0,8.686999999999998
B0007,B0007_D0130,130,74.12675743202055,10,19.531000000000006,34.531000000000006,38.219,3.6879999999999953,28.219,38.219,2,0.9090909090909091,0.0,8.687999999999995
B0007,B0007_D0131,131,74.13937161114492,10,19.578000000000003,34.578,38.328,3.75,28.328000000000003,38.328,2,0.9090909090909091,0.0,8.75
B0007,B0007_D0132,132,73.84855898875296,10,19.578000000000003,34.578,38.265,3.6869999999999976,28.265,38.265,2,0.9090909090909091,0.0,8.686999999999998
B0007,B0007_D0133,133,74.09507777068637,10,19.578000000000003,34.578,38.406,3.827999999999996,28.406,38.406,2,0.9090909090909091,0.0,8.827999999999996
B0007,B0007_D0134,134,74.90683099437412,10,19.64,34.64,38.359,3.719000000000001,28.359,38.359,2,0.9090909090909091,0.0,8.719000000000001
B0007,B0007_D0135,135,74.10387607196436,10,19.641,34.641,38.375,3.7340000000000018,28.375,38.375,2,0.9090909090909091,0.0,8.734000000000002
B0007,B0007_D0136,136,73.85577656406076,10,19.5,34.5,38.125,3.625,28.125,38.125,2,0.9090909090909091,0.0,8.625
B0007,B0007_D0137,137,73.60386391528245,10,19.483999999999995,34.483999999999995,38.156,3.672000000000004,28.156,38.156,2,0.9090909090909091,0.0,8.672000000000004
B0007,B0007_D0138,138,73.6124006828227,10,19.5,34.5,38.219,3.719000000000001,28.219,38.219,2,0.9090909090909091,0.0,8.719000000000001
B0007,B0007_D0139,139,73.35053336137332,10,19.484,34.484,38.25,3.7659999999999982,28.25,38.25,2,0.9090909090909091,0.0,8.765999999999998
B0007,B0007_D0140,140,73.0883624766769,10,19.594,34.594,38.344,3.75,28.344,38.344,2,0.9090909090909091,0.0,8.75
B0007,B0007_D0141,141,72.83476335244853,10,19.703000000000003,34.703,38.515,3.8119999999999976,28.515,38.515,2,0.9090909090909091,0.0,8.811999999999998
B0007,B0007_D0142,142,72.5677486379478,10,19.516,34.516,38.25,3.7340000000000018,28.25,38.25,2,0.9090909090909091,0.0,8.734000000000002
B0007,B0007_D0143,143,72.58079631286874,10,19.531,34.531,38.312,3.780999999999999,28.311999999999998,38.312,2,0.9090909090909091,0.0,8.780999999999999
B0007,B0007_D0144,144,72.34080666086842,10,19.546999999999997,34.547,38.312,3.7650000000000006,28.311999999999998,38.312,2,0.9090909090909091,0.0,8.765
B0007,B0007_D0145,145,72.33785303884392,10,19.563,34.563,38.266,3.702999999999996,28.266,38.266,2,0.9090909090909091,0.0,8.703
B0007,B0007_D0146,146,72.06898740723396,10,19.547000000000004,34.547000000000004,38.375,3.827999999999996,28.375,38.375,2,0.9090909090909091,0.0,8.827999999999996
B0007,B0007_D0147,147,71.8122812610409,10,19.546,34.546,38.281,3.7349999999999994,28.281,38.281,2,0.9090909090909091,0.0,8.735
B0007,B0007_D0148,148,71.84077076962414,10,19.531,34.531,38.25,3.719000000000001,28.25,38.25,2,0.9090909090909091,0.0,8.719000000000001
B0007,B0007_D0149,149,71.81472572930025,10,19.609,34.609,38.359,3.75,28.359,38.359,2,0.9090909090909091,0.0,8.75
B0007,B0007_D0150,150,72.09287657939008,10,19.592999999999996,34.592999999999996,38.312,3.719000000000001,28.311999999999998,38.312,2,0.9090909090909091,0.0,8.719000000000001
B0007,B0007_D0151,151,73.36031742390898,10,19.483999999999998,34.483999999999995,38.219,3.7350000000000065,28.219,38.219,2,0.9090909090909091,0.0,8.735000000000003
B0007,B0007_D0152,152,72.59320183924441,10,19.546,34.546,38.25,3.7040000000000006,28.25,38.25,2,0.9090909090909091,0.0,8.704
B0007,B0007_D0153,153,72.3568987637425,10,19.516,34.516,38.266,3.75,28.266,38.266,2,0.9090909090909091,0.0,8.75
B0007,B0007_D0154,154,72.08952932811995,10,19.485,34.485,38.188,3.703000000000003,28.188000000000002,38.188,2,0.9090909090909091,0.0,8.703000000000003
B0007,B0007_D0155,155,71.58154739555555,10,19.484,34.484,38.14,3.655999999999999,28.14,38.14,2,0.9090909090909091,0.0,8.655999999999999
B0007,B0007_D0156,156,71.59042124836843,10,19.531,34.531,38.375,3.844000000000001,28.375,38.375,2,0.9090909090909091,0.0,8.844000000000001
B0007,B0007_D0157,157,71.31281292553435,10,19.531,34.531,38.281,3.75,28.281,38.281,2,0.9090909090909091,0.0,8.75
B0007,B0007_D0158,158,71.30438764462455,10,19.5,34.5,38.235,3.7349999999999994,28.235,38.235,2,0.9090909090909091,0.0,8.735
B0007,B0007_D0159,159,71.06316755015847,10,19.578000000000003,34.578,38.328,3.75,28.328000000000003,38.328,2,0.9090909090909091,0.0,8.75
B0007,B0007_D0160,160,70.81636374397554,10,19.593999999999994,34.593999999999994,38.297,3.703000000000003,28.296999999999997,38.297,2,0.9090909090909091,0.0,8.703000000000003
B0007,B0007_D0161,161,70.82890914587998,10,19.625,34.625,38.25,3.625,28.25,38.25,2,0.9090909090909091,0.0,8.625
B0007,B0007_D0162,162,70.54200864712587,10,19.485,34.485,38.203,3.7180000000000035,28.203000000000003,38.203,2,0.9090909090909091,0.0,8.718000000000004
B0007,B0007_D0163,163,70.54974814173902,10,19.608999999999995,34.608999999999995,38.375,3.7660000000000053,28.375,38.375,2,0.9090909090909091,0.0,8.766000000000005
B0007,B0007_D0164,164,70.308571451994,10,19.483999999999998,34.483999999999995,38.078,3.5940000000000083,28.078000000000003,38.078,2,0.9090909090909091,0.0,8.594000000000005
B0007,B0007_D0165,165,70.31679239846461,10,19.562000000000005,34.562000000000005,38.312000000000005,3.75,28.312000000000005,38.312000000000005,2,0.9090909090909091,0.0,8.75
B0007,B0007_D0166,166,70.02276199533257,10,19.469,34.469,38.141000000000005,3.672000000000004,28.141000000000005,38.141000000000005,2,0.9090909090909091,0.0,8.672000000000004
B0007,B0007_D0167,167,71.08932523027576,10,19.593999999999998,34.593999999999994,38.343999999999994,3.75,28.343999999999994,38.343999999999994,2,0.9090909090909091,0.0,8.749999999999996
B0007,B0007_D0168,168,71.62276360312717,10,19.515,34.515,38.312,3.796999999999997,28.311999999999998,38.312,2,0.9090909090909091,0.0,8.796999999999997
B0018,B0018_D0001,1,92.75022603955408,10,19.578000000000003,34.578,38.485,3.9069999999999965,28.485,38.485,2,0.9090909090909091,0.0,8.906999999999996
B0018,B0018_D0002,2,92.15977658544992,10,19.672,34.672,38.578,3.906000000000006,28.578000000000003,38.578,2,0.9090909090909091,0.0,8.906000000000002
B0018,B0018_D0003,3,91.98009212177712,10,19.641,34.641,38.625,3.9840000000000018,28.625,38.625,2,0.9090909090909091,0.0,8.984000000000002
B0018,B0018_D0004,4,91.53368022481028,10,19.735000000000003,34.735,38.922,4.186999999999998,28.921999999999997,38.922,2,0.9090909090909091,0.0,9.186999999999994
B0018,B0018_D0005,5,91.63501034709827,10,19.782,34.782,39.172,4.390000000000001,29.171999999999997,39.172,2,0.9090909090909091,0.0,9.389999999999997
B0018,B0018_D0006,6,91.42644423023194,10,19.811999999999998,34.812,39.187,4.375,29.186999999999998,39.187,2,0.9090909090909091,0.0,9.375
B0018,B0018_D0007,7,91.06005947848962,10,19.891,34.891,39.391000000000005,4.500000000000007,29.391000000000005,39.391000000000005,2,0.9090909090909091,0.0,9.500000000000007
B0018,B0018_D0008,8,90.7585005321664,10,19.906,34.906,39.546,4.640000000000001,29.546,39.546,2,0.9090909090909091,0.0,9.64
B0018,B0018_D0009,9,90.21490260483824,10,20.031,35.031,39.797000000000004,4.766000000000005,29.797000000000004,39.797000000000004,2,0.9090909090909091,0.0,9.766000000000005
B0018,B0018_D0010,10,91.15501151422112,10,20.141000000000002,35.141000000000005,39.969,4.827999999999996,29.969,39.969,2,0.9090909090909091,0.0,9.828
B0018,B0018_D0011,11,90.60626760127744,10,20.11,35.11,40.016,4.905999999999999,30.016,40.016,2,0.9090909090909091,0.0,9.905999999999999
B0018,B0018_D0012,12,90.23458191058884,10,20.156,35.156,40.25,5.094000000000001,30.25,40.25,1,0.9090909090909091,0.0,0.0779999999999994
B0018,B0018_D0013,13,89.54221748931475,10,20.25,35.25,40.422,5.171999999999997,30.421999999999997,40.422,1,0.9090909090909091,0.0,0.09399999999999409
B0018,B0018_D0014,14,89.1735361420963,10,20.297000000000004,35.297000000000004,40.563,5.265999999999998,30.563000000000002,40.563,1,0.9090909090909091,0.0,0.1559999999999988
B0018,B0018_D0015,15,89.04693062655352,10,20.265,35.265,40.609,5.344000000000001,30.609,40.609,1,0.9090909090909091,0.0,0.1559999999999988
B0018,B0018_D0016,16,88.5604519836349,10,20.297000000000004,35.297000000000004,40.844,5.546999999999997,30.844,40.844,1,0.9090909090909091,0.0,0.2809999999999988
B0018,B0018_D0017,17,88.43151998353538,10,20.406,35.406,40.953,5.547000000000004,30.953000000000003,40.953,1,0.9090909090909091,0.0,0.29700000000000415
B0018,B0018_D0018,18,87.68152400958562,10,20.515,35.515,41.172,5.6569999999999965,31.171999999999997,41.172,1,0.9090909090909091,0.0,0.32799999999999585
B0018,B0018_D0019,19,87.31098708207547,10,20.5,35.5,41.297000000000004,5.797000000000004,31.297000000000004,41.297000000000004,1,0.9090909090909091,0.0,0.4220000000000077
B0018,B0018_D0020,20,86.88323668526868,10,20.546999999999997,35.547,41.375,5.828000000000003,31.375,41.375,1,0.9090909090909091,0.0,0.39000000000000057
B0018,B0018_D0021,21,86.57583367737918,10,20.641,35.641,41.563,5.922000000000004,31.563000000000002,41.563,1,0.9090909090909091,0.0,0.4380000000000024
B0018,B0018_D0022,22,85.42974947235301,10,20.719,35.719,41.688,5.969000000000001,31.688000000000002,41.688,1,0.9090909090909091,0.0,0.485000000000003
B0018,B0018_D0023,23,85.57349785341056,10,20.656,35.656,41.766,6.109999999999999,31.766,41.766,1,0.9090909090909091,0.0,0.5629999999999988
B0018,B0018_D0024,24,85.37510686636314,10,20.703,35.703,42.016,6.312999999999995,32.016,42.016,1,0.9090909090909091,0.0,0.6410000000000018
B0018,B0018_D0025,25,87.46191032180114,10,20.75,35.75,42.047,6.296999999999997,32.047,42.047,1,0.9090909090909091,0.0,0.6720000000000006
B0018,B0018_D0026,26,86.63848573714978,10,20.86,35.86,42.203,6.3430000000000035,32.203,42.203,1,0.9090909090909091,0.0,0.6870000000000047
B0018,B0018_D0027,27,86.11156664146188,10,20.891,35.891,42.281,6.390000000000001,32.281,42.281,1,0.9090909090909091,0.0,0.6869999999999976
B0018,B0018_D0028,28,85.59231494923645,10,21.0,36.0,42.656,6.655999999999999,32.656,42.656,1,0.9090909090909091,0.0,0.8599999999999994
B0018,B0018_D0029,29,84.96339175633435,10,21.0,36.0,42.687,6.686999999999998,32.687,42.687,1,0.9090909090909091,0.0,0.7969999999999935
B0018,B0018_D0030,30,84.70183219621553,10,21.203000000000003,36.203,42.891,6.687999999999995,32.891,42.891,1,0.9090909090909091,0.0,0.8440000000000012
B0018,B0018_D0031,31,84.09513539384044,10,21.015,36.015,42.922,6.9069999999999965,32.922,42.922,1,0.9090909090909091,0.0,0.9999999999999964
B0018,B0018_D0032,32,83.84885309216843,10,21.171,36.171,43.062,6.890999999999998,33.062,43.062,1,0.9090909090909091,0.0,0.9689999999999941
B0018,B0018_D0033,33,83.27614653239468,10,21.186999999999998,36.187,43.234,7.047000000000004,33.234,43.234,1,0.9090909090909091,0.0,1.0309999999999988
B0018,B0018_D0034,34,82.85962287916043,10,21.14,36.14,43.344,7.204000000000001,33.344,43.344,1,0.9090909090909091,0.0,1.0320000000000036
B0018,B0018_D0035,35,82.41120777647023,10,21.281,36.281,43.469,7.188000000000002,33.469,43.469,1,0.9090909090909091,0.0,1.125
B0018,B0018_D0036,36,81.93850748993631,10,21.734,36.734,44.734,8.0,34.734,44.734,1,0.9090909090909091,0.0,1.453000000000003
B0018,B0018_D0037,37,81.38243453631031,10,21.281,36.281,43.578,7.297000000000004,33.578,43.578,1,0.9090909090909091,0.0,1.1559999999999988
B0018,B0018_D0038,38,81.107685113626,10,21.406,36.406,43.827999999999996,7.421999999999997,33.827999999999996,43.827999999999996,1,0.9090909090909091,0.0,1.2190000000000012
B0018,B0018_D0039,39,80.70033255233793,10,21.438,36.438,43.922,7.483999999999995,33.922,43.922,1,0.9090909090909091,0.0,1.203000000000003
B0018,B0018_D0040,40,83.80258077212312,10,21.421,36.421,44.015,7.594000000000001,34.015,44.015,1,0.9090909090909091,0.0,1.3590000000000018
B0018,B0018_D0041,41,82.46503212760994,10,21.454,36.454,44.11,7.655999999999999,34.11,44.11,1,0.9090909090909091,0.0,1.3440000000000012
B0018,B0018_D0042,42,81.6191495929045,10,21.547000000000004,36.547000000000004,44.282,7.734999999999992,34.282,44.282,1,0.9090909090909091,0.0,1.375
B0018,B0018_D0043,43,80.82079859512888,10,21.563000000000002,36.563,44.344,7.780999999999999,34.344,44.344,1,0.9090909090909091,0.0,1.375
B0018,B0018_D0044,44,80.54514189124689,10,21.718999999999994,36.718999999999994,44.734,8.015000000000008,34.734,44.734,1,0.9090909090909091,0.0,1.4840000000000018
B0018,B0018_D0045,45,79.77319346847828,10,21.61,36.61,44.579,7.969000000000001,34.579,44.579,1,0.9090909090909091,0.0,1.4380000000000024
B0018,B0018_D0046,46,86.3353720042882,10,21.094,36.094,43.063,6.969000000000001,33.063,43.063,1,0.9090909090909091,0.0,0.9690000000000012
B0018,B0018_D0047,47,85.82836958714876,10,21.109,36.109,43.093999999999994,6.984999999999992,33.093999999999994,43.093999999999994,1,0.9090909090909091,0.0,0.9999999999999929
B0018,B0018_D0048,48,84.79117785467423,10,21.11,36.11,43.297,7.186999999999998,33.297,43.297,1,0.9090909090909091,0.0,1.093999999999994
B0018,B0018_D0049,49,83.88891595396278,10,21.312,36.312,43.422,7.109999999999999,33.422,43.422,1,0.9090909090909091,0.0,1.0630000000000024
B0018,B0018_D0050,50,83.03293448887096,10,21.296999999999997,36.297,43.437,7.140000000000001,33.437,43.437,1,0.9090909090909091,0.0,1.078000000000003
B0018,B0018_D0051,51,83.32054637413732,10,21.391,36.391,43.719,7.328000000000003,33.719,43.719,1,0.9090909090909091,0.0,1.1409999999999982
B0018,B0018_D0052,52,82.34168087203902,10,21.406,36.406,43.828,7.422000000000004,33.828,43.828,1,0.9090909090909091,0.0,1.25
B0018,B0018_D0053,53,81.28819964389976,10,21.421999999999997,36.422,43.953,7.531000000000006,33.953,43.953,1,0.9090909090909091,0.0,1.328000000000003
B0018,B0018_D0054,54,80.60788705937298,10,21.344,36.344,43.765,7.420999999999999,33.765,43.765,1,0.9090909090909091,0.0,1.2180000000000035
B0018,B0018_D0055,55,80.28683411877672,10,21.531999999999996,36.532,44.25,7.7180000000000035,34.25,44.25,1,0.9090909090909091,0.0,1.3590000000000018
B0018,B0018_D0056,56,83.68226574399445,10,21.953000000000003,36.953,45.469,8.515999999999998,35.469,45.469,1,0.9090909090909091,0.0,1.7350000000000065
B0018,B0018_D0057,57,82.02174286174969,10,21.609,36.609,44.375,7.765999999999998,34.375,44.375,1,0.9090909090909091,0.0,1.421999999999997
B0018,B0018_D0058,58,80.66326658711039,10,21.562999999999995,36.562999999999995,44.468999999999994,7.905999999999999,34.468999999999994,44.468999999999994,1,0.9090909090909091,0.0,1.4529999999999959
B0018,B0018_D0059,59,79.60482162343139,10,21.625,36.625,44.594,7.969000000000001,34.594,44.594,1,0.9090909090909091,0.0,1.453000000000003
B0018,B0018_D0060,60,79.33005910349412,10,21.672000000000004,36.672000000000004,44.766,8.093999999999994,34.766,44.766,1,0.9090909090909091,0.0,1.5619999999999976
B0018,B0018_D0061,61,79.00383245168126,10,21.719,36.719,44.875,8.155999999999999,34.875,44.875,1,0.9090909090909091,0.0,1.6090000000000018
B0018,B0018_D0062,62,78.20866476644584,10,21.719,36.719,45.0,8.280999999999999,35.0,45.0,1,0.9090909090909091,0.0,1.6559999999999988
B0018,B0018_D0063,63,77.7809136096961,10,21.813000000000002,36.813,45.125,8.311999999999998,35.125,45.125,1,0.9090909090909091,0.0,1.625
B0018,B0018_D0064,64,77.01022639318697,10,21.813,36.813,45.141,8.327999999999996,35.141,45.141,1,0.9090909090909091,0.0,1.6409999999999982
B0018,B0018_D0065,65,76.60806507979932,10,21.766,36.766,45.203,8.437000000000005,35.203,45.203,1,0.9090909090909091,0.0,1.6870000000000047
B0018,B0018_D0066,66,76.58116201846707,10,21.938,36.938,45.422,8.483999999999995,35.422,45.422,1,0.9090909090909091,0.0,1.718999999999994
B0018,B0018_D0067,67,76.11297975385989,10,21.921999999999997,36.922,45.531,8.609000000000002,35.531,45.531,1,0.9090909090909091,0.0,1.7650000000000006
B0018,B0018_D0068,68,75.32633563425642,10,22.031999999999996,37.032,45.687999999999995,8.655999999999999,35.687999999999995,45.687999999999995,1,0.9090909090909091,0.0,1.8440000000000012
B0018,B0018_D0069,69,75.07109778266464,10,21.953000000000003,36.953,45.687,8.733999999999995,35.687,45.687,1,0.9090909090909091,0.0,1.8589999999999947
B0018,B0018_D0070,70,74.81767058743229,10,22.063,37.063,45.844,8.780999999999999,35.844,45.844,1,0.9090909090909091,0.0,1.8590000000000018
B0018,B0018_D0071,71,76.6713100015621,10,22.078,37.078,45.967999999999996,8.889999999999993,35.967999999999996,45.967999999999996,1,0.9090909090909091,0.0,1.9059999999999988
B0018,B0018_D0072,72,76.1922633757213,10,22.0,37.0,45.906,8.905999999999999,35.906,45.906,1,0.9090909090909091,0.0,1.9529999999999959
B0018,B0018_D0073,73,75.0596049713062,10,22.171999999999997,37.172,46.172,9.0,36.172,46.172,1,0.9090909090909091,0.0,2.046999999999997
B0018,B0018_D0074,74,74.62088357251456,10,22.109,37.109,46.203,9.094000000000001,36.203,46.203,1,0.9090909090909091,0.0,2.094000000000001
B0018,B0018_D0075,75,74.16619259700616,10,22.202999999999996,37.202999999999996,46.344,9.141000000000005,36.344,46.344,1,0.9090909090909091,0.0,2.125
B0018,B0018_D0076,76,74.03688396147098,10,22.25,37.25,46.329,9.079,36.329,46.329,1,0.9090909090909091,0.0,2.0
B0018,B0018_D0077,77,73.67538904951239,10,22.297000000000004,37.297000000000004,46.515,9.217999999999996,36.515,46.515,1,0.9090909090909091,0.0,2.0930000000000035
B0018,B0018_D0078,78,73.40096426333051,10,22.266,37.266,46.469,9.203000000000003,36.469,46.469,1,0.9090909090909091,0.0,2.1090000000000018
B0018,B0018_D0079,79,72.90461778559511,10,22.328000000000003,37.328,46.688,9.36,36.688,46.688,1,0.9090909090909091,0.0,2.1570000000000036
B0018,B0018_D0080,80,72.393304944457,10,22.328000000000003,37.328,46.797,9.468999999999994,36.797,46.797,1,0.9090909090909091,0.0,2.218999999999994
B0018,B0018_D0081,81,72.6390438877099,10,22.39,37.39,46.875,9.485,36.875,46.875,1,0.9090909090909091,0.0,2.2349999999999994
B0018,B0018_D0082,82,72.12678182246216,10,22.407,37.407,47.032,9.625,37.032,47.032,1,0.9090909090909091,0.0,2.2819999999999965
B0018,B0018_D0083,83,71.96356438601657,10,22.453000000000003,37.453,47.047,9.593999999999994,37.047,47.047,1,0.9090909090909091,0.0,2.2659999999999982
B0018,B0018_D0084,84,71.43237840944109,10,22.438000000000002,37.438,47.063,9.625,37.063,47.063,1,0.9090909090909091,0.0,2.3130000000000024
B0018,B0018_D0085,85,71.24513375002448,10,22.531,37.531,47.343,9.812000000000005,37.343,47.343,1,0.9090909090909091,0.0,2.3900000000000006
B0018,B0018_D0086,86,73.49057662262062,10,22.561999999999998,37.562,47.391,9.829,37.391,47.391,1,0.9090909090909091,0.0,2.3909999999999982
B0018,B0018_D0087,87,72.62909825525101,10,22.609,37.609,47.468999999999994,9.859999999999992,37.468999999999994,47.468999999999994,1,0.9090909090909091,0.0,2.421999999999997
B0018,B0018_D0088,88,72.1417099454397,10,22.672,37.672,47.594,9.922000000000004,37.594,47.594,1,0.9090909090909091,0.0,2.469000000000001
B0018,B0018_D0089,89,71.41880294039746,10,22.61,37.61,47.735,10.125,37.735,47.735,1,0.9090909090909091,0.0,2.6099999999999994
B0018,B0018_D0090,90,70.77273922185357,10,22.686999999999998,37.687,47.718999999999994,10.031999999999996,37.718999999999994,47.718999999999994,1,0.9090909090909091,0.0,2.546999999999997
B0018,B0018_D0091,91,72.7288335038854,10,22.75,37.75,47.875,10.125,37.875,47.875,1,0.9090909090909091,0.0,2.5790000000000006
B0018,B0018_D0092,92,71.41589774137029,10,22.686999999999998,37.687,47.953,10.266000000000005,37.953,47.953,1,0.9090909090909091,0.0,2.609000000000009
B0018,B0018_D0093,93,70.98513441602029,10,22.75,37.75,48.016000000000005,10.266000000000005,38.016000000000005,48.016000000000005,1,0.9090909090909091,0.0,2.6099999999999994
B0018,B0018_D0094,94,70.77803315153258,10,22.829,37.829,48.204,10.375,38.204,48.204,1,0.9090909090909091,0.0,2.7659999999999982
B0018,B0018_D0095,95,70.2840017709614,10,22.765,37.765,48.125,10.36,38.125,48.125,1,0.9090909090909091,0.0,2.671999999999997
B0018,B0018_D0096,96,70.42230535583069,10,22.813,37.813,48.297,10.483999999999995,38.297,48.297,1,0.9090909090909091,0.0,2.75
B0018,B0018_D0097,97,69.84273891436207,10,22.875,37.875,48.312,10.436999999999998,38.312,48.312,1,0.9090909090909091,0.0,2.6869999999999976
B0018,B0018_D0098,98,69.67835185720338,10,22.953,37.953,48.547,10.593999999999994,38.547,48.547,1,0.9090909090909091,0.0,2.8130000000000024
B0018,B0018_D0099,99,69.46822146404737,10,22.921,37.921,48.609,10.688000000000002,38.609,48.609,1,0.9090909090909091,0.0,2.8130000000000024
B0018,B0018_D0100,100,68.92825707833356,10,23.171999999999997,38.172,49.141,10.969000000000001,39.141,49.141,1,0.9090909090909091,0.0,3.0
B0018,B0018_D0101,101,69.24505550428735,10,23.062,38.062,48.828,10.766000000000005,38.828,48.828,1,0.9090909090909091,0.0,2.8910000000000053
B0018,B0018_D0102,102,68.51625907121222,10,23.031,38.031,48.812,10.780999999999999,38.812,48.812,1,0.9090909090909091,0.0,2.8900000000000006
B0018,B0018_D0103,103,68.6673219261454,10,22.953000000000003,37.953,48.844,10.890999999999998,38.844,48.844,1,0.9090909090909091,0.0,2.9070000000000036
B0018,B0018_D0104,104,68.39743642752407,10,23.032000000000004,38.032000000000004,49.0,10.967999999999996,39.0,49.0,1,0.9090909090909091,0.0,2.953000000000003
B0018,B0018_D0105,105,67.83570543544823,10,23.141,38.141,49.125,10.984000000000002,39.125,49.125,1,0.9090909090909091,0.0,2.969000000000001
B0018,B0018_D0106,106,73.02155104597287,10,23.141000000000005,38.141000000000005,49.109,10.967999999999996,39.109,49.109,1,0.9090909090909091,0.0,2.9840000000000018
B0018,B0018_D0107,107,72.50499468552049,10,23.156000000000002,38.156000000000006,49.233999999999995,11.077999999999989,39.233999999999995,49.233999999999995,1,0.9090909090909091,0.0,3.0619999999999976
B0018,B0018_D0108,108,71.90703450912248,10,23.186999999999998,38.187,49.359,11.172000000000004,39.359,49.359,1,0.9090909090909091,0.0,3.1409999999999982
B0018,B0018_D0109,109,71.41840990482157,10,23.999999999999996,39.0,51.672,12.671999999999997,41.672,51.672,1,0.9090909090909091,0.0,3.8589999999999947
B0018,B0018_D0110,110,70.73937258776216,10,23.391,38.391,49.61,11.219000000000001,39.61,49.61,1,0.9090909090909091,0.0,3.125
B0018,B0018_D0111,111,70.6944581696591,10,24.047,39.047,51.858999999999995,12.811999999999998,41.858999999999995,51.858999999999995,1,0.9090909090909091,0.0,3.8900000000000006
B0018,B0018_D0112,112,69.94665831088612,10,23.172,38.172,49.438,11.266000000000005,39.438,49.438,1,0.9090909090909091,0.0,3.1099999999999994
B0018,B0018_D0113,113,69.76661292016988,10,23.375,38.375,49.797,11.421999999999997,39.797,49.797,1,0.9090909090909091,0.0,3.2349999999999994
B0018,B0018_D0114,114,69.50230647701225,10,23.296999999999997,38.297,49.702999999999996,11.405999999999999,39.702999999999996,49.702999999999996,1,0.9090909090909091,0.0,3.1869999999999976
B0018,B0018_D0115,115,69.30135727104823,10,23.36,38.36,49.827999999999996,11.467999999999996,39.827999999999996,49.827999999999996,1,0.9090909090909091,0.0,3.2179999999999964
B0018,B0018_D0116,116,69.41076300968754,10,23.485,38.485,50.016,11.530999999999999,40.016,50.016,1,0.9090909090909091,0.0,3.249999999999993
B0018,B0018_D0117,117,68.80913281197249,10,23.469,38.469,50.109,11.64,40.109,50.109,1,0.9090909090909091,0.0,3.296999999999997
B0018,B0018_D0118,118,68.23584449320082,10,23.563000000000002,38.563,50.25,11.686999999999998,40.25,50.25,1,0.9090909090909091,0.0,3.3430000000000035
B0018,B0018_D0119,119,67.94927369686792,10,23.578000000000003,38.578,50.266,11.687999999999995,40.266,50.266,1,0.9090909090909091,0.0,3.3129999999999953
B0018,B0018_D0120,120,67.311543820044,10,23.906,38.906,51.344,12.438000000000002,41.344,51.344,1,0.9090909090909091,0.0,3.75
B0018,B0018_D0121,121,71.34213909227321,10,23.608999999999995,38.608999999999995,50.422,11.813000000000002,40.422,50.422,1,0.9090909090909091,0.0,3.421999999999997
B0018,B0018_D0122,122,70.32240741639832,10,23.563,38.563,50.483999999999995,11.920999999999992,40.483999999999995,50.483999999999995,1,0.9090909090909091,0.0,3.5
B0018,B0018_D0123,123,69.67453746037576,10,23.703000000000003,38.703,50.719,12.015999999999998,40.719,50.719,1,0.9090909090909091,0.0,3.5159999999999982
B0018,B0018_D0124,124,69.41246756124659,10,23.703000000000003,38.703,50.75,12.046999999999997,40.75,50.75,1,0.9090909090909091,0.0,3.546999999999997
B0018,B0018_D0125,125,68.50939169210464,10,23.811999999999998,38.812,50.906,12.094000000000001,40.906,50.906,1,0.9090909090909091,0.0,3.578000000000003
B0018,B0018_D0126,126,68.9847583280431,10,23.703,38.703,50.797,12.093999999999994,40.797,50.797,1,0.9090909090909091,0.0,3.546999999999997
B0018,B0018_D0127,127,68.43293161967841,10,23.719,38.719,50.875,12.155999999999999,40.875,50.875,1,0.9090909090909091,0.0,3.6090000000000018
B0018,B0018_D0128,128,68.13685889548219,10,23.671999999999997,38.672,50.858999999999995,12.186999999999998,40.858999999999995,50.858999999999995,1,0.9090909090909091,0.0,3.6089999999999947
B0018,B0018_D0129,129,68.17025566964035,10,23.813000000000002,38.813,51.0,12.186999999999998,41.0,51.0,1,0.9090909090909091,0.0,3.593999999999994
B0018,B0018_D0130,130,67.59323017652616,10,23.765,38.765,51.093,12.328000000000003,41.093,51.093,1,0.9090909090909091,0.0,3.6870000000000047
B0018,B0018_D0131,131,67.7398486482631,10,23.844,38.844,51.312,12.467999999999996,41.312,51.312,1,0.9090909090909091,0.0,3.75
B0018,B0018_D0132,132,67.05257203202424,10,23.843000000000004,38.843,51.296,12.452999999999996,41.296,51.296,1,0.9090909090909091,0.0,3.702999999999996
B0025,B0025_D0001,1,92.3505581478358,10,19.546999999999997,34.547,39.469,4.922000000000004,29.469,39.469,2,0.9090909090909091,0.0,9.922000000000004
B0025,B0025_D0002,2,92.42827172264192,10,19.702999999999996,34.702999999999996,39.735,5.032000000000004,29.735,39.735,1,0.9090909090909091,0.0,0.03200000000000358
B0025,B0025_D0003,3,92.35555885930876,10,19.625,34.625,39.765,5.140000000000001,29.765,39.765,1,0.9090909090909091,0.0,0.0779999999999994
B0025,B0025_D0004,4,92.44918800767768,10,19.734,34.734,40.125,5.390999999999998,30.125,40.125,1,0.9090909090909091,0.0,0.21899999999999764
B0025,B0025_D0005,5,91.8506035928022,10,19.828,34.828,40.233999999999995,5.405999999999992,30.233999999999995,40.233999999999995,1,0.9090909090909091,0.0,0.2189999999999941
B0025,B0025_D0006,6,90.87746056235684,10,19.844,34.844,40.422,5.577999999999996,30.421999999999997,40.422,1,0.9090909090909091,0.0,0.29699999999999704
B0025,B0025_D0007,7,91.99319112610364,10,20.11,35.11,40.875,5.765000000000001,30.875,40.875,1,0.9090909090909091,0.0,0.4059999999999988
B0025,B0025_D0008,8,92.15297809865716,10,20.031000000000002,35.031000000000006,40.968,5.936999999999998,30.968000000000004,40.968,1,0.9090909090909091,0.0,0.4529999999999994
B0025,B0025_D0009,9,92.00935864768029,10,20.047000000000004,35.047000000000004,41.125,6.077999999999996,31.125,41.125,1,0.9090909090909091,0.0,0.5
B0025,B0025_D0010,10,91.40632816444126,10,20.141000000000005,35.141000000000005,41.234,6.092999999999996,31.234,41.234,1,0.9090909090909091,0.0,0.5779999999999994
B0025,B0025_D0011,11,91.26781668222904,10,20.156000000000006,35.156000000000006,41.516000000000005,6.359999999999999,31.516000000000005,41.516000000000005,1,0.9090909090909091,0.0,0.735000000000003
B0025,B0025_D0012,12,91.0709027631308,10,20.25,35.25,41.641,6.390999999999998,31.641,41.641,1,0.9090909090909091,0.0,0.7189999999999976
B0025,B0025_D0013,13,91.5157813984466,10,20.266,35.266,41.719,6.453000000000003,31.719,41.719,1,0.9090909090909091,0.0,0.7190000000000012
B0025,B0025_D0014,14,90.87745821912422,10,20.406,35.406,42.047,6.640999999999998,32.047,42.047,1,0.9090909090909091,0.0,0.8439999999999941
B0025,B0025_D0015,15,90.54506001484896,10,20.36,35.36,42.032,6.671999999999997,32.032,42.032,1,0.9090909090909091,0.0,0.8279999999999959
B0025,B0025_D0016,16,90.4151630154212,10,20.453,35.453,42.108999999999995,6.655999999999992,32.108999999999995,42.108999999999995,1,0.9090909090909091,0.0,0.8279999999999923
B0025,B0025_D0017,17,89.64008074690531,10,20.469,35.469,42.344,6.875,32.344,42.344,1,0.9090909090909091,0.0,0.921999999999997
B0025,B0025_D0018,18,90.62815750229424,10,20.781000000000002,35.781000000000006,43.187,7.405999999999992,33.187,43.187,1,0.9090909090909091,0.0,1.2189999999999976
B0025,B0025_D0019,19,90.38863037456196,10,20.609,35.609,42.625,7.015999999999998,32.625,42.625,1,0.9090909090909091,0.0,0.9999999999999964
B0025,B0025_D0020,20,90.24027587501983,10,20.702999999999996,35.702999999999996,42.875,7.172000000000004,32.875,42.875,1,0.9090909090909091,0.0,1.0470000000000006
B0025,B0025_D0021,21,90.02692779496209,10,20.719,35.719,42.985,7.265999999999998,32.985,42.985,1,0.9090909090909091,0.0,1.125
B0025,B0025_D0022,22,89.71178049016515,10,20.671,35.671,43.14,7.469000000000001,33.14,43.14,1,0.9090909090909091,0.0,1.2650000000000006
B0025,B0025_D0023,23,90.37045262174443,10,20.89,35.89,43.375,7.484999999999999,33.375,43.375,1,0.9090909090909091,0.0,1.25
B0025,B0025_D0024,24,89.51252408481038,10,20.875000000000004,35.875,43.532,7.6569999999999965,33.532,43.532,1,0.9090909090909091,0.0,1.3289999999999935
B0025,B0025_D0025,25,89.80611922679748,10,20.953000000000003,35.953,43.703,7.75,33.703,43.703,1,0.9090909090909091,0.0,1.375
B0025,B0025_D0026,26,89.56118345175388,10,21.031000000000006,36.031000000000006,43.765,7.733999999999995,33.765,43.765,1,0.9090909090909091,0.0,1.3589999999999947
B0025,B0025_D0027,27,89.27411182651622,10,21.0,36.0,43.922000000000004,7.922000000000004,33.922000000000004,43.922000000000004,1,0.9090909090909091,0.0,1.453000000000003
B0025,B0025_D0028,28,88.38945390161808,10,21.031000000000002,36.031000000000006,44.156,8.124999999999993,34.156,44.156,1,0.9090909090909091,0.0,1.5620000000000047
B0026,B0026_D0001,1,90.66252151934948,10,19.546999999999997,34.547,39.469,4.922000000000004,29.469,39.469,2,0.9090909090909091,0.0,9.922000000000004
B0026,B0026_D0002,2,90.74880043539152,10,19.702999999999996,34.702999999999996,39.735,5.032000000000004,29.735,39.735,1,0.9090909090909091,0.0,0.03200000000000358
B0026,B0026_D0003,3,90.67677087780996,10,19.625,34.625,39.765,5.140000000000001,29.765,39.765,1,0.9090909090909091,0.0,0.0779999999999994
B0026,B0026_D0004,4,90.7574636655167,10,19.734,34.734,40.125,5.390999999999998,30.125,40.125,1,0.9090909090909091,0.0,0.21899999999999764
B0026,B0026_D0005,5,90.714565070341,10,19.828,34.828,40.233999999999995,5.405999999999992,30.233999999999995,40.233999999999995,1,0.9090909090909091,0.0,0.2189999999999941
B0026,B0026_D0007,7,90.82638979408031,10,20.11,35.11,40.875,5.765000000000001,30.875,40.875,1,0.9090909090909091,0.0,0.4059999999999988
B0026,B0026_D0008,8,90.42819288005532,10,20.031000000000002,35.031000000000006,40.968,5.936999999999998,30.968000000000004,40.968,1,0.9090909090909091,0.0,0.4529999999999994
B0026,B0026_D0009,9,90.24680388220912,10,20.047000000000004,35.047000000000004,41.125,6.077999999999996,31.125,41.125,1,0.9090909090909091,0.0,0.5
B0026,B0026_D0010,10,90.24657962491054,10,20.141000000000005,35.141000000000005,41.234,6.092999999999996,31.234,41.234,1,0.9090909090909091,0.0,0.5779999999999994
B0026,B0026_D0011,11,85.88396163496965,10,20.156000000000006,35.156000000000006,41.516000000000005,6.359999999999999,31.516000000000005,41.516000000000005,1,0.9090909090909091,0.0,0.735000000000003
B0026,B0026_D0012,12,90.4902406640053,10,20.25,35.25,41.641,6.390999999999998,31.641,41.641,1,0.9090909090909091,0.0,0.7189999999999976
B0026,B0026_D0013,13,90.3278106637244,10,20.266,35.266,41.719,6.453000000000003,31.719,41.719,1,0.9090909090909091,0.0,0.7190000000000012
B0026,B0026_D0014,14,89.69077853849254,10,20.406,35.406,42.047,6.640999999999998,32.047,42.047,1,0.9090909090909091,0.0,0.8439999999999941
B0026,B0026_D0015,15,89.9652474690896,10,20.36,35.36,42.032,6.671999999999997,32.032,42.032,1,0.9090909090909091,0.0,0.8279999999999959
B0026,B0026_D0016,16,89.21098724235065,10,20.453,35.453,42.108999999999995,6.655999999999992,32.108999999999995,42.108999999999995,1,0.9090909090909091,0.0,0.8279999999999923
B0026,B0026_D0017,17,84.09409959257594,10,20.469,35.469,42.344,6.875,32.344,42.344,1,0.9090909090909091,0.0,0.921999999999997
B0026,B0026_D0018,18,90.03759691980969,10,20.781000000000002,35.781000000000006,43.187,7.405999999999992,33.187,43.187,1,0.9090909090909091,0.0,1.2189999999999976
B0026,B0026_D0019,19,89.7986342136148,10,20.609,35.609,42.625,7.015999999999998,32.625,42.625,1,0.9090909090909091,0.0,0.9999999999999964
B0026,B0026_D0020,20,89.65513470276649,10,20.702999999999996,35.702999999999996,42.875,7.172000000000004,32.875,42.875,1,0.9090909090909091,0.0,1.0470000000000006
B0026,B0026_D0021,21,90.05133771034356,10,20.719,35.719,42.985,7.265999999999998,32.985,42.985,1,0.9090909090909091,0.0,1.125
B0026,B0026_D0022,22,89.12286150634974,10,20.671,35.671,43.14,7.469000000000001,33.14,43.14,1,0.9090909090909091,0.0,1.2650000000000006
B0026,B0026_D0023,23,89.79651515304394,10,20.89,35.89,43.375,7.484999999999999,33.375,43.375,1,0.9090909090909091,0.0,1.25
B0026,B0026_D0024,24,88.91571063670503,10,20.875000000000004,35.875,43.532,7.6569999999999965,33.532,43.532,1,0.9090909090909091,0.0,1.3289999999999935
B0026,B0026_D0025,25,88.5859546492401,10,20.953000000000003,35.953,43.703,7.75,33.703,43.703,1,0.9090909090909091,0.0,1.375
B0026,B0026_D0026,26,88.95374744768387,10,21.031000000000006,36.031000000000006,43.765,7.733999999999995,33.765,43.765,1,0.9090909090909091,0.0,1.3589999999999947
B0026,B0026_D0027,27,88.66614891232338,10,21.0,36.0,43.922000000000004,7.922000000000004,33.922000000000004,43.922000000000004,1,0.9090909090909091,0.0,1.453000000000003
B0026,B0026_D0028,28,88.4377055505442,10,21.031000000000002,36.031000000000006,44.156,8.124999999999993,34.156,44.156,1,0.9090909090909091,0.0,1.5620000000000047
B0027,B0027_D0001,1,91.16538871074684,10,19.546999999999997,34.547,39.469,4.922000000000004,29.469,39.469,2,0.9090909090909091,0.0,9.922000000000004
B0027,B0027_D0002,2,90.7119232558398,10,19.702999999999996,34.702999999999996,39.735,5.032000000000004,29.735,39.735,1,0.9090909090909091,0.0,0.03200000000000358
B0027,B0027_D0003,3,90.64298396565434,10,19.625,34.625,39.765,5.140000000000001,29.765,39.765,1,0.9090909090909091,0.0,0.0779999999999994
B0027,B0027_D0004,4,90.72121223369986,10,19.734,34.734,40.125,5.390999999999998,30.125,40.125,1,0.9090909090909091,0.0,0.21899999999999764
B0027,B0027_D0005,5,90.6400166926521,10,19.828,34.828,40.233999999999995,5.405999999999992,30.233999999999995,40.233999999999995,1,0.9090909090909091,0.0,0.2189999999999941
B0027,B0027_D0006,6,89.73019351597647,10,19.844,34.844,40.422,5.577999999999996,30.421999999999997,40.422,1,0.9090909090909091,0.0,0.29699999999999704
B0027,B0027_D0007,7,90.82595856469165,10,20.11,35.11,40.875,5.765000000000001,30.875,40.875,1,0.9090909090909091,0.0,0.4059999999999988
B0027,B0027_D0008,8,90.9916778259512,10,20.031000000000002,35.031000000000006,40.968,5.936999999999998,30.968000000000004,40.968,1,0.9090909090909091,0.0,0.4529999999999994
B0027,B0027_D0009,9,90.8490493220364,10,20.047000000000004,35.047000000000004,41.125,6.077999999999996,31.125,41.125,1,0.9090909090909091,0.0,0.5
B0027,B0027_D0010,10,90.23801355384494,10,20.141000000000005,35.141000000000005,41.234,6.092999999999996,31.234,41.234,1,0.9090909090909091,0.0,0.5779999999999994
B0027,B0027_D0011,11,90.1088944070434,10,20.156000000000006,35.156000000000006,41.516000000000005,6.359999999999999,31.516000000000005,41.516000000000005,1,0.9090909090909091,0.0,0.735000000000003
B0027,B0027_D0012,12,90.50271878055877,10,20.25,35.25,41.641,6.390999999999998,31.641,41.641,1,0.9090909090909091,0.0,0.7189999999999976
B0027,B0027_D0013,13,90.95809351787275,10,20.266,35.266,41.719,6.453000000000003,31.719,41.719,1,0.9090909090909091,0.0,0.7190000000000012
B0027,B0027_D0014,14,90.31722906153657,10,20.406,35.406,42.047,6.640999999999998,32.047,42.047,1,0.9090909090909091,0.0,0.8439999999999941
B0027,B0027_D0015,15,90.60003189373973,10,20.36,35.36,42.032,6.671999999999997,32.032,42.032,1,0.9090909090909091,0.0,0.8279999999999959
B0027,B0027_D0016,16,90.46192847893764,10,20.453,35.453,42.108999999999995,6.655999999999992,32.108999999999995,42.108999999999995,1,0.9090909090909091,0.0,0.8279999999999923
B0027,B0027_D0017,17,89.10358858002668,10,20.469,35.469,42.344,6.875,32.344,42.344,1,0.9090909090909091,0.0,0.921999999999997
B0027,B0027_D0018,18,90.72752281170524,10,20.781000000000002,35.781000000000006,43.187,7.405999999999992,33.187,43.187,1,0.9090909090909091,0.0,1.2189999999999976
B0027,B0027_D0019,19,90.4576742582141,10,20.609,35.609,42.625,7.015999999999998,32.625,42.625,1,0.9090909090909091,0.0,0.9999999999999964
B0027,B0027_D0020,20,90.32775754046854,10,20.702999999999996,35.702999999999996,42.875,7.172000000000004,32.875,42.875,1,0.9090909090909091,0.0,1.0470000000000006
B0027,B0027_D0021,21,90.1200827979746,10,20.719,35.719,42.985,7.265999999999998,32.985,42.985,1,0.9090909090909091,0.0,1.125
B0027,B0027_D0022,22,89.821658416615,10,20.671,35.671,43.14,7.469000000000001,33.14,43.14,1,0.9090909090909091,0.0,1.2650000000000006
B0027,B0027_D0023,23,90.44018465254145,10,20.89,35.89,43.375,7.484999999999999,33.375,43.375,1,0.9090909090909091,0.0,1.25
B0027,B0027_D0024,24,89.57763874374825,10,20.875000000000004,35.875,43.532,7.6569999999999965,33.532,43.532,1,0.9090909090909091,0.0,1.3289999999999935
B0027,B0027_D0025,25,89.26687596119785,10,20.953000000000003,35.953,43.703,7.75,33.703,43.703,1,0.9090909090909091,0.0,1.375
B0027,B0027_D0026,26,89.66046051626545,10,21.031000000000006,36.031000000000006,43.765,7.733999999999995,33.765,43.765,1,0.9090909090909091,0.0,1.3589999999999947
B0027,B0027_D0027,27,89.36548855551057,10,21.0,36.0,43.922000000000004,7.922000000000004,33.922000000000004,43.922000000000004,1,0.9090909090909091,0.0,1.453000000000003
B0027,B0027_D0028,28,88.50463126662225,10,21.031000000000002,36.031000000000006,44.156,8.124999999999993,34.156,44.156,1,0.9090909090909091,0.0,1.5620000000000047
B0028,B0028_D0001,1,90.23423860050367,10,19.546999999999997,34.547,39.469,4.922000000000004,29.469,39.469,2,0.9090909090909091,0.0,9.922000000000004
B0028,B0028_D0002,2,90.2391660726294,10,19.702999999999996,34.702999999999996,39.735,5.032000000000004,29.735,39.735,1,0.9090909090909091,0.0,0.03200000000000358
B0028,B0028_D0003,3,89.8809334111229,10,19.625,34.625,39.765,5.140000000000001,29.765,39.765,1,0.9090909090909091,0.0,0.0779999999999994
B0028,B0028_D0004,4,89.64956843880587,10,19.734,34.734,40.125,5.390999999999998,30.125,40.125,1,0.9090909090909091,0.0,0.21899999999999764
B0028,B0028_D0005,5,89.59590040796108,10,19.828,34.828,40.233999999999995,5.405999999999992,30.233999999999995,40.233999999999995,1,0.9090909090909091,0.0,0.2189999999999941
B0028,B0028_D0006,6,88.75130679518986,10,19.844,34.844,40.422,5.577999999999996,30.421999999999997,40.422,1,0.9090909090909091,0.0,0.29699999999999704
B0028,B0028_D0007,7,89.60243926111708,10,20.11,35.11,40.875,5.765000000000001,30.875,40.875,1,0.9090909090909091,0.0,0.4059999999999988
B0028,B0028_D0008,8,89.52379007906325,10,20.031000000000002,35.031000000000006,40.968,5.936999999999998,30.968000000000004,40.968,1,0.9090909090909091,0.0,0.4529999999999994
B0028,B0028_D0009,9,89.34182545993632,10,20.047000000000004,35.047000000000004,41.125,6.077999999999996,31.125,41.125,1,0.9090909090909091,0.0,0.5
B0028,B0028_D0010,10,89.35764809981092,10,20.141000000000005,35.141000000000005,41.234,6.092999999999996,31.234,41.234,1,0.9090909090909091,0.0,0.5779999999999994
B0028,B0028_D0011,11,89.08170308504752,10,20.156000000000006,35.156000000000006,41.516000000000005,6.359999999999999,31.516000000000005,41.516000000000005,1,0.9090909090909091,0.0,0.735000000000003
B0028,B0028_D0012,12,89.25117568302366,10,20.25,35.25,41.641,6.390999999999998,31.641,41.641,1,0.9090909090909091,0.0,0.7189999999999976
B0028,B0028_D0013,13,89.0193271484652,10,20.266,35.266,41.719,6.453000000000003,31.719,41.719,1,0.9090909090909091,0.0,0.7190000000000012
B0028,B0028_D0014,14,88.94530428208628,10,20.406,35.406,42.047,6.640999999999998,32.047,42.047,1,0.9090909090909091,0.0,0.8439999999999941
B0028,B0028_D0015,15,88.69193759486524,10,20.36,35.36,42.032,6.671999999999997,32.032,42.032,1,0.9090909090909091,0.0,0.8279999999999959
B0028,B0028_D0016,16,88.4841440761573,10,20.453,35.453,42.108999999999995,6.655999999999992,32.108999999999995,42.108999999999995,1,0.9090909090909091,0.0,0.8279999999999923
B0028,B0028_D0017,17,87.04393641603497,10,20.469,35.469,42.344,6.875,32.344,42.344,1,0.9090909090909091,0.0,0.921999999999997
B0028,B0028_D0018,18,88.24094872005954,10,20.781000000000002,35.781000000000006,43.187,7.405999999999992,33.187,43.187,1,0.9090909090909091,0.0,1.2189999999999976
B0028,B0028_D0019,19,88.08928695422013,10,20.609,35.609,42.625,7.015999999999998,32.625,42.625,1,0.9090909090909091,0.0,0.9999999999999964
B0028,B0028_D0020,20,87.88530517851049,10,20.702999999999996,35.702999999999996,42.875,7.172000000000004,32.875,42.875,1,0.9090909090909091,0.0,1.0470000000000006
B0028,B0028_D0021,21,87.59687980300627,10,20.719,35.719,42.985,7.265999999999998,32.985,42.985,1,0.9090909090909091,0.0,1.125
B0028,B0028_D0022,22,87.60622017916087,10,20.671,35.671,43.14,7.469000000000001,33.14,43.14,1,0.9090909090909091,0.0,1.2650000000000006
B0028,B0028_D0023,23,87.9885706699482,10,20.89,35.89,43.375,7.484999999999999,33.375,43.375,1,0.9090909090909091,0.0,1.25
B0028,B0028_D0024,24,87.41505660162095,10,20.875000000000004,35.875,43.532,7.6569999999999965,33.532,43.532,1,0.9090909090909091,0.0,1.3289999999999935
B0028,B0028_D0025,25,87.05741313918118,10,20.953000000000003,35.953,43.703,7.75,33.703,43.703,1,0.9090909090909091,0.0,1.375
B0028,B0028_D0026,26,86.81916658155589,10,21.031000000000006,36.031000000000006,43.765,7.733999999999995,33.765,43.765,1,0.9090909090909091,0.0,1.3589999999999947
B0028,B0028_D0027,27,86.82795331347634,10,21.0,36.0,43.922000000000004,7.922000000000004,33.922000000000004,43.922000000000004,1,0.9090909090909091,0.0,1.453000000000003
B0028,B0028_D0028,28,85.86167826147621,10,21.031000000000002,36.031000000000006,44.156,8.124999999999993,34.156,44.156,1,0.9090909090909091,0.0,1.5620000000000047
B0029,B0029_D0001,1,84.87536661028815,10,19.453,34.453,38.156000000000006,3.703000000000003,28.156000000000006,38.156000000000006,2,0.9090909090909091,0.0,8.703000000000007
B0029,B0029_D0002,2,92.2350603480587,10,19.469,34.469,38.203,3.7340000000000018,28.203000000000003,38.203,2,0.9090909090909091,0.0,8.734000000000002
B0029,B0029_D0003,3,91.27188337361464,10,19.531,34.531,38.452999999999996,3.921999999999997,28.452999999999996,38.452999999999996,2,0.9090909090909091,0.0,8.921999999999997
B0029,B0029_D0004,4,90.78752149567184,10,19.656000000000006,34.656000000000006,38.719,4.062999999999995,28.719,38.719,2,0.9090909090909091,0.0,9.062999999999995
B0029,B0029_D0005,5,90.66496668563514,10,19.702999999999996,34.702999999999996,38.891,4.188000000000002,28.891,38.891,2,0.9090909090909091,0.0,9.188000000000002
B0029,B0029_D0006,6,90.75823809830288,10,19.718999999999998,34.718999999999994,38.953,4.234000000000009,28.953000000000003,38.953,2,0.9090909090909091,0.0,9.234000000000005
B0029,B0029_D0007,7,90.71658977595028,10,19.781000000000002,34.781000000000006,39.141000000000005,4.359999999999999,29.141000000000005,39.141000000000005,2,0.9090909090909091,0.0,9.360000000000003
B0029,B0029_D0008,8,90.06718009049331,10,19.906,34.906,39.39,4.484000000000002,29.39,39.39,2,0.9090909090909091,0.0,9.484000000000002
B0029,B0029_D0009,9,89.40779401472912,10,19.936999999999998,34.937,39.562000000000005,4.625000000000007,29.562000000000005,39.562000000000005,2,0.9090909090909091,0.0,9.625000000000007
B0029,B0029_D0010,10,88.80357302269759,10,19.921,34.921,39.515,4.594000000000001,29.515,39.515,2,0.9090909090909091,0.0,9.594000000000001
B0029,B0029_D0011,11,89.26403723798721,10,20.093999999999998,35.093999999999994,39.843999999999994,4.75,29.843999999999994,39.843999999999994,2,0.9090909090909091,0.0,9.749999999999996
B0029,B0029_D0012,12,88.49058200555989,10,20.094,35.094,39.922,4.827999999999996,29.921999999999997,39.922,2,0.9090909090909091,0.0,9.827999999999996
B0029,B0029_D0013,13,87.82615840260878,10,20.016000000000002,35.016000000000005,40.0,4.983999999999995,30.0,40.0,2,0.9090909090909091,0.0,9.983999999999998
B0029,B0029_D0014,14,87.71706638674077,10,20.125,35.125,40.281,5.155999999999999,30.281,40.281,1,0.9090909090909091,0.0,0.06299999999999883
B0029,B0029_D0015,15,86.96437753499357,10,20.172000000000004,35.172000000000004,40.266000000000005,5.094000000000001,30.266000000000005,40.266000000000005,1,0.9090909090909091,0.0,0.04700000000000415
B0029,B0029_D0016,16,88.98922554665673,10,20.312999999999995,35.312999999999995,40.516,5.203000000000003,30.516,40.516,1,0.9090909090909091,0.0,0.10900000000000176
B0029,B0029_D0017,17,88.28544254232601,10,20.25,35.25,40.578,5.328000000000003,30.578000000000003,40.578,1,0.9090909090909091,0.0,0.17200000000000415
B0029,B0029_D0018,18,87.61970704362085,10,20.39,35.39,40.828,5.438000000000002,30.828000000000003,40.828,1,0.9090909090909091,0.0,0.20300000000000296
B0029,B0029_D0019,19,86.90095612801552,10,20.328,35.328,40.781000000000006,5.453000000000003,30.781000000000006,40.781000000000006,1,0.9090909090909091,0.0,0.23400000000000531
B0029,B0029_D0020,20,86.56107221571988,10,20.375,35.375,40.938,5.563000000000002,30.938000000000002,40.938,1,0.9090909090909091,0.0,0.26600000000000534
B0029,B0029_D0021,21,86.89564492632904,10,20.436999999999998,35.437,41.046,5.609000000000002,31.046,41.046,1,0.9090909090909091,0.0,0.3279999999999994
B0029,B0029_D0022,22,86.12135341812942,10,20.469,35.469,41.156000000000006,5.687000000000005,31.156000000000006,41.156000000000006,1,0.9090909090909091,0.0,0.37500000000000355
B0029,B0029_D0023,23,85.92106882804018,10,20.468000000000004,35.468,41.25,5.7819999999999965,31.25,41.25,1,0.9090909090909091,0.0,0.40700000000000003
B0029,B0029_D0024,24,85.05110465324115,10,20.531000000000002,35.531000000000006,41.468,5.936999999999998,31.468000000000004,41.468,1,0.9090909090909091,0.0,0.4529999999999994
B0029,B0029_D0025,25,84.6849369781552,10,20.641000000000005,35.641000000000005,41.609,5.967999999999996,31.609,41.609,1,0.9090909090909091,0.0,0.5
B0029,B0029_D0026,26,85.65363606433525,10,20.625,35.625,41.672,6.046999999999997,31.671999999999997,41.672,1,0.9090909090909091,0.0,0.5159999999999982
B0029,B0029_D0027,27,84.88486344283565,10,20.719,35.719,41.968999999999994,6.249999999999993,31.968999999999994,41.968999999999994,1,0.9090909090909091,0.0,0.6089999999999911
B0029,B0029_D0028,28,84.49657017030604,10,20.75,35.75,41.875,6.125,31.875,41.875,1,0.9090909090909091,0.0,0.5309999999999988
B0029,B0029_D0029,29,84.25117756835346,10,20.734,35.734,41.983999999999995,6.249999999999993,31.983999999999995,41.983999999999995,1,0.9090909090909091,0.0,0.5929999999999964
B0029,B0029_D0030,30,83.91949827317025,10,20.906,35.906,42.313,6.407000000000004,32.313,42.313,1,0.9090909090909091,0.0,0.75
B0029,B0029_D0031,31,83.68973747434163,10,20.813000000000002,35.813,42.313,6.5,32.313,42.313,1,0.9090909090909091,0.0,0.75
B0029,B0029_D0032,32,83.43949463942359,10,20.922,35.922,42.579,6.657000000000004,32.579,42.579,1,0.9090909090909091,0.0,0.8130000000000024
B0029,B0029_D0033,33,82.46283153315714,10,20.953000000000003,35.953,42.547,6.593999999999994,32.547,42.547,1,0.9090909090909091,0.0,0.8279999999999959
B0029,B0029_D0034,34,82.04838378519834,10,20.953000000000003,35.953,42.594,6.640999999999998,32.594,42.594,1,0.9090909090909091,0.0,0.8279999999999994
B0029,B0029_D0035,35,82.28180114878546,10,20.921999999999997,35.922,42.592999999999996,6.670999999999999,32.592999999999996,42.592999999999996,1,0.9090909090909091,0.0,0.8590000000000018
B0029,B0029_D0036,36,82.72738717870185,10,21.031,36.031,42.859,6.828000000000003,32.859,42.859,1,0.9090909090909091,0.0,0.9220000000000041
B0029,B0029_D0037,37,82.30600760438773,10,21.125,36.125,43.031,6.905999999999999,33.031,43.031,1,0.9090909090909091,0.0,0.9220000000000041
B0029,B0029_D0038,38,81.37559594075881,10,21.140000000000004,36.14,43.156000000000006,7.016000000000005,33.156000000000006,43.156000000000006,1,0.9090909090909091,0.0,1.0470000000000113
B0029,B0029_D0039,39,81.00265266732248,10,21.094,36.094,43.187000000000005,7.0930000000000035,33.187000000000005,43.187000000000005,1,0.9090909090909091,0.0,1.000000000000007
B0029,B0029_D0040,40,80.60399058559669,10,21.25,36.25,43.343999999999994,7.093999999999994,33.343999999999994,43.343999999999994,1,0.9090909090909091,0.0,1.0629999999999953
B0030,B0030_D0001,1,82.80353048087701,10,19.453,34.453,38.156000000000006,3.703000000000003,28.156000000000006,38.156000000000006,2,0.9090909090909091,0.0,8.703000000000007
B0030,B0030_D0002,2,89.07774374754558,10,19.469,34.469,38.203,3.7340000000000018,28.203000000000003,38.203,2,0.9090909090909091,0.0,8.734000000000002
B0030,B0030_D0003,3,88.0984613911459,10,19.531,34.531,38.452999999999996,3.921999999999997,28.452999999999996,38.452999999999996,2,0.9090909090909091,0.0,8.921999999999997
B0030,B0030_D0004,4,87.58775159371125,10,19.656000000000006,34.656000000000006,38.719,4.062999999999995,28.719,38.719,2,0.9090909090909091,0.0,9.062999999999995
B0030,B0030_D0005,5,86.90844035181038,10,19.702999999999996,34.702999999999996,38.891,4.188000000000002,28.891,38.891,2,0.9090909090909091,0.0,9.188000000000002
B0030,B0030_D0006,6,87.5337264673067,10,19.718999999999998,34.718999999999994,38.953,4.234000000000009,28.953000000000003,38.953,2,0.9090909090909091,0.0,9.234000000000005
B0030,B0030_D0007,7,87.4552382453058,10,19.781000000000002,34.781000000000006,39.141000000000005,4.359999999999999,29.141000000000005,39.141000000000005,2,0.9090909090909091,0.0,9.360000000000003
B0030,B0030_D0008,8,86.26272014382738,10,19.906,34.906,39.39,4.484000000000002,29.39,39.39,2,0.9090909090909091,0.0,9.484000000000002
B0030,B0030_D0009,9,85.56310683822126,10,19.936999999999998,34.937,39.562000000000005,4.625000000000007,29.562000000000005,39.562000000000005,2,0.9090909090909091,0.0,9.625000000000007
B0030,B0030_D0010,10,84.95209196355637,10,19.921,34.921,39.515,4.594000000000001,29.515,39.515,2,0.9090909090909091,0.0,9.594000000000001
B0030,B0030_D0011,11,85.92885019766489,10,20.093999999999998,35.093999999999994,39.843999999999994,4.75,29.843999999999994,39.843999999999994,2,0.9090909090909091,0.0,9.749999999999996
B0030,B0030_D0012,12,85.1623614609335,10,20.094,35.094,39.922,4.827999999999996,29.921999999999997,39.922,2,0.9090909090909091,0.0,9.827999999999996
B0030,B0030_D0013,13,84.47290223311519,10,20.016000000000002,35.016000000000005,40.0,4.983999999999995,30.0,40.0,2,0.9090909090909091,0.0,9.983999999999998
B0030,B0030_D0014,14,83.78068146359588,10,20.125,35.125,40.281,5.155999999999999,30.281,40.281,1,0.9090909090909091,0.0,0.06299999999999883
B0030,B0030_D0015,15,83.59203570435827,10,20.172000000000004,35.172000000000004,40.266000000000005,5.094000000000001,30.266000000000005,40.266000000000005,1,0.9090909090909091,0.0,0.04700000000000415
B0030,B0030_D0016,16,86.16528340602223,10,20.312999999999995,35.312999999999995,40.516,5.203000000000003,30.516,40.516,1,0.9090909090909091,0.0,0.10900000000000176
B0030,B0030_D0017,17,85.46036452536416,10,20.25,35.25,40.578,5.328000000000003,30.578000000000003,40.578,1,0.9090909090909091,0.0,0.17200000000000415
B0030,B0030_D0018,18,84.20008671722854,10,20.39,35.39,40.828,5.438000000000002,30.828000000000003,40.828,1,0.9090909090909091,0.0,0.20300000000000296
B0030,B0030_D0019,19,83.44934940650201,10,20.328,35.328,40.781000000000006,5.453000000000003,30.781000000000006,40.781000000000006,1,0.9090909090909091,0.0,0.23400000000000531
B0030,B0030_D0020,20,83.10344681418572,10,20.375,35.375,40.938,5.563000000000002,30.938000000000002,40.938,1,0.9090909090909091,0.0,0.26600000000000534
B0030,B0030_D0021,21,83.43524812624086,10,20.436999999999998,35.437,41.046,5.609000000000002,31.046,41.046,1,0.9090909090909091,0.0,0.3279999999999994
B0030,B0030_D0022,22,82.63810917752315,10,20.469,35.469,41.156000000000006,5.687000000000005,31.156000000000006,41.156000000000006,1,0.9090909090909091,0.0,0.37500000000000355
B0030,B0030_D0023,23,82.4240683117622,10,20.468000000000004,35.468,41.25,5.7819999999999965,31.25,41.25,1,0.9090909090909091,0.0,0.40700000000000003
B0030,B0030_D0024,24,81.53703221566047,10,20.531000000000002,35.531000000000006,41.468,5.936999999999998,31.468000000000004,41.468,1,0.9090909090909091,0.0,0.4529999999999994
B0030,B0030_D0025,25,81.1615115089645,10,20.641000000000005,35.641000000000005,41.609,5.967999999999996,31.609,41.609,1,0.9090909090909091,0.0,0.5
B0030,B0030_D0026,26,82.70953270197195,10,20.625,35.625,41.672,6.046999999999997,31.671999999999997,41.672,1,0.9090909090909091,0.0,0.5159999999999982
B0030,B0030_D0027,27,81.92571983084925,10,20.719,35.719,41.968999999999994,6.249999999999993,31.968999999999994,41.968999999999994,1,0.9090909090909091,0.0,0.6089999999999911
B0030,B0030_D0028,28,80.9423836678809,10,20.75,35.75,41.875,6.125,31.875,41.875,1,0.9090909090909091,0.0,0.5309999999999988
B0030,B0030_D0029,29,80.67106133875703,10,20.734,35.734,41.983999999999995,6.249999999999993,31.983999999999995,41.983999999999995,1,0.9090909090909091,0.0,0.5929999999999964
B0030,B0030_D0030,30,80.33221800880993,10,20.906,35.906,42.313,6.407000000000004,32.313,42.313,1,0.9090909090909091,0.0,0.75
B0030,B0030_D0031,31,80.69193938469499,10,20.813000000000002,35.813,42.313,6.5,32.313,42.313,1,0.9090909090909091,0.0,0.75
B0030,B0030_D0032,32,79.81647506636371,10,20.922,35.922,42.579,6.657000000000004,32.579,42.579,1,0.9090909090909091,0.0,0.8130000000000024
B0030,B0030_D0033,33,79.45392933703495,10,20.953000000000003,35.953,42.547,6.593999999999994,32.547,42.547,1,0.9090909090909091,0.0,0.8279999999999959
B0030,B0030_D0034,34,79.02740716154787,10,20.953000000000003,35.953,42.594,6.640999999999998,32.594,42.594,1,0.9090909090909091,0.0,0.8279999999999994
B0030,B0030_D0035,35,79.23065527135404,10,20.921999999999997,35.922,42.592999999999996,6.670999999999999,32.592999999999996,42.592999999999996,1,0.9090909090909091,0.0,0.8590000000000018
B0030,B0030_D0036,36,79.68325610610368,10,21.031,36.031,42.859,6.828000000000003,32.859,42.859,1,0.9090909090909091,0.0,0.9220000000000041
B0030,B0030_D0037,37,79.24937063480444,10,21.125,36.125,43.031,6.905999999999999,33.031,43.031,1,0.9090909090909091,0.0,0.9220000000000041
B0030,B0030_D0038,38,78.93532484708231,10,21.140000000000004,36.14,43.156000000000006,7.016000000000005,33.156000000000006,43.156000000000006,1,0.9090909090909091,0.0,1.0470000000000113
B0030,B0030_D0039,39,78.53527580484835,10,21.094,36.094,43.187000000000005,7.0930000000000035,33.187000000000005,43.187000000000005,1,0.9090909090909091,0.0,1.000000000000007
B0030,B0030_D0040,40,78.1390202214241,10,21.25,36.25,43.343999999999994,7.093999999999994,33.343999999999994,43.343999999999994,1,0.9090909090909091,0.0,1.0629999999999953
B0031,B0031_D0001,1,83.33375971262886,10,19.453,34.453,38.156000000000006,3.703000000000003,28.156000000000006,38.156000000000006,2,0.9090909090909091,0.0,8.703000000000007
B0031,B0031_D0002,2,91.64291814771585,10,19.469,34.469,38.203,3.7340000000000018,28.203000000000003,38.203,2,0.9090909090909091,0.0,8.734000000000002
B0031,B0031_D0003,3,90.69917501472568,10,19.531,34.531,38.452999999999996,3.921999999999997,28.452999999999996,38.452999999999996,2,0.9090909090909091,0.0,8.921999999999997
B0031,B0031_D0004,4,90.22193666757416,10,19.656000000000006,34.656000000000006,38.719,4.062999999999995,28.719,38.719,2,0.9090909090909091,0.0,9.062999999999995
B0031,B0031_D0005,5,90.10738421456476,10,19.702999999999996,34.702999999999996,38.891,4.188000000000002,28.891,38.891,2,0.9090909090909091,0.0,9.188000000000002
B0031,B0031_D0006,6,88.57823754899418,10,19.718999999999998,34.718999999999994,38.953,4.234000000000009,28.953000000000003,38.953,2,0.9090909090909091,0.0,9.234000000000005
B0031,B0031_D0007,7,90.69964082889771,10,19.781000000000002,34.781000000000006,39.141000000000005,4.359999999999999,29.141000000000005,39.141000000000005,2,0.9090909090909091,0.0,9.360000000000003
B0031,B0031_D0008,8,90.06630520599427,10,19.906,34.906,39.39,4.484000000000002,29.39,39.39,2,0.9090909090909091,0.0,9.484000000000002
B0031,B0031_D0009,9,89.41861291966784,10,19.936999999999998,34.937,39.562000000000005,4.625000000000007,29.562000000000005,39.562000000000005,2,0.9090909090909091,0.0,9.625000000000007
B0031,B0031_D0010,10,88.8270082868658,10,19.921,34.921,39.515,4.594000000000001,29.515,39.515,2,0.9090909090909091,0.0,9.594000000000001
B0031,B0031_D0011,11,89.28104565911615,10,20.093999999999998,35.093999999999994,39.843999999999994,4.75,29.843999999999994,39.843999999999994,2,0.9090909090909091,0.0,9.749999999999996
B0031,B0031_D0012,12,89.0681701834297,10,20.094,35.094,39.922,4.827999999999996,29.921999999999997,39.922,2,0.9090909090909091,0.0,9.827999999999996
B0031,B0031_D0013,13,88.4244919198562,10,20.016000000000002,35.016000000000005,40.0,4.983999999999995,30.0,40.0,2,0.9090909090909091,0.0,9.983999999999998
B0031,B0031_D0014,14,88.32526191457029,10,20.125,35.125,40.281,5.155999999999999,30.281,40.281,1,0.9090909090909091,0.0,0.06299999999999883
B0031,B0031_D0015,15,87.58702639608835,10,20.172000000000004,35.172000000000004,40.266000000000005,5.094000000000001,30.266000000000005,40.266000000000005,1,0.9090909090909091,0.0,0.04700000000000415
B0031,B0031_D0016,16,86.76174657027508,10,20.312999999999995,35.312999999999995,40.516,5.203000000000003,30.516,40.516,1,0.9090909090909091,0.0,0.10900000000000176
B0031,B0031_D0017,17,88.9138913727459,10,20.25,35.25,40.578,5.328000000000003,30.578000000000003,40.578,1,0.9090909090909091,0.0,0.17200000000000415
B0031,B0031_D0018,18,88.24947429853695,10,20.39,35.39,40.828,5.438000000000002,30.828000000000003,40.828,1,0.9090909090909091,0.0,0.20300000000000296
B0031,B0031_D0019,19,88.12956417667756,10,20.328,35.328,40.781000000000006,5.453000000000003,30.781000000000006,40.781000000000006,1,0.9090909090909091,0.0,0.23400000000000531
B0031,B0031_D0020,20,87.2157288060791,10,20.375,35.375,40.938,5.563000000000002,30.938000000000002,40.938,1,0.9090909090909091,0.0,0.26600000000000534
B0031,B0031_D0021,21,88.14186876759238,10,20.436999999999998,35.437,41.046,5.609000000000002,31.046,41.046,1,0.9090909090909091,0.0,0.3279999999999994
B0031,B0031_D0022,22,87.39289654739855,10,20.469,35.469,41.156000000000006,5.687000000000005,31.156000000000006,41.156000000000006,1,0.9090909090909091,0.0,0.37500000000000355
B0031,B0031_D0023,23,87.20583669432496,10,20.468000000000004,35.468,41.25,5.7819999999999965,31.25,41.25,1,0.9090909090909091,0.0,0.40700000000000003
B0031,B0031_D0024,24,86.34211466408695,10,20.531000000000002,35.531000000000006,41.468,5.936999999999998,31.468000000000004,41.468,1,0.9090909090909091,0.0,0.4529999999999994
B0031,B0031_D0025,25,86.01546746521132,10,20.641000000000005,35.641000000000005,41.609,5.967999999999996,31.609,41.609,1,0.9090909090909091,0.0,0.5
B0031,B0031_D0026,26,86.97122758349889,10,20.625,35.625,41.672,6.046999999999997,31.671999999999997,41.672,1,0.9090909090909091,0.0,0.5159999999999982
B0031,B0031_D0027,27,86.83692208186007,10,20.719,35.719,41.968999999999994,6.249999999999993,31.968999999999994,41.968999999999994,1,0.9090909090909091,0.0,0.6089999999999911
B0031,B0031_D0028,28,85.84817342242715,10,20.75,35.75,41.875,6.125,31.875,41.875,1,0.9090909090909091,0.0,0.5309999999999988
B0031,B0031_D0029,29,85.63886779183179,10,20.734,35.734,41.983999999999995,6.249999999999993,31.983999999999995,41.983999999999995,1,0.9090909090909091,0.0,0.5929999999999964
B0031,B0031_D0030,30,85.30541733277033,10,20.906,35.906,42.313,6.407000000000004,32.313,42.313,1,0.9090909090909091,0.0,0.75
B0031,B0031_D0031,31,85.68663481037605,10,20.813000000000002,35.813,42.313,6.5,32.313,42.313,1,0.9090909090909091,0.0,0.75
B0031,B0031_D0032,32,85.46737898963487,10,20.922,35.922,42.579,6.657000000000004,32.579,42.579,1,0.9090909090909091,0.0,0.8130000000000024
B0031,B0031_D0033,33,84.50500227057795,10,20.953000000000003,35.953,42.547,6.593999999999994,32.547,42.547,1,0.9090909090909091,0.0,0.8279999999999959
B0031,B0031_D0034,34,84.73441671693833,10,20.953000000000003,35.953,42.594,6.640999999999998,32.594,42.594,1,0.9090909090909091,0.0,0.8279999999999994
B0031,B0031_D0035,35,84.3505495649606,10,20.921999999999997,35.922,42.592999999999996,6.670999999999999,32.592999999999996,42.592999999999996,1,0.9090909090909091,0.0,0.8590000000000018
B0031,B0031_D0036,36,84.78534513535038,10,21.031,36.031,42.859,6.828000000000003,32.859,42.859,1,0.9090909090909091,0.0,0.9220000000000041
B0031,B0031_D0037,37,84.38484448077826,10,21.125,36.125,43.031,6.905999999999999,33.031,43.031,1,0.9090909090909091,0.0,0.9220000000000041
B0031,B0031_D0038,38,84.09808563629647,10,21.140000000000004,36.14,43.156000000000006,7.016000000000005,33.156000000000006,43.156000000000006,1,0.9090909090909091,0.0,1.0470000000000113
B0031,B0031_D0039,39,83.75016944489423,10,21.094,36.094,43.187000000000005,7.0930000000000035,33.187000000000005,43.187000000000005,1,0.9090909090909091,0.0,1.000000000000007
B0031,B0031_D0040,40,83.36493897423338,10,21.25,36.25,43.343999999999994,7.093999999999994,33.343999999999994,43.343999999999994,1,0.9090909090909091,0.0,1.0629999999999953
B0032,B0032_D0001,1,85.2432053675607,10,19.453,34.453,38.156000000000006,3.703000000000003,28.156000000000006,38.156000000000006,2,0.9090909090909091,0.0,8.703000000000007
B0032,B0032_D0002,2,94.70159763474284,10,19.469,34.469,38.203,3.7340000000000018,28.203000000000003,38.203,2,0.9090909090909091,0.0,8.734000000000002
B0032,B0032_D0003,3,93.73843245926548,10,19.531,34.531,38.452999999999996,3.921999999999997,28.452999999999996,38.452999999999996,2,0.9090909090909091,0.0,8.921999999999997
B0032,B0032_D0004,4,93.27473592056188,10,19.656000000000006,34.656000000000006,38.719,4.062999999999995,28.719,38.719,2,0.9090909090909091,0.0,9.062999999999995
B0032,B0032_D0005,5,92.63699084509034,10,19.702999999999996,34.702999999999996,38.891,4.188000000000002,28.891,38.891,2,0.9090909090909091,0.0,9.188000000000002
B0032,B0032_D0006,6,92.2087198501933,10,19.718999999999998,34.718999999999994,38.953,4.234000000000009,28.953000000000003,38.953,2,0.9090909090909091,0.0,9.234000000000005
B0032,B0032_D0007,7,92.1511923875638,10,19.781000000000002,34.781000000000006,39.141000000000005,4.359999999999999,29.141000000000005,39.141000000000005,2,0.9090909090909091,0.0,9.360000000000003
B0032,B0032_D0008,8,91.51409087455932,10,19.906,34.906,39.39,4.484000000000002,29.39,39.39,2,0.9090909090909091,0.0,9.484000000000002
B0032,B0032_D0009,9,90.86919228040904,10,19.936999999999998,34.937,39.562000000000005,4.625000000000007,29.562000000000005,39.562000000000005,2,0.9090909090909091,0.0,9.625000000000007
B0032,B0032_D0010,10,90.2899649055234,10,19.921,34.921,39.515,4.594000000000001,29.515,39.515,2,0.9090909090909091,0.0,9.594000000000001
B0032,B0032_D0011,11,90.74914802524592,10,20.093999999999998,35.093999999999994,39.843999999999994,4.75,29.843999999999994,39.843999999999994,2,0.9090909090909091,0.0,9.749999999999996
B0032,B0032_D0012,12,89.97575184660897,10,20.094,35.094,39.922,4.827999999999996,29.921999999999997,39.922,2,0.9090909090909091,0.0,9.827999999999996
B0032,B0032_D0013,13,89.33258471259073,10,20.016000000000002,35.016000000000005,40.0,4.983999999999995,30.0,40.0,2,0.9090909090909091,0.0,9.983999999999998
B0032,B0032_D0014,14,88.67775359708016,10,20.125,35.125,40.281,5.155999999999999,30.281,40.281,1,0.9090909090909091,0.0,0.06299999999999883
B0032,B0032_D0015,15,88.49976666822215,10,20.172000000000004,35.172000000000004,40.266000000000005,5.094000000000001,30.266000000000005,40.266000000000005,1,0.9090909090909091,0.0,0.04700000000000415
B0032,B0032_D0016,16,89.97630401871434,10,20.312999999999995,35.312999999999995,40.516,5.203000000000003,30.516,40.516,1,0.9090909090909091,0.0,0.10900000000000176
B0032,B0032_D0017,17,89.84265342224916,10,20.25,35.25,40.578,5.328000000000003,30.578000000000003,40.578,1,0.9090909090909091,0.0,0.17200000000000415
B0032,B0032_D0018,18,89.19132752040872,10,20.39,35.39,40.828,5.438000000000002,30.828000000000003,40.828,1,0.9090909090909091,0.0,0.20300000000000296
B0032,B0032_D0019,19,88.48222245520051,10,20.328,35.328,40.781000000000006,5.453000000000003,30.781000000000006,40.781000000000006,1,0.9090909090909091,0.0,0.23400000000000531
B0032,B0032_D0020,20,87.56470228524842,10,20.375,35.375,40.938,5.563000000000002,30.938000000000002,40.938,1,0.9090909090909091,0.0,0.26600000000000534
B0032,B0032_D0021,21,88.48777148980996,10,20.436999999999998,35.437,41.046,5.609000000000002,31.046,41.046,1,0.9090909090909091,0.0,0.3279999999999994
B0032,B0032_D0022,22,87.7386346695746,10,20.469,35.469,41.156000000000006,5.687000000000005,31.156000000000006,41.156000000000006,1,0.9090909090909091,0.0,0.37500000000000355
B0032,B0032_D0023,23,86.94583177906492,10,20.468000000000004,35.468,41.25,5.7819999999999965,31.25,41.25,1,0.9090909090909091,0.0,0.40700000000000003
B0032,B0032_D0024,24,86.68600259382038,10,20.531000000000002,35.531000000000006,41.468,5.936999999999998,31.468000000000004,41.468,1,0.9090909090909091,0.0,0.4529999999999994
B0032,B0032_D0025,25,85.75486298750046,10,20.641000000000005,35.641000000000005,41.609,5.967999999999996,31.609,41.609,1,0.9090909090909091,0.0,0.5
B0032,B0032_D0026,26,87.31463074407819,10,20.625,35.625,41.672,6.046999999999997,31.671999999999997,41.672,1,0.9090909090909091,0.0,0.5159999999999982
B0032,B0032_D0027,27,85.95746309572824,10,20.719,35.719,41.968999999999994,6.249999999999993,31.968999999999994,41.968999999999994,1,0.9090909090909091,0.0,0.6089999999999911
B0032,B0032_D0028,28,85.5791123095749,10,20.75,35.75,41.875,6.125,31.875,41.875,1,0.9090909090909091,0.0,0.5309999999999988
B0032,B0032_D0029,29,84.75525597612949,10,20.734,35.734,41.983999999999995,6.249999999999993,31.983999999999995,41.983999999999995,1,0.9090909090909091,0.0,0.5929999999999964
B0032,B0032_D0030,30,85.02562185550487,10,20.906,35.906,42.313,6.407000000000004,32.313,42.313,1,0.9090909090909091,0.0,0.75
B0032,B0032_D0031,31,85.4049467562508,10,20.813000000000002,35.813,42.313,6.5,32.313,42.313,1,0.9090909090909091,0.0,0.75
B0032,B0032_D0032,32,84.57177152935635,10,20.922,35.922,42.579,6.657000000000004,32.579,42.579,1,0.9090909090909091,0.0,0.8130000000000024
B0032,B0032_D0033,33,84.22247164444966,10,20.953000000000003,35.953,42.547,6.593999999999994,32.547,42.547,1,0.9090909090909091,0.0,0.8279999999999959
B0032,B0032_D0034,34,83.20187908440376,10,20.953000000000003,35.953,42.594,6.640999999999998,32.594,42.594,1,0.9090909090909091,0.0,0.8279999999999994
B0032,B0032_D0035,35,83.43186007115987,10,20.921999999999997,35.922,42.592999999999996,6.670999999999999,32.592999999999996,42.592999999999996,1,0.9090909090909091,0.0,0.8590000000000018
B0032,B0032_D0036,36,84.49672037812984,10,21.031,36.031,42.859,6.828000000000003,32.859,42.859,1,0.9090909090909091,0.0,0.9220000000000041
B0032,B0032_D0037,37,83.4715856423221,10,21.125,36.125,43.031,6.905999999999999,33.031,43.031,1,0.9090909090909091,0.0,0.9220000000000041
B0032,B0032_D0038,38,83.17113380919606,10,21.140000000000004,36.14,43.156000000000006,7.016000000000005,33.156000000000006,43.156000000000006,1,0.9090909090909091,0.0,1.0470000000000113
B0032,B0032_D0039,39,82.18076097973686,10,21.094,36.094,43.187000000000005,7.0930000000000035,33.187000000000005,43.187000000000005,1,0.9090909090909091,0.0,1.000000000000007
B0032,B0032_D0040,40,81.79000436769121,10,21.25,36.25,43.343999999999994,7.093999999999994,33.343999999999994,43.343999999999994,1,0.9090909090909091,0.0,1.0629999999999953
B0033,B0033_D0002,2,34.47849503931407,10,19.484,34.484,38.391,3.9069999999999965,28.391,38.391,2,0.9090909090909091,0.0,8.906999999999996
B0033,B0033_D0004,4,62.646965269124976,10,19.671,34.671,38.75,4.079000000000001,28.75,38.75,2,0.9090909090909091,0.0,9.079
B0033,B0033_D0005,5,65.1459001223779,10,19.75,34.75,38.875,4.125,28.875,38.875,2,0.9090909090909091,0.0,9.125
B0033,B0033_D0006,6,66.09386605736262,10,19.765,34.765,39.015,4.25,29.015,39.015,2,0.9090909090909091,0.0,9.25
B0033,B0033_D0008,8,85.65846631933594,10,19.813000000000002,34.813,39.344,4.530999999999999,29.344,39.344,2,0.9090909090909091,0.0,9.530999999999999
B0033,B0033_D0009,9,82.80483388360256,10,20.047000000000004,35.047000000000004,39.672,4.624999999999993,29.671999999999997,39.672,2,0.9090909090909091,0.0,9.624999999999993
B0033,B0033_D0010,10,80.98648670995388,10,19.953,34.953,39.671,4.717999999999996,29.671,39.671,2,0.9090909090909091,0.0,9.718
B0033,B0033_D0011,11,80.23279061413645,10,20.0,35.0,39.859,4.859000000000002,29.859,39.859,2,0.9090909090909091,0.0,9.859000000000002
B0033,B0033_D0012,12,81.27849884514669,10,20.125,35.125,40.031,4.905999999999999,30.031,40.031,2,0.9090909090909091,0.0,9.905999999999999
B0033,B0033_D0013,13,79.50483653122996,10,20.235,35.235,40.313,5.078000000000003,30.313000000000002,40.313,1,0.9090909090909091,0.0,0.06300000000000239
B0033,B0033_D0014,14,78.69701149811992,10,20.171,35.171,40.343,5.172000000000004,30.343000000000004,40.343,1,0.9090909090909091,0.0,0.03100000000000591
B0033,B0033_D0015,15,78.55651675778654,10,20.218000000000004,35.218,40.515,5.296999999999997,30.515,40.515,1,0.9090909090909091,0.0,0.1869999999999976
B0033,B0033_D0016,16,79.48853076728707,10,20.265000000000004,35.265,40.562,5.296999999999997,30.561999999999998,40.562,1,0.9090909090909091,0.0,0.15599999999999525
B0033,B0033_D0017,17,81.28689385537,10,20.422,35.422,40.875,5.453000000000003,30.875,40.875,1,0.9090909090909091,0.0,0.2190000000000012
B0033,B0033_D0018,18,82.61753166981268,10,20.421999999999997,35.422,40.983999999999995,5.561999999999998,30.983999999999995,40.983999999999995,1,0.9090909090909091,0.0,0.2809999999999988
B0033,B0033_D0019,19,80.71908380797693,10,20.422,35.422,41.109,5.687000000000005,31.109,41.109,1,0.9090909090909091,0.0,0.39000000000000057
B0033,B0033_D0020,20,79.348726697252,10,20.5,35.5,41.312,5.811999999999998,31.311999999999998,41.312,1,0.9090909090909091,0.0,0.3749999999999929
B0033,B0033_D0021,21,79.09177786393667,10,20.578,35.578,41.468,5.890000000000001,31.468000000000004,41.468,1,0.9090909090909091,0.0,0.4210000000000029
B0033,B0033_D0022,22,84.59884703185577,10,20.453000000000003,35.453,41.453,6.0,31.453000000000003,41.453,1,0.9090909090909091,0.0,0.5930000000000035
B0033,B0033_D0023,23,84.39741900177238,10,20.469,35.469,41.672,6.202999999999996,31.671999999999997,41.672,1,0.9090909090909091,0.0,0.6559999999999988
B0033,B0033_D0024,24,82.93111503765729,10,20.437999999999995,35.437999999999995,41.766,6.328000000000003,31.766,41.766,1,0.9090909090909091,0.0,0.7340000000000018
B0033,B0033_D0025,25,82.10089516394932,10,20.561999999999998,35.562,41.89,6.328000000000003,31.89,41.89,1,0.9090909090909091,0.0,0.75
B0033,B0033_D0026,26,81.90905395559372,10,20.641000000000005,35.641000000000005,42.141000000000005,6.5,32.141000000000005,42.141000000000005,1,0.9090909090909091,0.0,0.8130000000000024
B0033,B0033_D0027,27,82.11446253956193,10,20.656,35.656,42.156,6.5,32.156,42.156,1,0.9090909090909091,0.0,0.8129999999999988
B0033,B0033_D0028,28,82.5635438132046,10,20.719,35.719,42.312,6.592999999999996,32.312,42.312,1,0.9090909090909091,0.0,0.8589999999999947
B0033,B0033_D0029,29,81.63279648958606,10,20.656,35.656,42.39,6.734000000000002,32.39,42.39,1,0.9090909090909091,0.0,0.9370000000000012
B0033,B0033_D0030,30,81.30444055840366,10,20.781,35.781,42.593,6.812000000000005,32.593,42.593,1,0.9090909090909091,0.0,1.0000000000000036
B0033,B0033_D0031,31,80.39646481911844,10,20.796999999999997,35.797,42.703,6.906000000000006,32.703,42.703,1,0.9090909090909091,0.0,1.0
B0033,B0033_D0032,32,80.62680557453697,10,20.781,35.781,42.703,6.922000000000004,32.703,42.703,1,0.9090909090909091,0.0,1.0150000000000006
B0033,B0033_D0033,33,81.09192084493945,10,20.907000000000004,35.907000000000004,42.954,7.046999999999997,32.954,42.954,1,0.9090909090909091,0.0,1.0790000000000006
B0033,B0033_D0034,34,80.72721514550567,10,20.891,35.891,43.125,7.234000000000002,33.125,43.125,1,0.9090909090909091,0.0,1.2650000000000006
B0033,B0033_D0035,35,79.76979458553798,10,21.031000000000002,36.031000000000006,43.297,7.265999999999991,33.297,43.297,1,0.9090909090909091,0.0,1.218999999999994
B0033,B0033_D0036,36,79.38621513556528,10,21.031000000000002,36.031000000000006,43.312,7.280999999999992,33.312,43.312,1,0.9090909090909091,0.0,1.218999999999994
B0033,B0033_D0037,37,79.05920289152803,10,21.015,36.015,43.39,7.375,33.39,43.39,1,0.9090909090909091,0.0,1.2340000000000018
B0033,B0033_D0038,38,80.64211304133877,10,21.202999999999996,36.202999999999996,43.61,7.407000000000004,33.61,43.61,1,0.9090909090909091,0.0,1.2820000000000036
B0033,B0033_D0039,39,80.99930316401101,10,21.172,36.172,43.891000000000005,7.719000000000008,33.891000000000005,43.891000000000005,1,0.9090909090909091,0.0,1.406000000000006
B0033,B0033_D0040,40,80.49690926805938,10,21.125,36.125,43.797000000000004,7.672000000000004,33.797000000000004,43.797000000000004,1,0.9090909090909091,0.0,1.4380000000000024
B0033,B0033_D0041,41,78.8548876978258,10,21.25,36.25,43.922000000000004,7.672000000000004,33.922000000000004,43.922000000000004,1,0.9090909090909091,0.0,1.3909999999999982
B0033,B0033_D0042,42,78.54299533277197,10,21.219,36.219,44.015,7.795999999999999,34.015,44.015,1,0.9090909090909091,0.0,1.4369999999999976
B0033,B0033_D0043,43,81.30790672674124,10,21.311999999999998,36.312,44.297,7.984999999999999,34.297,44.297,1,0.9090909090909091,0.0,1.578000000000003
B0033,B0033_D0044,44,81.74064986122863,10,21.312999999999995,36.312999999999995,44.327999999999996,8.015,34.327999999999996,44.327999999999996,1,0.9090909090909091,0.0,1.5779999999999959
B0033,B0033_D0045,45,80.58526818671305,10,21.422,36.422,44.515,8.093000000000004,34.515,44.515,1,0.9090909090909091,0.0,1.625
B0033,B0033_D0046,46,94.25700849860333,10,21.406,36.406,44.5,8.094000000000001,34.5,44.5,1,0.9090909090909091,0.0,1.6409999999999982
B0033,B0033_D0047,47,82.92478943890116,10,21.375,36.375,44.563,8.188000000000002,34.563,44.563,1,0.9090909090909091,0.0,1.6569999999999965
B0033,B0033_D0048,48,81.2094673224685,10,21.469,36.469,44.672,8.202999999999996,34.672,44.672,1,0.9090909090909091,0.0,1.625
B0033,B0033_D0049,49,80.2086049428182,10,21.499999999999996,36.5,44.75,8.25,34.75,44.75,1,0.9090909090909091,0.0,1.6869999999999976
B0033,B0033_D0050,50,80.40008370453673,10,21.563000000000002,36.563,44.907,8.343999999999994,34.907,44.907,1,0.9090909090909091,0.0,1.7819999999999965
B0033,B0033_D0051,51,81.28376069217798,10,21.532,36.532,44.938,8.406000000000006,34.938,44.938,1,0.9090909090909091,0.0,1.7660000000000053
B0033,B0033_D0052,52,80.8816382955359,10,21.578000000000003,36.578,45.093,8.515,35.093,45.093,1,0.9090909090909091,0.0,1.8900000000000006
B0033,B0033_D0053,53,79.86595744547132,10,21.577999999999996,36.577999999999996,45.202999999999996,8.625,35.202999999999996,45.202999999999996,1,0.9090909090909091,0.0,1.9059999999999988
B0033,B0033_D0054,54,79.37926125085303,10,21.657000000000004,36.657000000000004,45.219,8.561999999999998,35.219,45.219,1,0.9090909090909091,0.0,1.8590000000000018
B0033,B0033_D0055,55,79.01265007701842,10,21.75,36.75,45.422,8.671999999999997,35.422,45.422,1,0.9090909090909091,0.0,1.8909999999999982
B0033,B0033_D0056,56,79.1518265243888,10,21.797000000000004,36.797000000000004,45.625,8.827999999999996,35.625,45.625,1,0.9090909090909091,0.0,1.9839999999999947
B0033,B0033_D0057,57,80.13569416398518,10,21.875,36.875,45.733999999999995,8.858999999999995,35.733999999999995,45.733999999999995,1,0.9090909090909091,0.0,2.030999999999999
B0033,B0033_D0058,58,79.65354577256917,10,21.906,36.906,45.844,8.938000000000002,35.844,45.844,1,0.9090909090909091,0.0,2.0320000000000036
B0033,B0033_D0059,59,77.24444342510122,10,21.844,36.844,45.86,9.015999999999998,35.86,45.86,1,0.9090909090909091,0.0,2.1099999999999994
B0033,B0033_D0060,60,76.76094282820259,10,21.843,36.843,45.858999999999995,9.015999999999991,35.858999999999995,45.858999999999995,1,0.9090909090909091,0.0,2.077999999999996
B0033,B0033_D0061,61,76.26338657113666,10,22.0,37.0,46.062,9.061999999999998,36.062,46.062,1,0.9090909090909091,0.0,2.094000000000001
B0033,B0033_D0062,62,77.79746002726813,10,22.0,37.0,46.156,9.155999999999999,36.156,46.156,1,0.9090909090909091,0.0,2.125
B0033,B0033_D0063,63,78.24014719213575,10,22.094,37.094,46.343999999999994,9.249999999999993,36.343999999999994,46.343999999999994,1,0.9090909090909091,0.0,2.1879999999999953
B0033,B0033_D0064,64,77.59310230940602,10,22.0,37.0,46.312999999999995,9.312999999999995,36.312999999999995,46.312999999999995,1,0.9090909090909091,0.0,2.2349999999999994
B0033,B0033_D0065,65,75.72275272552503,10,22.031,37.031,46.438,9.407000000000004,36.438,46.438,1,0.9090909090909091,0.0,2.2820000000000036
B0033,B0033_D0066,66,75.25968101073214,10,22.077999999999996,37.077999999999996,46.641,9.563000000000002,36.641,46.641,1,0.9090909090909091,0.0,2.328000000000003
B0033,B0033_D0067,67,80.29119849585224,10,22.125,37.125,46.609,9.484000000000002,36.609,46.609,1,0.9090909090909091,0.0,2.344000000000001
B0033,B0033_D0068,68,81.24502597938525,10,22.172,37.172,46.859,9.687000000000005,36.859,46.859,1,0.9090909090909091,0.0,2.422000000000004
B0033,B0033_D0069,69,79.48925650183075,10,22.265,37.265,46.984,9.719000000000001,36.984,46.984,1,0.9090909090909091,0.0,2.452999999999996
B0033,B0033_D0070,70,77.76193076149951,10,22.265,37.265,47.14,9.875,37.14,47.14,1,0.9090909090909091,0.0,2.547000000000004
B0033,B0033_D0071,71,76.98782023184016,10,22.204,37.204,47.0,9.796,37.0,47.0,1,0.9090909090909091,0.0,2.4679999999999964
B0033,B0033_D0072,72,76.46587001069179,10,22.328000000000003,37.328,47.187,9.858999999999995,37.187,47.187,1,0.9090909090909091,0.0,2.4839999999999947
B0033,B0033_D0073,73,77.38402767884381,10,22.327999999999996,37.327999999999996,47.218999999999994,9.890999999999998,37.218999999999994,47.218999999999994,1,0.9090909090909091,0.0,2.4839999999999947
B0033,B0033_D0074,74,78.29960469719893,10,22.375,37.375,47.516,10.140999999999998,37.516,47.516,1,0.9090909090909091,0.0,2.655999999999999
B0033,B0033_D0075,75,77.08126425890252,10,22.359,37.359,47.406,10.046999999999997,37.406,47.406,1,0.9090909090909091,0.0,2.5929999999999964
B0033,B0033_D0076,76,75.8795327995084,10,22.469,37.469,47.578,10.109000000000002,37.578,47.578,1,0.9090909090909091,0.0,2.6400000000000006
B0033,B0033_D0077,77,75.37601021296545,10,22.422000000000004,37.422000000000004,47.609,10.186999999999998,37.609,47.609,1,0.9090909090909091,0.0,2.702999999999996
B0033,B0033_D0078,78,74.774641313017,10,22.5,37.5,47.828,10.328000000000003,37.828,47.828,1,0.9090909090909091,0.0,2.7820000000000036
B0033,B0033_D0079,79,74.98809405786574,10,22.531000000000006,37.531000000000006,47.859,10.327999999999996,37.859,47.859,1,0.9090909090909091,0.0,2.7340000000000018
B0033,B0033_D0080,80,74.53483403901977,10,22.593999999999998,37.593999999999994,48.047,10.453000000000003,38.047,48.047,1,0.9090909090909091,0.0,2.8119999999999976
B0033,B0033_D0081,81,74.00499712525934,10,22.531,37.531,48.047,10.515999999999998,38.047,48.047,1,0.9090909090909091,0.0,2.843999999999994
B0033,B0033_D0082,82,73.38045748050315,10,22.578000000000003,37.578,48.109,10.530999999999999,38.109,48.109,1,0.9090909090909091,0.0,2.8590000000000018
B0033,B0033_D0083,83,73.64909245960251,10,22.61,37.61,48.266,10.655999999999999,38.266,48.266,1,0.9090909090909091,0.0,2.9379999999999953
B0033,B0033_D0084,84,73.71436068603202,10,22.609,37.609,48.203,10.594000000000001,38.203,48.203,1,0.9090909090909091,0.0,2.875
B0033,B0033_D0085,85,73.17581404173069,10,22.688000000000002,37.688,48.469,10.780999999999999,38.469,48.469,1,0.9090909090909091,0.0,2.921999999999997
B0033,B0033_D0086,86,72.6354784024418,10,22.828000000000003,37.828,48.672,10.843999999999994,38.672,48.672,1,0.9090909090909091,0.0,2.968999999999994
B0033,B0033_D0087,87,72.78651923615124,10,22.796999999999997,37.797,48.578,10.781000000000006,38.578,48.578,1,0.9090909090909091,0.0,2.9840000000000018
B0033,B0033_D0088,88,72.9870049809284,10,22.766000000000002,37.766000000000005,48.578,10.811999999999998,38.578,48.578,1,0.9090909090909091,0.0,3.0
B0033,B0033_D0089,89,72.4355752079096,10,22.874999999999996,37.875,48.813,10.938000000000002,38.813,48.813,1,0.9090909090909091,0.0,3.0319999999999965
B0033,B0033_D0090,90,73.33379881442168,10,22.89,37.89,48.859,10.969000000000001,38.859,48.859,1,0.9090909090909091,0.0,3.047000000000004
B0033,B0033_D0091,91,73.44751054752209,10,23.015000000000004,38.015,49.125,11.11,39.125,49.125,1,0.9090909090909091,0.0,3.078000000000003
B0033,B0033_D0092,92,73.55582942610211,10,22.859,37.859,49.016000000000005,11.157000000000004,39.016000000000005,49.016000000000005,1,0.9090909090909091,0.0,3.1099999999999994
B0033,B0033_D0093,93,72.36506182327463,10,22.891000000000002,37.891000000000005,49.078,11.186999999999998,39.078,49.078,1,0.9090909090909091,0.0,3.203000000000003
B0033,B0033_D0094,94,71.02657773780821,10,22.968999999999994,37.968999999999994,49.25,11.281000000000006,39.25,49.25,1,0.9090909090909091,0.0,3.203000000000003
B0033,B0033_D0095,95,71.20733047408709,10,22.984,37.984,49.281,11.296999999999997,39.281,49.281,1,0.9090909090909091,0.0,3.2340000000000018
B0033,B0033_D0096,96,72.06410041682147,10,23.016000000000002,38.016000000000005,49.391,11.374999999999993,39.391,49.391,1,0.9090909090909091,0.0,3.202999999999996
B0033,B0033_D0097,97,72.24482694460808,10,23.078000000000003,38.078,49.5,11.421999999999997,39.5,49.5,1,0.9090909090909091,0.0,3.2819999999999965
B0033,B0033_D0098,98,72.70128177397874,10,23.094,38.094,49.594,11.5,39.594,49.594,1,0.9090909090909091,0.0,3.344000000000001
B0033,B0033_D0099,99,71.13015223771455,10,23.234,38.234,49.859,11.625,39.859,49.859,1,0.9090909090909091,0.0,3.3909999999999982
B0033,B0033_D0100,100,70.50984772945486,10,23.171999999999997,38.172,49.75,11.578000000000003,39.75,49.75,1,0.9090909090909091,0.0,3.3599999999999994
B0033,B0033_D0101,101,70.72440649499728,10,23.14,38.14,49.842999999999996,11.702999999999996,39.842999999999996,49.842999999999996,1,0.9090909090909091,0.0,3.4369999999999976
B0033,B0033_D0102,102,71.56800164730765,10,23.203000000000003,38.203,49.89,11.686999999999998,39.89,49.89,1,0.9090909090909091,0.0,3.4209999999999994
B0033,B0033_D0103,103,72.57566618258764,10,23.328,38.328,50.281,11.952999999999996,40.281,50.281,1,0.9090909090909091,0.0,3.577999999999996
B0033,B0033_D0104,104,71.15188378863367,10,23.328000000000003,38.328,50.203,11.875,40.203,50.203,1,0.9090909090909091,0.0,3.4680000000000035
B0033,B0033_D0105,105,69.81493481279564,10,23.25,38.25,50.203,11.953000000000003,40.203,50.203,1,0.9090909090909091,0.0,3.546999999999997
B0033,B0033_D0106,106,69.89530365199562,10,23.358999999999995,38.358999999999995,50.297,11.938000000000002,40.297,50.297,1,0.9090909090909091,0.0,3.5630000000000024
B0033,B0033_D0107,107,70.05673780048383,10,23.421999999999997,38.422,50.391,11.969000000000001,40.391,50.391,1,0.9090909090909091,0.0,3.5619999999999976
B0033,B0033_D0108,108,71.83912644726334,10,23.407000000000004,38.407000000000004,50.485,12.077999999999996,40.485,50.485,1,0.9090909090909091,0.0,3.6099999999999994
B0033,B0033_D0109,109,71.8500343977319,10,23.5,38.5,50.579,12.079,40.579,50.579,1,0.9090909090909091,0.0,3.594000000000001
B0033,B0033_D0110,110,70.51777642267405,10,23.375,38.375,50.609,12.234000000000002,40.609,50.609,1,0.9090909090909091,0.0,3.703000000000003
B0033,B0033_D0111,111,69.13166989980944,10,23.453000000000003,38.453,50.688,12.235,40.688,50.688,1,0.9090909090909091,0.0,3.6880000000000024
B0033,B0033_D0112,112,68.49701791533782,10,23.563000000000002,38.563,50.875,12.311999999999998,40.875,50.875,1,0.9090909090909091,0.0,3.7659999999999982
B0033,B0033_D0113,113,68.9306466394116,10,23.531,38.531,51.077999999999996,12.546999999999997,41.077999999999996,51.077999999999996,1,0.9090909090909091,0.0,3.780999999999999
B0033,B0033_D0115,115,71.17212145331004,10,23.532,38.532,51.016000000000005,12.484000000000009,41.016000000000005,51.016000000000005,1,0.9090909090909091,0.0,3.8130000000000024
B0033,B0033_D0116,116,69.73001946479333,10,23.594,38.594,51.188,12.594000000000001,41.188,51.188,1,0.9090909090909091,0.0,3.8599999999999994
B0033,B0033_D0117,117,69.80806993911143,10,23.688000000000002,38.688,51.282,12.593999999999994,41.282,51.282,1,0.9090909090909091,0.0,3.9069999999999965
B0033,B0033_D0118,118,69.24843041578985,10,23.593,38.593,51.187,12.593999999999994,41.187,51.187,1,0.9090909090909091,0.0,3.875
B0033,B0033_D0119,119,68.57557371237739,10,23.719,38.719,51.327999999999996,12.608999999999995,41.327999999999996,51.327999999999996,1,0.9090909090909091,0.0,3.8909999999999982
B0033,B0033_D0120,120,68.08432542439627,10,23.797,38.797,51.547,12.75,41.547,51.547,1,0.9090909090909091,0.0,3.968999999999994
B0033,B0033_D0121,121,68.98150680483043,10,23.781000000000002,38.781000000000006,51.531,12.749999999999993,41.531,51.531,1,0.9090909090909091,0.0,3.9369999999999976
B0033,B0033_D0122,122,68.2115888001602,10,23.733999999999995,38.733999999999995,51.577999999999996,12.844000000000001,41.577999999999996,51.577999999999996,1,0.9090909090909091,0.0,3.999999999999993
B0033,B0033_D0123,123,67.09207256040727,10,23.891,38.891,51.858999999999995,12.967999999999996,41.858999999999995,51.858999999999995,1,0.9090909090909091,0.0,4.046999999999997
B0033,B0033_D0124,124,67.76107847896125,10,23.859,38.859,51.766000000000005,12.907000000000004,41.766000000000005,51.766000000000005,1,0.9090909090909091,0.0,4.032000000000004
B0033,B0033_D0125,125,67.01930132014887,10,23.906,38.906,51.984,13.078000000000003,41.984,51.984,1,0.9090909090909091,0.0,4.109000000000002
B0033,B0033_D0126,126,67.97039457097719,10,23.828,38.828,51.858999999999995,13.030999999999992,41.858999999999995,51.858999999999995,1,0.9090909090909091,0.0,4.077999999999996
B0033,B0033_D0127,127,67.28550430677751,10,23.828000000000003,38.828,51.968,13.14,41.968,51.968,1,0.9090909090909091,0.0,4.172000000000004
B0033,B0033_D0128,128,67.3880571042718,10,23.875,38.875,51.953,13.078000000000003,41.953,51.953,1,0.9090909090909091,0.0,4.109000000000002
B0033,B0033_D0129,129,66.77410515670334,10,23.953000000000003,38.953,52.063,13.11,42.063,52.063,1,0.9090909090909091,0.0,4.125
B0033,B0033_D0130,130,67.65774709211169,10,24.061999999999998,39.062,52.234,13.172000000000004,42.234,52.234,1,0.9090909090909091,0.0,4.172000000000004
B0033,B0033_D0131,131,68.54838853022146,10,24.14,39.14,52.484,13.344000000000001,42.484,52.484,1,0.9090909090909091,0.0,4.202999999999996
B0033,B0033_D0132,132,67.8713336245933,10,24.047000000000004,39.047000000000004,52.454,13.406999999999996,42.454,52.454,1,0.9090909090909091,0.0,4.234999999999999
B0033,B0033_D0133,133,67.21839410553451,10,24.078000000000003,39.078,52.375,13.296999999999997,42.375,52.375,1,0.9090909090909091,0.0,4.234999999999999
B0033,B0033_D0134,134,66.50291192972651,10,24.094,39.094,52.531,13.436999999999998,42.531,52.531,1,0.9090909090909091,0.0,4.295999999999999
B0033,B0033_D0135,135,70.16820929033312,10,25.078,40.078,40.25,0.17199999999999704,30.25,40.25,1,0.9090909090909091,0.0,5.172000000000001
B0033,B0033_D0136,136,69.32785475114689,10,24.188000000000002,39.188,52.75,13.561999999999998,42.75,52.75,1,0.9090909090909091,0.0,4.375
B0033,B0033_D0137,137,68.52069088436316,10,24.250000000000004,39.25,52.875,13.625,42.875,52.875,1,0.9090909090909091,0.0,4.4069999999999965
B0033,B0033_D0138,138,66.26596968178565,10,24.203,39.203,52.875,13.671999999999997,42.875,52.875,1,0.9090909090909091,0.0,4.453000000000003
B0033,B0033_D0148,148,73.07348947131494,10,24.438000000000002,39.438,53.625,14.186999999999998,43.625,53.625,1,0.9090909090909091,0.0,4.686999999999998
B0033,B0033_D0149,149,70.75499772691266,10,24.453000000000003,39.453,53.734,14.280999999999999,43.734,53.734,1,0.9090909090909091,0.0,4.686999999999998
B0033,B0033_D0150,150,69.1816186936978,10,24.484,39.484,53.781000000000006,14.297000000000004,43.781000000000006,53.781000000000006,1,0.9090909090909091,0.0,4.734000000000009
B0033,B0033_D0151,151,68.52701446804916,10,24.531,39.531,53.781,14.25,43.781,53.781,1,0.9090909090909091,0.0,4.703000000000003
B0033,B0033_D0152,152,67.785212830577,10,24.531,39.531,53.89,14.359000000000002,43.89,53.89,1,0.9090909090909091,0.0,4.780999999999999
B0033,B0033_D0153,153,67.89192896959882,10,24.64,39.64,54.062,14.421999999999997,44.062,54.062,1,0.9090909090909091,0.0,4.827999999999996
B0033,B0033_D0154,154,68.04541989785699,10,24.546999999999997,39.547,53.969,14.422000000000004,43.969,53.969,1,0.9090909090909091,0.0,4.797000000000004
B0033,B0033_D0155,155,67.4781327384238,10,24.719,39.719,54.281000000000006,14.562000000000005,44.281000000000006,54.281000000000006,1,0.9090909090909091,0.0,4.875
B0033,B0033_D0156,156,59.444385662433206,10,24.733999999999998,39.733999999999995,54.344,14.610000000000007,44.344,54.344,1,0.9090909090909091,0.0,4.905999999999999
B0033,B0033_D0157,157,75.20746967304322,10,24.625,39.625,54.202999999999996,14.577999999999996,44.202999999999996,54.202999999999996,1,0.9090909090909091,0.0,4.859000000000002
B0033,B0033_D0158,158,74.49544319356384,10,24.703,39.703,54.36,14.656999999999996,44.36,54.36,1,0.9090909090909091,0.0,4.890999999999998
B0033,B0033_D0159,159,73.76650893215965,10,24.703000000000003,39.703,54.437,14.733999999999995,44.437,54.437,1,0.9090909090909091,0.0,4.936999999999998
B0033,B0033_D0160,160,72.99153827068515,10,24.734,39.734,54.437,14.702999999999996,44.437,54.437,1,0.9090909090909091,0.0,4.905999999999999
B0033,B0033_D0161,161,72.37084528862864,10,24.656,39.656,54.453,14.797000000000004,44.453,54.453,1,0.9090909090909091,0.0,4.938000000000002
B0033,B0033_D0162,162,73.38161837323577,10,24.765000000000004,39.765,54.547,14.781999999999996,44.547,54.547,1,0.9090909090909091,0.0,4.9539999999999935
B0033,B0033_D0163,163,72.07762465827635,10,24.983999999999995,39.983999999999995,55.077999999999996,15.094000000000001,45.077999999999996,55.077999999999996,1,0.9090909090909091,0.0,5.125
B0033,B0033_D0164,164,70.91964367922014,10,24.858999999999995,39.858999999999995,54.781,14.922000000000004,44.781,54.781,1,0.9090909090909091,0.0,5.0
B0033,B0033_D0165,165,70.15912419426259,10,24.86,39.86,54.875,15.015,44.875,54.875,1,0.9090909090909091,0.0,5.077999999999996
B0033,B0033_D0166,166,69.5555233060582,10,24.86,39.86,54.907,15.046999999999997,44.907,54.907,1,0.9090909090909091,0.0,5.077999999999996
B0033,B0033_D0167,167,70.43009979067268,10,24.906000000000002,39.906000000000006,54.922,15.015999999999991,44.922,54.922,1,0.9090909090909091,0.0,5.078000000000003
B0033,B0033_D0168,168,70.68854451974474,10,24.953000000000003,39.953,55.094,15.140999999999998,45.094,55.094,1,0.9090909090909091,0.0,5.155999999999999
B0033,B0033_D0169,169,70.62361172704225,10,25.078,40.078,40.156000000000006,0.07800000000000296,30.156000000000006,40.156000000000006,1,0.9090909090909091,0.0,5.0780000000000065
B0033,B0033_D0170,170,69.15950013287794,10,25.0,40.0,40.046,0.045999999999999375,30.046,40.046,1,0.9090909090909091,0.0,5.045999999999999
B0033,B0033_D0171,171,68.23049053716282,10,24.953,39.953,40.016000000000005,0.06300000000000239,30.016000000000005,40.016000000000005,1,0.9090909090909091,0.0,5.063000000000006
B0033,B0033_D0172,172,68.48756828912185,10,25.0,40.0,40.109,0.10900000000000176,30.109,40.109,1,0.9090909090909091,0.0,5.109000000000002
B0033,B0033_D0173,173,69.33973455535832,10,25.172000000000004,40.172000000000004,40.25,0.07799999999999585,30.25,40.25,1,0.9090909090909091,0.0,5.077999999999996
B0033,B0033_D0174,174,69.59307937871397,10,25.141000000000002,40.141000000000005,40.358999999999995,0.2179999999999893,30.358999999999995,40.358999999999995,1,0.9090909090909091,0.0,5.217999999999993
B0033,B0033_D0175,175,68.85811760904825,10,25.125,40.125,40.25,0.125,30.25,40.25,1,0.9090909090909091,0.0,5.125
B0033,B0033_D0176,176,67.99762679695426,10,25.218999999999994,40.218999999999994,40.452999999999996,0.23400000000000176,30.452999999999996,40.452999999999996,1,0.9090909090909091,0.0,5.234000000000002
B0033,B0033_D0177,177,68.98895215853625,10,25.14,40.14,40.359,0.2190000000000012,30.359,40.359,1,0.9090909090909091,0.0,5.219000000000001
B0033,B0033_D0178,178,68.1568683098322,10,25.188000000000002,40.188,40.391,0.20299999999999585,30.391,40.391,1,0.9090909090909091,0.0,5.202999999999996
B0033,B0033_D0179,179,68.26147614397404,10,25.235,40.235,40.485,0.25,30.485,40.485,1,0.9090909090909091,0.0,5.25
B0033,B0033_D0180,180,67.49310347029565,10,25.234,40.234,40.547,0.3129999999999953,30.546999999999997,40.547,1,0.9090909090909091,0.0,5.312999999999995
B0033,B0033_D0181,181,67.64752086166216,10,25.250000000000004,40.25,40.531,0.2809999999999988,30.531,40.531,1,0.9090909090909091,0.0,5.280999999999995
B0033,B0033_D0182,182,67.67870271302564,10,25.329,40.329,40.704,0.375,30.704,40.704,1,0.9090909090909091,0.0,5.375
B0033,B0033_D0183,183,67.16112591952512,10,25.328000000000003,40.328,40.765,0.4369999999999976,30.765,40.765,1,0.9090909090909091,0.0,5.436999999999998
B0033,B0033_D0184,184,67.06040884526713,10,25.311999999999998,40.312,40.672000000000004,0.36000000000000654,30.672000000000004,40.672000000000004,1,0.9090909090909091,0.0,5.3600000000000065
B0033,B0033_D0185,185,66.38694984993903,10,25.311999999999998,40.312,40.718,0.4060000000000059,30.718000000000004,40.718,1,0.9090909090909091,0.0,5.406000000000006
B0033,B0033_D0186,186,66.48894502227046,10,25.311999999999998,40.312,40.75,0.4380000000000024,30.75,40.75,1,0.9090909090909091,0.0,5.438000000000002
B0033,B0033_D0187,187,66.78022514351248,10,25.406,40.406,40.922,0.5159999999999982,30.921999999999997,40.922,1,0.9090909090909091,0.0,5.515999999999998
B0033,B0033_D0188,188,65.88744842855562,10,25.563,40.563,41.032,0.4689999999999941,31.031999999999996,41.032,1,0.9090909090909091,0.0,5.468999999999998
B0033,B0033_D0189,189,65.88027362370985,10,25.531,40.531,41.109,0.578000000000003,31.109,41.109,1,0.9090909090909091,0.0,5.578000000000003
B0033,B0033_D0190,190,65.9263976103619,10,25.577999999999996,40.577999999999996,41.077999999999996,0.5,31.077999999999996,41.077999999999996,1,0.9090909090909091,0.0,5.5
B0033,B0033_D0191,191,66.07698634906991,10,25.453000000000003,40.453,41.062,0.6089999999999947,31.061999999999998,41.062,1,0.9090909090909091,0.0,5.608999999999995
B0033,B0033_D0192,192,65.23307686464352,10,25.515,40.515,41.092999999999996,0.5779999999999959,31.092999999999996,41.092999999999996,1,0.9090909090909091,0.0,5.577999999999996
B0033,B0033_D0193,193,66.4016238510434,10,25.719,40.719,41.657000000000004,0.9380000000000024,31.657000000000004,41.657000000000004,1,0.9090909090909091,0.0,5.938000000000002
B0033,B0033_D0194,194,68.17274885356963,10,25.593999999999998,40.593999999999994,41.281000000000006,0.6870000000000118,31.281000000000006,41.281000000000006,1,0.9090909090909091,0.0,5.687000000000008
B0033,B0033_D0195,195,66.45658373701234,10,25.531,40.531,41.125,0.5940000000000012,31.125,41.125,1,0.9090909090909091,0.0,5.594000000000001
B0033,B0033_D0196,196,65.62100543458841,10,25.531,40.531,41.219,0.6880000000000024,31.219,41.219,1,0.9090909090909091,0.0,5.688000000000002
B0033,B0033_D0197,197,65.76412751838177,10,25.671999999999997,40.672,41.375,0.703000000000003,31.375,41.375,1,0.9090909090909091,0.0,5.703000000000003
B0034,B0034_D0002,2,83.11608576422927,10,19.484,34.484,38.391,3.9069999999999965,28.391,38.391,2,0.9090909090909091,0.0,8.906999999999996
B0034,B0034_D0003,3,82.2543684847266,10,19.656000000000006,34.656000000000006,38.578,3.921999999999997,28.578000000000003,38.578,2,0.9090909090909091,0.0,8.921999999999997
B0034,B0034_D0004,4,81.0364644638787,10,19.671,34.671,38.75,4.079000000000001,28.75,38.75,2,0.9090909090909091,0.0,9.079
B0034,B0034_D0005,5,79.83701012563002,10,19.75,34.75,38.875,4.125,28.875,38.875,2,0.9090909090909091,0.0,9.125
B0034,B0034_D0006,6,74.28250309406349,10,19.765,34.765,39.015,4.25,29.015,39.015,2,0.9090909090909091,0.0,9.25
B0034,B0034_D0007,7,74.33351098748506,10,19.796999999999997,34.797,39.282,4.484999999999999,29.281999999999996,39.282,2,0.9090909090909091,0.0,9.485
B0034,B0034_D0008,8,73.50665479202634,10,19.813000000000002,34.813,39.344,4.530999999999999,29.344,39.344,2,0.9090909090909091,0.0,9.530999999999999
B0034,B0034_D0009,9,72.82520900509817,10,20.047000000000004,35.047000000000004,39.672,4.624999999999993,29.671999999999997,39.672,2,0.9090909090909091,0.0,9.624999999999993
B0034,B0034_D0010,10,72.09480517788236,10,19.953,34.953,39.671,4.717999999999996,29.671,39.671,2,0.9090909090909091,0.0,9.718
B0034,B0034_D0011,11,71.85474794485145,10,20.0,35.0,39.859,4.859000000000002,29.859,39.859,2,0.9090909090909091,0.0,9.859000000000002
B0034,B0034_D0012,12,72.29351812483702,10,20.125,35.125,40.031,4.905999999999999,30.031,40.031,2,0.9090909090909091,0.0,9.905999999999999
B0034,B0034_D0013,13,71.60520272809185,10,20.235,35.235,40.313,5.078000000000003,30.313000000000002,40.313,1,0.9090909090909091,0.0,0.06300000000000239
B0034,B0034_D0014,14,71.33603166512324,10,20.171,35.171,40.343,5.172000000000004,30.343000000000004,40.343,1,0.9090909090909091,0.0,0.03100000000000591
B0034,B0034_D0015,15,71.15423442564914,10,20.218000000000004,35.218,40.515,5.296999999999997,30.515,40.515,1,0.9090909090909091,0.0,0.1869999999999976
B0034,B0034_D0016,16,72.04739761209454,10,20.265000000000004,35.265,40.562,5.296999999999997,30.561999999999998,40.562,1,0.9090909090909091,0.0,0.15599999999999525
B0034,B0034_D0017,17,74.34507720259325,10,20.422,35.422,40.875,5.453000000000003,30.875,40.875,1,0.9090909090909091,0.0,0.2190000000000012
B0034,B0034_D0018,18,76.22656613425352,10,20.421999999999997,35.422,40.983999999999995,5.561999999999998,30.983999999999995,40.983999999999995,1,0.9090909090909091,0.0,0.2809999999999988
B0034,B0034_D0019,19,73.14524802595353,10,20.422,35.422,41.109,5.687000000000005,31.109,41.109,1,0.9090909090909091,0.0,0.39000000000000057
B0034,B0034_D0020,20,71.15397254274946,10,20.5,35.5,41.312,5.811999999999998,31.311999999999998,41.312,1,0.9090909090909091,0.0,0.3749999999999929
B0034,B0034_D0021,21,70.25520431801718,10,20.578,35.578,41.468,5.890000000000001,31.468000000000004,41.468,1,0.9090909090909091,0.0,0.4210000000000029
B0034,B0034_D0022,22,81.64731962535431,10,20.453000000000003,35.453,41.453,6.0,31.453000000000003,41.453,1,0.9090909090909091,0.0,0.5930000000000035
B0034,B0034_D0023,23,78.43569104129558,10,20.469,35.469,41.672,6.202999999999996,31.671999999999997,41.672,1,0.9090909090909091,0.0,0.6559999999999988
B0034,B0034_D0024,24,75.74760483026701,10,20.437999999999995,35.437999999999995,41.766,6.328000000000003,31.766,41.766,1,0.9090909090909091,0.0,0.7340000000000018
B0034,B0034_D0025,25,74.27591470317313,10,20.561999999999998,35.562,41.89,6.328000000000003,31.89,41.89,1,0.9090909090909091,0.0,0.75
B0034,B0034_D0026,26,74.0385964524537,10,20.641000000000005,35.641000000000005,42.141000000000005,6.5,32.141000000000005,42.141000000000005,1,0.9090909090909091,0.0,0.8130000000000024
B0034,B0034_D0027,27,74.20131786585294,10,20.656,35.656,42.156,6.5,32.156,42.156,1,0.9090909090909091,0.0,0.8129999999999988
B0034,B0034_D0028,28,74.61076527753261,10,20.719,35.719,42.312,6.592999999999996,32.312,42.312,1,0.9090909090909091,0.0,0.8589999999999947
B0034,B0034_D0029,29,73.66564620496395,10,20.656,35.656,42.39,6.734000000000002,32.39,42.39,1,0.9090909090909091,0.0,0.9370000000000012
B0034,B0034_D0030,30,72.0796589490003,10,20.781,35.781,42.593,6.812000000000005,32.593,42.593,1,0.9090909090909091,0.0,1.0000000000000036
B0034,B0034_D0031,31,71.12936599007894,10,20.796999999999997,35.797,42.703,6.906000000000006,32.703,42.703,1,0.9090909090909091,0.0,1.0
B0034,B0034_D0032,32,71.33244689743333,10,20.781,35.781,42.703,6.922000000000004,32.703,42.703,1,0.9090909090909091,0.0,1.0150000000000006
B0034,B0034_D0033,33,72.98387780119288,10,20.907000000000004,35.907000000000004,42.954,7.046999999999997,32.954,42.954,1,0.9090909090909091,0.0,1.0790000000000006
B0034,B0034_D0034,34,71.98079969272577,10,20.891,35.891,43.125,7.234000000000002,33.125,43.125,1,0.9090909090909091,0.0,1.2650000000000006
B0034,B0034_D0035,35,70.97756328924257,10,21.031000000000002,36.031000000000006,43.297,7.265999999999991,33.297,43.297,1,0.9090909090909091,0.0,1.218999999999994
B0034,B0034_D0036,36,70.59050857235226,10,21.031000000000002,36.031000000000006,43.312,7.280999999999992,33.312,43.312,1,0.9090909090909091,0.0,1.218999999999994
B0034,B0034_D0037,37,70.22098350922657,10,21.015,36.015,43.39,7.375,33.39,43.39,1,0.9090909090909091,0.0,1.2340000000000018
B0034,B0034_D0038,38,73.67529549303433,10,21.202999999999996,36.202999999999996,43.61,7.407000000000004,33.61,43.61,1,0.9090909090909091,0.0,1.2820000000000036
B0034,B0034_D0039,39,74.63293003225745,10,21.172,36.172,43.891000000000005,7.719000000000008,33.891000000000005,43.891000000000005,1,0.9090909090909091,0.0,1.406000000000006
B0034,B0034_D0040,40,74.10130074972967,10,21.125,36.125,43.797000000000004,7.672000000000004,33.797000000000004,43.797000000000004,1,0.9090909090909091,0.0,1.4380000000000024
B0034,B0034_D0041,41,71.17876788294974,10,21.25,36.25,43.922000000000004,7.672000000000004,33.922000000000004,43.922000000000004,1,0.9090909090909091,0.0,1.3909999999999982
B0034,B0034_D0042,42,70.19126098622675,10,21.219,36.219,44.015,7.795999999999999,34.015,44.015,1,0.9090909090909091,0.0,1.4369999999999976
B0034,B0034_D0043,43,76.81586739418061,10,21.311999999999998,36.312,44.297,7.984999999999999,34.297,44.297,1,0.9090909090909091,0.0,1.578000000000003
B0034,B0034_D0044,44,77.20183584088366,10,21.312999999999995,36.312999999999995,44.327999999999996,8.015,34.327999999999996,44.327999999999996,1,0.9090909090909091,0.0,1.5779999999999959
B0034,B0034_D0045,45,75.39460776801245,10,21.422,36.422,44.515,8.093000000000004,34.515,44.515,1,0.9090909090909091,0.0,1.625
B0034,B0034_D0046,46,91.01530029345544,10,21.406,36.406,44.5,8.094000000000001,34.5,44.5,1,0.9090909090909091,0.0,1.6409999999999982
B0034,B0034_D0047,47,79.68287879113322,10,21.375,36.375,44.563,8.188000000000002,34.563,44.563,1,0.9090909090909091,0.0,1.6569999999999965
B0034,B0034_D0048,48,76.65352324840485,10,21.469,36.469,44.672,8.202999999999996,34.672,44.672,1,0.9090909090909091,0.0,1.625
B0034,B0034_D0049,49,74.31071546553642,10,21.499999999999996,36.5,44.75,8.25,34.75,44.75,1,0.9090909090909091,0.0,1.6869999999999976
B0034,B0034_D0050,50,75.14659424133892,10,21.563000000000002,36.563,44.907,8.343999999999994,34.907,44.907,1,0.9090909090909091,0.0,1.7819999999999965
B0034,B0034_D0051,51,76.0109270346403,10,21.532,36.532,44.938,8.406000000000006,34.938,44.938,1,0.9090909090909091,0.0,1.7660000000000053
B0034,B0034_D0052,52,75.59097367502233,10,21.578000000000003,36.578,45.093,8.515,35.093,45.093,1,0.9090909090909091,0.0,1.8900000000000006
B0034,B0034_D0053,53,73.23006509104525,10,21.577999999999996,36.577999999999996,45.202999999999996,8.625,35.202999999999996,45.202999999999996,1,0.9090909090909091,0.0,1.9059999999999988
B0034,B0034_D0054,54,72.73070480755874,10,21.657000000000004,36.657000000000004,45.219,8.561999999999998,35.219,45.219,1,0.9090909090909091,0.0,1.8590000000000018
B0034,B0034_D0055,55,71.6670024510207,10,21.75,36.75,45.422,8.671999999999997,35.422,45.422,1,0.9090909090909091,0.0,1.8909999999999982
B0034,B0034_D0056,56,72.46631173198081,10,21.797000000000004,36.797000000000004,45.625,8.827999999999996,35.625,45.625,1,0.9090909090909091,0.0,1.9839999999999947
B0034,B0034_D0057,57,74.7599910899454,10,21.875,36.875,45.733999999999995,8.858999999999995,35.733999999999995,45.733999999999995,1,0.9090909090909091,0.0,2.030999999999999
B0034,B0034_D0058,58,73.60295120923004,10,21.906,36.906,45.844,8.938000000000002,35.844,45.844,1,0.9090909090909091,0.0,2.0320000000000036
B0034,B0034_D0059,59,70.48691507324364,10,21.844,36.844,45.86,9.015999999999998,35.86,45.86,1,0.9090909090909091,0.0,2.1099999999999994
B0034,B0034_D0060,60,69.30972090692087,10,21.843,36.843,45.858999999999995,9.015999999999991,35.858999999999995,45.858999999999995,1,0.9090909090909091,0.0,2.077999999999996
B0034,B0034_D0061,61,68.12062703775268,10,22.0,37.0,46.062,9.061999999999998,36.062,46.062,1,0.9090909090909091,0.0,2.094000000000001
B0034,B0034_D0062,62,72.35688722538639,10,22.0,37.0,46.156,9.155999999999999,36.156,46.156,1,0.9090909090909091,0.0,2.125
B0034,B0034_D0063,63,72.77241695225024,10,22.094,37.094,46.343999999999994,9.249999999999993,36.343999999999994,46.343999999999994,1,0.9090909090909091,0.0,2.1879999999999953
B0034,B0034_D0064,64,72.11976083651479,10,22.0,37.0,46.312999999999995,9.312999999999995,36.312999999999995,46.312999999999995,1,0.9090909090909091,0.0,2.2349999999999994
B0034,B0034_D0065,65,68.87709729948025,10,22.031,37.031,46.438,9.407000000000004,36.438,46.438,1,0.9090909090909091,0.0,2.2820000000000036
B0034,B0034_D0066,66,67.69967946450267,10,22.077999999999996,37.077999999999996,46.641,9.563000000000002,36.641,46.641,1,0.9090909090909091,0.0,2.328000000000003
B0034,B0034_D0067,67,77.54519430832224,10,22.125,37.125,46.609,9.484000000000002,36.609,46.609,1,0.9090909090909091,0.0,2.344000000000001
B0034,B0034_D0068,68,77.81466348876434,10,22.172,37.172,46.859,9.687000000000005,36.859,46.859,1,0.9090909090909091,0.0,2.422000000000004
B0034,B0034_D0069,69,75.33763302532354,10,22.265,37.265,46.984,9.719000000000001,36.984,46.984,1,0.9090909090909091,0.0,2.452999999999996
B0034,B0034_D0070,70,72.2069366651383,10,22.265,37.265,47.14,9.875,37.14,47.14,1,0.9090909090909091,0.0,2.547000000000004
B0034,B0034_D0071,71,70.72051905646218,10,22.204,37.204,47.0,9.796,37.0,47.0,1,0.9090909090909091,0.0,2.4679999999999964
B0034,B0034_D0072,72,69.48787106181365,10,22.328000000000003,37.328,47.187,9.858999999999995,37.187,47.187,1,0.9090909090909091,0.0,2.4839999999999947
B0034,B0034_D0073,73,72.49841557376496,10,22.327999999999996,37.327999999999996,47.218999999999994,9.890999999999998,37.218999999999994,47.218999999999994,1,0.9090909090909091,0.0,2.4839999999999947
B0034,B0034_D0074,74,73.39326534006084,10,22.375,37.375,47.516,10.140999999999998,37.516,47.516,1,0.9090909090909091,0.0,2.655999999999999
B0034,B0034_D0075,75,71.45322155222533,10,22.359,37.359,47.406,10.046999999999997,37.406,47.406,1,0.9090909090909091,0.0,2.5929999999999964
B0034,B0034_D0076,76,68.83724173341635,10,22.469,37.469,47.578,10.109000000000002,37.578,47.578,1,0.9090909090909091,0.0,2.6400000000000006
B0034,B0034_D0077,77,67.57906631260528,10,22.422000000000004,37.422000000000004,47.609,10.186999999999998,37.609,47.609,1,0.9090909090909091,0.0,2.702999999999996
B0034,B0034_D0078,78,67.6996736414464,10,22.5,37.5,47.828,10.328000000000003,37.828,47.828,1,0.9090909090909091,0.0,2.7820000000000036
B0034,B0034_D0079,79,67.88582558446883,10,22.531000000000006,37.531000000000006,47.859,10.327999999999996,37.859,47.859,1,0.9090909090909091,0.0,2.7340000000000018
B0034,B0034_D0080,80,66.70846576755135,10,22.593999999999998,37.593999999999994,48.047,10.453000000000003,38.047,48.047,1,0.9090909090909091,0.0,2.8119999999999976
B0034,B0034_D0081,81,66.86073944391994,10,22.531,37.531,48.047,10.515999999999998,38.047,48.047,1,0.9090909090909091,0.0,2.843999999999994
B0034,B0034_D0082,82,66.95226121384636,10,22.578000000000003,37.578,48.109,10.530999999999999,38.109,48.109,1,0.9090909090909091,0.0,2.8590000000000018
B0034,B0034_D0083,83,67.19622302378161,10,22.61,37.61,48.266,10.655999999999999,38.266,48.266,1,0.9090909090909091,0.0,2.9379999999999953
B0034,B0034_D0084,84,67.27393096045122,10,22.609,37.609,48.203,10.594000000000001,38.203,48.203,1,0.9090909090909091,0.0,2.875
B0034,B0034_D0085,85,67.41131514841273,10,22.688000000000002,37.688,48.469,10.780999999999999,38.469,48.469,1,0.9090909090909091,0.0,2.921999999999997
B0034,B0034_D0086,86,66.86596149788029,10,22.828000000000003,37.828,48.672,10.843999999999994,38.672,48.672,1,0.9090909090909091,0.0,2.968999999999994
B0034,B0034_D0087,87,67.01261670776518,10,22.796999999999997,37.797,48.578,10.781000000000006,38.578,48.578,1,0.9090909090909091,0.0,2.9840000000000018
B0034,B0034_D0088,88,66.45482841189559,10,22.766000000000002,37.766000000000005,48.578,10.811999999999998,38.578,48.578,1,0.9090909090909091,0.0,3.0
B0034,B0034_D0089,89,66.61742827883175,10,22.874999999999996,37.875,48.813,10.938000000000002,38.813,48.813,1,0.9090909090909091,0.0,3.0319999999999965
B0034,B0034_D0090,90,67.50770655277758,10,22.89,37.89,48.859,10.969000000000001,38.859,48.859,1,0.9090909090909091,0.0,3.047000000000004
B0034,B0034_D0091,91,69.0761720527064,10,23.015000000000004,38.015,49.125,11.11,39.125,49.125,1,0.9090909090909091,0.0,3.078000000000003
B0034,B0034_D0092,92,69.17985976408903,10,22.859,37.859,49.016000000000005,11.157000000000004,39.016000000000005,49.016000000000005,1,0.9090909090909091,0.0,3.1099999999999994
B0034,B0034_D0093,93,66.5058093104045,10,22.891000000000002,37.891000000000005,49.078,11.186999999999998,39.078,49.078,1,0.9090909090909091,0.0,3.203000000000003
B0034,B0034_D0094,94,65.88491060851615,10,22.968999999999994,37.968999999999994,49.25,11.281000000000006,39.25,49.25,1,0.9090909090909091,0.0,3.203000000000003
B0034,B0034_D0095,95,65.31828859825636,10,22.984,37.984,49.281,11.296999999999997,39.281,49.281,1,0.9090909090909091,0.0,3.2340000000000018
B0034,B0034_D0096,96,66.90783691896891,10,23.016000000000002,38.016000000000005,49.391,11.374999999999993,39.391,49.391,1,0.9090909090909091,0.0,3.202999999999996
B0034,B0034_D0097,97,67.81629046082533,10,23.078000000000003,38.078,49.5,11.421999999999997,39.5,49.5,1,0.9090909090909091,0.0,3.2819999999999965
B0034,B0034_D0098,98,68.24498764775029,10,23.094,38.094,49.594,11.5,39.594,49.594,1,0.9090909090909091,0.0,3.344000000000001
B0034,B0034_D0099,99,66.68819987767529,10,23.234,38.234,49.859,11.625,39.859,49.859,1,0.9090909090909091,0.0,3.3909999999999982
B0034,B0034_D0100,100,65.30061834329382,10,23.171999999999997,38.172,49.75,11.578000000000003,39.75,49.75,1,0.9090909090909091,0.0,3.3599999999999994
B0034,B0034_D0101,101,65.50934180687904,10,23.14,38.14,49.842999999999996,11.702999999999996,39.842999999999996,49.842999999999996,1,0.9090909090909091,0.0,3.4369999999999976
B0034,B0034_D0102,102,67.83834470848052,10,23.203000000000003,38.203,49.89,11.686999999999998,39.89,49.89,1,0.9090909090909091,0.0,3.4209999999999994
B0034,B0034_D0103,103,69.58428716793858,10,23.328,38.328,50.281,11.952999999999996,40.281,50.281,1,0.9090909090909091,0.0,3.577999999999996
B0034,B0034_D0104,104,68.14967539672388,10,23.328000000000003,38.328,50.203,11.875,40.203,50.203,1,0.9090909090909091,0.0,3.4680000000000035
B0034,B0034_D0105,105,66.05855986950314,10,23.25,38.25,50.203,11.953000000000003,40.203,50.203,1,0.9090909090909091,0.0,3.546999999999997
B0034,B0034_D0106,106,65.37434507796678,10,23.358999999999995,38.358999999999995,50.297,11.938000000000002,40.297,50.297,1,0.9090909090909091,0.0,3.5630000000000024
B0034,B0034_D0107,107,65.52940947741745,10,23.421999999999997,38.422,50.391,11.969000000000001,40.391,50.391,1,0.9090909090909091,0.0,3.5619999999999976
B0034,B0034_D0108,108,68.8156334098332,10,23.407000000000004,38.407000000000004,50.485,12.077999999999996,40.485,50.485,1,0.9090909090909091,0.0,3.6099999999999994
B0034,B0034_D0109,109,69.58824645661436,10,23.5,38.5,50.579,12.079,40.579,50.579,1,0.9090909090909091,0.0,3.594000000000001
B0034,B0034_D0110,110,68.24873176726763,10,23.375,38.375,50.609,12.234000000000002,40.609,50.609,1,0.9090909090909091,0.0,3.703000000000003
B0034,B0034_D0111,111,66.09546968645948,10,23.453000000000003,38.453,50.688,12.235,40.688,50.688,1,0.9090909090909091,0.0,3.6880000000000024
B0034,B0034_D0112,112,65.45016944036956,10,23.563000000000002,38.563,50.875,12.311999999999998,40.875,50.875,1,0.9090909090909091,0.0,3.7659999999999982
B0034,B0034_D0113,113,66.63502860986867,10,23.531,38.531,51.077999999999996,12.546999999999997,41.077999999999996,51.077999999999996,1,0.9090909090909091,0.0,3.780999999999999
B0034,B0034_D0115,115,68.867378140973,10,23.532,38.532,51.016000000000005,12.484000000000009,41.016000000000005,51.016000000000005,1,0.9090909090909091,0.0,3.8130000000000024
B0034,B0034_D0116,116,67.4379943838875,10,23.594,38.594,51.188,12.594000000000001,41.188,51.188,1,0.9090909090909091,0.0,3.8599999999999994
B0034,B0034_D0117,117,67.50752279940573,10,23.688000000000002,38.688,51.282,12.593999999999994,41.282,51.282,1,0.9090909090909091,0.0,3.9069999999999965
B0034,B0034_D0118,118,66.93907437542977,10,23.593,38.593,51.187,12.593999999999994,41.187,51.187,1,0.9090909090909091,0.0,3.875
B0034,B0034_D0119,119,66.26685605201342,10,23.719,38.719,51.327999999999996,12.608999999999995,41.327999999999996,51.327999999999996,1,0.9090909090909091,0.0,3.8909999999999982
B0034,B0034_D0120,120,66.54080298167024,10,23.797,38.797,51.547,12.75,41.547,51.547,1,0.9090909090909091,0.0,3.968999999999994
B0034,B0034_D0121,121,66.65416883092516,10,23.781000000000002,38.781000000000006,51.531,12.749999999999993,41.531,51.531,1,0.9090909090909091,0.0,3.9369999999999976
B0034,B0034_D0122,122,66.66613267447961,10,23.733999999999995,38.733999999999995,51.577999999999996,12.844000000000001,41.577999999999996,51.577999999999996,1,0.9090909090909091,0.0,3.999999999999993
B0034,B0034_D0123,123,66.32140548758238,10,23.891,38.891,51.858999999999995,12.967999999999996,41.858999999999995,51.858999999999995,1,0.9090909090909091,0.0,4.046999999999997
B0034,B0034_D0124,124,66.19855204934285,10,23.859,38.859,51.766000000000005,12.907000000000004,41.766000000000005,51.766000000000005,1,0.9090909090909091,0.0,4.032000000000004
B0034,B0034_D0125,125,66.24682112535578,10,23.906,38.906,51.984,13.078000000000003,41.984,51.984,1,0.9090909090909091,0.0,4.109000000000002
B0034,B0034_D0126,126,66.41533837785461,10,23.828,38.828,51.858999999999995,13.030999999999992,41.858999999999995,51.858999999999995,1,0.9090909090909091,0.0,4.077999999999996
B0034,B0034_D0127,127,65.7292174454613,10,23.828000000000003,38.828,51.968,13.14,41.968,51.968,1,0.9090909090909091,0.0,4.172000000000004
B0034,B0034_D0128,128,65.83420899271653,10,23.875,38.875,51.953,13.078000000000003,41.953,51.953,1,0.9090909090909091,0.0,4.109000000000002
B0034,B0034_D0129,129,65.20863824827036,10,23.953000000000003,38.953,52.063,13.11,42.063,52.063,1,0.9090909090909091,0.0,4.125
B0034,B0034_D0130,130,67.67225036786154,10,24.061999999999998,39.062,52.234,13.172000000000004,42.234,52.234,1,0.9090909090909091,0.0,4.172000000000004
B0034,B0034_D0131,131,68.5647041256893,10,24.14,39.14,52.484,13.344000000000001,42.484,52.484,1,0.9090909090909091,0.0,4.202999999999996
B0034,B0034_D0132,132,67.88496609612555,10,24.047000000000004,39.047000000000004,52.454,13.406999999999996,42.454,52.454,1,0.9090909090909091,0.0,4.234999999999999
B0034,B0034_D0133,133,66.43451545459752,10,24.078000000000003,39.078,52.375,13.296999999999997,42.375,52.375,1,0.9090909090909091,0.0,4.234999999999999
B0034,B0034_D0134,134,65.71971634090862,10,24.094,39.094,52.531,13.436999999999998,42.531,52.531,1,0.9090909090909091,0.0,4.295999999999999
B0034,B0034_D0135,135,69.33391515055362,10,25.078,40.078,40.25,0.17199999999999704,30.25,40.25,1,0.9090909090909091,0.0,5.172000000000001
B0034,B0034_D0136,136,69.34165229214604,10,24.188000000000002,39.188,52.75,13.561999999999998,42.75,52.75,1,0.9090909090909091,0.0,4.375
B0034,B0034_D0137,137,67.74018689645507,10,24.250000000000004,39.25,52.875,13.625,42.875,52.875,1,0.9090909090909091,0.0,4.4069999999999965
B0034,B0034_D0138,138,66.27893834975835,10,24.203,39.203,52.875,13.671999999999997,42.875,52.875,1,0.9090909090909091,0.0,4.453000000000003
B0034,B0034_D0139,139,65.59864338188775,10,24.125,39.125,52.891,13.765999999999998,42.891,52.891,1,0.9090909090909091,0.0,4.469000000000001
B0034,B0034_D0140,140,65.32243974397599,10,24.218000000000004,39.218,53.0,13.781999999999996,43.0,53.0,1,0.9090909090909091,0.0,4.469000000000001
B0034,B0034_D0141,141,67.09215940274512,10,24.311999999999998,39.312,53.062,13.75,43.062,53.062,1,0.9090909090909091,0.0,4.469000000000001
B0034,B0034_D0142,142,68.04605085379663,10,24.281,39.281,53.141,13.86,43.141,53.141,1,0.9090909090909091,0.0,4.5319999999999965
B0034,B0034_D0143,143,66.49801838697485,10,24.233999999999998,39.233999999999995,53.203,13.969000000000008,43.203,53.203,1,0.9090909090909091,0.0,4.547000000000004
B0034,B0034_D0144,144,64.9534693812968,10,24.281,39.281,53.297,14.015999999999998,43.297,53.297,1,0.9090909090909091,0.0,4.593999999999994
B0034,B0034_D0145,145,64.92272185977848,10,24.344,39.344,53.359,14.015,43.359,53.359,1,0.9090909090909091,0.0,4.609000000000002
B0034,B0034_D0146,146,65.88243045805045,10,24.422,39.422,53.531,14.109000000000002,43.531,53.531,1,0.9090909090909091,0.0,4.609000000000002
B0034,B0034_D0147,147,66.80324282053297,10,24.359,39.359,53.375,14.015999999999998,43.375,53.375,1,0.9090909090909091,0.0,4.577999999999996
B0034,B0034_D0148,148,68.1789868093007,10,24.438000000000002,39.438,53.625,14.186999999999998,43.625,53.625,1,0.9090909090909091,0.0,4.686999999999998
B0034,B0034_D0149,149,66.66556270772413,10,24.453000000000003,39.453,53.734,14.280999999999999,43.734,53.734,1,0.9090909090909091,0.0,4.686999999999998
B0034,B0034_D0150,150,65.11636731559463,10,24.484,39.484,53.781000000000006,14.297000000000004,43.781000000000006,53.781000000000006,1,0.9090909090909091,0.0,4.734000000000009
B0034,B0034_D0151,151,64.44364222227938,10,24.531,39.531,53.781,14.25,43.781,53.781,1,0.9090909090909091,0.0,4.703000000000003
B0034,B0034_D0152,152,64.51373097101516,10,24.531,39.531,53.89,14.359000000000002,43.89,53.89,1,0.9090909090909091,0.0,4.780999999999999
B0034,B0034_D0153,153,64.62037828384119,10,24.64,39.64,54.062,14.421999999999997,44.062,54.062,1,0.9090909090909091,0.0,4.827999999999996
B0034,B0034_D0154,154,64.7704575255117,10,24.546999999999997,39.547,53.969,14.422000000000004,43.969,53.969,1,0.9090909090909091,0.0,4.797000000000004
B0034,B0034_D0155,155,64.16149407963475,10,24.719,39.719,54.281000000000006,14.562000000000005,44.281000000000006,54.281000000000006,1,0.9090909090909091,0.0,4.875
B0034,B0034_D0156,156,72.78727012183907,10,24.733999999999998,39.733999999999995,54.344,14.610000000000007,44.344,54.344,1,0.9090909090909091,0.0,4.905999999999999
B0034,B0034_D0157,157,72.7338171336621,10,24.625,39.625,54.202999999999996,14.577999999999996,44.202999999999996,54.202999999999996,1,0.9090909090909091,0.0,4.859000000000002
B0034,B0034_D0158,158,71.17138590992475,10,24.703,39.703,54.36,14.656999999999996,44.36,54.36,1,0.9090909090909091,0.0,4.890999999999998
B0034,B0034_D0159,159,69.62756051816565,10,24.703000000000003,39.703,54.437,14.733999999999995,44.437,54.437,1,0.9090909090909091,0.0,4.936999999999998
B0034,B0034_D0160,160,68.82866246873454,10,24.734,39.734,54.437,14.702999999999996,44.437,54.437,1,0.9090909090909091,0.0,4.905999999999999
B0034,B0034_D0161,161,69.05095414491176,10,24.656,39.656,54.453,14.797000000000004,44.453,54.453,1,0.9090909090909091,0.0,4.938000000000002
B0034,B0034_D0162,162,70.03784160836432,10,24.765000000000004,39.765,54.547,14.781999999999996,44.547,54.547,1,0.9090909090909091,0.0,4.9539999999999935
B0034,B0034_D0163,163,68.7322651739986,10,24.983999999999995,39.983999999999995,55.077999999999996,15.094000000000001,45.077999999999996,55.077999999999996,1,0.9090909090909091,0.0,5.125
B0034,B0034_D0164,164,66.72962057198919,10,24.858999999999995,39.858999999999995,54.781,14.922000000000004,44.781,54.781,1,0.9090909090909091,0.0,5.0
B0034,B0034_D0165,165,66.8198310782369,10,24.86,39.86,54.875,15.015,44.875,54.875,1,0.9090909090909091,0.0,5.077999999999996
B0034,B0034_D0166,166,65.34576485878124,10,24.86,39.86,54.907,15.046999999999997,44.907,54.907,1,0.9090909090909091,0.0,5.077999999999996
B0034,B0034_D0167,167,67.07697283370405,10,24.906000000000002,39.906000000000006,54.922,15.015999999999991,44.922,54.922,1,0.9090909090909091,0.0,5.078000000000003
B0034,B0034_D0168,168,67.3194485080961,10,24.953000000000003,39.953,55.094,15.140999999999998,45.094,55.094,1,0.9090909090909091,0.0,5.155999999999999
B0034,B0034_D0169,169,67.2494903638887,10,25.078,40.078,40.156000000000006,0.07800000000000296,30.156000000000006,40.156000000000006,1,0.9090909090909091,0.0,5.0780000000000065
B0034,B0034_D0170,170,65.79380402523893,10,25.0,40.0,40.046,0.045999999999999375,30.046,40.046,1,0.9090909090909091,0.0,5.045999999999999
B0034,B0034_D0171,171,64.86383444870044,10,24.953,39.953,40.016000000000005,0.06300000000000239,30.016000000000005,40.016000000000005,1,0.9090909090909091,0.0,5.063000000000006
B0034,B0034_D0172,172,64.25627605502824,10,25.0,40.0,40.109,0.10900000000000176,30.109,40.109,1,0.9090909090909091,0.0,5.109000000000002
B0034,B0034_D0173,173,65.95104578265126,10,25.172000000000004,40.172000000000004,40.25,0.07799999999999585,30.25,40.25,1,0.9090909090909091,0.0,5.077999999999996
B0034,B0034_D0174,174,67.05048924645497,10,25.141000000000002,40.141000000000005,40.358999999999995,0.2179999999999893,30.358999999999995,40.358999999999995,1,0.9090909090909091,0.0,5.217999999999993
B0034,B0034_D0175,175,66.3063491941373,10,25.125,40.125,40.25,0.125,30.25,40.25,1,0.9090909090909091,0.0,5.125
B0034,B0034_D0176,176,65.45721339995362,10,25.218999999999994,40.218999999999994,40.452999999999996,0.23400000000000176,30.452999999999996,40.452999999999996,1,0.9090909090909091,0.0,5.234000000000002
B0034,B0034_D0177,177,68.15006448085725,10,25.14,40.14,40.359,0.2190000000000012,30.359,40.359,1,0.9090909090909091,0.0,5.219000000000001
B0034,B0034_D0178,178,66.4642850843597,10,25.188000000000002,40.188,40.391,0.20299999999999585,30.391,40.391,1,0.9090909090909091,0.0,5.202999999999996
B0034,B0034_D0179,179,64.84542965310928,10,25.235,40.235,40.485,0.25,30.485,40.485,1,0.9090909090909091,0.0,5.25
B0034,B0034_D0180,180,64.93142962470698,10,25.234,40.234,40.547,0.3129999999999953,30.546999999999997,40.547,1,0.9090909090909091,0.0,5.312999999999995
B0034,B0034_D0181,181,64.20328805910971,10,25.250000000000004,40.25,40.531,0.2809999999999988,30.531,40.531,1,0.9090909090909091,0.0,5.280999999999995
B0034,B0034_D0182,182,65.10507957068181,10,25.329,40.329,40.704,0.375,30.704,40.704,1,0.9090909090909091,0.0,5.375
B0034,B0034_D0183,183,65.44538175865668,10,25.328000000000003,40.328,40.765,0.4369999999999976,30.765,40.765,1,0.9090909090909091,0.0,5.436999999999998
B0034,B0034_D0184,184,63.61259848256956,10,25.311999999999998,40.312,40.672000000000004,0.36000000000000654,30.672000000000004,40.672000000000004,1,0.9090909090909091,0.0,5.3600000000000065
B0034,B0034_D0185,185,63.80057671801656,10,25.311999999999998,40.312,40.718,0.4060000000000059,30.718000000000004,40.718,1,0.9090909090909091,0.0,5.406000000000006
B0034,B0034_D0186,186,63.02526501551502,10,25.311999999999998,40.312,40.75,0.4380000000000024,30.75,40.75,1,0.9090909090909091,0.0,5.438000000000002
B0034,B0034_D0187,187,63.30340625673559,10,25.406,40.406,40.922,0.5159999999999982,30.921999999999997,40.922,1,0.9090909090909091,0.0,5.515999999999998
B0034,B0034_D0188,188,63.29145084326405,10,25.563,40.563,41.032,0.4689999999999941,31.031999999999996,41.032,1,0.9090909090909091,0.0,5.468999999999998
B0034,B0034_D0189,189,63.27936949103496,10,25.531,40.531,41.109,0.578000000000003,31.109,41.109,1,0.9090909090909091,0.0,5.578000000000003
B0034,B0034_D0190,190,63.31799161513777,10,25.577999999999996,40.577999999999996,41.077999999999996,0.5,31.077999999999996,41.077999999999996,1,0.9090909090909091,0.0,5.5
B0034,B0034_D0191,191,64.34239716364452,10,25.453000000000003,40.453,41.062,0.6089999999999947,31.061999999999998,41.062,1,0.9090909090909091,0.0,5.608999999999995
B0034,B0034_D0192,192,63.50130823066045,10,25.515,40.515,41.092999999999996,0.5779999999999959,31.092999999999996,41.092999999999996,1,0.9090909090909091,0.0,5.577999999999996
B0034,B0034_D0193,193,67.299126646246,10,25.719,40.719,41.657000000000004,0.9380000000000024,31.657000000000004,41.657000000000004,1,0.9090909090909091,0.0,5.938000000000002
B0034,B0034_D0194,194,66.43437657706889,10,25.593999999999998,40.593999999999994,41.281000000000006,0.6870000000000118,31.281000000000006,41.281000000000006,1,0.9090909090909091,0.0,5.687000000000008
B0034,B0034_D0195,195,65.601535991704,10,25.531,40.531,41.125,0.5940000000000012,31.125,41.125,1,0.9090909090909091,0.0,5.594000000000001
B0034,B0034_D0196,196,64.7562746480599,10,25.531,40.531,41.219,0.6880000000000024,31.219,41.219,1,0.9090909090909091,0.0,5.688000000000002
B0034,B0034_D0197,197,64.01300802981667,10,25.671999999999997,40.672,41.375,0.703000000000003,31.375,41.375,1,0.9090909090909091,0.0,5.703000000000003
B0036,B0036_D0002,2,90.05503783144462,10,19.484,34.484,38.391,3.9069999999999965,28.391,38.391,2,0.9090909090909091,0.0,8.906999999999996
B0036,B0036_D0003,3,90.22114928010312,10,19.656000000000006,34.656000000000006,38.578,3.921999999999997,28.578000000000003,38.578,2,0.9090909090909091,0.0,8.921999999999997
B0036,B0036_D0004,4,90.21944168864144,10,19.671,34.671,38.75,4.079000000000001,28.75,38.75,2,0.9090909090909091,0.0,9.079
B0036,B0036_D0005,5,89.94624435892123,10,19.75,34.75,38.875,4.125,28.875,38.875,2,0.9090909090909091,0.0,9.125
B0036,B0036_D0006,6,89.6498260836196,10,19.765,34.765,39.015,4.25,29.015,39.015,2,0.9090909090909091,0.0,9.25
B0036,B0036_D0007,7,89.42753992810945,10,19.796999999999997,34.797,39.282,4.484999999999999,29.281999999999996,39.282,2,0.9090909090909091,0.0,9.485
B0036,B0036_D0008,8,89.45428465363851,10,19.813000000000002,34.813,39.344,4.530999999999999,29.344,39.344,2,0.9090909090909091,0.0,9.530999999999999
B0036,B0036_D0009,9,89.46568656416643,10,20.047000000000004,35.047000000000004,39.672,4.624999999999993,29.671999999999997,39.672,2,0.9090909090909091,0.0,9.624999999999993
B0036,B0036_D0010,10,89.30379729740434,10,19.953,34.953,39.671,4.717999999999996,29.671,39.671,2,0.9090909090909091,0.0,9.718
B0036,B0036_D0011,11,89.18162124825409,10,20.0,35.0,39.859,4.859000000000002,29.859,39.859,2,0.9090909090909091,0.0,9.859000000000002
B0036,B0036_D0012,12,89.1486436903636,10,20.125,35.125,40.031,4.905999999999999,30.031,40.031,2,0.9090909090909091,0.0,9.905999999999999
B0036,B0036_D0013,13,89.06887981629833,10,20.235,35.235,40.313,5.078000000000003,30.313000000000002,40.313,1,0.9090909090909091,0.0,0.06300000000000239
B0036,B0036_D0014,14,88.92679772966473,10,20.171,35.171,40.343,5.172000000000004,30.343000000000004,40.343,1,0.9090909090909091,0.0,0.03100000000000591
B0036,B0036_D0015,15,88.795215454717,10,20.218000000000004,35.218,40.515,5.296999999999997,30.515,40.515,1,0.9090909090909091,0.0,0.1869999999999976
B0036,B0036_D0016,16,88.90213324952957,10,20.265000000000004,35.265,40.562,5.296999999999997,30.561999999999998,40.562,1,0.9090909090909091,0.0,0.15599999999999525
B0036,B0036_D0017,17,89.15014666795828,10,20.422,35.422,40.875,5.453000000000003,30.875,40.875,1,0.9090909090909091,0.0,0.2190000000000012
B0036,B0036_D0018,18,89.41500212306937,10,20.421999999999997,35.422,40.983999999999995,5.561999999999998,30.983999999999995,40.983999999999995,1,0.9090909090909091,0.0,0.2809999999999988
B0036,B0036_D0019,19,88.96473562890131,10,20.422,35.422,41.109,5.687000000000005,31.109,41.109,1,0.9090909090909091,0.0,0.39000000000000057
B0036,B0036_D0020,20,88.54617750225927,10,20.5,35.5,41.312,5.811999999999998,31.311999999999998,41.312,1,0.9090909090909091,0.0,0.3749999999999929
B0036,B0036_D0021,21,88.29525090400551,10,20.578,35.578,41.468,5.890000000000001,31.468000000000004,41.468,1,0.9090909090909091,0.0,0.4210000000000029
B0036,B0036_D0022,22,89.13464620734622,10,20.453000000000003,35.453,41.453,6.0,31.453000000000003,41.453,1,0.9090909090909091,0.0,0.5930000000000035
B0036,B0036_D0023,23,89.82331036460101,10,20.469,35.469,41.672,6.202999999999996,31.671999999999997,41.672,1,0.9090909090909091,0.0,0.6559999999999988
B0036,B0036_D0024,24,89.54541766711449,10,20.437999999999995,35.437999999999995,41.766,6.328000000000003,31.766,41.766,1,0.9090909090909091,0.0,0.7340000000000018
B0036,B0036_D0025,25,89.259001404437,10,20.561999999999998,35.562,41.89,6.328000000000003,31.89,41.89,1,0.9090909090909091,0.0,0.75
B0036,B0036_D0026,26,89.05671588273262,10,20.641000000000005,35.641000000000005,42.141000000000005,6.5,32.141000000000005,42.141000000000005,1,0.9090909090909091,0.0,0.8130000000000024
B0036,B0036_D0027,27,88.77788894611784,10,20.656,35.656,42.156,6.5,32.156,42.156,1,0.9090909090909091,0.0,0.8129999999999988
B0036,B0036_D0028,28,88.84429353080576,10,20.719,35.719,42.312,6.592999999999996,32.312,42.312,1,0.9090909090909091,0.0,0.8589999999999947
B0036,B0036_D0029,29,88.56541705189107,10,20.656,35.656,42.39,6.734000000000002,32.39,42.39,1,0.9090909090909091,0.0,0.9370000000000012
B0036,B0036_D0030,30,88.56674420437068,10,20.781,35.781,42.593,6.812000000000005,32.593,42.593,1,0.9090909090909091,0.0,1.0000000000000036
B0036,B0036_D0031,31,88.30421433202525,10,20.796999999999997,35.797,42.703,6.906000000000006,32.703,42.703,1,0.9090909090909091,0.0,1.0
B0036,B0036_D0032,32,87.96396831706164,10,20.781,35.781,42.703,6.922000000000004,32.703,42.703,1,0.9090909090909091,0.0,1.0150000000000006
B0036,B0036_D0033,33,88.05184406881213,10,20.907000000000004,35.907000000000004,42.954,7.046999999999997,32.954,42.954,1,0.9090909090909091,0.0,1.0790000000000006
B0036,B0036_D0034,34,88.01213836828529,10,20.891,35.891,43.125,7.234000000000002,33.125,43.125,1,0.9090909090909091,0.0,1.2650000000000006
B0036,B0036_D0035,35,87.77949708017198,10,21.031000000000002,36.031000000000006,43.297,7.265999999999991,33.297,43.297,1,0.9090909090909091,0.0,1.218999999999994
B0036,B0036_D0036,36,87.72801088327796,10,21.031000000000002,36.031000000000006,43.312,7.280999999999992,33.312,43.312,1,0.9090909090909091,0.0,1.218999999999994
B0036,B0036_D0037,37,87.49554168047447,10,21.015,36.015,43.39,7.375,33.39,43.39,1,0.9090909090909091,0.0,1.2340000000000018
B0036,B0036_D0038,38,88.05112762651879,10,21.202999999999996,36.202999999999996,43.61,7.407000000000004,33.61,43.61,1,0.9090909090909091,0.0,1.2820000000000036
B0036,B0036_D0039,39,88.12047287168558,10,21.172,36.172,43.891000000000005,7.719000000000008,33.891000000000005,43.891000000000005,1,0.9090909090909091,0.0,1.406000000000006
B0036,B0036_D0040,40,87.68085198560338,10,21.125,36.125,43.797000000000004,7.672000000000004,33.797000000000004,43.797000000000004,1,0.9090909090909091,0.0,1.4380000000000024
B0036,B0036_D0041,41,87.3102238759584,10,21.25,36.25,43.922000000000004,7.672000000000004,33.922000000000004,43.922000000000004,1,0.9090909090909091,0.0,1.3909999999999982
B0036,B0036_D0042,42,87.03088086384862,10,21.219,36.219,44.015,7.795999999999999,34.015,44.015,1,0.9090909090909091,0.0,1.4369999999999976
B0036,B0036_D0043,43,87.5345202212841,10,21.311999999999998,36.312,44.297,7.984999999999999,34.297,44.297,1,0.9090909090909091,0.0,1.578000000000003
B0036,B0036_D0044,44,88.25560275769575,10,21.312999999999995,36.312999999999995,44.327999999999996,8.015,34.327999999999996,44.327999999999996,1,0.9090909090909091,0.0,1.5779999999999959
B0036,B0036_D0045,45,88.15944133782439,10,21.422,36.422,44.515,8.093000000000004,34.515,44.515,1,0.9090909090909091,0.0,1.625
B0036,B0036_D0046,46,99.2746476448548,10,21.406,36.406,44.5,8.094000000000001,34.5,44.5,1,0.9090909090909091,0.0,1.6409999999999982
B0036,B0036_D0047,47,88.26778654066621,10,21.375,36.375,44.563,8.188000000000002,34.563,44.563,1,0.9090909090909091,0.0,1.6569999999999965
B0036,B0036_D0048,48,87.85940191563638,10,21.469,36.469,44.672,8.202999999999996,34.672,44.672,1,0.9090909090909091,0.0,1.625
B0036,B0036_D0049,49,87.86885330922219,10,21.499999999999996,36.5,44.75,8.25,34.75,44.75,1,0.9090909090909091,0.0,1.6869999999999976
B0036,B0036_D0050,50,88.08688063989906,10,21.563000000000002,36.563,44.907,8.343999999999994,34.907,44.907,1,0.9090909090909091,0.0,1.7819999999999965
B0036,B0036_D0051,51,88.03446273818332,10,21.532,36.532,44.938,8.406000000000006,34.938,44.938,1,0.9090909090909091,0.0,1.7660000000000053
B0036,B0036_D0052,52,88.03347810784915,10,21.578000000000003,36.578,45.093,8.515,35.093,45.093,1,0.9090909090909091,0.0,1.8900000000000006
B0036,B0036_D0053,53,87.6481901324576,10,21.577999999999996,36.577999999999996,45.202999999999996,8.625,35.202999999999996,45.202999999999996,1,0.9090909090909091,0.0,1.9059999999999988
B0036,B0036_D0054,54,87.52678540120735,10,21.657000000000004,36.657000000000004,45.219,8.561999999999998,35.219,45.219,1,0.9090909090909091,0.0,1.8590000000000018
B0036,B0036_D0055,55,87.50380997668643,10,21.75,36.75,45.422,8.671999999999997,35.422,45.422,1,0.9090909090909091,0.0,1.8909999999999982
B0036,B0036_D0056,56,87.32978901139192,10,21.797000000000004,36.797000000000004,45.625,8.827999999999996,35.625,45.625,1,0.9090909090909091,0.0,1.9839999999999947
B0036,B0036_D0057,57,87.68071433943535,10,21.875,36.875,45.733999999999995,8.858999999999995,35.733999999999995,45.733999999999995,1,0.9090909090909091,0.0,2.030999999999999
B0036,B0036_D0058,58,87.53625149601744,10,21.906,36.906,45.844,8.938000000000002,35.844,45.844,1,0.9090909090909091,0.0,2.0320000000000036
B0036,B0036_D0059,59,87.16526745405055,10,21.844,36.844,45.86,9.015999999999998,35.86,45.86,1,0.9090909090909091,0.0,2.1099999999999994
B0036,B0036_D0060,60,86.68312526388094,10,21.843,36.843,45.858999999999995,9.015999999999991,35.858999999999995,45.858999999999995,1,0.9090909090909091,0.0,2.077999999999996
B0036,B0036_D0061,61,86.59603525769464,10,22.0,37.0,46.062,9.061999999999998,36.062,46.062,1,0.9090909090909091,0.0,2.094000000000001
B0036,B0036_D0062,62,87.14302261375731,10,22.0,37.0,46.156,9.155999999999999,36.156,46.156,1,0.9090909090909091,0.0,2.125
B0036,B0036_D0063,63,87.1653485549856,10,22.094,37.094,46.343999999999994,9.249999999999993,36.343999999999994,46.343999999999994,1,0.9090909090909091,0.0,2.1879999999999953
B0036,B0036_D0064,64,86.9262253136348,10,22.0,37.0,46.312999999999995,9.312999999999995,36.312999999999995,46.312999999999995,1,0.9090909090909091,0.0,2.2349999999999994
B0036,B0036_D0065,65,86.47811331873486,10,22.031,37.031,46.438,9.407000000000004,36.438,46.438,1,0.9090909090909091,0.0,2.2820000000000036
B0036,B0036_D0066,66,86.36518382871043,10,22.077999999999996,37.077999999999996,46.641,9.563000000000002,36.641,46.641,1,0.9090909090909091,0.0,2.328000000000003
B0036,B0036_D0067,67,87.24685245535956,10,22.125,37.125,46.609,9.484000000000002,36.609,46.609,1,0.9090909090909091,0.0,2.344000000000001
B0036,B0036_D0068,68,88.21216035566846,10,22.172,37.172,46.859,9.687000000000005,36.859,46.859,1,0.9090909090909091,0.0,2.422000000000004
B0036,B0036_D0069,69,87.52441016024798,10,22.265,37.265,46.984,9.719000000000001,36.984,46.984,1,0.9090909090909091,0.0,2.452999999999996
B0036,B0036_D0070,70,87.21355407739962,10,22.265,37.265,47.14,9.875,37.14,47.14,1,0.9090909090909091,0.0,2.547000000000004
B0036,B0036_D0071,71,86.82706961686975,10,22.204,37.204,47.0,9.796,37.0,47.0,1,0.9090909090909091,0.0,2.4679999999999964
B0036,B0036_D0072,72,86.6611546552878,10,22.328000000000003,37.328,47.187,9.858999999999995,37.187,47.187,1,0.9090909090909091,0.0,2.4839999999999947
B0036,B0036_D0073,73,86.930311454381,10,22.327999999999996,37.327999999999996,47.218999999999994,9.890999999999998,37.218999999999994,47.218999999999994,1,0.9090909090909091,0.0,2.4839999999999947
B0036,B0036_D0074,74,87.16067476873096,10,22.375,37.375,47.516,10.140999999999998,37.516,47.516,1,0.9090909090909091,0.0,2.655999999999999
B0036,B0036_D0075,75,86.66349107416485,10,22.359,37.359,47.406,10.046999999999997,37.406,47.406,1,0.9090909090909091,0.0,2.5929999999999964
B0036,B0036_D0076,76,86.49453145831636,10,22.469,37.469,47.578,10.109000000000002,37.578,47.578,1,0.9090909090909091,0.0,2.6400000000000006
B0036,B0036_D0077,77,86.02201674420674,10,22.422000000000004,37.422000000000004,47.609,10.186999999999998,37.609,47.609,1,0.9090909090909091,0.0,2.702999999999996
B0036,B0036_D0078,78,86.22103645064566,10,22.5,37.5,47.828,10.328000000000003,37.828,47.828,1,0.9090909090909091,0.0,2.7820000000000036
B0036,B0036_D0079,79,86.07436407030583,10,22.531000000000006,37.531000000000006,47.859,10.327999999999996,37.859,47.859,1,0.9090909090909091,0.0,2.7340000000000018
B0036,B0036_D0080,80,85.9872438678463,10,22.593999999999998,37.593999999999994,48.047,10.453000000000003,38.047,48.047,1,0.9090909090909091,0.0,2.8119999999999976
B0036,B0036_D0081,81,85.82152071072947,10,22.531,37.531,48.047,10.515999999999998,38.047,48.047,1,0.9090909090909091,0.0,2.843999999999994
B0036,B0036_D0082,82,85.56014626649811,10,22.578000000000003,37.578,48.109,10.530999999999999,38.109,48.109,1,0.9090909090909091,0.0,2.8590000000000018
B0036,B0036_D0083,83,85.5117161579961,10,22.61,37.61,48.266,10.655999999999999,38.266,48.266,1,0.9090909090909091,0.0,2.9379999999999953
B0036,B0036_D0084,84,85.65484410755145,10,22.609,37.609,48.203,10.594000000000001,38.203,48.203,1,0.9090909090909091,0.0,2.875
B0036,B0036_D0085,85,85.51854308604068,10,22.688000000000002,37.688,48.469,10.780999999999999,38.469,48.469,1,0.9090909090909091,0.0,2.921999999999997
B0036,B0036_D0086,86,85.32308648060717,10,22.828000000000003,37.828,48.672,10.843999999999994,38.672,48.672,1,0.9090909090909091,0.0,2.968999999999994
B0036,B0036_D0087,87,85.14714989555473,10,22.796999999999997,37.797,48.578,10.781000000000006,38.578,48.578,1,0.9090909090909091,0.0,2.9840000000000018
B0036,B0036_D0088,88,85.36306321920031,10,22.766000000000002,37.766000000000005,48.578,10.811999999999998,38.578,48.578,1,0.9090909090909091,0.0,3.0
B0036,B0036_D0089,89,85.19318598383039,10,22.874999999999996,37.875,48.813,10.938000000000002,38.813,48.813,1,0.9090909090909091,0.0,3.0319999999999965
B0036,B0036_D0090,90,85.39808974211137,10,22.89,37.89,48.859,10.969000000000001,38.859,48.859,1,0.9090909090909091,0.0,3.047000000000004
B0036,B0036_D0091,91,85.56511416813895,10,23.015000000000004,38.015,49.125,11.11,39.125,49.125,1,0.9090909090909091,0.0,3.078000000000003
B0036,B0036_D0092,92,85.7061028736122,10,22.859,37.859,49.016000000000005,11.157000000000004,39.016000000000005,49.016000000000005,1,0.9090909090909091,0.0,3.1099999999999994
B0036,B0036_D0093,93,85.26662462850803,10,22.891000000000002,37.891000000000005,49.078,11.186999999999998,39.078,49.078,1,0.9090909090909091,0.0,3.203000000000003
B0036,B0036_D0094,94,84.67304736265704,10,22.968999999999994,37.968999999999994,49.25,11.281000000000006,39.25,49.25,1,0.9090909090909091,0.0,3.203000000000003
B0036,B0036_D0095,95,84.52622063615112,10,22.984,37.984,49.281,11.296999999999997,39.281,49.281,1,0.9090909090909091,0.0,3.2340000000000018
B0036,B0036_D0096,96,85.03887429249151,10,23.016000000000002,38.016000000000005,49.391,11.374999999999993,39.391,49.391,1,0.9090909090909091,0.0,3.202999999999996
B0036,B0036_D0097,97,84.85552233972288,10,23.078000000000003,38.078,49.5,11.421999999999997,39.5,49.5,1,0.9090909090909091,0.0,3.2819999999999965
B0036,B0036_D0098,98,84.98962261475917,10,23.094,38.094,49.594,11.5,39.594,49.594,1,0.9090909090909091,0.0,3.344000000000001
B0036,B0036_D0099,99,84.56352386977059,10,23.234,38.234,49.859,11.625,39.859,49.859,1,0.9090909090909091,0.0,3.3909999999999982
B0036,B0036_D0100,100,84.28563504734932,10,23.171999999999997,38.172,49.75,11.578000000000003,39.75,49.75,1,0.9090909090909091,0.0,3.3599999999999994
B0036,B0036_D0101,101,84.16046885643078,10,23.14,38.14,49.842999999999996,11.702999999999996,39.842999999999996,49.842999999999996,1,0.9090909090909091,0.0,3.4369999999999976
B0036,B0036_D0102,102,84.64431820847605,10,23.203000000000003,38.203,49.89,11.686999999999998,39.89,49.89,1,0.9090909090909091,0.0,3.4209999999999994
B0036,B0036_D0103,103,84.92334087072317,10,23.328,38.328,50.281,11.952999999999996,40.281,50.281,1,0.9090909090909091,0.0,3.577999999999996
B0036,B0036_D0104,104,84.67906706914215,10,23.328000000000003,38.328,50.203,11.875,40.203,50.203,1,0.9090909090909091,0.0,3.4680000000000035
B0036,B0036_D0105,105,84.15475626890641,10,23.25,38.25,50.203,11.953000000000003,40.203,50.203,1,0.9090909090909091,0.0,3.546999999999997
B0036,B0036_D0106,106,84.25231113471493,10,23.358999999999995,38.358999999999995,50.297,11.938000000000002,40.297,50.297,1,0.9090909090909091,0.0,3.5630000000000024
B0036,B0036_D0107,107,84.01549420008799,10,23.421999999999997,38.422,50.391,11.969000000000001,40.391,50.391,1,0.9090909090909091,0.0,3.5619999999999976
B0036,B0036_D0108,108,84.72019218613858,10,23.407000000000004,38.407000000000004,50.485,12.077999999999996,40.485,50.485,1,0.9090909090909091,0.0,3.6099999999999994
B0036,B0036_D0109,109,84.77843063590052,10,23.5,38.5,50.579,12.079,40.579,50.579,1,0.9090909090909091,0.0,3.594000000000001
B0036,B0036_D0110,110,84.20927364175202,10,23.375,38.375,50.609,12.234000000000002,40.609,50.609,1,0.9090909090909091,0.0,3.703000000000003
B0036,B0036_D0111,111,83.61090072435059,10,23.453000000000003,38.453,50.688,12.235,40.688,50.688,1,0.9090909090909091,0.0,3.6880000000000024
B0036,B0036_D0112,112,83.37988482873591,10,23.563000000000002,38.563,50.875,12.311999999999998,40.875,50.875,1,0.9090909090909091,0.0,3.7659999999999982
B0036,B0036_D0113,113,83.90936893519509,10,23.531,38.531,51.077999999999996,12.546999999999997,41.077999999999996,51.077999999999996,1,0.9090909090909091,0.0,3.780999999999999
B0036,B0036_D0115,115,84.56701574466102,10,23.532,38.532,51.016000000000005,12.484000000000009,41.016000000000005,51.016000000000005,1,0.9090909090909091,0.0,3.8130000000000024
B0036,B0036_D0116,116,84.01393548306642,10,23.594,38.594,51.188,12.594000000000001,41.188,51.188,1,0.9090909090909091,0.0,3.8599999999999994
B0036,B0036_D0117,117,83.6573650511513,10,23.688000000000002,38.688,51.282,12.593999999999994,41.282,51.282,1,0.9090909090909091,0.0,3.9069999999999965
B0036,B0036_D0118,118,83.52146045016214,10,23.593,38.593,51.187,12.593999999999994,41.187,51.187,1,0.9090909090909091,0.0,3.875
B0036,B0036_D0119,119,83.29951675057995,10,23.719,38.719,51.327999999999996,12.608999999999995,41.327999999999996,51.327999999999996,1,0.9090909090909091,0.0,3.8909999999999982
B0036,B0036_D0120,120,83.21207876362236,10,23.797,38.797,51.547,12.75,41.547,51.547,1,0.9090909090909091,0.0,3.968999999999994
B0036,B0036_D0121,121,83.34225383887483,10,23.781000000000002,38.781000000000006,51.531,12.749999999999993,41.531,51.531,1,0.9090909090909091,0.0,3.9369999999999976
B0036,B0036_D0122,122,82.97250780333768,10,23.733999999999995,38.733999999999995,51.577999999999996,12.844000000000001,41.577999999999996,51.577999999999996,1,0.9090909090909091,0.0,3.999999999999993
B0036,B0036_D0123,123,83.12062615336595,10,23.891,38.891,51.858999999999995,12.967999999999996,41.858999999999995,51.858999999999995,1,0.9090909090909091,0.0,4.046999999999997
B0036,B0036_D0124,124,83.0176304161285,10,23.859,38.859,51.766000000000005,12.907000000000004,41.766000000000005,51.766000000000005,1,0.9090909090909091,0.0,4.032000000000004
B0036,B0036_D0125,125,83.05115689816618,10,23.906,38.906,51.984,13.078000000000003,41.984,51.984,1,0.9090909090909091,0.0,4.109000000000002
B0036,B0036_D0126,126,82.87593778660806,10,23.828,38.828,51.858999999999995,13.030999999999992,41.858999999999995,51.858999999999995,1,0.9090909090909091,0.0,4.077999999999996
B0036,B0036_D0127,127,82.53938979837274,10,23.828000000000003,38.828,51.968,13.14,41.968,51.968,1,0.9090909090909091,0.0,4.172000000000004
B0036,B0036_D0128,128,82.6628503105507,10,23.875,38.875,51.953,13.078000000000003,41.953,51.953,1,0.9090909090909091,0.0,4.109000000000002
B0036,B0036_D0129,129,82.47107423386343,10,23.953000000000003,38.953,52.063,13.11,42.063,52.063,1,0.9090909090909091,0.0,4.125
B0036,B0036_D0130,130,83.39295957833353,10,24.061999999999998,39.062,52.234,13.172000000000004,42.234,52.234,1,0.9090909090909091,0.0,4.172000000000004
B0036,B0036_D0131,131,83.54313821624835,10,24.14,39.14,52.484,13.344000000000001,42.484,52.484,1,0.9090909090909091,0.0,4.202999999999996
B0036,B0036_D0132,132,83.29059082026684,10,24.047000000000004,39.047000000000004,52.454,13.406999999999996,42.454,52.454,1,0.9090909090909091,0.0,4.234999999999999
B0036,B0036_D0133,133,82.664992588085,10,24.078000000000003,39.078,52.375,13.296999999999997,42.375,52.375,1,0.9090909090909091,0.0,4.234999999999999
B0036,B0036_D0134,134,82.3439351176426,10,24.094,39.094,52.531,13.436999999999998,42.531,52.531,1,0.9090909090909091,0.0,4.295999999999999
B0036,B0036_D0135,135,83.59476624851878,10,25.078,40.078,40.25,0.17199999999999704,30.25,40.25,1,0.9090909090909091,0.0,5.172000000000001
B0036,B0036_D0136,136,84.03871731792863,10,24.188000000000002,39.188,52.75,13.561999999999998,42.75,52.75,1,0.9090909090909091,0.0,4.375
B0036,B0036_D0137,137,83.68858543351537,10,24.250000000000004,39.25,52.875,13.625,42.875,52.875,1,0.9090909090909091,0.0,4.4069999999999965
B0036,B0036_D0138,138,83.02886881243697,10,24.203,39.203,52.875,13.671999999999997,42.875,52.875,1,0.9090909090909091,0.0,4.453000000000003
B0036,B0036_D0139,139,82.7993890573043,10,24.125,39.125,52.891,13.765999999999998,42.891,52.891,1,0.9090909090909091,0.0,4.469000000000001
B0036,B0036_D0140,140,82.3431159194922,10,24.218000000000004,39.218,53.0,13.781999999999996,43.0,53.0,1,0.9090909090909091,0.0,4.469000000000001
B0036,B0036_D0141,141,82.87310587716425,10,24.311999999999998,39.312,53.062,13.75,43.062,53.062,1,0.9090909090909091,0.0,4.469000000000001
B0036,B0036_D0142,142,83.01995587608447,10,24.281,39.281,53.141,13.86,43.141,53.141,1,0.9090909090909091,0.0,4.5319999999999965
B0036,B0036_D0143,143,82.30394546418556,10,24.233999999999998,39.233999999999995,53.203,13.969000000000008,43.203,53.203,1,0.9090909090909091,0.0,4.547000000000004
B0036,B0036_D0144,144,82.04183231329664,10,24.281,39.281,53.297,14.015999999999998,43.297,53.297,1,0.9090909090909091,0.0,4.593999999999994
B0036,B0036_D0145,145,81.722044601408,10,24.344,39.344,53.359,14.015,43.359,53.359,1,0.9090909090909091,0.0,4.609000000000002
B0036,B0036_D0146,146,81.87019593252106,10,24.422,39.422,53.531,14.109000000000002,43.531,53.531,1,0.9090909090909091,0.0,4.609000000000002
B0036,B0036_D0147,147,82.369103770262,10,24.359,39.359,53.375,14.015999999999998,43.375,53.375,1,0.9090909090909091,0.0,4.577999999999996
B0036,B0036_D0148,148,82.72823220811179,10,24.438000000000002,39.438,53.625,14.186999999999998,43.625,53.625,1,0.9090909090909091,0.0,4.686999999999998
B0036,B0036_D0149,149,82.04482803649675,10,24.453000000000003,39.453,53.734,14.280999999999999,43.734,53.734,1,0.9090909090909091,0.0,4.686999999999998
B0036,B0036_D0150,150,81.32614989669818,10,24.484,39.484,53.781000000000006,14.297000000000004,43.781000000000006,53.781000000000006,1,0.9090909090909091,0.0,4.734000000000009
B0036,B0036_D0151,151,81.08674572315228,10,24.531,39.531,53.781,14.25,43.781,53.781,1,0.9090909090909091,0.0,4.703000000000003
B0036,B0036_D0152,152,81.24100029819773,10,24.531,39.531,53.89,14.359000000000002,43.89,53.89,1,0.9090909090909091,0.0,4.780999999999999
B0036,B0036_D0153,153,80.9400598680685,10,24.64,39.64,54.062,14.421999999999997,44.062,54.062,1,0.9090909090909091,0.0,4.827999999999996
B0036,B0036_D0154,154,80.68675245167108,10,24.546999999999997,39.547,53.969,14.422000000000004,43.969,53.969,1,0.9090909090909091,0.0,4.797000000000004
B0036,B0036_D0155,155,80.60064118270705,10,24.719,39.719,54.281000000000006,14.562000000000005,44.281000000000006,54.281000000000006,1,0.9090909090909091,0.0,4.875
B0036,B0036_D0156,156,83.35516278443589,10,24.733999999999998,39.733999999999995,54.344,14.610000000000007,44.344,54.344,1,0.9090909090909091,0.0,4.905999999999999
B0036,B0036_D0157,157,84.25066691943127,10,24.625,39.625,54.202999999999996,14.577999999999996,44.202999999999996,54.202999999999996,1,0.9090909090909091,0.0,4.859000000000002
B0036,B0036_D0158,158,83.93327493807348,10,24.703,39.703,54.36,14.656999999999996,44.36,54.36,1,0.9090909090909091,0.0,4.890999999999998
B0036,B0036_D0159,159,83.64881751095686,10,24.703000000000003,39.703,54.437,14.733999999999995,44.437,54.437,1,0.9090909090909091,0.0,4.936999999999998
B0036,B0036_D0160,160,83.3244517149827,10,24.734,39.734,54.437,14.702999999999996,44.437,54.437,1,0.9090909090909091,0.0,4.905999999999999
B0036,B0036_D0161,161,83.49210420355455,10,24.656,39.656,54.453,14.797000000000004,44.453,54.453,1,0.9090909090909091,0.0,4.938000000000002
B0036,B0036_D0162,162,83.73372114013517,10,24.765000000000004,39.765,54.547,14.781999999999996,44.547,54.547,1,0.9090909090909091,0.0,4.9539999999999935
B0036,B0036_D0163,163,83.32522667572822,10,24.983999999999995,39.983999999999995,55.077999999999996,15.094000000000001,45.077999999999996,55.077999999999996,1,0.9090909090909091,0.0,5.125
B0036,B0036_D0164,164,82.61110424173636,10,24.858999999999995,39.858999999999995,54.781,14.922000000000004,44.781,54.781,1,0.9090909090909091,0.0,5.0
B0036,B0036_D0165,165,82.31359137549762,10,24.86,39.86,54.875,15.015,44.875,54.875,1,0.9090909090909091,0.0,5.077999999999996
B0036,B0036_D0166,166,82.11996173462605,10,24.86,39.86,54.907,15.046999999999997,44.907,54.907,1,0.9090909090909091,0.0,5.077999999999996
B0036,B0036_D0167,167,82.5589303549996,10,24.906000000000002,39.906000000000006,54.922,15.015999999999991,44.922,54.922,1,0.9090909090909091,0.0,5.078000000000003
B0036,B0036_D0168,168,82.40841560140966,10,24.953000000000003,39.953,55.094,15.140999999999998,45.094,55.094,1,0.9090909090909091,0.0,5.155999999999999
B0036,B0036_D0169,169,82.39443862714198,10,25.078,40.078,40.156000000000006,0.07800000000000296,30.156000000000006,40.156000000000006,1,0.9090909090909091,0.0,5.0780000000000065
B0036,B0036_D0170,170,81.7921825457841,10,25.0,40.0,40.046,0.045999999999999375,30.046,40.046,1,0.9090909090909091,0.0,5.045999999999999
B0036,B0036_D0171,171,81.66181405972758,10,24.953,39.953,40.016000000000005,0.06300000000000239,30.016000000000005,40.016000000000005,1,0.9090909090909091,0.0,5.063000000000006
B0036,B0036_D0172,172,81.49632338414935,10,25.0,40.0,40.109,0.10900000000000176,30.109,40.109,1,0.9090909090909091,0.0,5.109000000000002
B0036,B0036_D0173,173,81.93931314643612,10,25.172000000000004,40.172000000000004,40.25,0.07799999999999585,30.25,40.25,1,0.9090909090909091,0.0,5.077999999999996
B0036,B0036_D0174,174,81.79827431920386,10,25.141000000000002,40.141000000000005,40.358999999999995,0.2179999999999893,30.358999999999995,40.358999999999995,1,0.9090909090909091,0.0,5.217999999999993
B0036,B0036_D0175,175,81.55685219837831,10,25.125,40.125,40.25,0.125,30.25,40.25,1,0.9090909090909091,0.0,5.125
B0036,B0036_D0176,176,81.10094860444232,10,25.218999999999994,40.218999999999994,40.452999999999996,0.23400000000000176,30.452999999999996,40.452999999999996,1,0.9090909090909091,0.0,5.234000000000002
B0036,B0036_D0177,177,82.08022489211078,10,25.14,40.14,40.359,0.2190000000000012,30.359,40.359,1,0.9090909090909091,0.0,5.219000000000001
B0036,B0036_D0178,178,81.26545115728902,10,25.188000000000002,40.188,40.391,0.20299999999999585,30.391,40.391,1,0.9090909090909091,0.0,5.202999999999996
B0036,B0036_D0179,179,80.98067261119742,10,25.235,40.235,40.485,0.25,30.485,40.485,1,0.9090909090909091,0.0,5.25
B0036,B0036_D0180,180,80.62118087387185,10,25.234,40.234,40.547,0.3129999999999953,30.546999999999997,40.547,1,0.9090909090909091,0.0,5.312999999999995
B0036,B0036_D0181,181,80.38850514956697,10,25.250000000000004,40.25,40.531,0.2809999999999988,30.531,40.531,1,0.9090909090909091,0.0,5.280999999999995
B0036,B0036_D0182,182,80.44038765990791,10,25.329,40.329,40.704,0.375,30.704,40.704,1,0.9090909090909091,0.0,5.375
B0036,B0036_D0183,183,80.41778129367134,10,25.328000000000003,40.328,40.765,0.4369999999999976,30.765,40.765,1,0.9090909090909091,0.0,5.436999999999998
B0036,B0036_D0184,184,80.3410125950577,10,25.311999999999998,40.312,40.672000000000004,0.36000000000000654,30.672000000000004,40.672000000000004,1,0.9090909090909091,0.0,5.3600000000000065
B0036,B0036_D0185,185,80.08854886033565,10,25.311999999999998,40.312,40.718,0.4060000000000059,30.718000000000004,40.718,1,0.9090909090909091,0.0,5.406000000000006
B0036,B0036_D0186,186,79.7455867346104,10,25.311999999999998,40.312,40.75,0.4380000000000024,30.75,40.75,1,0.9090909090909091,0.0,5.438000000000002
B0036,B0036_D0187,187,79.69069562693686,10,25.406,40.406,40.922,0.5159999999999982,30.921999999999997,40.922,1,0.9090909090909091,0.0,5.515999999999998
B0036,B0036_D0188,188,79.60136564752298,10,25.563,40.563,41.032,0.4689999999999941,31.031999999999996,41.032,1,0.9090909090909091,0.0,5.468999999999998
B0036,B0036_D0189,189,79.23680774889375,10,25.531,40.531,41.109,0.578000000000003,31.109,41.109,1,0.9090909090909091,0.0,5.578000000000003
B0036,B0036_D0190,190,78.817146819684,10,25.577999999999996,40.577999999999996,41.077999999999996,0.5,31.077999999999996,41.077999999999996,1,0.9090909090909091,0.0,5.5
B0036,B0036_D0191,191,78.60114587321144,10,25.453000000000003,40.453,41.062,0.6089999999999947,31.061999999999998,41.062,1,0.9090909090909091,0.0,5.608999999999995
B0036,B0036_D0192,192,78.64937142756176,10,25.515,40.515,41.092999999999996,0.5779999999999959,31.092999999999996,41.092999999999996,1,0.9090909090909091,0.0,5.577999999999996
B0036,B0036_D0193,193,79.84927001945094,10,25.719,40.719,41.657000000000004,0.9380000000000024,31.657000000000004,41.657000000000004,1,0.9090909090909091,0.0,5.938000000000002
B0036,B0036_D0194,194,79.7863011851928,10,25.593999999999998,40.593999999999994,41.281000000000006,0.6870000000000118,31.281000000000006,41.281000000000006,1,0.9090909090909091,0.0,5.687000000000008
B0036,B0036_D0195,195,78.97501691702796,10,25.531,40.531,41.125,0.5940000000000012,31.125,41.125,1,0.9090909090909091,0.0,5.594000000000001
B0036,B0036_D0196,196,78.14734938760093,10,25.531,40.531,41.219,0.6880000000000024,31.219,41.219,1,0.9090909090909091,0.0,5.688000000000002
B0036,B0036_D0197,197,77.95564715770588,10,25.671999999999997,40.672,41.375,0.703000000000003,31.375,41.375,1,0.9090909090909091,0.0,5.703000000000003
B0038,B0038_D0001,1,44.902868548383616,10,19.516000000000002,34.516000000000005,38.219,3.702999999999996,28.219,38.219,2,0.9090909090909091,0.0,8.703
B0038,B0038_D0002,2,55.13118165957038,10,19.500000000000004,34.5,38.235,3.7349999999999994,28.235,38.235,2,0.9090909090909091,0.0,8.734999999999996
B0038,B0038_D0003,3,54.42900939736715,10,19.561999999999998,34.562,38.437,3.875,28.436999999999998,38.437,2,0.9090909090909091,0.0,8.875
B0038,B0038_D0004,4,53.06624923795543,10,19.625,34.625,38.672000000000004,4.047000000000004,28.672000000000004,38.672000000000004,2,0.9090909090909091,0.0,9.047000000000004
B0038,B0038_D0005,5,51.73531028991773,10,19.656,34.656,38.922,4.265999999999998,28.921999999999997,38.922,2,0.9090909090909091,0.0,9.265999999999998
B0038,B0038_D0006,6,51.349892971765065,10,19.796999999999997,34.797,39.094,4.297000000000004,29.094,39.094,2,0.9090909090909091,0.0,9.297000000000004
B0038,B0038_D0007,7,53.92509855494711,10,19.938,34.938,39.422,4.483999999999995,29.421999999999997,39.422,2,0.9090909090909091,0.0,9.483999999999998
B0038,B0038_D0008,8,53.194487394014224,10,19.859,34.859,39.531000000000006,4.672000000000004,29.531000000000006,39.531000000000006,2,0.9090909090909091,0.0,9.672000000000004
B0038,B0038_D0009,9,51.83275611662212,10,19.891000000000002,34.891000000000005,39.422,4.530999999999992,29.421999999999997,39.422,2,0.9090909090909091,0.0,9.530999999999995
B0038,B0038_D0010,10,51.5470663741047,10,20.0,35.0,39.704,4.704000000000001,29.704,39.704,2,0.9090909090909091,0.0,9.704
B0038,B0038_D0011,11,50.70042270517328,10,19.936999999999998,34.937,39.797,4.859999999999999,29.796999999999997,39.797,2,0.9090909090909091,0.0,9.86
B0038,B0038_D0012,12,50.425804799725945,10,20.047000000000004,35.047000000000004,40.0,4.952999999999996,30.0,40.0,2,0.9090909090909091,0.0,9.952999999999996
B0038,B0038_D0013,13,87.09622544047953,10,20.14,35.14,40.125,4.984999999999999,30.125,40.125,2,0.9090909090909091,0.0,9.985
B0038,B0038_D0014,14,88.98709298542164,10,20.14,35.14,40.218,5.078000000000003,30.218000000000004,40.218,1,0.9090909090909091,0.0,0.03100000000000236
B0038,B0038_D0015,15,89.07833153226383,10,20.249999999999996,35.25,40.578,5.328000000000003,30.578000000000003,40.578,1,0.9090909090909091,0.0,0.2030000000000065
B0038,B0038_D0016,16,89.17429788578008,10,20.328000000000003,35.328,40.719,5.390999999999998,30.719,40.719,1,0.9090909090909091,0.0,0.2190000000000012
B0038,B0038_D0017,17,89.32205825207838,10,20.296999999999997,35.297,40.735,5.438000000000002,30.735,40.735,1,0.9090909090909091,0.0,0.2190000000000012
B0038,B0038_D0018,18,89.29998804033974,10,20.406999999999996,35.407,40.968999999999994,5.561999999999998,30.968999999999994,40.968999999999994,1,0.9090909090909091,0.0,0.3119999999999976
B0038,B0038_D0019,19,88.84761886500804,10,20.438,35.438,41.063,5.625,31.063000000000002,41.063,1,0.9090909090909091,0.0,0.3279999999999994
B0038,B0038_D0020,20,89.07144586609495,10,20.578,35.578,41.343999999999994,5.765999999999991,31.343999999999994,41.343999999999994,1,0.9090909090909091,0.0,0.37499999999999645
B0038,B0038_D0021,21,89.29726386348598,10,20.5,35.5,41.328,5.828000000000003,31.328000000000003,41.328,1,0.9090909090909091,0.0,0.39099999999999824
B0038,B0038_D0022,22,89.26042148457755,10,20.546999999999997,35.547,41.485,5.938000000000002,31.485,41.485,1,0.9090909090909091,0.0,0.45300000000000296
B0038,B0038_D0023,23,89.17983047922719,10,20.656,35.656,41.735,6.079000000000001,31.735,41.735,1,0.9090909090909091,0.0,0.5629999999999988
B0038,B0038_D0024,24,88.98391576372356,10,20.719,35.719,41.937000000000005,6.2180000000000035,31.937000000000005,41.937000000000005,1,0.9090909090909091,0.0,0.5930000000000035
B0038,B0038_D0025,25,89.20551296394322,10,20.766,35.766,42.078,6.312000000000005,32.078,42.078,1,0.9090909090909091,0.0,0.6400000000000006
B0038,B0038_D0026,26,89.16516165796095,10,20.797,35.797,42.156,6.359000000000002,32.156,42.156,1,0.9090909090909091,0.0,0.6879999999999988
B0038,B0038_D0027,27,88.98093070678478,10,20.811999999999998,35.812,42.25,6.438000000000002,32.25,42.25,1,0.9090909090909091,0.0,0.735000000000003
B0038,B0038_D0028,28,89.08296167176293,10,20.812000000000005,35.812000000000005,42.453,6.640999999999998,32.453,42.453,1,0.9090909090909091,0.0,0.828000000000003
B0038,B0038_D0029,29,88.87955652062018,10,20.89,35.89,42.531000000000006,6.641000000000005,32.531000000000006,42.531000000000006,1,0.9090909090909091,0.0,0.8120000000000047
B0038,B0038_D0030,30,88.88509409858395,10,20.906000000000002,35.906000000000006,42.578,6.671999999999997,32.578,42.578,1,0.9090909090909091,0.0,0.8120000000000012
B0038,B0038_D0031,31,88.94773809135309,10,20.968000000000004,35.968,42.765,6.796999999999997,32.765,42.765,1,0.9090909090909091,0.0,0.875
B0038,B0038_D0032,32,89.03876865567521,10,21.047,36.047,42.954,6.907000000000004,32.954,42.954,1,0.9090909090909091,0.0,0.9380000000000024
B0038,B0038_D0033,33,88.92076595133305,10,21.235,36.235,43.188,6.953000000000003,33.188,43.188,1,0.9090909090909091,0.0,1.0
B0038,B0038_D0034,34,88.94886949554231,10,21.141,36.141,43.11,6.969000000000001,33.11,43.11,1,0.9090909090909091,0.0,0.9849999999999994
B0038,B0038_D0035,35,88.96239673618021,10,21.311999999999998,36.312,43.39,7.078000000000003,33.39,43.39,1,0.9090909090909091,0.0,1.0150000000000006
B0038,B0038_D0036,36,88.89602286842539,10,21.282,36.282,43.468999999999994,7.186999999999998,33.468999999999994,43.468999999999994,1,0.9090909090909091,0.0,1.093999999999994
B0038,B0038_D0037,37,88.9613520112072,10,21.204,36.204,43.516,7.311999999999998,33.516,43.516,1,0.9090909090909091,0.0,1.124999999999993
B0038,B0038_D0038,38,88.80317160039675,10,21.344,36.344,43.656,7.311999999999998,33.656,43.656,1,0.9090909090909091,0.0,1.1559999999999988
B0038,B0038_D0039,39,88.75519689819785,10,21.313000000000002,36.313,43.829,7.515999999999998,33.829,43.829,1,0.9090909090909091,0.0,1.2659999999999982
B0038,B0038_D0040,40,86.6532050069371,10,21.484,36.484,44.218999999999994,7.734999999999992,34.218999999999994,44.218999999999994,1,0.9090909090909091,0.0,1.374999999999993
B0038,B0038_D0041,41,86.97446403107611,10,21.483999999999998,36.483999999999995,44.156,7.672000000000004,34.156,44.156,1,0.9090909090909091,0.0,1.3120000000000047
B0038,B0038_D0042,42,86.89032180196462,10,21.563000000000002,36.563,44.375,7.811999999999998,34.375,44.375,1,0.9090909090909091,0.0,1.4209999999999994
B0038,B0038_D0043,43,86.50140728999165,10,21.593999999999994,36.593999999999994,44.343999999999994,7.75,34.343999999999994,44.343999999999994,1,0.9090909090909091,0.0,1.343999999999994
B0038,B0038_D0044,44,86.45202283271493,10,21.546999999999997,36.547,44.454,7.907000000000004,34.454,44.454,1,0.9090909090909091,0.0,1.5
B0038,B0038_D0045,45,86.43036453534408,10,21.609,36.609,44.468,7.859000000000002,34.468,44.468,1,0.9090909090909091,0.0,1.4220000000000041
B0038,B0038_D0046,46,76.28694232481699,10,21.672,36.672,44.813,8.141000000000005,34.813,44.813,1,0.9090909090909091,0.0,1.5790000000000077
B0038,B0038_D0047,47,76.50737767217109,10,21.688,36.688,44.813,8.125,34.813,44.813,1,0.9090909090909091,0.0,1.578000000000003
B0039,B0039_D0013,13,87.30895503194813,10,20.14,35.14,40.125,4.984999999999999,30.125,40.125,2,0.9090909090909091,0.0,9.985
B0039,B0039_D0014,14,88.47625367252682,10,20.14,35.14,40.218,5.078000000000003,30.218000000000004,40.218,1,0.9090909090909091,0.0,0.03100000000000236
B0039,B0039_D0015,15,88.57695709750972,10,20.249999999999996,35.25,40.578,5.328000000000003,30.578000000000003,40.578,1,0.9090909090909091,0.0,0.2030000000000065
B0039,B0039_D0016,16,88.53127419791394,10,20.328000000000003,35.328,40.719,5.390999999999998,30.719,40.719,1,0.9090909090909091,0.0,0.2190000000000012
B0039,B0039_D0017,17,88.52020319723648,10,20.296999999999997,35.297,40.735,5.438000000000002,30.735,40.735,1,0.9090909090909091,0.0,0.2190000000000012
B0039,B0039_D0018,18,88.4754089440088,10,20.406999999999996,35.407,40.968999999999994,5.561999999999998,30.968999999999994,40.968999999999994,1,0.9090909090909091,0.0,0.3119999999999976
B0039,B0039_D0019,19,88.19178137134708,10,20.438,35.438,41.063,5.625,31.063000000000002,41.063,1,0.9090909090909091,0.0,0.3279999999999994
B0039,B0039_D0020,20,88.57862934893062,10,20.578,35.578,41.343999999999994,5.765999999999991,31.343999999999994,41.343999999999994,1,0.9090909090909091,0.0,0.37499999999999645
B0039,B0039_D0021,21,88.50598227244842,10,20.5,35.5,41.328,5.828000000000003,31.328000000000003,41.328,1,0.9090909090909091,0.0,0.39099999999999824
B0039,B0039_D0022,22,88.33784876430259,10,20.546999999999997,35.547,41.485,5.938000000000002,31.485,41.485,1,0.9090909090909091,0.0,0.45300000000000296
B0039,B0039_D0023,23,88.24371814546322,10,20.656,35.656,41.735,6.079000000000001,31.735,41.735,1,0.9090909090909091,0.0,0.5629999999999988
B0039,B0039_D0024,24,88.19193429716124,10,20.719,35.719,41.937000000000005,6.2180000000000035,31.937000000000005,41.937000000000005,1,0.9090909090909091,0.0,0.5930000000000035
B0039,B0039_D0025,25,88.28612876028394,10,20.766,35.766,42.078,6.312000000000005,32.078,42.078,1,0.9090909090909091,0.0,0.6400000000000006
B0039,B0039_D0026,26,88.22816404691523,10,20.797,35.797,42.156,6.359000000000002,32.156,42.156,1,0.9090909090909091,0.0,0.6879999999999988
B0039,B0039_D0027,27,88.04495974239562,10,20.811999999999998,35.812,42.25,6.438000000000002,32.25,42.25,1,0.9090909090909091,0.0,0.735000000000003
B0039,B0039_D0028,28,87.99181047908858,10,20.812000000000005,35.812000000000005,42.453,6.640999999999998,32.453,42.453,1,0.9090909090909091,0.0,0.828000000000003
B0039,B0039_D0029,29,87.95477700071582,10,20.89,35.89,42.531000000000006,6.641000000000005,32.531000000000006,42.531000000000006,1,0.9090909090909091,0.0,0.8120000000000047
B0039,B0039_D0030,30,87.80247721988262,10,20.906000000000002,35.906000000000006,42.578,6.671999999999997,32.578,42.578,1,0.9090909090909091,0.0,0.8120000000000012
B0039,B0039_D0031,31,87.85838599974643,10,20.968000000000004,35.968,42.765,6.796999999999997,32.765,42.765,1,0.9090909090909091,0.0,0.875
B0039,B0039_D0032,32,87.79455634729987,10,21.047,36.047,42.954,6.907000000000004,32.954,42.954,1,0.9090909090909091,0.0,0.9380000000000024
B0039,B0039_D0033,33,87.66709536114958,10,21.235,36.235,43.188,6.953000000000003,33.188,43.188,1,0.9090909090909091,0.0,1.0
B0039,B0039_D0034,34,87.53336922667584,10,21.141,36.141,43.11,6.969000000000001,33.11,43.11,1,0.9090909090909091,0.0,0.9849999999999994
B0039,B0039_D0035,35,87.55003332081202,10,21.311999999999998,36.312,43.39,7.078000000000003,33.39,43.39,1,0.9090909090909091,0.0,1.0150000000000006
B0039,B0039_D0036,36,87.48029426923935,10,21.282,36.282,43.468999999999994,7.186999999999998,33.468999999999994,43.468999999999994,1,0.9090909090909091,0.0,1.093999999999994
B0039,B0039_D0037,37,87.38679586091678,10,21.204,36.204,43.516,7.311999999999998,33.516,43.516,1,0.9090909090909091,0.0,1.124999999999993
B0039,B0039_D0038,38,87.22112734049546,10,21.344,36.344,43.656,7.311999999999998,33.656,43.656,1,0.9090909090909091,0.0,1.1559999999999988
B0039,B0039_D0039,39,87.16541830419679,10,21.313000000000002,36.313,43.829,7.515999999999998,33.829,43.829,1,0.9090909090909091,0.0,1.2659999999999982
B0039,B0039_D0040,40,82.78345866944235,10,21.484,36.484,44.218999999999994,7.734999999999992,34.218999999999994,44.218999999999994,1,0.9090909090909091,0.0,1.374999999999993
B0039,B0039_D0041,41,82.1488347287965,10,21.483999999999998,36.483999999999995,44.156,7.672000000000004,34.156,44.156,1,0.9090909090909091,0.0,1.3120000000000047
B0039,B0039_D0042,42,81.71911364680633,10,21.563000000000002,36.563,44.375,7.811999999999998,34.375,44.375,1,0.9090909090909091,0.0,1.4209999999999994
B0039,B0039_D0043,43,81.325335310828,10,21.593999999999994,36.593999999999994,44.343999999999994,7.75,34.343999999999994,44.343999999999994,1,0.9090909090909091,0.0,1.343999999999994
B0039,B0039_D0044,44,80.94329958679805,10,21.546999999999997,36.547,44.454,7.907000000000004,34.454,44.454,1,0.9090909090909091,0.0,1.5
B0039,B0039_D0045,45,80.57484169604632,10,21.609,36.609,44.468,7.859000000000002,34.468,44.468,1,0.9090909090909091,0.0,1.4220000000000041
B0039,B0039_D0046,46,66.20402886730614,10,21.672,36.672,44.813,8.141000000000005,34.813,44.813,1,0.9090909090909091,0.0,1.5790000000000077
B0039,B0039_D0047,47,65.76693110848846,10,21.688,36.688,44.813,8.125,34.813,44.813,1,0.9090909090909091,0.0,1.578000000000003
B0040,B0040_D0001,1,33.67314068547817,10,19.516000000000002,34.516000000000005,38.219,3.702999999999996,28.219,38.219,2,0.9090909090909091,0.0,8.703
B0040,B0040_D0002,2,39.56531052880173,10,19.500000000000004,34.5,38.235,3.7349999999999994,28.235,38.235,2,0.9090909090909091,0.0,8.734999999999996
B0040,B0040_D0003,3,39.329120173008725,10,19.561999999999998,34.562,38.437,3.875,28.436999999999998,38.437,2,0.9090909090909091,0.0,8.875
B0040,B0040_D0004,4,38.97935713030791,10,19.625,34.625,38.672000000000004,4.047000000000004,28.672000000000004,38.672000000000004,2,0.9090909090909091,0.0,9.047000000000004
B0040,B0040_D0005,5,38.14120761562582,10,19.656,34.656,38.922,4.265999999999998,28.921999999999997,38.922,2,0.9090909090909091,0.0,9.265999999999998
B0040,B0040_D0006,6,37.025107573032,10,19.796999999999997,34.797,39.094,4.297000000000004,29.094,39.094,2,0.9090909090909091,0.0,9.297000000000004
B0040,B0040_D0007,7,38.91985440550328,10,19.938,34.938,39.422,4.483999999999995,29.421999999999997,39.422,2,0.9090909090909091,0.0,9.483999999999998
B0040,B0040_D0008,8,38.665827045128026,10,19.859,34.859,39.531000000000006,4.672000000000004,29.531000000000006,39.531000000000006,2,0.9090909090909091,0.0,9.672000000000004
B0040,B0040_D0009,9,37.94787618204749,10,19.891000000000002,34.891000000000005,39.422,4.530999999999992,29.421999999999997,39.422,2,0.9090909090909091,0.0,9.530999999999995
B0040,B0040_D0010,10,37.03699731128196,10,20.0,35.0,39.704,4.704000000000001,29.704,39.704,2,0.9090909090909091,0.0,9.704
B0040,B0040_D0011,11,37.23109376308574,10,19.936999999999998,34.937,39.797,4.859999999999999,29.796999999999997,39.797,2,0.9090909090909091,0.0,9.86
B0040,B0040_D0012,12,35.74937814910368,10,20.047000000000004,35.047000000000004,40.0,4.952999999999996,30.0,40.0,2,0.9090909090909091,0.0,9.952999999999996
B0040,B0040_D0013,13,85.375722242666,10,20.14,35.14,40.125,4.984999999999999,30.125,40.125,2,0.9090909090909091,0.0,9.985
B0040,B0040_D0014,14,86.54404297140965,10,20.14,35.14,40.218,5.078000000000003,30.218000000000004,40.218,1,0.9090909090909091,0.0,0.03100000000000236
B0040,B0040_D0015,15,86.64106422616665,10,20.249999999999996,35.25,40.578,5.328000000000003,30.578000000000003,40.578,1,0.9090909090909091,0.0,0.2030000000000065
B0040,B0040_D0016,16,86.58867161715756,10,20.328000000000003,35.328,40.719,5.390999999999998,30.719,40.719,1,0.9090909090909091,0.0,0.2190000000000012
B0040,B0040_D0017,17,86.70648196175034,10,20.296999999999997,35.297,40.735,5.438000000000002,30.735,40.735,1,0.9090909090909091,0.0,0.2190000000000012
B0040,B0040_D0018,18,86.67378464995036,10,20.406999999999996,35.407,40.968999999999994,5.561999999999998,30.968999999999994,40.968999999999994,1,0.9090909090909091,0.0,0.3119999999999976
B0040,B0040_D0019,19,86.21528589728939,10,20.438,35.438,41.063,5.625,31.063000000000002,41.063,1,0.9090909090909091,0.0,0.3279999999999994
B0040,B0040_D0020,20,86.59487930843602,10,20.578,35.578,41.343999999999994,5.765999999999991,31.343999999999994,41.343999999999994,1,0.9090909090909091,0.0,0.37499999999999645
B0040,B0040_D0021,21,86.66845604188728,10,20.5,35.5,41.328,5.828000000000003,31.328000000000003,41.328,1,0.9090909090909091,0.0,0.39099999999999824
B0040,B0040_D0022,22,86.60878250766389,10,20.546999999999997,35.547,41.485,5.938000000000002,31.485,41.485,1,0.9090909090909091,0.0,0.45300000000000296
B0040,B0040_D0023,23,86.67416388051433,10,20.656,35.656,41.735,6.079000000000001,31.735,41.735,1,0.9090909090909091,0.0,0.5629999999999988
B0040,B0040_D0024,24,86.61862478732564,10,20.719,35.719,41.937000000000005,6.2180000000000035,31.937000000000005,41.937000000000005,1,0.9090909090909091,0.0,0.5930000000000035
B0040,B0040_D0025,25,86.69087648601209,10,20.766,35.766,42.078,6.312000000000005,32.078,42.078,1,0.9090909090909091,0.0,0.6400000000000006
B0040,B0040_D0026,26,86.64815393178934,10,20.797,35.797,42.156,6.359000000000002,32.156,42.156,1,0.9090909090909091,0.0,0.6879999999999988
B0040,B0040_D0027,27,86.5941954228667,10,20.811999999999998,35.812,42.25,6.438000000000002,32.25,42.25,1,0.9090909090909091,0.0,0.735000000000003
B0040,B0040_D0028,28,86.5348002990633,10,20.812000000000005,35.812000000000005,42.453,6.640999999999998,32.453,42.453,1,0.9090909090909091,0.0,0.828000000000003
B0040,B0040_D0029,29,86.48005800973733,10,20.89,35.89,42.531000000000006,6.641000000000005,32.531000000000006,42.531000000000006,1,0.9090909090909091,0.0,0.8120000000000047
B0040,B0040_D0030,30,86.48093690532328,10,20.906000000000002,35.906000000000006,42.578,6.671999999999997,32.578,42.578,1,0.9090909090909091,0.0,0.8120000000000012
B0040,B0040_D0031,31,86.53599308581938,10,20.968000000000004,35.968,42.765,6.796999999999997,32.765,42.765,1,0.9090909090909091,0.0,0.875
B0040,B0040_D0032,32,86.46372780879535,10,21.047,36.047,42.954,6.907000000000004,32.954,42.954,1,0.9090909090909091,0.0,0.9380000000000024
B0040,B0040_D0033,33,86.48981106299797,10,21.235,36.235,43.188,6.953000000000003,33.188,43.188,1,0.9090909090909091,0.0,1.0
B0040,B0040_D0034,34,86.34471034518747,10,21.141,36.141,43.11,6.969000000000001,33.11,43.11,1,0.9090909090909091,0.0,0.9849999999999994
B0040,B0040_D0035,35,86.36095844653008,10,21.311999999999998,36.312,43.39,7.078000000000003,33.39,43.39,1,0.9090909090909091,0.0,1.0150000000000006
B0040,B0040_D0036,36,86.42837490580052,10,21.282,36.282,43.468999999999994,7.186999999999998,33.468999999999994,43.468999999999994,1,0.9090909090909091,0.0,1.093999999999994
B0040,B0040_D0037,37,86.33181908027736,10,21.204,36.204,43.516,7.311999999999998,33.516,43.516,1,0.9090909090909091,0.0,1.124999999999993
B0040,B0040_D0038,38,86.31212070917535,10,21.344,36.344,43.656,7.311999999999998,33.656,43.656,1,0.9090909090909091,0.0,1.1559999999999988
B0040,B0040_D0039,39,86.2636296380145,10,21.313000000000002,36.313,43.829,7.515999999999998,33.829,43.829,1,0.9090909090909091,0.0,1.2659999999999982
B0040,B0040_D0040,40,83.34013438727526,10,21.484,36.484,44.218999999999994,7.734999999999992,34.218999999999994,44.218999999999994,1,0.9090909090909091,0.0,1.374999999999993
B0040,B0040_D0041,41,83.33774268810204,10,21.483999999999998,36.483999999999995,44.156,7.672000000000004,34.156,44.156,1,0.9090909090909091,0.0,1.3120000000000047
B0040,B0040_D0042,42,82.91637224380527,10,21.563000000000002,36.563,44.375,7.811999999999998,34.375,44.375,1,0.9090909090909091,0.0,1.4209999999999994
B0040,B0040_D0043,43,82.51613177535751,10,21.593999999999994,36.593999999999994,44.343999999999994,7.75,34.343999999999994,44.343999999999994,1,0.9090909090909091,0.0,1.343999999999994
B0040,B0040_D0044,44,82.46703170621149,10,21.546999999999997,36.547,44.454,7.907000000000004,34.454,44.454,1,0.9090909090909091,0.0,1.5
B0040,B0040_D0045,45,82.09595275188694,10,21.609,36.609,44.468,7.859000000000002,34.468,44.468,1,0.9090909090909091,0.0,1.4220000000000041
B0040,B0040_D0047,47,27.84951321868288,10,21.688,36.688,44.813,8.125,34.813,44.813,1,0.9090909090909091,0.0,1.578000000000003
B0041,B0041_D0043,43,60.78247043180449,10,22.436999999999998,37.437,47.046,9.609000000000002,37.046,47.046,1,0.9090909090909091,0.0,2.2959999999999994
B0041,B0041_D0044,44,57.38208160473282,10,22.453000000000003,37.453,47.203,9.75,37.203,47.203,1,0.9090909090909091,0.0,2.3910000000000053
B0041,B0041_D0045,45,55.97287263649096,10,22.5,37.5,47.25,9.75,37.25,47.25,1,0.9090909090909091,0.0,2.3900000000000006
B0041,B0041_D0046,46,54.20662820925064,10,22.64,37.64,47.422000000000004,9.782000000000004,37.422000000000004,47.422000000000004,1,0.9090909090909091,0.0,2.3600000000000065
B0041,B0041_D0047,47,53.03892116446328,10,22.531999999999996,37.532,47.375,9.843000000000004,37.375,47.375,1,0.9090909090909091,0.0,2.422000000000004
B0041,B0041_D0048,48,50.85156432813296,10,22.688000000000002,37.688,47.625,9.936999999999998,37.625,47.625,1,0.9090909090909091,0.0,2.453000000000003
B0041,B0041_D0049,49,50.00187499904287,10,22.625,37.625,47.703,10.078000000000003,37.703,47.703,1,0.9090909090909091,0.0,2.5
B0041,B0041_D0050,50,49.5753247393124,10,22.672,37.672,47.827999999999996,10.155999999999999,37.827999999999996,47.827999999999996,1,0.9090909090909091,0.0,2.577999999999996
B0041,B0041_D0051,51,48.27822212685508,10,22.89,37.89,48.328,10.438000000000002,38.328,48.328,1,0.9090909090909091,0.0,2.703000000000003
B0041,B0041_D0052,52,46.91655981219836,10,22.781,37.781,48.031,10.25,38.031,48.031,1,0.9090909090909091,0.0,2.6400000000000006
B0041,B0041_D0053,53,46.494516946201344,10,22.797,37.797,48.204,10.407000000000004,38.204,48.204,1,0.9090909090909091,0.0,2.671999999999997
B0041,B0041_D0054,54,45.36058699724299,10,22.733999999999998,37.733999999999995,48.063,10.329000000000008,38.063,48.063,1,0.9090909090909091,0.0,2.6569999999999965
B0041,B0041_D0055,55,45.88435338468662,10,22.922,37.922,48.422,10.5,38.422,48.422,1,0.9090909090909091,0.0,2.6880000000000024
B0041,B0041_D0056,56,45.78715360981514,10,22.828,37.828,48.359,10.530999999999999,38.359,48.359,1,0.9090909090909091,0.0,2.7659999999999982
B0041,B0041_D0057,57,45.55831345025216,10,23.0,38.0,48.703,10.703000000000003,38.703,48.703,1,0.9090909090909091,0.0,2.9370000000000047
B0041,B0041_D0058,58,44.84450721786349,10,22.938000000000002,37.938,48.547000000000004,10.609000000000002,38.547000000000004,48.547000000000004,1,0.9090909090909091,0.0,2.797000000000004
B0041,B0041_D0059,59,44.31066736400077,10,23.015,38.015,48.828,10.813000000000002,38.828,48.828,1,0.9090909090909091,0.0,2.922000000000004
B0041,B0041_D0060,60,44.65562068093507,10,23.000000000000004,38.0,48.766,10.765999999999998,38.766,48.766,1,0.9090909090909091,0.0,2.874999999999993
B0041,B0041_D0061,61,44.0449253545527,10,23.047000000000004,38.047000000000004,48.938,10.890999999999998,38.938,48.938,1,0.9090909090909091,0.0,3.0
B0041,B0041_D0062,62,43.9943969101187,10,23.062,38.062,48.984,10.922000000000004,38.984,48.984,1,0.9090909090909091,0.0,2.969000000000001
B0041,B0041_D0063,63,43.411737685577215,10,23.171999999999997,38.172,49.078,10.906000000000006,39.078,49.078,1,0.9090909090909091,0.0,2.9690000000000083
B0041,B0041_D0064,64,42.21784745197758,10,23.203,38.203,49.234,11.030999999999999,39.234,49.234,1,0.9090909090909091,0.0,3.030999999999999
B0041,B0041_D0065,65,43.28546601574269,10,23.217999999999996,38.217999999999996,49.39,11.172000000000004,39.39,49.39,1,0.9090909090909091,0.0,3.0930000000000035
B0041,B0041_D0066,66,42.4348452009589,10,23.171999999999997,38.172,49.422,11.25,39.422,49.422,1,0.9090909090909091,0.0,3.094000000000001
B0041,B0041_D0067,67,41.82474216823173,10,23.265,38.265,49.531000000000006,11.266000000000005,39.531000000000006,49.531000000000006,1,0.9090909090909091,0.0,3.1870000000000047
B0042,B0042_D0001,1,86.43563316877677,10,19.469,34.469,38.25,3.780999999999999,28.25,38.25,2,0.9090909090909091,0.0,8.780999999999999
B0042,B0042_D0002,2,86.57353140926573,10,19.531,34.531,38.406000000000006,3.875000000000007,28.406000000000006,38.406000000000006,2,0.9090909090909091,0.0,8.875000000000007
B0042,B0042_D0003,3,86.41175181573044,10,19.625,34.625,38.813,4.188000000000002,28.813000000000002,38.813,2,0.9090909090909091,0.0,9.188000000000002
B0042,B0042_D0004,4,86.01723711458105,10,19.688000000000002,34.688,38.891000000000005,4.203000000000003,28.891000000000005,38.891000000000005,2,0.9090909090909091,0.0,9.203000000000003
B0042,B0042_D0005,5,86.10867183853817,10,19.719,34.719,38.969,4.25,28.969,38.969,2,0.9090909090909091,0.0,9.25
B0042,B0042_D0007,7,85.43347886659724,10,19.828000000000003,34.828,39.312000000000005,4.484000000000002,29.312000000000005,39.312000000000005,2,0.9090909090909091,0.0,9.484000000000002
B0042,B0042_D0008,8,85.18238242959323,10,19.953000000000003,34.953,39.515,4.561999999999998,29.515,39.515,2,0.9090909090909091,0.0,9.561999999999998
B0042,B0042_D0009,9,84.79187871788986,10,19.953000000000003,34.953,39.656,4.702999999999996,29.656,39.656,2,0.9090909090909091,0.0,9.702999999999996
B0042,B0042_D0010,10,84.74532423338455,10,20.125,35.125,39.938,4.813000000000002,29.938000000000002,39.938,2,0.9090909090909091,0.0,9.813000000000002
B0042,B0042_D0011,11,84.37384047176228,10,20.156,35.156,40.078,4.922000000000004,30.078000000000003,40.078,2,0.9090909090909091,0.0,9.922000000000004
B0042,B0042_D0012,12,84.29945864589725,10,20.141000000000005,35.141000000000005,40.078,4.936999999999998,30.078000000000003,40.078,2,0.8181818181818182,0.0,0.0
B0042,B0042_D0013,13,83.91432373887466,10,20.156999999999996,35.157,40.312999999999995,5.155999999999999,30.312999999999995,40.312999999999995,1,0.9090909090909091,0.0,0.10999999999999943
B0042,B0042_D0014,14,83.69823820450763,10,20.187,35.187,40.406000000000006,5.219000000000008,30.406000000000006,40.406000000000006,1,0.9090909090909091,0.0,0.1410000000000018
B0042,B0042_D0015,15,83.61189400618532,10,20.297000000000004,35.297000000000004,40.656000000000006,5.359000000000002,30.656000000000006,40.656000000000006,1,0.9090909090909091,0.0,0.17200000000000415
B0042,B0042_D0016,16,83.79948950245985,10,20.406000000000006,35.406000000000006,40.828,5.421999999999997,30.828000000000003,40.828,1,0.9090909090909091,0.0,0.1869999999999976
B0042,B0042_D0017,17,83.09123836423994,10,20.422,35.422,40.969,5.547000000000004,30.969,40.969,1,0.9090909090909091,0.0,0.2660000000000018
B0042,B0042_D0018,18,83.03355176283056,10,20.5,35.5,41.156000000000006,5.656000000000006,31.156000000000006,41.156000000000006,1,0.9090909090909091,0.0,0.35900000000000176
B0042,B0042_D0019,19,82.65322437253602,10,20.5,35.5,41.219,5.719000000000001,31.219,41.219,1,0.9090909090909091,0.0,0.375
B0042,B0042_D0020,20,82.4976993135228,10,20.797000000000004,35.797000000000004,42.094,6.296999999999997,32.094,42.094,1,0.9090909090909091,0.0,0.671999999999997
B0042,B0042_D0021,21,84.0648902722246,10,20.531,35.531,41.452999999999996,5.921999999999997,31.452999999999996,41.452999999999996,1,0.9090909090909091,0.0,0.4689999999999941
B0042,B0042_D0022,22,83.50260212240649,10,20.594,35.594,41.703,6.109000000000002,31.703000000000003,41.703,1,0.9090909090909091,0.0,0.578000000000003
B0042,B0042_D0023,23,83.35909301773961,10,20.625,35.625,41.797,6.171999999999997,31.796999999999997,41.797,1,0.9090909090909091,0.0,0.546999999999997
B0042,B0042_D0024,24,82.84432806637584,10,20.718999999999998,35.718999999999994,42.031,6.312000000000005,32.031,42.031,1,0.9090909090909091,0.0,0.6560000000000024
B0042,B0042_D0025,25,82.24909723289969,10,20.766000000000002,35.766000000000005,42.063,6.296999999999997,32.063,42.063,1,0.9090909090909091,0.0,0.6560000000000024
B0042,B0042_D0026,26,81.9607292500007,10,20.828000000000003,35.828,42.187,6.358999999999995,32.187,42.187,1,0.9090909090909091,0.0,0.6559999999999988
B0042,B0042_D0027,27,82.05299945104028,10,20.983999999999998,35.983999999999995,42.406,6.422000000000004,32.406,42.406,1,0.9090909090909091,0.0,0.7029999999999994
B0042,B0042_D0028,28,82.16348256099239,10,20.938,35.938,42.469,6.530999999999999,32.469,42.469,1,0.9090909090909091,0.0,0.7809999999999988
B0042,B0042_D0029,29,81.49336551201148,10,20.985,35.985,42.61,6.625,32.61,42.61,1,0.9090909090909091,0.0,0.7970000000000041
B0042,B0042_D0030,30,81.19268172329403,10,20.938000000000002,35.938,42.781,6.842999999999996,32.781,42.781,1,0.9090909090909091,0.0,0.9529999999999994
B0042,B0042_D0031,31,80.93154443522087,10,21.125,36.125,42.858999999999995,6.733999999999995,32.858999999999995,42.858999999999995,1,0.9090909090909091,0.0,0.8909999999999982
B0042,B0042_D0032,32,80.96709056220598,10,21.125,36.125,43.047,6.921999999999997,33.047,43.047,1,0.9090909090909091,0.0,0.921999999999997
B0042,B0042_D0033,33,80.72966356634966,10,21.156,36.156,43.156,7.0,33.156,43.156,1,0.9090909090909091,0.0,1.0309999999999988
B0042,B0042_D0034,34,80.36020445963923,10,21.172,36.172,43.266,7.094000000000001,33.266,43.266,1,0.9090909090909091,0.0,1.046999999999997
B0042,B0042_D0035,35,80.06331795031178,10,21.296999999999997,36.297,43.422,7.125,33.422,43.422,1,0.9090909090909091,0.0,1.0779999999999959
B0042,B0042_D0036,36,79.7020370531552,10,21.343000000000004,36.343,43.578,7.234999999999999,33.578,43.578,1,0.9090909090909091,0.0,1.1410000000000053
B0042,B0042_D0037,37,79.73444144687238,10,21.296,36.296,43.625,7.329000000000001,33.625,43.625,1,0.9090909090909091,0.0,1.1880000000000024
B0042,B0042_D0038,38,79.41050478651299,10,21.296999999999997,36.297,43.75,7.453000000000003,33.75,43.75,1,0.9090909090909091,0.0,1.203000000000003
B0042,B0042_D0039,39,79.39927790388491,10,21.391,36.391,43.827999999999996,7.436999999999998,33.827999999999996,43.827999999999996,1,0.9090909090909091,0.0,1.2339999999999947
B0042,B0042_D0040,40,78.99582703325171,10,21.407,36.407,43.938,7.531000000000006,33.938,43.938,1,0.9090909090909091,0.0,1.328000000000003
B0042,B0042_D0041,41,78.27973096826418,10,21.375,36.375,44.046,7.670999999999999,34.046,44.046,1,0.9090909090909091,0.0,1.3279999999999959
B0042,B0042_D0088,88,71.88672383039729,10,22.436999999999998,37.437,47.046,9.609000000000002,37.046,47.046,1,0.9090909090909091,0.0,2.2959999999999994
B0042,B0042_D0089,89,76.23009644622027,10,22.453000000000003,37.453,47.203,9.75,37.203,47.203,1,0.9090909090909091,0.0,2.3910000000000053
B0042,B0042_D0090,90,76.07636982769739,10,22.5,37.5,47.25,9.75,37.25,47.25,1,0.9090909090909091,0.0,2.3900000000000006
B0042,B0042_D0091,91,75.77661815587976,10,22.64,37.64,47.422000000000004,9.782000000000004,37.422000000000004,47.422000000000004,1,0.9090909090909091,0.0,2.3600000000000065
B0042,B0042_D0092,92,75.22124830767277,10,22.531999999999996,37.532,47.375,9.843000000000004,37.375,47.375,1,0.9090909090909091,0.0,2.422000000000004
B0042,B0042_D0093,93,75.00753574749403,10,22.688000000000002,37.688,47.625,9.936999999999998,37.625,47.625,1,0.9090909090909091,0.0,2.453000000000003
B0042,B0042_D0094,94,74.4505613660156,10,22.625,37.625,47.703,10.078000000000003,37.703,47.703,1,0.9090909090909091,0.0,2.5
B0042,B0042_D0095,95,74.05074678781422,10,22.672,37.672,47.827999999999996,10.155999999999999,37.827999999999996,47.827999999999996,1,0.9090909090909091,0.0,2.577999999999996
B0042,B0042_D0096,96,73.8131013874287,10,22.89,37.89,48.328,10.438000000000002,38.328,48.328,1,0.9090909090909091,0.0,2.703000000000003
B0042,B0042_D0097,97,73.31275512719479,10,22.781,37.781,48.031,10.25,38.031,48.031,1,0.9090909090909091,0.0,2.6400000000000006
B0042,B0042_D0098,98,72.9664129690851,10,22.797,37.797,48.204,10.407000000000004,38.204,48.204,1,0.9090909090909091,0.0,2.671999999999997
B0042,B0042_D0099,99,72.28520788771905,10,22.733999999999998,37.733999999999995,48.063,10.329000000000008,38.063,48.063,1,0.9090909090909091,0.0,2.6569999999999965
B0042,B0042_D0100,100,72.00343044694512,10,22.922,37.922,48.422,10.5,38.422,48.422,1,0.9090909090909091,0.0,2.6880000000000024
B0042,B0042_D0101,101,71.45156829773921,10,22.828,37.828,48.359,10.530999999999999,38.359,48.359,1,0.9090909090909091,0.0,2.7659999999999982
B0042,B0042_D0102,102,70.7086094075693,10,23.0,38.0,48.703,10.703000000000003,38.703,48.703,1,0.9090909090909091,0.0,2.9370000000000047
B0042,B0042_D0103,103,70.7801539564539,10,22.938000000000002,37.938,48.547000000000004,10.609000000000002,38.547000000000004,48.547000000000004,1,0.9090909090909091,0.0,2.797000000000004
B0042,B0042_D0104,104,69.97205111650351,10,23.015,38.015,48.828,10.813000000000002,38.828,48.828,1,0.9090909090909091,0.0,2.922000000000004
B0042,B0042_D0105,105,69.79817642897454,10,23.000000000000004,38.0,48.766,10.765999999999998,38.766,48.766,1,0.9090909090909091,0.0,2.874999999999993
B0042,B0042_D0106,106,69.64892326315294,10,23.047000000000004,38.047000000000004,48.938,10.890999999999998,38.938,48.938,1,0.9090909090909091,0.0,3.0
B0042,B0042_D0107,107,68.70386011900459,10,23.062,38.062,48.984,10.922000000000004,38.984,48.984,1,0.9090909090909091,0.0,2.969000000000001
B0042,B0042_D0108,108,68.76246515001218,10,23.171999999999997,38.172,49.078,10.906000000000006,39.078,49.078,1,0.9090909090909091,0.0,2.9690000000000083
B0042,B0042_D0109,109,68.35983065427253,10,23.203,38.203,49.234,11.030999999999999,39.234,49.234,1,0.9090909090909091,0.0,3.030999999999999
B0042,B0042_D0110,110,67.8443800391822,10,23.217999999999996,38.217999999999996,49.39,11.172000000000004,39.39,49.39,1,0.9090909090909091,0.0,3.0930000000000035
B0042,B0042_D0111,111,67.24660112984674,10,23.171999999999997,38.172,49.422,11.25,39.422,49.422,1,0.9090909090909091,0.0,3.094000000000001
B0042,B0042_D0112,112,66.8734585229213,10,23.265,38.265,49.531000000000006,11.266000000000005,39.531000000000006,49.531000000000006,1,0.9090909090909091,0.0,3.1870000000000047
B0043,B0043_D0001,1,85.68913210634425,10,19.469,34.469,38.25,3.780999999999999,28.25,38.25,2,0.9090909090909091,0.0,8.780999999999999
B0043,B0043_D0002,2,84.77840829323554,10,19.531,34.531,38.406000000000006,3.875000000000007,28.406000000000006,38.406000000000006,2,0.9090909090909091,0.0,8.875000000000007
B0043,B0043_D0003,3,84.07453186025977,10,19.625,34.625,38.813,4.188000000000002,28.813000000000002,38.813,2,0.9090909090909091,0.0,9.188000000000002
B0043,B0043_D0004,4,83.93186204766477,10,19.688000000000002,34.688,38.891000000000005,4.203000000000003,28.891000000000005,38.891000000000005,2,0.9090909090909091,0.0,9.203000000000003
B0043,B0043_D0005,5,83.47084275432496,10,19.719,34.719,38.969,4.25,28.969,38.969,2,0.9090909090909091,0.0,9.25
B0043,B0043_D0007,7,83.05969260612389,10,19.828000000000003,34.828,39.312000000000005,4.484000000000002,29.312000000000005,39.312000000000005,2,0.9090909090909091,0.0,9.484000000000002
B0043,B0043_D0008,8,82.53211691032166,10,19.953000000000003,34.953,39.515,4.561999999999998,29.515,39.515,2,0.9090909090909091,0.0,9.561999999999998
B0043,B0043_D0009,9,82.12136595453892,10,19.953000000000003,34.953,39.656,4.702999999999996,29.656,39.656,2,0.9090909090909091,0.0,9.702999999999996
B0043,B0043_D0010,10,81.76832400520664,10,20.125,35.125,39.938,4.813000000000002,29.938000000000002,39.938,2,0.9090909090909091,0.0,9.813000000000002
B0043,B0043_D0011,11,81.66164379654245,10,20.156,35.156,40.078,4.922000000000004,30.078000000000003,40.078,2,0.9090909090909091,0.0,9.922000000000004
B0043,B0043_D0012,12,81.29420277193967,10,20.141000000000005,35.141000000000005,40.078,4.936999999999998,30.078000000000003,40.078,2,0.8181818181818182,0.0,0.0
B0043,B0043_D0013,13,80.89880873273854,10,20.156999999999996,35.157,40.312999999999995,5.155999999999999,30.312999999999995,40.312999999999995,1,0.9090909090909091,0.0,0.10999999999999943
B0043,B0043_D0014,14,80.68326353636994,10,20.187,35.187,40.406000000000006,5.219000000000008,30.406000000000006,40.406000000000006,1,0.9090909090909091,0.0,0.1410000000000018
B0043,B0043_D0015,15,80.2910513309846,10,20.297000000000004,35.297000000000004,40.656000000000006,5.359000000000002,30.656000000000006,40.656000000000006,1,0.9090909090909091,0.0,0.17200000000000415
B0043,B0043_D0016,16,80.16763980980765,10,20.406000000000006,35.406000000000006,40.828,5.421999999999997,30.828000000000003,40.828,1,0.9090909090909091,0.0,0.1869999999999976
B0043,B0043_D0017,17,79.75671203091322,10,20.422,35.422,40.969,5.547000000000004,30.969,40.969,1,0.9090909090909091,0.0,0.2660000000000018
B0043,B0043_D0018,18,79.39067772364254,10,20.5,35.5,41.156000000000006,5.656000000000006,31.156000000000006,41.156000000000006,1,0.9090909090909091,0.0,0.35900000000000176
B0043,B0043_D0019,19,79.00300984542122,10,20.5,35.5,41.219,5.719000000000001,31.219,41.219,1,0.9090909090909091,0.0,0.375
B0043,B0043_D0020,20,78.7782543939564,10,20.797000000000004,35.797000000000004,42.094,6.296999999999997,32.094,42.094,1,0.9090909090909091,0.0,0.671999999999997
B0043,B0043_D0021,21,79.75084506082104,10,20.531,35.531,41.452999999999996,5.921999999999997,31.452999999999996,41.452999999999996,1,0.9090909090909091,0.0,0.4689999999999941
B0043,B0043_D0022,22,79.49037761288797,10,20.594,35.594,41.703,6.109000000000002,31.703000000000003,41.703,1,0.9090909090909091,0.0,0.578000000000003
B0043,B0043_D0023,23,79.03976601048706,10,20.625,35.625,41.797,6.171999999999997,31.796999999999997,41.797,1,0.9090909090909091,0.0,0.546999999999997
B0043,B0043_D0024,24,78.52166644593808,10,20.718999999999998,35.718999999999994,42.031,6.312000000000005,32.031,42.031,1,0.9090909090909091,0.0,0.6560000000000024
B0043,B0043_D0025,25,78.21684215948937,10,20.766000000000002,35.766000000000005,42.063,6.296999999999997,32.063,42.063,1,0.9090909090909091,0.0,0.6560000000000024
B0043,B0043_D0026,26,77.91535089012454,10,20.828000000000003,35.828,42.187,6.358999999999995,32.187,42.187,1,0.9090909090909091,0.0,0.6559999999999988
B0043,B0043_D0027,27,77.68574644886233,10,20.983999999999998,35.983999999999995,42.406,6.422000000000004,32.406,42.406,1,0.9090909090909091,0.0,0.7029999999999994
B0043,B0043_D0028,28,77.47641252927565,10,20.938,35.938,42.469,6.530999999999999,32.469,42.469,1,0.9090909090909091,0.0,0.7809999999999988
B0043,B0043_D0029,29,77.12215267580531,10,20.985,35.985,42.61,6.625,32.61,42.61,1,0.9090909090909091,0.0,0.7970000000000041
B0043,B0043_D0030,30,77.12811351585749,10,20.938000000000002,35.938,42.781,6.842999999999996,32.781,42.781,1,0.9090909090909091,0.0,0.9529999999999994
B0043,B0043_D0031,31,76.54678226260079,10,21.125,36.125,42.858999999999995,6.733999999999995,32.858999999999995,42.858999999999995,1,0.9090909090909091,0.0,0.8909999999999982
B0043,B0043_D0032,32,76.23866588476214,10,21.125,36.125,43.047,6.921999999999997,33.047,43.047,1,0.9090909090909091,0.0,0.921999999999997
B0043,B0043_D0033,33,75.98371204389751,10,21.156,36.156,43.156,7.0,33.156,43.156,1,0.9090909090909091,0.0,1.0309999999999988
B0043,B0043_D0034,34,75.61848462894342,10,21.172,36.172,43.266,7.094000000000001,33.266,43.266,1,0.9090909090909091,0.0,1.046999999999997
B0043,B0043_D0035,35,74.99572431011985,10,21.296999999999997,36.297,43.422,7.125,33.422,43.422,1,0.9090909090909091,0.0,1.0779999999999959
B0043,B0043_D0036,36,74.62053135594125,10,21.343000000000004,36.343,43.578,7.234999999999999,33.578,43.578,1,0.9090909090909091,0.0,1.1410000000000053
B0043,B0043_D0037,37,74.6312493976353,10,21.296,36.296,43.625,7.329000000000001,33.625,43.625,1,0.9090909090909091,0.0,1.1880000000000024
B0043,B0043_D0038,38,74.62012009403014,10,21.296999999999997,36.297,43.75,7.453000000000003,33.75,43.75,1,0.9090909090909091,0.0,1.203000000000003
B0043,B0043_D0039,39,74.26510100875838,10,21.391,36.391,43.827999999999996,7.436999999999998,33.827999999999996,43.827999999999996,1,0.9090909090909091,0.0,1.2339999999999947
B0043,B0043_D0040,40,73.86040635507936,10,21.407,36.407,43.938,7.531000000000006,33.938,43.938,1,0.9090909090909091,0.0,1.328000000000003
B0043,B0043_D0041,41,73.47369262590703,10,21.375,36.375,44.046,7.670999999999999,34.046,44.046,1,0.9090909090909091,0.0,1.3279999999999959
B0043,B0043_D0088,88,76.25420258259093,10,22.436999999999998,37.437,47.046,9.609000000000002,37.046,47.046,1,0.9090909090909091,0.0,2.2959999999999994
B0043,B0043_D0089,89,77.62844056506505,10,22.453000000000003,37.453,47.203,9.75,37.203,47.203,1,0.9090909090909091,0.0,2.3910000000000053
B0043,B0043_D0090,90,77.13876313387193,10,22.5,37.5,47.25,9.75,37.25,47.25,1,0.9090909090909091,0.0,2.3900000000000006
B0043,B0043_D0091,91,76.6596641563234,10,22.64,37.64,47.422000000000004,9.782000000000004,37.422000000000004,47.422000000000004,1,0.9090909090909091,0.0,2.3600000000000065
B0043,B0043_D0092,92,75.76360974586011,10,22.531999999999996,37.532,47.375,9.843000000000004,37.375,47.375,1,0.9090909090909091,0.0,2.422000000000004
B0043,B0043_D0093,93,75.37494880998857,10,22.688000000000002,37.688,47.625,9.936999999999998,37.625,47.625,1,0.9090909090909091,0.0,2.453000000000003
B0043,B0043_D0094,94,74.48144454323821,10,22.625,37.625,47.703,10.078000000000003,37.703,47.703,1,0.9090909090909091,0.0,2.5
B0043,B0043_D0095,95,73.90389426044041,10,22.672,37.672,47.827999999999996,10.155999999999999,37.827999999999996,47.827999999999996,1,0.9090909090909091,0.0,2.577999999999996
B0043,B0043_D0096,96,73.50017672667232,10,22.89,37.89,48.328,10.438000000000002,38.328,48.328,1,0.9090909090909091,0.0,2.703000000000003
B0043,B0043_D0097,97,72.82811590068538,10,22.781,37.781,48.031,10.25,38.031,48.031,1,0.9090909090909091,0.0,2.6400000000000006
B0043,B0043_D0098,98,72.29884814151175,10,22.797,37.797,48.204,10.407000000000004,38.204,48.204,1,0.9090909090909091,0.0,2.671999999999997
B0043,B0043_D0099,99,71.62927996234626,10,22.733999999999998,37.733999999999995,48.063,10.329000000000008,38.063,48.063,1,0.9090909090909091,0.0,2.6569999999999965
B0043,B0043_D0100,100,70.98672427331482,10,22.922,37.922,48.422,10.5,38.422,48.422,1,0.9090909090909091,0.0,2.6880000000000024
B0043,B0043_D0101,101,70.06312875357865,10,22.828,37.828,48.359,10.530999999999999,38.359,48.359,1,0.9090909090909091,0.0,2.7659999999999982
B0043,B0043_D0102,102,69.31472654267984,10,23.0,38.0,48.703,10.703000000000003,38.703,48.703,1,0.9090909090909091,0.0,2.9370000000000047
B0043,B0043_D0103,103,69.2065128026239,10,22.938000000000002,37.938,48.547000000000004,10.609000000000002,38.547000000000004,48.547000000000004,1,0.9090909090909091,0.0,2.797000000000004
B0043,B0043_D0104,104,68.25871600935707,10,23.015,38.015,48.828,10.813000000000002,38.828,48.828,1,0.9090909090909091,0.0,2.922000000000004
B0043,B0043_D0105,105,68.0754166096449,10,23.000000000000004,38.0,48.766,10.765999999999998,38.766,48.766,1,0.9090909090909091,0.0,2.874999999999993
B0043,B0043_D0106,106,67.55008319398586,10,23.047000000000004,38.047000000000004,48.938,10.890999999999998,38.938,48.938,1,0.9090909090909091,0.0,3.0
B0043,B0043_D0107,107,66.41294033632565,10,23.062,38.062,48.984,10.922000000000004,38.984,48.984,1,0.9090909090909091,0.0,2.969000000000001
B0043,B0043_D0108,108,66.28603343710736,10,23.171999999999997,38.172,49.078,10.906000000000006,39.078,49.078,1,0.9090909090909091,0.0,2.9690000000000083
B0043,B0043_D0109,109,65.7145485798922,10,23.203,38.203,49.234,11.030999999999999,39.234,49.234,1,0.9090909090909091,0.0,3.030999999999999
B0043,B0043_D0110,110,65.01630047405546,10,23.217999999999996,38.217999999999996,49.39,11.172000000000004,39.39,49.39,1,0.9090909090909091,0.0,3.0930000000000035
B0043,B0043_D0111,111,64.40535700778418,10,23.171999999999997,38.172,49.422,11.25,39.422,49.422,1,0.9090909090909091,0.0,3.094000000000001
B0043,B0043_D0112,112,63.83900750600783,10,23.265,38.265,49.531000000000006,11.266000000000005,39.531000000000006,49.531000000000006,1,0.9090909090909091,0.0,3.1870000000000047
B0044,B0044_D0001,1,84.32627775760369,10,19.469,34.469,38.25,3.780999999999999,28.25,38.25,2,0.9090909090909091,0.0,8.780999999999999
B0044,B0044_D0002,2,83.12303265819592,10,19.531,34.531,38.406000000000006,3.875000000000007,28.406000000000006,38.406000000000006,2,0.9090909090909091,0.0,8.875000000000007
B0044,B0044_D0003,3,82.67005377850256,10,19.625,34.625,38.813,4.188000000000002,28.813000000000002,38.813,2,0.9090909090909091,0.0,9.188000000000002
B0044,B0044_D0004,4,82.26072951745468,10,19.688000000000002,34.688,38.891000000000005,4.203000000000003,28.891000000000005,38.891000000000005,2,0.9090909090909091,0.0,9.203000000000003
B0044,B0044_D0005,5,81.78320311836706,10,19.719,34.719,38.969,4.25,28.969,38.969,2,0.9090909090909091,0.0,9.25
B0044,B0044_D0007,7,81.33884882573233,10,19.828000000000003,34.828,39.312000000000005,4.484000000000002,29.312000000000005,39.312000000000005,2,0.9090909090909091,0.0,9.484000000000002
B0044,B0044_D0008,8,80.79857752371532,10,19.953000000000003,34.953,39.515,4.561999999999998,29.515,39.515,2,0.9090909090909091,0.0,9.561999999999998
B0044,B0044_D0009,9,80.38014193324811,10,19.953000000000003,34.953,39.656,4.702999999999996,29.656,39.656,2,0.9090909090909091,0.0,9.702999999999996
B0044,B0044_D0010,10,80.01680200715806,10,20.125,35.125,39.938,4.813000000000002,29.938000000000002,39.938,2,0.9090909090909091,0.0,9.813000000000002
B0044,B0044_D0011,11,79.89350457495958,10,20.156,35.156,40.078,4.922000000000004,30.078000000000003,40.078,2,0.9090909090909091,0.0,9.922000000000004
B0044,B0044_D0012,12,79.50155132581757,10,20.141000000000005,35.141000000000005,40.078,4.936999999999998,30.078000000000003,40.078,2,0.8181818181818182,0.0,0.0
B0044,B0044_D0013,13,79.08155577826047,10,20.156999999999996,35.157,40.312999999999995,5.155999999999999,30.312999999999995,40.312999999999995,1,0.9090909090909091,0.0,0.10999999999999943
B0044,B0044_D0014,14,78.5727815551735,10,20.187,35.187,40.406000000000006,5.219000000000008,30.406000000000006,40.406000000000006,1,0.9090909090909091,0.0,0.1410000000000018
B0044,B0044_D0015,15,78.1610399284989,10,20.297000000000004,35.297000000000004,40.656000000000006,5.359000000000002,30.656000000000006,40.656000000000006,1,0.9090909090909091,0.0,0.17200000000000415
B0044,B0044_D0016,16,78.03387694122793,10,20.406000000000006,35.406000000000006,40.828,5.421999999999997,30.828000000000003,40.828,1,0.9090909090909091,0.0,0.1869999999999976
B0044,B0044_D0017,17,77.61943005657143,10,20.422,35.422,40.969,5.547000000000004,30.969,40.969,1,0.9090909090909091,0.0,0.2660000000000018
B0044,B0044_D0018,18,77.22296438280985,10,20.5,35.5,41.156000000000006,5.656000000000006,31.156000000000006,41.156000000000006,1,0.9090909090909091,0.0,0.35900000000000176
B0044,B0044_D0019,19,76.82790670903275,10,20.5,35.5,41.219,5.719000000000001,31.219,41.219,1,0.9090909090909091,0.0,0.375
B0044,B0044_D0020,20,76.53627933970536,10,20.797000000000004,35.797000000000004,42.094,6.296999999999997,32.094,42.094,1,0.9090909090909091,0.0,0.671999999999997
B0044,B0044_D0021,21,77.2621404121164,10,20.531,35.531,41.452999999999996,5.921999999999997,31.452999999999996,41.452999999999996,1,0.9090909090909091,0.0,0.4689999999999941
B0044,B0044_D0022,22,76.98572245908126,10,20.594,35.594,41.703,6.109000000000002,31.703000000000003,41.703,1,0.9090909090909091,0.0,0.578000000000003
B0044,B0044_D0023,23,76.52678538886882,10,20.625,35.625,41.797,6.171999999999997,31.796999999999997,41.797,1,0.9090909090909091,0.0,0.546999999999997
B0044,B0044_D0024,24,75.99867612048541,10,20.718999999999998,35.718999999999994,42.031,6.312000000000005,32.031,42.031,1,0.9090909090909091,0.0,0.6560000000000024
B0044,B0044_D0025,25,75.68314763422102,10,20.766000000000002,35.766000000000005,42.063,6.296999999999997,32.063,42.063,1,0.9090909090909091,0.0,0.6560000000000024
B0044,B0044_D0026,26,75.06435003496476,10,20.828000000000003,35.828,42.187,6.358999999999995,32.187,42.187,1,0.9090909090909091,0.0,0.6559999999999988
B0044,B0044_D0027,27,75.11907367455836,10,20.983999999999998,35.983999999999995,42.406,6.422000000000004,32.406,42.406,1,0.9090909090909091,0.0,0.7029999999999994
B0044,B0044_D0028,28,74.9047757713875,10,20.938,35.938,42.469,6.530999999999999,32.469,42.469,1,0.9090909090909091,0.0,0.7809999999999988
B0044,B0044_D0029,29,74.53271195688555,10,20.985,35.985,42.61,6.625,32.61,42.61,1,0.9090909090909091,0.0,0.7970000000000041
B0044,B0044_D0030,30,74.21985819718105,10,20.938000000000002,35.938,42.781,6.842999999999996,32.781,42.781,1,0.9090909090909091,0.0,0.9529999999999994
B0044,B0044_D0031,31,73.62660968115057,10,21.125,36.125,42.858999999999995,6.733999999999995,32.858999999999995,42.858999999999995,1,0.9090909090909091,0.0,0.8909999999999982
B0044,B0044_D0032,32,73.31574691056603,10,21.125,36.125,43.047,6.921999999999997,33.047,43.047,1,0.9090909090909091,0.0,0.921999999999997
B0044,B0044_D0033,33,73.35649234438888,10,21.156,36.156,43.156,7.0,33.156,43.156,1,0.9090909090909091,0.0,1.0309999999999988
B0044,B0044_D0034,34,72.96929498816569,10,21.172,36.172,43.266,7.094000000000001,33.266,43.266,1,0.9090909090909091,0.0,1.046999999999997
B0044,B0044_D0035,35,72.33950684252603,10,21.296999999999997,36.297,43.422,7.125,33.422,43.422,1,0.9090909090909091,0.0,1.0779999999999959
B0044,B0044_D0036,36,71.95334929819114,10,21.343000000000004,36.343,43.578,7.234999999999999,33.578,43.578,1,0.9090909090909091,0.0,1.1410000000000053
B0044,B0044_D0037,37,71.94946275231301,10,21.296,36.296,43.625,7.329000000000001,33.625,43.625,1,0.9090909090909091,0.0,1.1880000000000024
B0044,B0044_D0038,38,71.93099389789288,10,21.296999999999997,36.297,43.75,7.453000000000003,33.75,43.75,1,0.9090909090909091,0.0,1.203000000000003
B0044,B0044_D0039,39,71.56706048326753,10,21.391,36.391,43.827999999999996,7.436999999999998,33.827999999999996,43.827999999999996,1,0.9090909090909091,0.0,1.2339999999999947
B0044,B0044_D0040,40,71.1486518831734,10,21.407,36.407,43.938,7.531000000000006,33.938,43.938,1,0.9090909090909091,0.0,1.328000000000003
B0044,B0044_D0041,41,70.75076549872547,10,21.375,36.375,44.046,7.670999999999999,34.046,44.046,1,0.9090909090909091,0.0,1.3279999999999959
B0044,B0044_D0088,88,73.89977255585538,10,22.436999999999998,37.437,47.046,9.609000000000002,37.046,47.046,1,0.9090909090909091,0.0,2.2959999999999994
B0044,B0044_D0089,89,74.70599357238396,10,22.453000000000003,37.453,47.203,9.75,37.203,47.203,1,0.9090909090909091,0.0,2.3910000000000053
B0044,B0044_D0090,90,74.40039100565865,10,22.5,37.5,47.25,9.75,37.25,47.25,1,0.9090909090909091,0.0,2.3900000000000006
B0044,B0044_D0091,91,73.74169296358554,10,22.64,37.64,47.422000000000004,9.782000000000004,37.422000000000004,47.422000000000004,1,0.9090909090909091,0.0,2.3600000000000065
B0044,B0044_D0092,92,73.02189022392783,10,22.531999999999996,37.532,47.375,9.843000000000004,37.375,47.375,1,0.9090909090909091,0.0,2.422000000000004
B0044,B0044_D0093,93,72.61904207883595,10,22.688000000000002,37.688,47.625,9.936999999999998,37.625,47.625,1,0.9090909090909091,0.0,2.453000000000003
B0044,B0044_D0094,94,72.0551444182493,10,22.625,37.625,47.703,10.078000000000003,37.703,47.703,1,0.9090909090909091,0.0,2.5
B0044,B0044_D0095,95,71.50177989205343,10,22.672,37.672,47.827999999999996,10.155999999999999,37.827999999999996,47.827999999999996,1,0.9090909090909091,0.0,2.577999999999996
B0044,B0044_D0096,96,70.69716483599515,10,22.89,37.89,48.328,10.438000000000002,38.328,48.328,1,0.9090909090909091,0.0,2.703000000000003
B0044,B0044_D0097,97,69.86333748725157,10,22.781,37.781,48.031,10.25,38.031,48.031,1,0.9090909090909091,0.0,2.6400000000000006
B0044,B0044_D0098,98,69.32687938412937,10,22.797,37.797,48.204,10.407000000000004,38.204,48.204,1,0.9090909090909091,0.0,2.671999999999997
B0044,B0044_D0099,99,68.62376842862349,10,22.733999999999998,37.733999999999995,48.063,10.329000000000008,38.063,48.063,1,0.9090909090909091,0.0,2.6569999999999965
B0044,B0044_D0100,100,67.99296974406406,10,22.922,37.922,48.422,10.5,38.422,48.422,1,0.9090909090909091,0.0,2.6880000000000024
B0044,B0044_D0101,101,67.43366705196132,10,22.828,37.828,48.359,10.530999999999999,38.359,48.359,1,0.9090909090909091,0.0,2.7659999999999982
B0044,B0044_D0102,102,66.67129466602529,10,23.0,38.0,48.703,10.703000000000003,38.703,48.703,1,0.9090909090909091,0.0,2.9370000000000047
B0044,B0044_D0103,103,66.93896540537914,10,22.938000000000002,37.938,48.547000000000004,10.609000000000002,38.547000000000004,48.547000000000004,1,0.9090909090909091,0.0,2.797000000000004
B0044,B0044_D0104,104,65.76660201508498,10,23.015,38.015,48.828,10.813000000000002,38.828,48.828,1,0.9090909090909091,0.0,2.922000000000004
B0044,B0044_D0105,105,66.14816640550404,10,23.000000000000004,38.0,48.766,10.765999999999998,38.766,48.766,1,0.9090909090909091,0.0,2.874999999999993
B0044,B0044_D0106,106,65.43495762077536,10,23.047000000000004,38.047000000000004,48.938,10.890999999999998,38.938,48.938,1,0.9090909090909091,0.0,3.0
B0044,B0044_D0107,107,64.48749791950218,10,23.062,38.062,48.984,10.922000000000004,38.984,48.984,1,0.9090909090909091,0.0,2.969000000000001
B0044,B0044_D0108,108,64.53086295452081,10,23.171999999999997,38.172,49.078,10.906000000000006,39.078,49.078,1,0.9090909090909091,0.0,2.9690000000000083
B0044,B0044_D0109,109,63.76005626721083,10,23.203,38.203,49.234,11.030999999999999,39.234,49.234,1,0.9090909090909091,0.0,3.030999999999999
B0044,B0044_D0110,110,63.4303632868729,10,23.217999999999996,38.217999999999996,49.39,11.172000000000004,39.39,49.39,1,0.9090909090909091,0.0,3.0930000000000035
B0044,B0044_D0111,111,62.82879986612989,10,23.171999999999997,38.172,49.422,11.25,39.422,49.422,1,0.9090909090909091,0.0,3.094000000000001
B0044,B0044_D0112,112,62.43127254660435,10,23.265,38.265,49.531000000000006,11.266000000000005,39.531000000000006,49.531000000000006,1,0.9090909090909091,0.0,3.1870000000000047
B0045,B0045_D0001,1,54.09896940389759,10,23.281,38.281,49.625,11.344000000000001,39.625,49.625,1,0.9090909090909091,0.0,3.219000000000001
B0045,B0045_D0002,2,46.39762023741365,10,23.265,38.265,49.609,11.344000000000001,39.609,49.609,1,0.9090909090909091,0.0,3.172000000000004
B0045,B0045_D0003,3,44.2596804205788,10,23.312999999999995,38.312999999999995,49.672,11.359000000000002,39.672,49.672,1,0.9090909090909091,0.0,3.171999999999997
B0045,B0045_D0004,4,42.90505349739141,10,23.375,38.375,49.843999999999994,11.468999999999994,39.843999999999994,49.843999999999994,1,0.9090909090909091,0.0,3.171999999999997
B0045,B0045_D0005,5,42.04676106728344,10,23.421,38.421,49.968,11.547000000000004,39.968,49.968,1,0.9090909090909091,0.0,3.2650000000000006
B0045,B0045_D0006,6,41.227359714509554,10,23.563000000000002,38.563,50.219,11.655999999999999,40.219,50.219,1,0.9090909090909091,0.0,3.3590000000000018
B0045,B0045_D0007,7,39.67980209401992,10,23.531,38.531,50.25,11.719000000000001,40.25,50.25,1,0.9090909090909091,0.0,3.3599999999999994
B0045,B0045_D0008,8,40.91838043579602,10,23.531,38.531,50.296,11.765,40.296,50.296,1,0.9090909090909091,0.0,3.375
B0045,B0045_D0009,9,39.88822138204706,10,23.5,38.5,50.407,11.906999999999996,40.407,50.407,1,0.9090909090909091,0.0,3.4849999999999994
B0045,B0045_D0010,10,39.968887059158185,10,23.578000000000003,38.578,50.469,11.890999999999998,40.469,50.469,1,0.9090909090909091,0.0,3.469000000000001
B0045,B0045_D0011,11,38.91553720314446,10,23.64,38.64,50.594,11.954,40.594,50.594,1,0.9090909090909091,0.0,3.4540000000000006
B0045,B0045_D0012,12,39.01869115619559,10,23.688,38.688,50.657,11.968999999999994,40.657,50.657,1,0.9090909090909091,0.0,3.5
B0045,B0045_D0013,13,38.565291228201474,10,23.766,38.766,50.875,12.109000000000002,40.875,50.875,1,0.9090909090909091,0.0,3.6090000000000018
B0045,B0045_D0014,14,39.7639508489513,10,23.656,38.656,50.75,12.094000000000001,40.75,50.75,1,0.9090909090909091,0.0,3.547000000000004
B0045,B0045_D0015,15,39.12064084959624,10,23.782,38.782,50.985,12.203000000000003,40.985,50.985,1,0.9090909090909091,0.0,3.6409999999999982
B0045,B0045_D0016,16,38.24707496115591,10,23.703000000000003,38.703,51.0,12.296999999999997,41.0,51.0,1,0.9090909090909091,0.0,3.6880000000000024
B0045,B0045_D0017,17,37.72449713389688,10,23.765000000000004,38.765,50.968,12.203000000000003,40.968,50.968,1,0.9090909090909091,0.0,3.5930000000000035
B0045,B0045_D0018,18,37.52024489157147,10,23.813000000000002,38.813,51.235,12.421999999999997,41.235,51.235,1,0.9090909090909091,0.0,3.671999999999997
B0045,B0045_D0019,19,37.03629054810128,10,23.906,38.906,51.39,12.484000000000002,41.39,51.39,1,0.9090909090909091,0.0,3.796999999999997
B0045,B0045_D0021,21,36.54262796896813,10,23.906,38.906,51.406,12.5,41.406,51.406,1,0.9090909090909091,0.0,3.780999999999999
B0045,B0045_D0022,22,36.43627925588952,10,23.906000000000006,38.906000000000006,51.594,12.687999999999995,41.594,51.594,1,0.9090909090909091,0.0,3.796999999999997
B0045,B0045_D0023,23,35.80511688518131,10,23.984,38.984,51.719,12.735,41.719,51.719,1,0.9090909090909091,0.0,3.827999999999996
B0045,B0045_D0024,24,35.64602417494008,10,24.016,39.016,51.75,12.734000000000002,41.75,51.75,1,0.9090909090909091,0.0,3.875
B0045,B0045_D0025,25,35.70995914749809,10,24.015,39.015,51.89,12.875,41.89,51.89,1,0.9090909090909091,0.0,3.9209999999999994
B0045,B0045_D0026,26,35.95285409922111,10,24.063000000000002,39.063,51.891,12.827999999999996,41.891,51.891,1,0.9090909090909091,0.0,3.8909999999999982
B0045,B0045_D0027,27,35.869877143879584,10,24.061999999999998,39.062,52.031000000000006,12.969000000000008,42.031000000000006,52.031000000000006,1,0.9090909090909091,0.0,3.9370000000000047
B0045,B0045_D0028,28,35.35513748231973,10,24.25,39.25,52.375,13.125,42.375,52.375,1,0.9090909090909091,0.0,4.125
B0045,B0045_D0029,29,35.1765603252771,10,24.171999999999997,39.172,52.172000000000004,13.000000000000007,42.172000000000004,52.172000000000004,1,0.9090909090909091,0.0,3.9840000000000018
B0045,B0045_D0030,30,34.70554139479431,10,24.234,39.234,52.5,13.265999999999998,42.5,52.5,1,0.9090909090909091,0.0,4.125
B0045,B0045_D0031,31,34.57057194434804,10,24.296999999999997,39.297,52.5,13.203000000000003,42.5,52.5,1,0.9090909090909091,0.0,4.077999999999996
B0045,B0045_D0032,32,34.85775899252752,10,24.188,39.188,52.485,13.296999999999997,42.485,52.485,1,0.9090909090909091,0.0,4.141000000000005
B0045,B0045_D0033,33,34.16230108716361,10,24.281999999999996,39.282,52.5,13.218000000000004,42.5,52.5,1,0.9090909090909091,0.0,4.078000000000003
B0045,B0045_D0034,34,34.11014658746646,10,24.250000000000004,39.25,52.625,13.375,42.625,52.625,1,0.9090909090909091,0.0,4.2180000000000035
B0045,B0045_D0035,35,36.447646066066895,10,24.343000000000004,39.343,52.75,13.406999999999996,42.75,52.75,1,0.9090909090909091,0.0,4.219000000000001
B0045,B0045_D0036,36,35.69660879143502,10,24.359,39.359,52.703,13.344000000000001,42.703,52.703,1,0.9090909090909091,0.0,4.203000000000003
B0045,B0045_D0037,37,34.78865873727741,10,24.360000000000003,39.36,52.797,13.436999999999998,42.797,52.797,1,0.9090909090909091,0.0,4.218999999999994
B0045,B0045_D0038,38,35.09156481158547,10,24.406000000000002,39.406000000000006,52.922,13.515999999999991,42.922,52.922,1,0.9090909090909091,0.0,4.233999999999995
B0045,B0045_D0039,39,34.55904122189244,10,24.438,39.438,53.157,13.718999999999994,43.157,53.157,1,0.9090909090909091,0.0,4.359999999999999
B0045,B0045_D0040,40,34.21639876427514,10,24.406000000000002,39.406000000000006,53.047,13.640999999999991,43.047,53.047,1,0.9090909090909091,0.0,4.296999999999997
B0045,B0045_D0041,41,33.706974544062426,10,24.516,39.516,53.344,13.828000000000003,43.344,53.344,1,0.9090909090909091,0.0,4.453000000000003
B0045,B0045_D0042,42,33.350350871508695,10,24.452999999999996,39.452999999999996,53.281,13.828000000000003,43.281,53.281,1,0.9090909090909091,0.0,4.453000000000003
B0045,B0045_D0043,43,34.020425586874275,10,24.547,39.547,53.375,13.828000000000003,43.375,53.375,1,0.9090909090909091,0.0,4.405999999999999
B0045,B0045_D0044,44,33.08932031617742,10,24.593,39.593,53.422,13.828999999999994,43.422,53.422,1,0.9090909090909091,0.0,4.438000000000002
B0045,B0045_D0045,45,33.11584366746169,10,24.594,39.594,53.562,13.967999999999996,43.562,53.562,1,0.9090909090909091,0.0,4.515000000000001
B0045,B0045_D0046,46,33.39679178590889,10,24.546999999999997,39.547,53.547,14.0,43.547,53.547,1,0.9090909090909091,0.0,4.5
B0045,B0045_D0047,47,32.44495442635344,10,24.735,39.735,53.828,14.093000000000004,43.828,53.828,1,0.9090909090909091,0.0,4.5
B0045,B0045_D0048,48,32.51819564812764,10,24.75,39.75,53.953,14.203000000000003,43.953,53.953,1,0.9090909090909091,0.0,4.561999999999998
B0045,B0045_D0049,49,32.860388451014,10,24.735,39.735,53.938,14.203000000000003,43.938,53.938,1,0.9090909090909091,0.0,4.641000000000005
B0045,B0045_D0050,50,31.81758729238108,10,24.812000000000005,39.812000000000005,54.047,14.234999999999992,44.047,54.047,1,0.9090909090909091,0.0,4.609999999999992
B0045,B0045_D0051,51,32.68224680474294,10,24.718999999999998,39.718999999999994,53.968999999999994,14.25,43.968999999999994,53.968999999999994,1,0.9090909090909091,0.0,4.593999999999994
B0045,B0045_D0052,52,31.95714136075444,10,24.781,39.781,54.109,14.328000000000003,44.109,54.109,1,0.9090909090909091,0.0,4.640000000000001
B0045,B0045_D0053,53,32.41103024748118,10,24.811999999999998,39.812,54.217999999999996,14.405999999999999,44.217999999999996,54.217999999999996,1,0.9090909090909091,0.0,4.702999999999996
B0045,B0045_D0054,54,31.439787359613646,10,24.844,39.844,54.297,14.452999999999996,44.297,54.297,1,0.9090909090909091,0.0,4.655999999999999
B0045,B0045_D0055,55,31.902859250967,10,24.936999999999998,39.937,54.484,14.547000000000004,44.484,54.484,1,0.9090909090909091,0.0,4.828000000000003
B0045,B0045_D0056,56,32.77412523916453,10,24.906,39.906,54.437,14.530999999999999,44.437,54.437,1,0.9090909090909091,0.0,4.780999999999992
B0045,B0045_D0057,57,32.424674176985164,10,24.89,39.89,54.547,14.656999999999996,44.547,54.547,1,0.9090909090909091,0.0,4.796999999999997
B0045,B0045_D0058,58,32.27035843922461,10,25.000000000000004,40.0,54.797,14.796999999999997,44.797,54.797,1,0.9090909090909091,0.0,4.875
B0045,B0045_D0059,59,32.135040159228225,10,24.953000000000003,39.953,54.734,14.780999999999999,44.734,54.734,1,0.9090909090909091,0.0,4.875
B0045,B0045_D0060,60,31.762274404012388,10,25.063,40.063,54.828,14.765,44.828,54.828,1,0.9090909090909091,0.0,4.859000000000009
B0045,B0045_D0061,61,30.783800097939345,10,25.015,40.015,54.828,14.813000000000002,44.828,54.828,1,0.9090909090909091,0.0,4.907000000000004
B0045,B0045_D0062,62,30.854168414035115,10,25.172,40.172,55.032,14.86,45.032,55.032,1,0.9090909090909091,0.0,4.890999999999991
B0045,B0045_D0063,63,32.17113695429336,10,25.094,40.094,40.125,0.030999999999998806,30.125,40.125,1,0.9090909090909091,0.0,5.030999999999999
B0045,B0045_D0064,64,31.39062216871376,10,25.203000000000003,40.203,40.219,0.015999999999998238,30.219,40.219,1,0.9090909090909091,0.0,5.015999999999998
B0045,B0045_D0065,65,31.450391576266863,10,25.094,40.094,40.141,0.046999999999997044,30.141,40.141,1,0.9090909090909091,0.0,5.046999999999997
B0045,B0045_D0067,67,31.331777841461307,10,25.266,40.266,40.437,0.17099999999999937,30.436999999999998,40.437,1,0.9090909090909091,0.0,5.170999999999999
B0045,B0045_D0068,68,32.479067583582975,10,25.375000000000004,40.375,40.532,0.15699999999999648,30.531999999999996,40.532,1,0.9090909090909091,0.0,5.156999999999993
B0045,B0045_D0069,69,31.687425889831527,10,25.343999999999998,40.343999999999994,40.5,0.1560000000000059,30.5,40.5,1,0.9090909090909091,0.0,5.156000000000002
B0045,B0045_D0070,70,31.49275464542822,10,25.297,40.297,40.422,0.125,30.421999999999997,40.422,1,0.9090909090909091,0.0,5.1249999999999964
B0045,B0045_D0071,71,30.91531889193368,10,25.311999999999998,40.312,40.483999999999995,0.17199999999999704,30.483999999999995,40.483999999999995,1,0.9090909090909091,0.0,5.171999999999997
B0045,B0045_D0072,72,30.34738084253889,10,25.312999999999995,40.312999999999995,40.532,0.2190000000000012,30.531999999999996,40.532,1,0.9090909090909091,0.0,5.219000000000001
B0046,B0046_D0001,1,86.41196161799124,10,23.281,38.281,49.625,11.344000000000001,39.625,49.625,1,0.9090909090909091,0.0,3.219000000000001
B0046,B0046_D0002,2,75.80744233961572,10,23.265,38.265,49.609,11.344000000000001,39.609,49.609,1,0.9090909090909091,0.0,3.172000000000004
B0046,B0046_D0003,3,75.15605953519885,10,23.312999999999995,38.312999999999995,49.672,11.359000000000002,39.672,49.672,1,0.9090909090909091,0.0,3.171999999999997
B0046,B0046_D0004,4,74.29328305141199,10,23.375,38.375,49.843999999999994,11.468999999999994,39.843999999999994,49.843999999999994,1,0.9090909090909091,0.0,3.171999999999997
B0046,B0046_D0005,5,73.47281158196358,10,23.421,38.421,49.968,11.547000000000004,39.968,49.968,1,0.9090909090909091,0.0,3.2650000000000006
B0046,B0046_D0006,6,72.94777296322404,10,23.563000000000002,38.563,50.219,11.655999999999999,40.219,50.219,1,0.9090909090909091,0.0,3.3590000000000018
B0046,B0046_D0007,7,72.78426777549149,10,23.531,38.531,50.25,11.719000000000001,40.25,50.25,1,0.9090909090909091,0.0,3.3599999999999994
B0046,B0046_D0008,8,72.81161311901604,10,23.531,38.531,50.296,11.765,40.296,50.296,1,0.9090909090909091,0.0,3.375
B0046,B0046_D0009,9,72.20296118337569,10,23.5,38.5,50.407,11.906999999999996,40.407,50.407,1,0.9090909090909091,0.0,3.4849999999999994
B0046,B0046_D0010,10,71.4147132382934,10,23.578000000000003,38.578,50.469,11.890999999999998,40.469,50.469,1,0.9090909090909091,0.0,3.469000000000001
B0046,B0046_D0011,11,70.99924474017334,10,23.64,38.64,50.594,11.954,40.594,50.594,1,0.9090909090909091,0.0,3.4540000000000006
B0046,B0046_D0012,12,70.21613009258284,10,23.688,38.688,50.657,11.968999999999994,40.657,50.657,1,0.9090909090909091,0.0,3.5
B0046,B0046_D0013,13,71.17175650807994,10,23.766,38.766,50.875,12.109000000000002,40.875,50.875,1,0.9090909090909091,0.0,3.6090000000000018
B0046,B0046_D0014,14,71.69974428983647,10,23.656,38.656,50.75,12.094000000000001,40.75,50.75,1,0.9090909090909091,0.0,3.547000000000004
B0046,B0046_D0015,15,70.92588523878285,10,23.782,38.782,50.985,12.203000000000003,40.985,50.985,1,0.9090909090909091,0.0,3.6409999999999982
B0046,B0046_D0016,16,70.28156668914711,10,23.703000000000003,38.703,51.0,12.296999999999997,41.0,51.0,1,0.9090909090909091,0.0,3.6880000000000024
B0046,B0046_D0017,17,69.45107012577809,10,23.765000000000004,38.765,50.968,12.203000000000003,40.968,50.968,1,0.9090909090909091,0.0,3.5930000000000035
B0046,B0046_D0018,18,68.61669541368683,10,23.813000000000002,38.813,51.235,12.421999999999997,41.235,51.235,1,0.9090909090909091,0.0,3.671999999999997
B0046,B0046_D0019,19,68.07889452995282,10,23.906,38.906,51.39,12.484000000000002,41.39,51.39,1,0.9090909090909091,0.0,3.796999999999997
B0046,B0046_D0021,21,70.50141008118715,10,23.906,38.906,51.406,12.5,41.406,51.406,1,0.9090909090909091,0.0,3.780999999999999
B0046,B0046_D0022,22,66.97835687463244,10,23.906000000000006,38.906000000000006,51.594,12.687999999999995,41.594,51.594,1,0.9090909090909091,0.0,3.796999999999997
B0046,B0046_D0023,23,66.4575774355874,10,23.984,38.984,51.719,12.735,41.719,51.719,1,0.9090909090909091,0.0,3.827999999999996
B0046,B0046_D0024,24,65.90843516952859,10,24.016,39.016,51.75,12.734000000000002,41.75,51.75,1,0.9090909090909091,0.0,3.875
B0046,B0046_D0025,25,65.62118542330505,10,24.015,39.015,51.89,12.875,41.89,51.89,1,0.9090909090909091,0.0,3.9209999999999994
B0046,B0046_D0026,26,64.96618766081244,10,24.063000000000002,39.063,51.891,12.827999999999996,41.891,51.891,1,0.9090909090909091,0.0,3.8909999999999982
B0046,B0046_D0027,27,64.38741521087296,10,24.061999999999998,39.062,52.031000000000006,12.969000000000008,42.031000000000006,52.031000000000006,1,0.9090909090909091,0.0,3.9370000000000047
B0046,B0046_D0028,28,64.32641369874561,10,24.25,39.25,52.375,13.125,42.375,52.375,1,0.9090909090909091,0.0,4.125
B0046,B0046_D0029,29,63.59818193493592,10,24.171999999999997,39.172,52.172000000000004,13.000000000000007,42.172000000000004,52.172000000000004,1,0.9090909090909091,0.0,3.9840000000000018
B0046,B0046_D0030,30,63.57247672708596,10,24.234,39.234,52.5,13.265999999999998,42.5,52.5,1,0.9090909090909091,0.0,4.125
B0046,B0046_D0031,31,63.07711942329537,10,24.296999999999997,39.297,52.5,13.203000000000003,42.5,52.5,1,0.9090909090909091,0.0,4.077999999999996
B0046,B0046_D0032,32,62.10600809602066,10,24.188,39.188,52.485,13.296999999999997,42.485,52.485,1,0.9090909090909091,0.0,4.141000000000005
B0046,B0046_D0033,33,62.01268720834898,10,24.281999999999996,39.282,52.5,13.218000000000004,42.5,52.5,1,0.9090909090909091,0.0,4.078000000000003
B0046,B0046_D0034,34,64.25565006121442,10,24.250000000000004,39.25,52.625,13.375,42.625,52.625,1,0.9090909090909091,0.0,4.2180000000000035
B0046,B0046_D0035,35,65.21663920849596,10,24.343000000000004,39.343,52.75,13.406999999999996,42.75,52.75,1,0.9090909090909091,0.0,4.219000000000001
B0046,B0046_D0036,36,63.89319520809978,10,24.359,39.359,52.703,13.344000000000001,42.703,52.703,1,0.9090909090909091,0.0,4.203000000000003
B0046,B0046_D0037,37,63.6173229582577,10,24.360000000000003,39.36,52.797,13.436999999999998,42.797,52.797,1,0.9090909090909091,0.0,4.218999999999994
B0046,B0046_D0038,38,62.38941976384381,10,24.406000000000002,39.406000000000006,52.922,13.515999999999991,42.922,52.922,1,0.9090909090909091,0.0,4.233999999999995
B0046,B0046_D0039,39,61.76249598327763,10,24.438,39.438,53.157,13.718999999999994,43.157,53.157,1,0.9090909090909091,0.0,4.359999999999999
B0046,B0046_D0040,40,61.462564592597445,10,24.406000000000002,39.406000000000006,53.047,13.640999999999991,43.047,53.047,1,0.9090909090909091,0.0,4.296999999999997
B0046,B0046_D0041,41,61.1945455250817,10,24.516,39.516,53.344,13.828000000000003,43.344,53.344,1,0.9090909090909091,0.0,4.453000000000003
B0046,B0046_D0042,42,60.27116617856865,10,24.452999999999996,39.452999999999996,53.281,13.828000000000003,43.281,53.281,1,0.9090909090909091,0.0,4.453000000000003
B0046,B0046_D0043,43,59.78912045004076,10,24.547,39.547,53.375,13.828000000000003,43.375,53.375,1,0.9090909090909091,0.0,4.405999999999999
B0046,B0046_D0044,44,59.50364748349229,10,24.593,39.593,53.422,13.828999999999994,43.422,53.422,1,0.9090909090909091,0.0,4.438000000000002
B0046,B0046_D0045,45,58.9600881616826,10,24.594,39.594,53.562,13.967999999999996,43.562,53.562,1,0.9090909090909091,0.0,4.515000000000001
B0046,B0046_D0046,46,58.4752016257277,10,24.546999999999997,39.547,53.547,14.0,43.547,53.547,1,0.9090909090909091,0.0,4.5
B0046,B0046_D0047,47,58.386188424959,10,24.735,39.735,53.828,14.093000000000004,43.828,53.828,1,0.9090909090909091,0.0,4.5
B0046,B0046_D0048,48,57.89628072914521,10,24.75,39.75,53.953,14.203000000000003,43.953,53.953,1,0.9090909090909091,0.0,4.561999999999998
B0046,B0046_D0049,49,57.499064066884905,10,24.735,39.735,53.938,14.203000000000003,43.938,53.938,1,0.9090909090909091,0.0,4.641000000000005
B0046,B0046_D0050,50,57.5142951111517,10,24.812000000000005,39.812000000000005,54.047,14.234999999999992,44.047,54.047,1,0.9090909090909091,0.0,4.609999999999992
B0046,B0046_D0051,51,56.74726137042624,10,24.718999999999998,39.718999999999994,53.968999999999994,14.25,43.968999999999994,53.968999999999994,1,0.9090909090909091,0.0,4.593999999999994
B0046,B0046_D0052,52,56.90480481756804,10,24.781,39.781,54.109,14.328000000000003,44.109,54.109,1,0.9090909090909091,0.0,4.640000000000001
B0046,B0046_D0053,53,56.18555860752736,10,24.811999999999998,39.812,54.217999999999996,14.405999999999999,44.217999999999996,54.217999999999996,1,0.9090909090909091,0.0,4.702999999999996
B0046,B0046_D0055,55,60.7059605677049,10,24.936999999999998,39.937,54.484,14.547000000000004,44.484,54.484,1,0.9090909090909091,0.0,4.828000000000003
B0046,B0046_D0056,56,60.59723987614096,10,24.906,39.906,54.437,14.530999999999999,44.437,54.437,1,0.9090909090909091,0.0,4.780999999999992
B0046,B0046_D0057,57,59.85624339665962,10,24.89,39.89,54.547,14.656999999999996,44.547,54.547,1,0.9090909090909091,0.0,4.796999999999997
B0046,B0046_D0058,58,59.11446075935493,10,25.000000000000004,40.0,54.797,14.796999999999997,44.797,54.797,1,0.9090909090909091,0.0,4.875
B0046,B0046_D0059,59,58.22668338389197,10,24.953000000000003,39.953,54.734,14.780999999999999,44.734,54.734,1,0.9090909090909091,0.0,4.875
B0046,B0046_D0060,60,57.67779783759324,10,25.063,40.063,54.828,14.765,44.828,54.828,1,0.9090909090909091,0.0,4.859000000000009
B0046,B0046_D0061,61,58.00993550641032,10,25.015,40.015,54.828,14.813000000000002,44.828,54.828,1,0.9090909090909091,0.0,4.907000000000004
B0046,B0046_D0062,62,58.55858154103041,10,25.172,40.172,55.032,14.86,45.032,55.032,1,0.9090909090909091,0.0,4.890999999999991
B0046,B0046_D0063,63,57.817051353916085,10,25.094,40.094,40.125,0.030999999999998806,30.125,40.125,1,0.9090909090909091,0.0,5.030999999999999
B0046,B0046_D0064,64,57.0541228096758,10,25.203000000000003,40.203,40.219,0.015999999999998238,30.219,40.219,1,0.9090909090909091,0.0,5.015999999999998
B0046,B0046_D0065,65,56.76191798059062,10,25.094,40.094,40.141,0.046999999999997044,30.141,40.141,1,0.9090909090909091,0.0,5.046999999999997
B0046,B0046_D0067,67,62.654239291414015,10,25.266,40.266,40.437,0.17099999999999937,30.436999999999998,40.437,1,0.9090909090909091,0.0,5.170999999999999
B0046,B0046_D0068,68,60.25226795178259,10,25.375000000000004,40.375,40.532,0.15699999999999648,30.531999999999996,40.532,1,0.9090909090909091,0.0,5.156999999999993
B0046,B0046_D0069,69,59.559930098136505,10,25.343999999999998,40.343999999999994,40.5,0.1560000000000059,30.5,40.5,1,0.9090909090909091,0.0,5.156000000000002
B0046,B0046_D0070,70,58.731908687269,10,25.297,40.297,40.422,0.125,30.421999999999997,40.422,1,0.9090909090909091,0.0,5.1249999999999964
B0046,B0046_D0071,71,57.77716024117756,10,25.311999999999998,40.312,40.483999999999995,0.17199999999999704,30.483999999999995,40.483999999999995,1,0.9090909090909091,0.0,5.171999999999997
B0046,B0046_D0072,72,57.69020585114733,10,25.312999999999995,40.312999999999995,40.532,0.2190000000000012,30.531999999999996,40.532,1,0.9090909090909091,0.0,5.219000000000001
B0047,B0047_D0001,1,83.71523723487604,10,23.281,38.281,49.625,11.344000000000001,39.625,49.625,1,0.9090909090909091,0.0,3.219000000000001
B0047,B0047_D0002,2,76.21831052549513,10,23.265,38.265,49.609,11.344000000000001,39.609,49.609,1,0.9090909090909091,0.0,3.172000000000004
B0047,B0047_D0003,3,75.40381484986712,10,23.312999999999995,38.312999999999995,49.672,11.359000000000002,39.672,49.672,1,0.9090909090909091,0.0,3.171999999999997
B0047,B0047_D0004,4,74.17788980033848,10,23.375,38.375,49.843999999999994,11.468999999999994,39.843999999999994,49.843999999999994,1,0.9090909090909091,0.0,3.171999999999997
B0047,B0047_D0005,5,73.35695833073262,10,23.421,38.421,49.968,11.547000000000004,39.968,49.968,1,0.9090909090909091,0.0,3.2650000000000006
B0047,B0047_D0006,6,72.44290784911335,10,23.563000000000002,38.563,50.219,11.655999999999999,40.219,50.219,1,0.9090909090909091,0.0,3.3590000000000018
B0047,B0047_D0007,7,72.29267090474663,10,23.531,38.531,50.25,11.719000000000001,40.25,50.25,1,0.9090909090909091,0.0,3.3599999999999994
B0047,B0047_D0008,8,71.55591330891416,10,23.531,38.531,50.296,11.765,40.296,50.296,1,0.9090909090909091,0.0,3.375
B0047,B0047_D0009,9,70.96372758289266,10,23.5,38.5,50.407,11.906999999999996,40.407,50.407,1,0.9090909090909091,0.0,3.4849999999999994
B0047,B0047_D0010,10,69.99987110904135,10,23.578000000000003,38.578,50.469,11.890999999999998,40.469,50.469,1,0.9090909090909091,0.0,3.469000000000001
B0047,B0047_D0011,11,69.42578343057218,10,23.64,38.64,50.594,11.954,40.594,50.594,1,0.9090909090909091,0.0,3.4540000000000006
B0047,B0047_D0012,12,68.26117334764483,10,23.688,38.688,50.657,11.968999999999994,40.657,50.657,1,0.9090909090909091,0.0,3.5
B0047,B0047_D0013,13,70.30221136485481,10,23.766,38.766,50.875,12.109000000000002,40.875,50.875,1,0.9090909090909091,0.0,3.6090000000000018
B0047,B0047_D0014,14,70.2877080676289,10,23.656,38.656,50.75,12.094000000000001,40.75,50.75,1,0.9090909090909091,0.0,3.547000000000004
B0047,B0047_D0015,15,69.33831440863939,10,23.782,38.782,50.985,12.203000000000003,40.985,50.985,1,0.9090909090909091,0.0,3.6409999999999982
B0047,B0047_D0016,16,68.52526530710112,10,23.703000000000003,38.703,51.0,12.296999999999997,41.0,51.0,1,0.9090909090909091,0.0,3.6880000000000024
B0047,B0047_D0017,17,67.48715557411799,10,23.765000000000004,38.765,50.968,12.203000000000003,40.968,50.968,1,0.9090909090909091,0.0,3.5930000000000035
B0047,B0047_D0018,18,66.25766683969893,10,23.813000000000002,38.813,51.235,12.421999999999997,41.235,51.235,1,0.9090909090909091,0.0,3.671999999999997
B0047,B0047_D0019,19,65.55971934817903,10,23.906,38.906,51.39,12.484000000000002,41.39,51.39,1,0.9090909090909091,0.0,3.796999999999997
B0047,B0047_D0021,21,66.97117202966446,10,23.906,38.906,51.406,12.5,41.406,51.406,1,0.9090909090909091,0.0,3.780999999999999
B0047,B0047_D0022,22,64.24578571280361,10,23.906000000000006,38.906000000000006,51.594,12.687999999999995,41.594,51.594,1,0.9090909090909091,0.0,3.796999999999997
B0047,B0047_D0023,23,64.08595796639035,10,23.984,38.984,51.719,12.735,41.719,51.719,1,0.9090909090909091,0.0,3.827999999999996
B0047,B0047_D0024,24,63.000258214714144,10,24.016,39.016,51.75,12.734000000000002,41.75,51.75,1,0.9090909090909091,0.0,3.875
B0047,B0047_D0025,25,63.30351929965629,10,24.015,39.015,51.89,12.875,41.89,51.89,1,0.9090909090909091,0.0,3.9209999999999994
B0047,B0047_D0026,26,62.067951471404015,10,24.063000000000002,39.063,51.891,12.827999999999996,41.891,51.891,1,0.9090909090909091,0.0,3.8909999999999982
B0047,B0047_D0027,27,61.49436851742656,10,24.061999999999998,39.062,52.031000000000006,12.969000000000008,42.031000000000006,52.031000000000006,1,0.9090909090909091,0.0,3.9370000000000047
B0047,B0047_D0028,28,61.404430725334805,10,24.25,39.25,52.375,13.125,42.375,52.375,1,0.9090909090909091,0.0,4.125
B0047,B0047_D0029,29,60.69928594535021,10,24.171999999999997,39.172,52.172000000000004,13.000000000000007,42.172000000000004,52.172000000000004,1,0.9090909090909091,0.0,3.9840000000000018
B0047,B0047_D0030,30,60.86717532282094,10,24.234,39.234,52.5,13.265999999999998,42.5,52.5,1,0.9090909090909091,0.0,4.125
B0047,B0047_D0031,31,60.36722972257959,10,24.296999999999997,39.297,52.5,13.203000000000003,42.5,52.5,1,0.9090909090909091,0.0,4.077999999999996
B0047,B0047_D0032,32,59.4020246135225,10,24.188,39.188,52.485,13.296999999999997,42.485,52.485,1,0.9090909090909091,0.0,4.141000000000005
B0047,B0047_D0033,33,59.3152374943271,10,24.281999999999996,39.282,52.5,13.218000000000004,42.5,52.5,1,0.9090909090909091,0.0,4.078000000000003
B0047,B0047_D0034,34,63.06967735514253,10,24.250000000000004,39.25,52.625,13.375,42.625,52.625,1,0.9090909090909091,0.0,4.2180000000000035
B0047,B0047_D0035,35,63.241230794253255,10,24.343000000000004,39.343,52.75,13.406999999999996,42.75,52.75,1,0.9090909090909091,0.0,4.219000000000001
B0047,B0047_D0036,36,62.332472744911,10,24.359,39.359,52.703,13.344000000000001,42.703,52.703,1,0.9090909090909091,0.0,4.203000000000003
B0047,B0047_D0037,37,61.66962076397541,10,24.360000000000003,39.36,52.797,13.436999999999998,42.797,52.797,1,0.9090909090909091,0.0,4.218999999999994
B0047,B0047_D0038,38,60.64625036018846,10,24.406000000000002,39.406000000000006,52.922,13.515999999999991,42.922,52.922,1,0.9090909090909091,0.0,4.233999999999995
B0047,B0047_D0039,39,59.99553298971824,10,24.438,39.438,53.157,13.718999999999994,43.157,53.157,1,0.9090909090909091,0.0,4.359999999999999
B0047,B0047_D0040,40,59.51279519196692,10,24.406000000000002,39.406000000000006,53.047,13.640999999999991,43.047,53.047,1,0.9090909090909091,0.0,4.296999999999997
B0047,B0047_D0041,41,59.46281897727926,10,24.516,39.516,53.344,13.828000000000003,43.344,53.344,1,0.9090909090909091,0.0,4.453000000000003
B0047,B0047_D0042,42,58.35348425629695,10,24.452999999999996,39.452999999999996,53.281,13.828000000000003,43.281,53.281,1,0.9090909090909091,0.0,4.453000000000003
B0047,B0047_D0043,43,58.07674201545184,10,24.547,39.547,53.375,13.828000000000003,43.375,53.375,1,0.9090909090909091,0.0,4.405999999999999
B0047,B0047_D0044,44,57.77781922174994,10,24.593,39.593,53.422,13.828999999999994,43.422,53.422,1,0.9090909090909091,0.0,4.438000000000002
B0047,B0047_D0045,45,57.442623330488566,10,24.594,39.594,53.562,13.967999999999996,43.562,53.562,1,0.9090909090909091,0.0,4.515000000000001
B0047,B0047_D0046,46,57.17864933943895,10,24.546999999999997,39.547,53.547,14.0,43.547,53.547,1,0.9090909090909091,0.0,4.5
B0047,B0047_D0047,47,57.09007689714268,10,24.735,39.735,53.828,14.093000000000004,43.828,53.828,1,0.9090909090909091,0.0,4.5
B0047,B0047_D0048,48,56.802932375112746,10,24.75,39.75,53.953,14.203000000000003,43.953,53.953,1,0.9090909090909091,0.0,4.561999999999998
B0047,B0047_D0049,49,56.18182340484643,10,24.735,39.735,53.938,14.203000000000003,43.938,53.938,1,0.9090909090909091,0.0,4.641000000000005
B0047,B0047_D0050,50,56.60249450164472,10,24.812000000000005,39.812000000000005,54.047,14.234999999999992,44.047,54.047,1,0.9090909090909091,0.0,4.609999999999992
B0047,B0047_D0051,51,55.85050881079076,10,24.718999999999998,39.718999999999994,53.968999999999994,14.25,43.968999999999994,53.968999999999994,1,0.9090909090909091,0.0,4.593999999999994
B0047,B0047_D0052,52,56.0021519860991,10,24.781,39.781,54.109,14.328000000000003,44.109,54.109,1,0.9090909090909091,0.0,4.640000000000001
B0047,B0047_D0053,53,55.298867229585326,10,24.811999999999998,39.812,54.217999999999996,14.405999999999999,44.217999999999996,54.217999999999996,1,0.9090909090909091,0.0,4.702999999999996
B0047,B0047_D0055,55,59.53951187381008,10,24.936999999999998,39.937,54.484,14.547000000000004,44.484,54.484,1,0.9090909090909091,0.0,4.828000000000003
B0047,B0047_D0056,56,60.06193544227011,10,24.906,39.906,54.437,14.530999999999999,44.437,54.437,1,0.9090909090909091,0.0,4.780999999999992
B0047,B0047_D0057,57,59.53454774512401,10,24.89,39.89,54.547,14.656999999999996,44.547,54.547,1,0.9090909090909091,0.0,4.796999999999997
B0047,B0047_D0058,58,58.82187865154172,10,25.000000000000004,40.0,54.797,14.796999999999997,44.797,54.797,1,0.9090909090909091,0.0,4.875
B0047,B0047_D0059,59,58.14055186396176,10,24.953000000000003,39.953,54.734,14.780999999999999,44.734,54.734,1,0.9090909090909091,0.0,4.875
B0047,B0047_D0060,60,57.58076420291292,10,25.063,40.063,54.828,14.765,44.828,54.828,1,0.9090909090909091,0.0,4.859000000000009
B0047,B0047_D0061,61,57.91836749174312,10,25.015,40.015,54.828,14.813000000000002,44.828,54.828,1,0.9090909090909091,0.0,4.907000000000004
B0047,B0047_D0062,62,58.46142644193103,10,25.172,40.172,55.032,14.86,45.032,55.032,1,0.9090909090909091,0.0,4.890999999999991
B0047,B0047_D0063,63,57.94074238109233,10,25.094,40.094,40.125,0.030999999999998806,30.125,40.125,1,0.9090909090909091,0.0,5.030999999999999
B0047,B0047_D0064,64,57.19794073852727,10,25.203000000000003,40.203,40.219,0.015999999999998238,30.219,40.219,1,0.9090909090909091,0.0,5.015999999999998
B0047,B0047_D0065,65,56.91970534079699,10,25.094,40.094,40.141,0.046999999999997044,30.141,40.141,1,0.9090909090909091,0.0,5.046999999999997
B0047,B0047_D0067,67,61.065514251978335,10,25.266,40.266,40.437,0.17099999999999937,30.436999999999998,40.437,1,0.9090909090909091,0.0,5.170999999999999
B0047,B0047_D0068,68,60.15531489444531,10,25.375000000000004,40.375,40.532,0.15699999999999648,30.531999999999996,40.532,1,0.9090909090909091,0.0,5.156999999999993
B0047,B0047_D0069,69,59.48573556098842,10,25.343999999999998,40.343999999999994,40.5,0.1560000000000059,30.5,40.5,1,0.9090909090909091,0.0,5.156000000000002
B0047,B0047_D0070,70,58.8711284421007,10,25.297,40.297,40.422,0.125,30.421999999999997,40.422,1,0.9090909090909091,0.0,5.1249999999999964
B0047,B0047_D0071,71,57.9221513646909,10,25.311999999999998,40.312,40.483999999999995,0.17199999999999704,30.483999999999995,40.483999999999995,1,0.9090909090909091,0.0,5.171999999999997
B0047,B0047_D0072,72,57.83543758420898,10,25.312999999999995,40.312999999999995,40.532,0.2190000000000012,30.531999999999996,40.532,1,0.9090909090909091,0.0,5.219000000000001
B0048,B0048_D0001,1,82.89977896838803,10,23.281,38.281,49.625,11.344000000000001,39.625,49.625,1,0.9090909090909091,0.0,3.219000000000001
B0048,B0048_D0002,2,75.38466738049388,10,23.265,38.265,49.609,11.344000000000001,39.609,49.609,1,0.9090909090909091,0.0,3.172000000000004
B0048,B0048_D0003,3,74.94611671804016,10,23.312999999999995,38.312999999999995,49.672,11.359000000000002,39.672,49.672,1,0.9090909090909091,0.0,3.171999999999997
B0048,B0048_D0004,4,73.91459751248894,10,23.375,38.375,49.843999999999994,11.468999999999994,39.843999999999994,49.843999999999994,1,0.9090909090909091,0.0,3.171999999999997
B0048,B0048_D0005,5,73.09284456953054,10,23.421,38.421,49.968,11.547000000000004,39.968,49.968,1,0.9090909090909091,0.0,3.2650000000000006
B0048,B0048_D0006,6,72.54796353236738,10,23.563000000000002,38.563,50.219,11.655999999999999,40.219,50.219,1,0.9090909090909091,0.0,3.3590000000000018
B0048,B0048_D0007,7,72.5873498573554,10,23.531,38.531,50.25,11.719000000000001,40.25,50.25,1,0.9090909090909091,0.0,3.3599999999999994
B0048,B0048_D0008,8,72.2196433143738,10,23.531,38.531,50.296,11.765,40.296,50.296,1,0.9090909090909091,0.0,3.375
B0048,B0048_D0009,9,71.63691619826879,10,23.5,38.5,50.407,11.906999999999996,40.407,50.407,1,0.9090909090909091,0.0,3.4849999999999994
B0048,B0048_D0010,10,70.8620600719331,10,23.578000000000003,38.578,50.469,11.890999999999998,40.469,50.469,1,0.9090909090909091,0.0,3.469000000000001
B0048,B0048_D0011,11,70.28779972286726,10,23.64,38.64,50.594,11.954,40.594,50.594,1,0.9090909090909091,0.0,3.4540000000000006
B0048,B0048_D0012,12,69.51353134948532,10,23.688,38.688,50.657,11.968999999999994,40.657,50.657,1,0.9090909090909091,0.0,3.5
B0048,B0048_D0013,13,70.98329653940164,10,23.766,38.766,50.875,12.109000000000002,40.875,50.875,1,0.9090909090909091,0.0,3.6090000000000018
B0048,B0048_D0014,14,70.95281992616135,10,23.656,38.656,50.75,12.094000000000001,40.75,50.75,1,0.9090909090909091,0.0,3.547000000000004
B0048,B0048_D0015,15,70.2136178352028,10,23.782,38.782,50.985,12.203000000000003,40.985,50.985,1,0.9090909090909091,0.0,3.6409999999999982
B0048,B0048_D0016,16,69.5807024547917,10,23.703000000000003,38.703,51.0,12.296999999999997,41.0,51.0,1,0.9090909090909091,0.0,3.6880000000000024
B0048,B0048_D0017,17,68.74809175147367,10,23.765000000000004,38.765,50.968,12.203000000000003,40.968,50.968,1,0.9090909090909091,0.0,3.5930000000000035
B0048,B0048_D0018,18,67.72577856535582,10,23.813000000000002,38.813,51.235,12.421999999999997,41.235,51.235,1,0.9090909090909091,0.0,3.671999999999997
B0048,B0048_D0019,19,67.20111536657993,10,23.906,38.906,51.39,12.484000000000002,41.39,51.39,1,0.9090909090909091,0.0,3.796999999999997
B0048,B0048_D0021,21,68.61922379302861,10,23.906,38.906,51.406,12.5,41.406,51.406,1,0.9090909090909091,0.0,3.780999999999999
B0048,B0048_D0022,22,65.92052876337206,10,23.906000000000006,38.906000000000006,51.594,12.687999999999995,41.594,51.594,1,0.9090909090909091,0.0,3.796999999999997
B0048,B0048_D0023,23,65.56363799789303,10,23.984,38.984,51.719,12.735,41.719,51.719,1,0.9090909090909091,0.0,3.827999999999996
B0048,B0048_D0024,24,64.85086209500594,10,24.016,39.016,51.75,12.734000000000002,41.75,51.75,1,0.9090909090909091,0.0,3.875
B0048,B0048_D0025,25,64.97609763315859,10,24.015,39.015,51.89,12.875,41.89,51.89,1,0.9090909090909091,0.0,3.9209999999999994
B0048,B0048_D0026,26,64.13077033364786,10,24.063000000000002,39.063,51.891,12.827999999999996,41.891,51.891,1,0.9090909090909091,0.0,3.8909999999999982
B0048,B0048_D0027,27,63.764450762035,10,24.061999999999998,39.062,52.031000000000006,12.969000000000008,42.031000000000006,52.031000000000006,1,0.9090909090909091,0.0,3.9370000000000047
B0048,B0048_D0028,28,63.67786236632036,10,24.25,39.25,52.375,13.125,42.375,52.375,1,0.9090909090909091,0.0,4.125
B0048,B0048_D0029,29,62.970571669692674,10,24.171999999999997,39.172,52.172000000000004,13.000000000000007,42.172000000000004,52.172000000000004,1,0.9090909090909091,0.0,3.9840000000000018
B0048,B0048_D0030,30,63.15816292747938,10,24.234,39.234,52.5,13.265999999999998,42.5,52.5,1,0.9090909090909091,0.0,4.125
B0048,B0048_D0031,31,62.458586550681815,10,24.296999999999997,39.297,52.5,13.203000000000003,42.5,52.5,1,0.9090909090909091,0.0,4.077999999999996
B0048,B0048_D0032,32,61.69921739176535,10,24.188,39.188,52.485,13.296999999999997,42.485,52.485,1,0.9090909090909091,0.0,4.141000000000005
B0048,B0048_D0033,33,62.0015996014434,10,24.281999999999996,39.282,52.5,13.218000000000004,42.5,52.5,1,0.9090909090909091,0.0,4.078000000000003
B0048,B0048_D0034,34,65.1854285990355,10,24.250000000000004,39.25,52.625,13.375,42.625,52.625,1,0.9090909090909091,0.0,4.2180000000000035
B0048,B0048_D0035,35,65.75279817352691,10,24.343000000000004,39.343,52.75,13.406999999999996,42.75,52.75,1,0.9090909090909091,0.0,4.219000000000001
B0048,B0048_D0036,36,64.44369150491038,10,24.359,39.359,52.703,13.344000000000001,42.703,52.703,1,0.9090909090909091,0.0,4.203000000000003
B0048,B0048_D0037,37,64.38568797942597,10,24.360000000000003,39.36,52.797,13.436999999999998,42.797,52.797,1,0.9090909090909091,0.0,4.218999999999994
B0048,B0048_D0038,38,63.366899926577325,10,24.406000000000002,39.406000000000006,52.922,13.515999999999991,42.922,52.922,1,0.9090909090909091,0.0,4.233999999999995
B0048,B0048_D0039,39,62.529717284865306,10,24.438,39.438,53.157,13.718999999999994,43.157,53.157,1,0.9090909090909091,0.0,4.359999999999999
B0048,B0048_D0040,40,62.43565589697939,10,24.406000000000002,39.406000000000006,53.047,13.640999999999991,43.047,53.047,1,0.9090909090909091,0.0,4.296999999999997
B0048,B0048_D0041,41,62.40011630414665,10,24.516,39.516,53.344,13.828000000000003,43.344,53.344,1,0.9090909090909091,0.0,4.453000000000003
B0048,B0048_D0042,42,61.50447622299793,10,24.452999999999996,39.452999999999996,53.281,13.828000000000003,43.281,53.281,1,0.9090909090909091,0.0,4.453000000000003
B0048,B0048_D0043,43,61.22098560750469,10,24.547,39.547,53.375,13.828000000000003,43.375,53.375,1,0.9090909090909091,0.0,4.405999999999999
B0048,B0048_D0044,44,60.93341422558193,10,24.593,39.593,53.422,13.828999999999994,43.422,53.422,1,0.9090909090909091,0.0,4.438000000000002
B0048,B0048_D0045,45,60.18932618016808,10,24.594,39.594,53.562,13.967999999999996,43.562,53.562,1,0.9090909090909091,0.0,4.515000000000001
B0048,B0048_D0046,46,59.73821150416113,10,24.546999999999997,39.547,53.547,14.0,43.547,53.547,1,0.9090909090909091,0.0,4.5
B0048,B0048_D0047,47,60.26045946935747,10,24.735,39.735,53.828,14.093000000000004,43.828,53.828,1,0.9090909090909091,0.0,4.5
B0048,B0048_D0048,48,59.77873296814232,10,24.75,39.75,53.953,14.203000000000003,43.953,53.953,1,0.9090909090909091,0.0,4.561999999999998
B0048,B0048_D0049,49,59.44248551074942,10,24.735,39.735,53.938,14.203000000000003,43.938,53.938,1,0.9090909090909091,0.0,4.641000000000005
B0048,B0048_D0050,50,59.57802625403703,10,24.812000000000005,39.812000000000005,54.047,14.234999999999992,44.047,54.047,1,0.9090909090909091,0.0,4.609999999999992
B0048,B0048_D0051,51,58.63293576554828,10,24.718999999999998,39.718999999999994,53.968999999999994,14.25,43.968999999999994,53.968999999999994,1,0.9090909090909091,0.0,4.593999999999994
B0048,B0048_D0052,52,59.20566936247078,10,24.781,39.781,54.109,14.328000000000003,44.109,54.109,1,0.9090909090909091,0.0,4.640000000000001
B0048,B0048_D0053,53,57.88412561158884,10,24.811999999999998,39.812,54.217999999999996,14.405999999999999,44.217999999999996,54.217999999999996,1,0.9090909090909091,0.0,4.702999999999996
B0048,B0048_D0055,55,62.96779255842991,10,24.936999999999998,39.937,54.484,14.547000000000004,44.484,54.484,1,0.9090909090909091,0.0,4.828000000000003
B0048,B0048_D0056,56,63.2941687639013,10,24.906,39.906,54.437,14.530999999999999,44.437,54.437,1,0.9090909090909091,0.0,4.780999999999992
B0048,B0048_D0057,57,62.3629933659206,10,24.89,39.89,54.547,14.656999999999996,44.547,54.547,1,0.9090909090909091,0.0,4.796999999999997
B0048,B0048_D0058,58,61.64043736281089,10,25.000000000000004,40.0,54.797,14.796999999999997,44.797,54.797,1,0.9090909090909091,0.0,4.875
B0048,B0048_D0059,59,61.59796391520952,10,24.953000000000003,39.953,54.734,14.780999999999999,44.734,54.734,1,0.9090909090909091,0.0,4.875
B0048,B0048_D0060,60,61.0392893131389,10,25.063,40.063,54.828,14.765,44.828,54.828,1,0.9090909090909091,0.0,4.859000000000009
B0048,B0048_D0061,61,61.37720651633392,10,25.015,40.015,54.828,14.813000000000002,44.828,54.828,1,0.9090909090909091,0.0,4.907000000000004
B0048,B0048_D0062,62,61.933942071451774,10,25.172,40.172,55.032,14.86,45.032,55.032,1,0.9090909090909091,0.0,4.890999999999991
B0048,B0048_D0063,63,61.41788877703529,10,25.094,40.094,40.125,0.030999999999998806,30.125,40.125,1,0.9090909090909091,0.0,5.030999999999999
B0048,B0048_D0064,64,60.47740753785226,10,25.203000000000003,40.203,40.219,0.015999999999998238,30.219,40.219,1,0.9090909090909091,0.0,5.015999999999998
B0048,B0048_D0065,65,60.41071035340524,10,25.094,40.094,40.141,0.046999999999997044,30.141,40.141,1,0.9090909090909091,0.0,5.046999999999997
B0048,B0048_D0067,67,64.99367271416074,10,25.266,40.266,40.437,0.17099999999999937,30.436999999999998,40.437,1,0.9090909090909091,0.0,5.170999999999999
B0048,B0048_D0068,68,63.45610325871889,10,25.375000000000004,40.375,40.532,0.15699999999999648,30.531999999999996,40.532,1,0.9090909090909091,0.0,5.156999999999993
B0048,B0048_D0069,69,62.775723173453926,10,25.343999999999998,40.343999999999994,40.5,0.1560000000000059,30.5,40.5,1,0.9090909090909091,0.0,5.156000000000002
B0048,B0048_D0070,70,62.599384634488274,10,25.297,40.297,40.422,0.125,30.421999999999997,40.422,1,0.9090909090909091,0.0,5.1249999999999964
B0048,B0048_D0071,71,61.87491001509999,10,25.311999999999998,40.312,40.483999999999995,0.17199999999999704,30.483999999999995,40.483999999999995,1,0.9090909090909091,0.0,5.171999999999997
B0048,B0048_D0072,72,61.156369849394935,10,25.312999999999995,40.312999999999995,40.532,0.2190000000000012,30.531999999999996,40.532,1,0.9090909090909091,0.0,5.219000000000001
B0049,B0049_D0002,2,71.04528574708688,10,19.531,34.531,38.327999999999996,3.796999999999997,28.327999999999996,38.327999999999996,2,0.9090909090909091,0.0,8.796999999999997
B0049,B0049_D0003,3,68.64260666946315,10,19.594,34.594,38.531000000000006,3.9370000000000047,28.531000000000006,38.531000000000006,2,0.9090909090909091,0.0,8.937000000000005
B0049,B0049_D0004,4,68.21871243714573,10,19.719,34.719,38.75,4.030999999999999,28.75,38.75,2,0.9090909090909091,0.0,9.030999999999999
B0049,B0049_D0006,6,53.02678982835608,10,19.561999999999998,34.562,38.906,4.344000000000001,28.906,38.906,2,0.9090909090909091,0.0,9.344000000000001
B0049,B0049_D0007,7,50.34966188329748,10,19.594,34.594,39.062,4.467999999999996,29.061999999999998,39.062,2,0.9090909090909091,0.0,9.467999999999996
B0049,B0049_D0008,8,46.49387667179768,10,19.657000000000004,34.657000000000004,39.266,4.608999999999995,29.266,39.266,2,0.9090909090909091,0.0,9.608999999999995
B0049,B0049_D0009,9,46.16188514741904,10,19.608999999999995,34.608999999999995,39.219,4.6100000000000065,29.219,39.219,2,0.9090909090909091,0.0,9.610000000000007
B0049,B0049_D0010,10,45.26639560586858,10,19.796999999999997,34.797,39.531,4.734000000000002,29.531,39.531,2,0.9090909090909091,0.0,9.734000000000002
B0049,B0049_D0011,11,42.97924180319936,10,19.844,34.844,39.859,5.015000000000001,29.859,39.859,1,0.9090909090909091,0.0,0.125
B0049,B0049_D0012,12,41.84807147410353,10,19.906,34.906,39.921,5.015000000000001,29.921,39.921,1,0.9090909090909091,0.0,0.125
B0049,B0049_D0013,13,42.28412093826567,10,19.796999999999997,34.797,39.967999999999996,5.170999999999999,29.967999999999996,39.967999999999996,1,0.9090909090909091,0.0,0.21799999999999997
B0049,B0049_D0014,14,40.35607003788769,10,19.906,34.906,40.016,5.109999999999999,30.016,40.016,1,0.9090909090909091,0.0,0.125
B0049,B0049_D0015,15,39.10372180373367,10,20.046999999999997,35.047,40.422000000000004,5.375000000000007,30.422000000000004,40.422000000000004,1,0.9090909090909091,0.0,0.23400000000000176
B0049,B0049_D0016,16,39.765097220666746,10,20.094,35.094,40.485,5.390999999999998,30.485,40.485,1,0.9090909090909091,0.0,0.2809999999999988
B0049,B0049_D0018,18,38.76025577359998,10,20.093,35.093,40.687,5.593999999999994,30.686999999999998,40.687,1,0.9090909090909091,0.0,0.3439999999999941
B0049,B0049_D0019,19,38.55932951922579,10,20.265000000000004,35.265,40.906,5.640999999999998,30.906,40.906,1,0.9090909090909091,0.0,0.34399999999999764
B0049,B0049_D0020,20,37.92549457258973,10,20.235,35.235,40.954,5.719000000000001,30.954,40.954,1,0.9090909090909091,0.0,0.4069999999999965
B0049,B0049_D0021,21,36.746932452495045,10,20.265,35.265,41.046,5.780999999999999,31.046,41.046,1,0.9090909090909091,0.0,0.46799999999999997
B0049,B0049_D0022,22,36.83379016845378,10,20.156,35.156,41.187000000000005,6.031000000000006,31.187000000000005,41.187000000000005,1,0.9090909090909091,0.0,0.6400000000000006
B0049,B0049_D0023,23,35.46973299601819,10,20.125,35.125,41.265,6.140000000000001,31.265,41.265,1,0.9090909090909091,0.0,0.6870000000000012
B0049,B0049_D0024,24,35.932325046101546,10,20.234,35.234,41.406,6.171999999999997,31.406,41.406,1,0.9090909090909091,0.0,0.7340000000000018
B0049,B0049_D0025,25,34.569426155233195,10,20.204,35.204,41.516,6.311999999999998,31.516,41.516,1,0.9090909090909091,0.0,0.8119999999999976
B0050,B0050_D0002,2,82.4394803888246,10,19.531,34.531,38.327999999999996,3.796999999999997,28.327999999999996,38.327999999999996,2,0.9090909090909091,0.0,8.796999999999997
B0050,B0050_D0003,3,80.0818242698902,10,19.594,34.594,38.531000000000006,3.9370000000000047,28.531000000000006,38.531000000000006,2,0.9090909090909091,0.0,8.937000000000005
B0050,B0050_D0004,4,77.58782398713508,10,19.719,34.719,38.75,4.030999999999999,28.75,38.75,2,0.9090909090909091,0.0,9.030999999999999
B0050,B0050_D0007,7,67.9513829445816,10,19.594,34.594,39.062,4.467999999999996,29.061999999999998,39.062,2,0.9090909090909091,0.0,9.467999999999996
B0050,B0050_D0008,8,68.71086346119128,10,19.657000000000004,34.657000000000004,39.266,4.608999999999995,29.266,39.266,2,0.9090909090909091,0.0,9.608999999999995
B0050,B0050_D0009,9,67.64015215410988,10,19.608999999999995,34.608999999999995,39.219,4.6100000000000065,29.219,39.219,2,0.9090909090909091,0.0,9.610000000000007
B0050,B0050_D0010,10,68.03703096729215,10,19.796999999999997,34.797,39.531,4.734000000000002,29.531,39.531,2,0.9090909090909091,0.0,9.734000000000002
B0050,B0050_D0012,12,70.01357123082208,10,19.906,34.906,39.921,5.015000000000001,29.921,39.921,1,0.9090909090909091,0.0,0.125
B0050,B0050_D0013,13,71.44637377635415,10,19.796999999999997,34.797,39.967999999999996,5.170999999999999,29.967999999999996,39.967999999999996,1,0.9090909090909091,0.0,0.21799999999999997
B0050,B0050_D0015,15,28.68466693784524,10,20.046999999999997,35.047,40.422000000000004,5.375000000000007,30.422000000000004,40.422000000000004,1,0.9090909090909091,0.0,0.23400000000000176
B0051,B0051_D0002,2,64.65902309991391,10,19.531,34.531,38.327999999999996,3.796999999999997,28.327999999999996,38.327999999999996,2,0.9090909090909091,0.0,8.796999999999997
B0051,B0051_D0003,3,61.44470130595828,10,19.594,34.594,38.531000000000006,3.9370000000000047,28.531000000000006,38.531000000000006,2,0.9090909090909091,0.0,8.937000000000005
B0051,B0051_D0004,4,60.19515894858974,10,19.719,34.719,38.75,4.030999999999999,28.75,38.75,2,0.9090909090909091,0.0,9.030999999999999
B0051,B0051_D0006,6,50.46404409563006,10,19.561999999999998,34.562,38.906,4.344000000000001,28.906,38.906,2,0.9090909090909091,0.0,9.344000000000001
B0051,B0051_D0007,7,47.828299475626615,10,19.594,34.594,39.062,4.467999999999996,29.061999999999998,39.062,2,0.9090909090909091,0.0,9.467999999999996
B0051,B0051_D0008,8,45.0978145682702,10,19.657000000000004,34.657000000000004,39.266,4.608999999999995,29.266,39.266,2,0.9090909090909091,0.0,9.608999999999995
B0051,B0051_D0009,9,44.48953333069081,10,19.608999999999995,34.608999999999995,39.219,4.6100000000000065,29.219,39.219,2,0.9090909090909091,0.0,9.610000000000007
B0051,B0051_D0010,10,44.1535851831728,10,19.796999999999997,34.797,39.531,4.734000000000002,29.531,39.531,2,0.9090909090909091,0.0,9.734000000000002
B0051,B0051_D0011,11,42.15635177240878,10,19.844,34.844,39.859,5.015000000000001,29.859,39.859,1,0.9090909090909091,0.0,0.125
B0051,B0051_D0012,12,41.32795517248315,10,19.906,34.906,39.921,5.015000000000001,29.921,39.921,1,0.9090909090909091,0.0,0.125
B0051,B0051_D0013,13,41.76340773418982,10,19.796999999999997,34.797,39.967999999999996,5.170999999999999,29.967999999999996,39.967999999999996,1,0.9090909090909091,0.0,0.21799999999999997
B0051,B0051_D0014,14,40.12859732493937,10,19.906,34.906,40.016,5.109999999999999,30.016,40.016,1,0.9090909090909091,0.0,0.125
B0051,B0051_D0015,15,39.19609392349757,10,20.046999999999997,35.047,40.422000000000004,5.375000000000007,30.422000000000004,40.422000000000004,1,0.9090909090909091,0.0,0.23400000000000176
B0051,B0051_D0016,16,39.55381746518001,10,20.094,35.094,40.485,5.390999999999998,30.485,40.485,1,0.9090909090909091,0.0,0.2809999999999988
B0051,B0051_D0018,18,38.27269134740118,10,20.093,35.093,40.687,5.593999999999994,30.686999999999998,40.687,1,0.9090909090909091,0.0,0.3439999999999941
B0051,B0051_D0019,19,38.65886738169735,10,20.265000000000004,35.265,40.906,5.640999999999998,30.906,40.906,1,0.9090909090909091,0.0,0.34399999999999764
B0051,B0051_D0020,20,38.026468882082426,10,20.235,35.235,40.954,5.719000000000001,30.954,40.954,1,0.9090909090909091,0.0,0.4069999999999965
B0051,B0051_D0021,21,36.88215159623502,10,20.265,35.265,41.046,5.780999999999999,31.046,41.046,1,0.9090909090909091,0.0,0.46799999999999997
B0051,B0051_D0022,22,36.95897501289535,10,20.156,35.156,41.187000000000005,6.031000000000006,31.187000000000005,41.187000000000005,1,0.9090909090909091,0.0,0.6400000000000006
B0051,B0051_D0023,23,35.07287714921297,10,20.125,35.125,41.265,6.140000000000001,31.265,41.265,1,0.9090909090909091,0.0,0.6870000000000012
B0051,B0051_D0024,24,35.23674740270891,10,20.234,35.234,41.406,6.171999999999997,31.406,41.406,1,0.9090909090909091,0.0,0.7340000000000018
B0051,B0051_D0025,25,33.89244467852115,10,20.204,35.204,41.516,6.311999999999998,31.516,41.516,1,0.9090909090909091,0.0,0.8119999999999976
B0052,B0052_D0002,2,70.91547557180161,10,19.531,34.531,38.327999999999996,3.796999999999997,28.327999999999996,38.327999999999996,2,0.9090909090909091,0.0,8.796999999999997
B0052,B0052_D0003,3,68.53561514346582,10,19.594,34.594,38.531000000000006,3.9370000000000047,28.531000000000006,38.531000000000006,2,0.9090909090909091,0.0,8.937000000000005
B0052,B0052_D0004,4,67.57823676313247,10,19.719,34.719,38.75,4.030999999999999,28.75,38.75,2,0.9090909090909091,0.0,9.030999999999999
B0053,B0053_D0001,1,53.45708943097151,10,21.265000000000004,36.265,43.203,6.938000000000002,33.203,43.203,1,0.9090909090909091,0.0,0.9849999999999994
B0053,B0053_D0002,2,57.703639672161145,10,21.204,36.204,43.219,7.015000000000001,33.219,43.219,1,0.9090909090909091,0.0,1.0
B0053,B0053_D0003,3,57.50762706913491,10,21.156,36.156,43.14,6.984000000000002,33.14,43.14,1,0.9090909090909091,0.0,1.0309999999999988
B0053,B0053_D0004,4,56.52931926968383,10,21.281,36.281,43.406,7.125,33.406,43.406,1,0.9090909090909091,0.0,1.0309999999999988
B0053,B0053_D0005,5,56.0895136178781,10,21.281000000000002,36.281000000000006,43.453,7.171999999999997,33.453,43.453,1,0.9090909090909091,0.0,1.078000000000003
B0053,B0053_D0006,6,55.67991200721928,10,21.344,36.344,43.75,7.405999999999999,33.75,43.75,1,0.9090909090909091,0.0,1.218999999999994
B0053,B0053_D0007,7,54.32327028547531,10,21.282,36.282,43.657,7.375,33.657,43.657,1,0.9090909090909091,0.0,1.2039999999999935
B0053,B0053_D0008,8,53.237467844965735,10,21.358999999999995,36.358999999999995,43.812,7.453000000000003,33.812,43.812,1,0.9090909090909091,0.0,1.25
B0053,B0053_D0009,9,54.04644047479822,10,21.436999999999998,36.437,44.0,7.563000000000002,34.0,44.0,1,0.9090909090909091,0.0,1.2660000000000053
B0053,B0053_D0010,10,54.26376020923232,10,21.5,36.5,44.125,7.625,34.125,44.125,1,0.9090909090909091,0.0,1.3130000000000024
B0053,B0053_D0011,11,52.52399966870447,10,21.562,36.562,44.328,7.766000000000005,34.328,44.328,1,0.9090909090909091,0.0,1.375
B0053,B0053_D0012,12,54.26775088527152,10,21.562000000000005,36.562000000000005,44.328,7.765999999999998,34.328,44.328,1,0.9090909090909091,0.0,1.375
B0053,B0053_D0013,13,52.54197845395361,10,21.61,36.61,44.422,7.811999999999998,34.422,44.422,1,0.9090909090909091,0.0,1.375
B0053,B0053_D0014,14,53.0453394166559,10,21.546,36.546,44.609,8.063000000000002,34.609,44.609,1,0.9090909090909091,0.0,1.5159999999999982
B0053,B0053_D0015,15,53.529123053190695,10,21.609,36.609,44.641000000000005,8.032000000000004,34.641000000000005,44.641000000000005,1,0.9090909090909091,0.0,1.4849999999999994
B0053,B0053_D0016,16,51.20183328318485,10,21.75,36.75,44.858999999999995,8.108999999999995,34.858999999999995,44.858999999999995,1,0.9090909090909091,0.0,1.5779999999999959
B0053,B0053_D0017,17,53.35478626716929,10,21.766000000000002,36.766000000000005,45.078,8.311999999999998,35.078,45.078,1,0.9090909090909091,0.0,1.703000000000003
B0053,B0053_D0018,18,51.39618925223749,10,21.735,36.735,45.0,8.265,35.0,45.0,1,0.9090909090909091,0.0,1.6400000000000006
B0053,B0053_D0019,19,51.62713199850504,10,21.781,36.781,45.109,8.328000000000003,35.109,45.109,1,0.9090909090909091,0.0,1.6400000000000006
B0053,B0053_D0020,20,52.79743923268525,10,21.859,36.859,45.25,8.390999999999998,35.25,45.25,1,0.9090909090909091,0.0,1.6880000000000024
B0053,B0053_D0021,21,52.22656915654359,10,21.891,36.891,45.375,8.484000000000002,35.375,45.375,1,0.9090909090909091,0.0,1.75
B0053,B0053_D0022,22,51.76569534060916,10,21.843999999999998,36.843999999999994,45.391,8.547000000000004,35.391,45.391,1,0.9090909090909091,0.0,1.8129999999999953
B0053,B0053_D0023,23,53.8170526550991,10,21.938000000000002,36.938,45.469,8.530999999999999,35.469,45.469,1,0.9090909090909091,0.0,1.75
B0053,B0053_D0024,24,51.76111570211771,10,22.266,37.266,46.5,9.234000000000002,36.5,46.5,1,0.9090909090909091,0.0,2.125
B0053,B0053_D0025,25,52.57143528454128,10,22.047000000000004,37.047000000000004,45.813,8.765999999999998,35.813,45.813,1,0.9090909090909091,0.0,1.9069999999999965
B0053,B0053_D0026,26,53.016646731948406,10,22.047,37.047,45.906,8.859000000000002,35.906,45.906,1,0.9090909090909091,0.0,1.9529999999999959
B0053,B0053_D0027,27,51.18483231374269,10,22.156,37.156,46.062,8.905999999999999,36.062,46.062,1,0.9090909090909091,0.0,1.968999999999994
B0053,B0053_D0028,28,52.32942334375444,10,22.203000000000003,37.203,46.172,8.968999999999994,36.172,46.172,1,0.9090909090909091,0.0,1.9849999999999994
B0053,B0053_D0029,29,50.15560842406116,10,22.125,37.125,46.109,8.984000000000002,36.109,46.109,1,0.9090909090909091,0.0,2.0150000000000006
B0053,B0053_D0030,30,52.30789467807804,10,22.171999999999997,37.172,46.202999999999996,9.030999999999999,36.202999999999996,46.202999999999996,1,0.9090909090909091,0.0,2.030999999999999
B0053,B0053_D0031,31,50.781317567628015,10,22.218000000000004,37.218,46.453,9.235,36.453,46.453,1,0.9090909090909091,0.0,2.125
B0053,B0053_D0032,32,51.25027446564726,10,22.219,37.219,46.422,9.202999999999996,36.422,46.422,1,0.9090909090909091,0.0,2.1099999999999994
B0053,B0053_D0033,33,49.00665812796456,10,22.203000000000003,37.203,46.563,9.36,36.563,46.563,1,0.9090909090909091,0.0,2.25
B0053,B0053_D0034,34,51.83888882101815,10,22.281999999999996,37.282,46.577999999999996,9.296,36.577999999999996,46.577999999999996,1,0.9090909090909091,0.0,2.1400000000000006
B0053,B0053_D0035,35,51.3415031029361,10,22.437,37.437,46.906,9.469000000000001,36.906,46.906,1,0.9090909090909091,0.0,2.219000000000001
B0053,B0053_D0036,36,50.75189831402551,10,22.422000000000004,37.422000000000004,46.875,9.452999999999996,36.875,46.875,1,0.9090909090909091,0.0,2.2180000000000035
B0053,B0053_D0037,37,49.52307369743088,10,22.484,37.484,47.031,9.546999999999997,37.031,47.031,1,0.9090909090909091,0.0,2.249999999999993
B0053,B0053_D0038,38,50.72882587291379,10,22.5,37.5,47.108999999999995,9.608999999999995,37.108999999999995,47.108999999999995,1,0.9090909090909091,0.0,2.296999999999997
B0053,B0053_D0039,39,49.05654472040194,10,22.453,37.453,47.14,9.686999999999998,37.14,47.14,1,0.9090909090909091,0.0,2.3119999999999976
B0053,B0053_D0040,40,50.20843714693218,10,22.5,37.5,47.14,9.64,37.14,47.14,1,0.9090909090909091,0.0,2.327999999999996
B0053,B0053_D0041,41,50.39102439803935,10,22.608999999999995,37.608999999999995,47.547,9.938000000000002,37.547,47.547,1,0.9090909090909091,0.0,2.468999999999994
B0053,B0053_D0042,42,49.1227066542282,10,22.782,37.782,48.282,10.5,38.282,48.282,1,0.9090909090909091,0.0,2.718999999999994
B0053,B0053_D0043,43,55.48387677769014,10,22.516,37.516,47.407,9.890999999999998,37.407,47.407,1,0.9090909090909091,0.0,2.421999999999997
B0053,B0053_D0044,44,55.68400794957381,10,22.687999999999995,37.687999999999995,47.75,10.062000000000005,37.75,47.75,1,0.9090909090909091,0.0,2.5620000000000047
B0053,B0053_D0045,45,51.92504550286202,10,22.687,37.687,47.703,10.016000000000005,37.703,47.703,1,0.9090909090909091,0.0,2.5159999999999982
B0053,B0053_D0046,46,53.84407951090039,10,22.686999999999998,37.687,47.844,10.157000000000004,37.844,47.844,1,0.9090909090909091,0.0,2.578000000000003
B0053,B0053_D0047,47,53.60852752918691,10,22.75,37.75,47.952999999999996,10.202999999999996,37.952999999999996,47.952999999999996,1,0.9090909090909091,0.0,2.625
B0053,B0053_D0048,48,50.62294499925558,10,22.781,37.781,48.125,10.344000000000001,38.125,48.125,1,0.9090909090909091,0.0,2.655999999999999
B0053,B0053_D0049,49,51.39972428774792,10,22.781,37.781,48.14,10.359000000000002,38.14,48.14,1,0.9090909090909091,0.0,2.671999999999997
B0053,B0053_D0050,50,51.52073639524999,10,22.75,37.75,48.125,10.375,38.125,48.125,1,0.9090909090909091,0.0,2.672000000000004
B0053,B0053_D0051,51,52.780816369975255,10,22.875,37.875,48.359,10.484000000000002,38.359,48.359,1,0.9090909090909091,0.0,2.7340000000000018
B0053,B0053_D0052,52,50.055577090813145,10,22.875000000000004,37.875,48.484,10.609000000000002,38.484,48.484,1,0.9090909090909091,0.0,2.75
B0053,B0053_D0053,53,52.33419607749331,10,22.968999999999994,37.968999999999994,48.547,10.578000000000003,38.547,48.547,1,0.9090909090909091,0.0,2.8130000000000024
B0053,B0053_D0054,54,52.35908280092715,10,22.984,37.984,48.717999999999996,10.733999999999995,38.717999999999996,48.717999999999996,1,0.9090909090909091,0.0,2.8590000000000018
B0053,B0053_D0055,55,50.51370039212889,10,23.061999999999998,38.062,48.984,10.922000000000004,38.984,48.984,1,0.9090909090909091,0.0,2.9840000000000018
B0054,B0054_D0002,2,58.32720119058048,10,19.516000000000002,34.516000000000005,38.391,3.874999999999993,28.391,38.391,2,0.9090909090909091,0.0,8.874999999999996
B0054,B0054_D0003,3,55.262607280693175,10,19.688000000000002,34.688,38.719,4.030999999999999,28.719,38.719,2,0.9090909090909091,0.0,9.030999999999999
B0054,B0054_D0004,4,54.80151128592938,10,19.765,34.765,38.844,4.079000000000001,28.844,38.844,2,0.9090909090909091,0.0,9.079
B0054,B0054_D0005,5,53.77225342804872,10,19.766,34.766,38.938,4.172000000000004,28.938000000000002,38.938,2,0.9090909090909091,0.0,9.172000000000004
B0054,B0054_D0006,6,53.27746764011898,10,19.717999999999996,34.717999999999996,39.031,4.313000000000002,29.031,39.031,2,0.9090909090909091,0.0,9.313000000000002
B0054,B0054_D0007,7,52.84184289986198,10,19.891,34.891,39.297000000000004,4.406000000000006,29.297000000000004,39.297000000000004,2,0.9090909090909091,0.0,9.406000000000006
B0054,B0054_D0008,8,52.24532222682421,10,19.858999999999995,34.858999999999995,39.327999999999996,4.469000000000001,29.327999999999996,39.327999999999996,2,0.9090909090909091,0.0,9.469000000000001
B0054,B0054_D0009,9,52.291819884684834,10,19.859,34.859,39.531,4.671999999999997,29.531,39.531,2,0.9090909090909091,0.0,9.671999999999997
B0054,B0054_D0010,10,50.90939604390074,10,19.969,34.969,39.656000000000006,4.687000000000005,29.656000000000006,39.656000000000006,2,0.9090909090909091,0.0,9.687000000000005
B0054,B0054_D0011,11,51.13204616836116,10,20.031000000000006,35.031000000000006,39.89,4.858999999999995,29.89,39.89,2,0.9090909090909091,0.0,9.858999999999995
B0054,B0054_D0012,12,51.94548093075449,10,20.171999999999997,35.172,40.063,4.891000000000005,30.063000000000002,40.063,2,0.9090909090909091,0.0,9.891000000000005
B0054,B0054_D0013,13,50.86625177175037,10,20.109,35.109,40.188,5.079000000000001,30.188000000000002,40.188,1,0.9090909090909091,0.0,0.06299999999999883
B0054,B0054_D0014,14,51.65919559972741,10,20.235,35.235,40.391000000000005,5.156000000000006,30.391000000000005,40.391000000000005,1,0.9090909090909091,0.0,0.0470000000000077
B0054,B0054_D0015,15,50.47616059869798,10,20.234,35.234,40.515,5.280999999999999,30.515,40.515,1,0.9090909090909091,0.0,0.09299999999999997
B0054,B0054_D0016,16,49.312416298132376,10,20.233999999999995,35.233999999999995,40.515,5.281000000000006,30.515,40.515,1,0.9090909090909091,0.0,0.12500000000000355
B0054,B0054_D0017,17,50.40024160000218,10,20.296,35.296,40.843,5.547000000000004,30.843000000000004,40.843,1,0.9090909090909091,0.0,0.28100000000000236
B0054,B0054_D0018,18,50.76693880627098,10,20.563000000000002,35.563,41.5,5.936999999999998,31.5,41.5,1,0.9090909090909091,0.0,0.4529999999999994
B0054,B0054_D0019,19,50.53393426677978,10,20.531,35.531,41.171,5.640000000000001,31.171,41.171,1,0.9090909090909091,0.0,0.3279999999999994
B0054,B0054_D0020,20,50.5204828292668,10,20.469,35.469,41.172000000000004,5.703000000000003,31.172000000000004,41.172000000000004,1,0.9090909090909091,0.0,0.37500000000000355
B0054,B0054_D0021,21,49.00716661981741,10,20.500000000000004,35.5,41.344,5.844000000000001,31.344,41.344,1,0.9090909090909091,0.0,0.40600000000000236
B0054,B0054_D0022,22,55.08320861812192,10,20.593999999999998,35.593999999999994,41.625,6.031000000000006,31.625,41.625,1,0.9090909090909091,0.0,0.5160000000000018
B0054,B0054_D0023,23,54.13256119500636,10,20.609,35.609,41.5,5.890999999999998,31.5,41.5,1,0.9090909090909091,0.0,0.4690000000000012
B0054,B0054_D0024,24,52.87504193934171,10,20.686999999999998,35.687,41.812,6.125,31.811999999999998,41.812,1,0.9090909090909091,0.0,0.5939999999999976
B0054,B0054_D0025,25,51.927586658076606,10,20.781000000000002,35.781000000000006,41.906,6.124999999999993,31.906,41.906,1,0.9090909090909091,0.0,0.5310000000000024
B0054,B0054_D0026,26,50.36647450645566,10,20.765000000000004,35.765,42.031,6.265999999999998,32.031,42.031,1,0.9090909090909091,0.0,0.6559999999999953
B0054,B0054_D0027,27,50.80200154270174,10,20.781000000000002,35.781000000000006,42.188,6.4069999999999965,32.188,42.188,1,0.9090909090909091,0.0,0.657
B0054,B0054_D0028,28,50.79159818220476,10,20.86,35.86,42.281,6.420999999999999,32.281,42.281,1,0.9090909090909091,0.0,0.7029999999999994
B0054,B0054_D0029,29,50.07691901608136,10,20.952999999999996,35.952999999999996,42.453,6.500000000000007,32.453,42.453,1,0.9090909090909091,0.0,0.7500000000000071
B0054,B0054_D0030,30,49.0624430795912,10,20.952999999999996,35.952999999999996,42.577999999999996,6.625,32.577999999999996,42.577999999999996,1,0.9090909090909091,0.0,0.8279999999999994
B0054,B0054_D0031,31,49.93708015055067,10,20.968999999999998,35.968999999999994,42.782,6.813000000000002,32.782,42.782,1,0.9090909090909091,0.0,0.8749999999999964
B0054,B0054_D0032,32,47.92007115474821,10,20.954,35.954,42.86,6.905999999999999,32.86,42.86,1,0.9090909090909091,0.0,0.9379999999999953
B0054,B0054_D0033,33,49.00423066947312,10,21.188000000000002,36.188,43.094,6.905999999999999,33.094,43.094,1,0.9090909090909091,0.0,0.953000000000003
B0054,B0054_D0034,34,48.60186099481383,10,21.141,36.141,42.953,6.812000000000005,32.953,42.953,1,0.9090909090909091,0.0,0.9060000000000059
B0054,B0054_D0035,35,48.46601403759206,10,21.172000000000004,36.172000000000004,43.188,7.015999999999998,33.188,43.188,1,0.9090909090909091,0.0,0.9690000000000012
B0054,B0054_D0036,36,47.39893194253132,10,21.14,36.14,43.156,7.015999999999998,33.156,43.156,1,0.9090909090909091,0.0,1.0159999999999982
B0054,B0054_D0037,37,48.19259784535614,10,21.266,36.266,43.5,7.234000000000002,33.5,43.5,1,0.9090909090909091,0.0,1.1400000000000006
B0054,B0054_D0038,38,48.41168347742348,10,21.249999999999996,36.25,43.5,7.25,33.5,43.5,1,0.9090909090909091,0.0,1.1410000000000053
B0054,B0054_D0039,39,47.03510432301882,10,21.328000000000003,36.328,43.64,7.311999999999998,33.64,43.64,1,0.9090909090909091,0.0,1.1400000000000006
B0054,B0054_D0040,40,48.092210385194825,10,21.313000000000002,36.313,43.672000000000004,7.359000000000002,33.672000000000004,43.672000000000004,1,0.9090909090909091,0.0,1.1720000000000041
B0054,B0054_D0041,41,46.661700720998525,10,21.39,36.39,43.906,7.515999999999998,33.906,43.906,1,0.9090909090909091,0.0,1.2659999999999982
B0054,B0054_D0042,42,46.56727368572608,10,21.531999999999996,36.532,44.218999999999994,7.686999999999998,34.218999999999994,44.218999999999994,1,0.9090909090909091,0.0,1.343999999999994
B0054,B0054_D0043,43,49.88214549558352,10,21.593,36.593,44.343,7.75,34.343,44.343,1,0.9090909090909091,0.0,1.3590000000000018
B0054,B0054_D0044,44,49.16657631486018,10,21.609,36.609,44.437,7.827999999999996,34.437,44.437,1,0.9090909090909091,0.0,1.4369999999999976
B0054,B0054_D0045,45,49.521850313887214,10,21.485,36.485,44.281,7.795999999999999,34.281,44.281,1,0.9090909090909091,0.0,1.4059999999999988
B0054,B0054_D0046,46,47.49935670218147,10,21.563,36.563,44.422,7.858999999999995,34.422,44.422,1,0.9090909090909091,0.0,1.4380000000000024
B0054,B0054_D0047,47,47.63013920450438,10,21.578000000000003,36.578,44.563,7.984999999999999,34.563,44.563,1,0.9090909090909091,0.0,1.4380000000000024
B0054,B0054_D0048,48,44.250875877328575,10,21.265000000000004,36.265,43.203,6.938000000000002,33.203,43.203,1,0.9090909090909091,0.0,0.9849999999999994
B0054,B0054_D0049,49,49.687013751208845,10,21.204,36.204,43.219,7.015000000000001,33.219,43.219,1,0.9090909090909091,0.0,1.0
B0054,B0054_D0050,50,49.775366525963946,10,21.156,36.156,43.14,6.984000000000002,33.14,43.14,1,0.9090909090909091,0.0,1.0309999999999988
B0054,B0054_D0051,51,48.7703935484058,10,21.281,36.281,43.406,7.125,33.406,43.406,1,0.9090909090909091,0.0,1.0309999999999988
B0054,B0054_D0052,52,48.2980279186961,10,21.281000000000002,36.281000000000006,43.453,7.171999999999997,33.453,43.453,1,0.9090909090909091,0.0,1.078000000000003
B0054,B0054_D0053,53,47.86851310844377,10,21.344,36.344,43.75,7.405999999999999,33.75,43.75,1,0.9090909090909091,0.0,1.218999999999994
B0054,B0054_D0054,54,46.47378295982466,10,21.282,36.282,43.657,7.375,33.657,43.657,1,0.9090909090909091,0.0,1.2039999999999935
B0054,B0054_D0055,55,46.61776939911973,10,21.358999999999995,36.358999999999995,43.812,7.453000000000003,33.812,43.812,1,0.9090909090909091,0.0,1.25
B0054,B0054_D0056,56,47.72841892024845,10,21.436999999999998,36.437,44.0,7.563000000000002,34.0,44.0,1,0.9090909090909091,0.0,1.2660000000000053
B0054,B0054_D0057,57,46.65121052186468,10,21.5,36.5,44.125,7.625,34.125,44.125,1,0.9090909090909091,0.0,1.3130000000000024
B0054,B0054_D0058,58,46.16470920004795,10,21.562,36.562,44.328,7.766000000000005,34.328,44.328,1,0.9090909090909091,0.0,1.375
B0054,B0054_D0059,59,46.28899582131488,10,21.562000000000005,36.562000000000005,44.328,7.765999999999998,34.328,44.328,1,0.9090909090909091,0.0,1.375
B0054,B0054_D0060,60,45.81382896640042,10,21.61,36.61,44.422,7.811999999999998,34.422,44.422,1,0.9090909090909091,0.0,1.375
B0054,B0054_D0061,61,46.93505839556234,10,21.546,36.546,44.609,8.063000000000002,34.609,44.609,1,0.9090909090909091,0.0,1.5159999999999982
B0054,B0054_D0062,62,45.794952934385854,10,21.609,36.609,44.641000000000005,8.032000000000004,34.641000000000005,44.641000000000005,1,0.9090909090909091,0.0,1.4849999999999994
B0054,B0054_D0063,63,46.01304495216894,10,21.75,36.75,44.858999999999995,8.108999999999995,34.858999999999995,44.858999999999995,1,0.9090909090909091,0.0,1.5779999999999959
B0054,B0054_D0064,64,45.55626958680444,10,21.766000000000002,36.766000000000005,45.078,8.311999999999998,35.078,45.078,1,0.9090909090909091,0.0,1.703000000000003
B0054,B0054_D0065,65,44.90253521847672,10,21.735,36.735,45.0,8.265,35.0,45.0,1,0.9090909090909091,0.0,1.6400000000000006
B0054,B0054_D0066,66,46.39432312008186,10,21.781,36.781,45.109,8.328000000000003,35.109,45.109,1,0.9090909090909091,0.0,1.6400000000000006
B0054,B0054_D0067,67,45.59207698493612,10,21.859,36.859,45.25,8.390999999999998,35.25,45.25,1,0.9090909090909091,0.0,1.6880000000000024
B0054,B0054_D0068,68,44.68245824664734,10,21.891,36.891,45.375,8.484000000000002,35.375,45.375,1,0.9090909090909091,0.0,1.75
B0054,B0054_D0069,69,45.50432246302128,10,21.843999999999998,36.843999999999994,45.391,8.547000000000004,35.391,45.391,1,0.9090909090909091,0.0,1.8129999999999953
B0054,B0054_D0070,70,45.5745236573047,10,21.938000000000002,36.938,45.469,8.530999999999999,35.469,45.469,1,0.9090909090909091,0.0,1.75
B0054,B0054_D0071,71,46.68586405819098,10,22.266,37.266,46.5,9.234000000000002,36.5,46.5,1,0.9090909090909091,0.0,2.125
B0054,B0054_D0072,72,44.90758878034388,10,22.047000000000004,37.047000000000004,45.813,8.765999999999998,35.813,45.813,1,0.9090909090909091,0.0,1.9069999999999965
B0054,B0054_D0073,73,45.69683567685627,10,22.047,37.047,45.906,8.859000000000002,35.906,45.906,1,0.9090909090909091,0.0,1.9529999999999959
B0054,B0054_D0074,74,43.8242430857714,10,22.156,37.156,46.062,8.905999999999999,36.062,46.062,1,0.9090909090909091,0.0,1.968999999999994
B0054,B0054_D0075,75,44.27458979290982,10,22.203000000000003,37.203,46.172,8.968999999999994,36.172,46.172,1,0.9090909090909091,0.0,1.9849999999999994
B0054,B0054_D0076,76,44.09537311423354,10,22.125,37.125,46.109,8.984000000000002,36.109,46.109,1,0.9090909090909091,0.0,2.0150000000000006
B0054,B0054_D0077,77,45.22904552972398,10,22.171999999999997,37.172,46.202999999999996,9.030999999999999,36.202999999999996,46.202999999999996,1,0.9090909090909091,0.0,2.030999999999999
B0054,B0054_D0078,78,43.67303174727998,10,22.218000000000004,37.218,46.453,9.235,36.453,46.453,1,0.9090909090909091,0.0,2.125
B0054,B0054_D0079,79,45.1565595493414,10,22.219,37.219,46.422,9.202999999999996,36.422,46.422,1,0.9090909090909091,0.0,2.1099999999999994
B0054,B0054_D0080,80,43.56108877030062,10,22.203000000000003,37.203,46.563,9.36,36.563,46.563,1,0.9090909090909091,0.0,2.25
B0054,B0054_D0081,81,44.682495217383085,10,22.281999999999996,37.282,46.577999999999996,9.296,36.577999999999996,46.577999999999996,1,0.9090909090909091,0.0,2.1400000000000006
B0054,B0054_D0082,82,44.17532007343946,10,22.437,37.437,46.906,9.469000000000001,36.906,46.906,1,0.9090909090909091,0.0,2.219000000000001
B0054,B0054_D0083,83,43.89701852683957,10,22.422000000000004,37.422000000000004,46.875,9.452999999999996,36.875,46.875,1,0.9090909090909091,0.0,2.2180000000000035
B0054,B0054_D0084,84,42.99694554682547,10,22.484,37.484,47.031,9.546999999999997,37.031,47.031,1,0.9090909090909091,0.0,2.249999999999993
B0054,B0054_D0085,85,43.48679059804783,10,22.5,37.5,47.108999999999995,9.608999999999995,37.108999999999995,47.108999999999995,1,0.9090909090909091,0.0,2.296999999999997
B0054,B0054_D0086,86,43.191359074063385,10,22.453,37.453,47.14,9.686999999999998,37.14,47.14,1,0.9090909090909091,0.0,2.3119999999999976
B0054,B0054_D0087,87,44.32847268894572,10,22.5,37.5,47.14,9.64,37.14,47.14,1,0.9090909090909091,0.0,2.327999999999996
B0054,B0054_D0088,88,43.45039286156664,10,22.608999999999995,37.608999999999995,47.547,9.938000000000002,37.547,47.547,1,0.9090909090909091,0.0,2.468999999999994
B0054,B0054_D0089,89,42.372230441888256,10,22.782,37.782,48.282,10.5,38.282,48.282,1,0.9090909090909091,0.0,2.718999999999994
B0054,B0054_D0090,90,43.99863860790351,10,22.516,37.516,47.407,9.890999999999998,37.407,47.407,1,0.9090909090909091,0.0,2.421999999999997
B0054,B0054_D0091,91,45.55222291384254,10,22.687999999999995,37.687999999999995,47.75,10.062000000000005,37.75,47.75,1,0.9090909090909091,0.0,2.5620000000000047
B0054,B0054_D0092,92,45.6086214667753,10,22.687,37.687,47.703,10.016000000000005,37.703,47.703,1,0.9090909090909091,0.0,2.5159999999999982
B0054,B0054_D0093,93,44.360219879424,10,22.686999999999998,37.687,47.844,10.157000000000004,37.844,47.844,1,0.9090909090909091,0.0,2.578000000000003
B0054,B0054_D0094,94,44.80618383979608,10,22.75,37.75,47.952999999999996,10.202999999999996,37.952999999999996,47.952999999999996,1,0.9090909090909091,0.0,2.625
B0054,B0054_D0095,95,44.25667000564226,10,22.781,37.781,48.125,10.344000000000001,38.125,48.125,1,0.9090909090909091,0.0,2.655999999999999
B0054,B0054_D0096,96,43.96693322718059,10,22.781,37.781,48.14,10.359000000000002,38.14,48.14,1,0.9090909090909091,0.0,2.671999999999997
B0054,B0054_D0097,97,42.30612119225313,10,22.75,37.75,48.125,10.375,38.125,48.125,1,0.9090909090909091,0.0,2.672000000000004
B0054,B0054_D0098,98,43.52966576484671,10,22.875,37.875,48.359,10.484000000000002,38.359,48.359,1,0.9090909090909091,0.0,2.7340000000000018
B0054,B0054_D0099,99,42.20260454804552,10,22.875000000000004,37.875,48.484,10.609000000000002,38.484,48.484,1,0.9090909090909091,0.0,2.75
B0054,B0054_D0100,100,42.68122339201789,10,22.968999999999994,37.968999999999994,48.547,10.578000000000003,38.547,48.547,1,0.9090909090909091,0.0,2.8130000000000024
B0054,B0054_D0101,101,42.62259668979069,10,22.984,37.984,48.717999999999996,10.733999999999995,38.717999999999996,48.717999999999996,1,0.9090909090909091,0.0,2.8590000000000018
B0054,B0054_D0102,102,41.86959500896507,10,23.061999999999998,38.062,48.984,10.922000000000004,38.984,48.984,1,0.9090909090909091,0.0,2.9840000000000018
B0055,B0055_D0002,2,65.99460782314391,10,19.516000000000002,34.516000000000005,38.391,3.874999999999993,28.391,38.391,2,0.9090909090909091,0.0,8.874999999999996
B0055,B0055_D0003,3,63.84916400566007,10,19.688000000000002,34.688,38.719,4.030999999999999,28.719,38.719,2,0.9090909090909091,0.0,9.030999999999999
B0055,B0055_D0004,4,62.86295656115431,10,19.765,34.765,38.844,4.079000000000001,28.844,38.844,2,0.9090909090909091,0.0,9.079
B0055,B0055_D0005,5,60.3381875649706,10,19.766,34.766,38.938,4.172000000000004,28.938000000000002,38.938,2,0.9090909090909091,0.0,9.172000000000004
B0055,B0055_D0006,6,60.38661268051598,10,19.717999999999996,34.717999999999996,39.031,4.313000000000002,29.031,39.031,2,0.9090909090909091,0.0,9.313000000000002
B0055,B0055_D0007,7,60.04807145046917,10,19.891,34.891,39.297000000000004,4.406000000000006,29.297000000000004,39.297000000000004,2,0.9090909090909091,0.0,9.406000000000006
B0055,B0055_D0008,8,59.45295432749865,10,19.858999999999995,34.858999999999995,39.327999999999996,4.469000000000001,29.327999999999996,39.327999999999996,2,0.9090909090909091,0.0,9.469000000000001
B0055,B0055_D0009,9,58.48543913022165,10,19.859,34.859,39.531,4.671999999999997,29.531,39.531,2,0.9090909090909091,0.0,9.671999999999997
B0055,B0055_D0010,10,57.41823597306712,10,19.969,34.969,39.656000000000006,4.687000000000005,29.656000000000006,39.656000000000006,2,0.9090909090909091,0.0,9.687000000000005
B0055,B0055_D0011,11,57.63863030486148,10,20.031000000000006,35.031000000000006,39.89,4.858999999999995,29.89,39.89,2,0.9090909090909091,0.0,9.858999999999995
B0055,B0055_D0012,12,56.59185235863614,10,20.171999999999997,35.172,40.063,4.891000000000005,30.063000000000002,40.063,2,0.9090909090909091,0.0,9.891000000000005
B0055,B0055_D0013,13,56.63262901691674,10,20.109,35.109,40.188,5.079000000000001,30.188000000000002,40.188,1,0.9090909090909091,0.0,0.06299999999999883
B0055,B0055_D0014,14,55.80282858287292,10,20.235,35.235,40.391000000000005,5.156000000000006,30.391000000000005,40.391000000000005,1,0.9090909090909091,0.0,0.0470000000000077
B0055,B0055_D0015,15,54.923209125344265,10,20.234,35.234,40.515,5.280999999999999,30.515,40.515,1,0.9090909090909091,0.0,0.09299999999999997
B0055,B0055_D0016,16,54.62847051548339,10,20.233999999999995,35.233999999999995,40.515,5.281000000000006,30.515,40.515,1,0.9090909090909091,0.0,0.12500000000000355
B0055,B0055_D0017,17,55.45838403560155,10,20.296,35.296,40.843,5.547000000000004,30.843000000000004,40.843,1,0.9090909090909091,0.0,0.28100000000000236
B0055,B0055_D0018,18,55.37517514452856,10,20.563000000000002,35.563,41.5,5.936999999999998,31.5,41.5,1,0.9090909090909091,0.0,0.4529999999999994
B0055,B0055_D0019,19,55.33758377122655,10,20.531,35.531,41.171,5.640000000000001,31.171,41.171,1,0.9090909090909091,0.0,0.3279999999999994
B0055,B0055_D0020,20,53.63347062291412,10,20.469,35.469,41.172000000000004,5.703000000000003,31.172000000000004,41.172000000000004,1,0.9090909090909091,0.0,0.37500000000000355
B0055,B0055_D0021,21,53.884220107533466,10,20.500000000000004,35.5,41.344,5.844000000000001,31.344,41.344,1,0.9090909090909091,0.0,0.40600000000000236
B0055,B0055_D0022,22,59.908573672679545,10,20.593999999999998,35.593999999999994,41.625,6.031000000000006,31.625,41.625,1,0.9090909090909091,0.0,0.5160000000000018
B0055,B0055_D0023,23,58.126907763404645,10,20.609,35.609,41.5,5.890999999999998,31.5,41.5,1,0.9090909090909091,0.0,0.4690000000000012
B0055,B0055_D0024,24,57.78413732922112,10,20.686999999999998,35.687,41.812,6.125,31.811999999999998,41.812,1,0.9090909090909091,0.0,0.5939999999999976
B0055,B0055_D0025,25,56.8722049211178,10,20.781000000000002,35.781000000000006,41.906,6.124999999999993,31.906,41.906,1,0.9090909090909091,0.0,0.5310000000000024
B0055,B0055_D0026,26,55.63187676062746,10,20.765000000000004,35.765,42.031,6.265999999999998,32.031,42.031,1,0.9090909090909091,0.0,0.6559999999999953
B0055,B0055_D0027,27,54.93280339229904,10,20.781000000000002,35.781000000000006,42.188,6.4069999999999965,32.188,42.188,1,0.9090909090909091,0.0,0.657
B0055,B0055_D0028,28,54.9265137944232,10,20.86,35.86,42.281,6.420999999999999,32.281,42.281,1,0.9090909090909091,0.0,0.7029999999999994
B0055,B0055_D0029,29,55.146852004842685,10,20.952999999999996,35.952999999999996,42.453,6.500000000000007,32.453,42.453,1,0.9090909090909091,0.0,0.7500000000000071
B0055,B0055_D0030,30,54.74822461367659,10,20.952999999999996,35.952999999999996,42.577999999999996,6.625,32.577999999999996,42.577999999999996,1,0.9090909090909091,0.0,0.8279999999999994
B0055,B0055_D0031,31,54.45339857415499,10,20.968999999999998,35.968999999999994,42.782,6.813000000000002,32.782,42.782,1,0.9090909090909091,0.0,0.8749999999999964
B0055,B0055_D0032,32,53.66616958180265,10,20.954,35.954,42.86,6.905999999999999,32.86,42.86,1,0.9090909090909091,0.0,0.9379999999999953
B0055,B0055_D0033,33,54.768692837265455,10,21.188000000000002,36.188,43.094,6.905999999999999,33.094,43.094,1,0.9090909090909091,0.0,0.953000000000003
B0055,B0055_D0034,34,53.19758733121562,10,21.141,36.141,42.953,6.812000000000005,32.953,42.953,1,0.9090909090909091,0.0,0.9060000000000059
B0055,B0055_D0035,35,54.28990362038515,10,21.172000000000004,36.172000000000004,43.188,7.015999999999998,33.188,43.188,1,0.9090909090909091,0.0,0.9690000000000012
B0055,B0055_D0036,36,52.94374482753778,10,21.14,36.14,43.156,7.015999999999998,33.156,43.156,1,0.9090909090909091,0.0,1.0159999999999982
B0055,B0055_D0037,37,54.06630017595644,10,21.266,36.266,43.5,7.234000000000002,33.5,43.5,1,0.9090909090909091,0.0,1.1400000000000006
B0055,B0055_D0038,38,53.08009312941615,10,21.249999999999996,36.25,43.5,7.25,33.5,43.5,1,0.9090909090909091,0.0,1.1410000000000053
B0055,B0055_D0039,39,52.96960335290564,10,21.328000000000003,36.328,43.64,7.311999999999998,33.64,43.64,1,0.9090909090909091,0.0,1.1400000000000006
B0055,B0055_D0040,40,53.712565707123616,10,21.313000000000002,36.313,43.672000000000004,7.359000000000002,33.672000000000004,43.672000000000004,1,0.9090909090909091,0.0,1.1720000000000041
B0055,B0055_D0041,41,52.02807367065751,10,21.39,36.39,43.906,7.515999999999998,33.906,43.906,1,0.9090909090909091,0.0,1.2659999999999982
B0055,B0055_D0042,42,52.87828267662448,10,21.531999999999996,36.532,44.218999999999994,7.686999999999998,34.218999999999994,44.218999999999994,1,0.9090909090909091,0.0,1.343999999999994
B0055,B0055_D0043,43,54.91764485457311,10,21.593,36.593,44.343,7.75,34.343,44.343,1,0.9090909090909091,0.0,1.3590000000000018
B0055,B0055_D0044,44,55.48794968698685,10,21.609,36.609,44.437,7.827999999999996,34.437,44.437,1,0.9090909090909091,0.0,1.4369999999999976
B0055,B0055_D0045,45,53.96657889603436,10,21.485,36.485,44.281,7.795999999999999,34.281,44.281,1,0.9090909090909091,0.0,1.4059999999999988
B0055,B0055_D0046,46,53.58079547378074,10,21.563,36.563,44.422,7.858999999999995,34.422,44.422,1,0.9090909090909091,0.0,1.4380000000000024
B0055,B0055_D0047,47,53.73232105509898,10,21.578000000000003,36.578,44.563,7.984999999999999,34.563,44.563,1,0.9090909090909091,0.0,1.4380000000000024
B0055,B0055_D0048,48,54.3218415325895,10,21.265000000000004,36.265,43.203,6.938000000000002,33.203,43.203,1,0.9090909090909091,0.0,0.9849999999999994
B0055,B0055_D0049,49,56.70069173693979,10,21.204,36.204,43.219,7.015000000000001,33.219,43.219,1,0.9090909090909091,0.0,1.0
B0055,B0055_D0050,50,55.884823589757936,10,21.156,36.156,43.14,6.984000000000002,33.14,43.14,1,0.9090909090909091,0.0,1.0309999999999988
B0055,B0055_D0051,51,55.23234264822145,10,21.281,36.281,43.406,7.125,33.406,43.406,1,0.9090909090909091,0.0,1.0309999999999988
B0055,B0055_D0052,52,54.4850074203713,10,21.281000000000002,36.281000000000006,43.453,7.171999999999997,33.453,43.453,1,0.9090909090909091,0.0,1.078000000000003
B0055,B0055_D0053,53,53.7766773769086,10,21.344,36.344,43.75,7.405999999999999,33.75,43.75,1,0.9090909090909091,0.0,1.218999999999994
B0055,B0055_D0054,54,53.04933388072184,10,21.282,36.282,43.657,7.375,33.657,43.657,1,0.9090909090909091,0.0,1.2039999999999935
B0055,B0055_D0055,55,52.59109020807784,10,21.358999999999995,36.358999999999995,43.812,7.453000000000003,33.812,43.812,1,0.9090909090909091,0.0,1.25
B0055,B0055_D0056,56,52.76928949066379,10,21.436999999999998,36.437,44.0,7.563000000000002,34.0,44.0,1,0.9090909090909091,0.0,1.2660000000000053
B0055,B0055_D0057,57,52.66551166845894,10,21.5,36.5,44.125,7.625,34.125,44.125,1,0.9090909090909091,0.0,1.3130000000000024
B0055,B0055_D0058,58,51.57682630042174,10,21.562,36.562,44.328,7.766000000000005,34.328,44.328,1,0.9090909090909091,0.0,1.375
B0055,B0055_D0059,59,52.66700526629708,10,21.562000000000005,36.562000000000005,44.328,7.765999999999998,34.328,44.328,1,0.9090909090909091,0.0,1.375
B0055,B0055_D0060,60,51.58938399405394,10,21.61,36.61,44.422,7.811999999999998,34.422,44.422,1,0.9090909090909091,0.0,1.375
B0055,B0055_D0061,61,51.77103956078648,10,21.546,36.546,44.609,8.063000000000002,34.609,44.609,1,0.9090909090909091,0.0,1.5159999999999982
B0055,B0055_D0062,62,51.61125895655304,10,21.609,36.609,44.641000000000005,8.032000000000004,34.641000000000005,44.641000000000005,1,0.9090909090909091,0.0,1.4849999999999994
B0055,B0055_D0063,63,50.5771698651736,10,21.75,36.75,44.858999999999995,8.108999999999995,34.858999999999995,44.858999999999995,1,0.9090909090909091,0.0,1.5779999999999959
B0055,B0055_D0064,64,52.06880284075114,10,21.766000000000002,36.766000000000005,45.078,8.311999999999998,35.078,45.078,1,0.9090909090909091,0.0,1.703000000000003
B0055,B0055_D0065,65,51.0870966934405,10,21.735,36.735,45.0,8.265,35.0,45.0,1,0.9090909090909091,0.0,1.6400000000000006
B0055,B0055_D0066,66,50.665677739846416,10,21.781,36.781,45.109,8.328000000000003,35.109,45.109,1,0.9090909090909091,0.0,1.6400000000000006
B0055,B0055_D0067,67,51.49971279813455,10,21.859,36.859,45.25,8.390999999999998,35.25,45.25,1,0.9090909090909091,0.0,1.6880000000000024
B0055,B0055_D0068,68,50.94674903907163,10,21.891,36.891,45.375,8.484000000000002,35.375,45.375,1,0.9090909090909091,0.0,1.75
B0055,B0055_D0069,69,51.45439760427008,10,21.843999999999998,36.843999999999994,45.391,8.547000000000004,35.391,45.391,1,0.9090909090909091,0.0,1.8129999999999953
B0055,B0055_D0070,70,52.83814620950022,10,21.938000000000002,36.938,45.469,8.530999999999999,35.469,45.469,1,0.9090909090909091,0.0,1.75
B0055,B0055_D0071,71,51.45834268158323,10,22.266,37.266,46.5,9.234000000000002,36.5,46.5,1,0.9090909090909091,0.0,2.125
B0055,B0055_D0072,72,51.6064922245051,10,22.047000000000004,37.047000000000004,45.813,8.765999999999998,35.813,45.813,1,0.9090909090909091,0.0,1.9069999999999965
B0055,B0055_D0073,73,52.046151419756384,10,22.047,37.047,45.906,8.859000000000002,35.906,45.906,1,0.9090909090909091,0.0,1.9529999999999959
B0055,B0055_D0074,74,50.55805493834935,10,22.156,37.156,46.062,8.905999999999999,36.062,46.062,1,0.9090909090909091,0.0,1.968999999999994
B0055,B0055_D0075,75,51.68938056455892,10,22.203000000000003,37.203,46.172,8.968999999999994,36.172,46.172,1,0.9090909090909091,0.0,1.9849999999999994
B0055,B0055_D0076,76,50.19971120101915,10,22.125,37.125,46.109,8.984000000000002,36.109,46.109,1,0.9090909090909091,0.0,2.0150000000000006
B0055,B0055_D0077,77,51.67097739977502,10,22.171999999999997,37.172,46.202999999999996,9.030999999999999,36.202999999999996,46.202999999999996,1,0.9090909090909091,0.0,2.030999999999999
B0055,B0055_D0078,78,50.49468282058231,10,22.218000000000004,37.218,46.453,9.235,36.453,46.453,1,0.9090909090909091,0.0,2.125
B0055,B0055_D0079,79,50.63131223970314,10,22.219,37.219,46.422,9.202999999999996,36.422,46.422,1,0.9090909090909091,0.0,2.1099999999999994
B0055,B0055_D0080,80,49.74371027863847,10,22.203000000000003,37.203,46.563,9.36,36.563,46.563,1,0.9090909090909091,0.0,2.25
B0055,B0055_D0081,81,51.20399778089666,10,22.281999999999996,37.282,46.577999999999996,9.296,36.577999999999996,46.577999999999996,1,0.9090909090909091,0.0,2.1400000000000006
B0055,B0055_D0082,82,51.044447550215146,10,22.437,37.437,46.906,9.469000000000001,36.906,46.906,1,0.9090909090909091,0.0,2.219000000000001
B0055,B0055_D0083,83,50.805040797205706,10,22.422000000000004,37.422000000000004,46.875,9.452999999999996,36.875,46.875,1,0.9090909090909091,0.0,2.2180000000000035
B0055,B0055_D0084,84,49.93937672553138,10,22.484,37.484,47.031,9.546999999999997,37.031,47.031,1,0.9090909090909091,0.0,2.249999999999993
B0055,B0055_D0085,85,50.79434147461892,10,22.5,37.5,47.108999999999995,9.608999999999995,37.108999999999995,47.108999999999995,1,0.9090909090909091,0.0,2.296999999999997
B0055,B0055_D0086,86,49.81718758881297,10,22.453,37.453,47.14,9.686999999999998,37.14,47.14,1,0.9090909090909091,0.0,2.3119999999999976
B0055,B0055_D0087,87,50.268886907097645,10,22.5,37.5,47.14,9.64,37.14,47.14,1,0.9090909090909091,0.0,2.327999999999996
B0055,B0055_D0088,88,50.45661455013955,10,22.608999999999995,37.608999999999995,47.547,9.938000000000002,37.547,47.547,1,0.9090909090909091,0.0,2.468999999999994
B0055,B0055_D0089,89,49.922906203921016,10,22.782,37.782,48.282,10.5,38.282,48.282,1,0.9090909090909091,0.0,2.718999999999994
B0055,B0055_D0090,90,54.461946620570686,10,22.516,37.516,47.407,9.890999999999998,37.407,47.407,1,0.9090909090909091,0.0,2.421999999999997
B0055,B0055_D0091,91,53.96968015851762,10,22.687999999999995,37.687999999999995,47.75,10.062000000000005,37.75,47.75,1,0.9090909090909091,0.0,2.5620000000000047
B0055,B0055_D0092,92,51.6307147657112,10,22.687,37.687,47.703,10.016000000000005,37.703,47.703,1,0.9090909090909091,0.0,2.5159999999999982
B0055,B0055_D0093,93,52.4928632451332,10,22.686999999999998,37.687,47.844,10.157000000000004,37.844,47.844,1,0.9090909090909091,0.0,2.578000000000003
B0055,B0055_D0094,94,52.26951348624282,10,22.75,37.75,47.952999999999996,10.202999999999996,37.952999999999996,47.952999999999996,1,0.9090909090909091,0.0,2.625
B0055,B0055_D0095,95,50.00803868356757,10,22.781,37.781,48.125,10.344000000000001,38.125,48.125,1,0.9090909090909091,0.0,2.655999999999999
B0055,B0055_D0096,96,50.42047393439078,10,22.781,37.781,48.14,10.359000000000002,38.14,48.14,1,0.9090909090909091,0.0,2.671999999999997
B0055,B0055_D0097,97,50.18275790410195,10,22.75,37.75,48.125,10.375,38.125,48.125,1,0.9090909090909091,0.0,2.672000000000004
B0055,B0055_D0098,98,51.426348382976606,10,22.875,37.875,48.359,10.484000000000002,38.359,48.359,1,0.9090909090909091,0.0,2.7340000000000018
B0055,B0055_D0099,99,49.08422179493511,10,22.875000000000004,37.875,48.484,10.609000000000002,38.484,48.484,1,0.9090909090909091,0.0,2.75
B0055,B0055_D0100,100,50.63560717085566,10,22.968999999999994,37.968999999999994,48.547,10.578000000000003,38.547,48.547,1,0.9090909090909091,0.0,2.8130000000000024
B0055,B0055_D0101,101,51.00689998074628,10,22.984,37.984,48.717999999999996,10.733999999999995,38.717999999999996,48.717999999999996,1,0.9090909090909091,0.0,2.8590000000000018
B0055,B0055_D0102,102,49.53795831686582,10,23.061999999999998,38.062,48.984,10.922000000000004,38.984,48.984,1,0.9090909090909091,0.0,2.9840000000000018
B0056,B0056_D0002,2,67.21777776508684,10,19.516000000000002,34.516000000000005,38.391,3.874999999999993,28.391,38.391,2,0.9090909090909091,0.0,8.874999999999996
B0056,B0056_D0003,3,65.87513553673759,10,19.688000000000002,34.688,38.719,4.030999999999999,28.719,38.719,2,0.9090909090909091,0.0,9.030999999999999
B0056,B0056_D0004,4,64.86827339738456,10,19.765,34.765,38.844,4.079000000000001,28.844,38.844,2,0.9090909090909091,0.0,9.079
B0056,B0056_D0005,5,63.1980207427449,10,19.766,34.766,38.938,4.172000000000004,28.938000000000002,38.938,2,0.9090909090909091,0.0,9.172000000000004
B0056,B0056_D0006,6,62.94748093516069,10,19.717999999999996,34.717999999999996,39.031,4.313000000000002,29.031,39.031,2,0.9090909090909091,0.0,9.313000000000002
B0056,B0056_D0007,7,64.030988451013,10,19.891,34.891,39.297000000000004,4.406000000000006,29.297000000000004,39.297000000000004,2,0.9090909090909091,0.0,9.406000000000006
B0056,B0056_D0008,8,62.863934343035474,10,19.858999999999995,34.858999999999995,39.327999999999996,4.469000000000001,29.327999999999996,39.327999999999996,2,0.9090909090909091,0.0,9.469000000000001
B0056,B0056_D0009,9,61.131300205244486,10,19.859,34.859,39.531,4.671999999999997,29.531,39.531,2,0.9090909090909091,0.0,9.671999999999997
B0056,B0056_D0010,10,61.46386124628748,10,19.969,34.969,39.656000000000006,4.687000000000005,29.656000000000006,39.656000000000006,2,0.9090909090909091,0.0,9.687000000000005
B0056,B0056_D0011,11,61.37890067844728,10,20.031000000000006,35.031000000000006,39.89,4.858999999999995,29.89,39.89,2,0.9090909090909091,0.0,9.858999999999995
B0056,B0056_D0012,12,60.66936444148384,10,20.171999999999997,35.172,40.063,4.891000000000005,30.063000000000002,40.063,2,0.9090909090909091,0.0,9.891000000000005
B0056,B0056_D0013,13,61.51118072465405,10,20.109,35.109,40.188,5.079000000000001,30.188000000000002,40.188,1,0.9090909090909091,0.0,0.06299999999999883
B0056,B0056_D0014,14,59.6376505423134,10,20.235,35.235,40.391000000000005,5.156000000000006,30.391000000000005,40.391000000000005,1,0.9090909090909091,0.0,0.0470000000000077
B0056,B0056_D0015,15,59.335533179939006,10,20.234,35.234,40.515,5.280999999999999,30.515,40.515,1,0.9090909090909091,0.0,0.09299999999999997
B0056,B0056_D0016,16,59.57437570121083,10,20.233999999999995,35.233999999999995,40.515,5.281000000000006,30.515,40.515,1,0.9090909090909091,0.0,0.12500000000000355
B0056,B0056_D0017,17,60.7089303008908,10,20.296,35.296,40.843,5.547000000000004,30.843000000000004,40.843,1,0.9090909090909091,0.0,0.28100000000000236
B0056,B0056_D0018,18,60.47193779360701,10,20.563000000000002,35.563,41.5,5.936999999999998,31.5,41.5,1,0.9090909090909091,0.0,0.4529999999999994
B0056,B0056_D0019,19,60.353614997016045,10,20.531,35.531,41.171,5.640000000000001,31.171,41.171,1,0.9090909090909091,0.0,0.3279999999999994
B0056,B0056_D0020,20,58.14806246959565,10,20.469,35.469,41.172000000000004,5.703000000000003,31.172000000000004,41.172000000000004,1,0.9090909090909091,0.0,0.37500000000000355
B0056,B0056_D0021,21,58.94398435295199,10,20.500000000000004,35.5,41.344,5.844000000000001,31.344,41.344,1,0.9090909090909091,0.0,0.40600000000000236
B0056,B0056_D0022,22,64.72552073022216,10,20.593999999999998,35.593999999999994,41.625,6.031000000000006,31.625,41.625,1,0.9090909090909091,0.0,0.5160000000000018
B0056,B0056_D0023,23,63.01283781501736,10,20.609,35.609,41.5,5.890999999999998,31.5,41.5,1,0.9090909090909091,0.0,0.4690000000000012
B0056,B0056_D0024,24,62.04360645782554,10,20.686999999999998,35.687,41.812,6.125,31.811999999999998,41.812,1,0.9090909090909091,0.0,0.5939999999999976
B0056,B0056_D0025,25,62.60986701365565,10,20.781000000000002,35.781000000000006,41.906,6.124999999999993,31.906,41.906,1,0.9090909090909091,0.0,0.5310000000000024
B0056,B0056_D0026,26,61.39512850238692,10,20.765000000000004,35.765,42.031,6.265999999999998,32.031,42.031,1,0.9090909090909091,0.0,0.6559999999999953
B0056,B0056_D0027,27,59.58585154473497,10,20.781000000000002,35.781000000000006,42.188,6.4069999999999965,32.188,42.188,1,0.9090909090909091,0.0,0.657
B0056,B0056_D0028,28,59.29285120005503,10,20.86,35.86,42.281,6.420999999999999,32.281,42.281,1,0.9090909090909091,0.0,0.7029999999999994
B0056,B0056_D0029,29,59.20469143305714,10,20.952999999999996,35.952999999999996,42.453,6.500000000000007,32.453,42.453,1,0.9090909090909091,0.0,0.7500000000000071
B0056,B0056_D0030,30,60.299145679588285,10,20.952999999999996,35.952999999999996,42.577999999999996,6.625,32.577999999999996,42.577999999999996,1,0.9090909090909091,0.0,0.8279999999999994
B0056,B0056_D0031,31,58.271424683969656,10,20.968999999999998,35.968999999999994,42.782,6.813000000000002,32.782,42.782,1,0.9090909090909091,0.0,0.8749999999999964
B0056,B0056_D0032,32,58.95030306596929,10,20.954,35.954,42.86,6.905999999999999,32.86,42.86,1,0.9090909090909091,0.0,0.9379999999999953
B0056,B0056_D0033,33,60.06556873591576,10,21.188000000000002,36.188,43.094,6.905999999999999,33.094,43.094,1,0.9090909090909091,0.0,0.953000000000003
B0056,B0056_D0034,34,58.27989016587159,10,21.141,36.141,42.953,6.812000000000005,32.953,42.953,1,0.9090909090909091,0.0,0.9060000000000059
B0056,B0056_D0035,35,59.015166752750105,10,21.172000000000004,36.172000000000004,43.188,7.015999999999998,33.188,43.188,1,0.9090909090909091,0.0,0.9690000000000012
B0056,B0056_D0036,36,58.29067094847523,10,21.14,36.14,43.156,7.015999999999998,33.156,43.156,1,0.9090909090909091,0.0,1.0159999999999982
B0056,B0056_D0037,37,58.8198025788688,10,21.266,36.266,43.5,7.234000000000002,33.5,43.5,1,0.9090909090909091,0.0,1.1400000000000006
B0056,B0056_D0038,38,57.29162756470383,10,21.249999999999996,36.25,43.5,7.25,33.5,43.5,1,0.9090909090909091,0.0,1.1410000000000053
B0056,B0056_D0039,39,58.3778879990148,10,21.328000000000003,36.328,43.64,7.311999999999998,33.64,43.64,1,0.9090909090909091,0.0,1.1400000000000006
B0056,B0056_D0040,40,57.28183273559579,10,21.313000000000002,36.313,43.672000000000004,7.359000000000002,33.672000000000004,43.672000000000004,1,0.9090909090909091,0.0,1.1720000000000041
B0056,B0056_D0041,41,57.21833501412223,10,21.39,36.39,43.906,7.515999999999998,33.906,43.906,1,0.9090909090909091,0.0,1.2659999999999982
B0056,B0056_D0042,42,58.02588843194047,10,21.531999999999996,36.532,44.218999999999994,7.686999999999998,34.218999999999994,44.218999999999994,1,0.9090909090909091,0.0,1.343999999999994
B0056,B0056_D0043,43,61.360065213012405,10,21.593,36.593,44.343,7.75,34.343,44.343,1,0.9090909090909091,0.0,1.3590000000000018
B0056,B0056_D0044,44,62.273986010227375,10,21.609,36.609,44.437,7.827999999999996,34.437,44.437,1,0.9090909090909091,0.0,1.4369999999999976
B0056,B0056_D0045,45,58.61144424518614,10,21.485,36.485,44.281,7.795999999999999,34.281,44.281,1,0.9090909090909091,0.0,1.4059999999999988
B0056,B0056_D0046,46,59.76757499972478,10,21.563,36.563,44.422,7.858999999999995,34.422,44.422,1,0.9090909090909091,0.0,1.4380000000000024
B0056,B0056_D0047,47,59.59757358101962,10,21.578000000000003,36.578,44.563,7.984999999999999,34.563,44.563,1,0.9090909090909091,0.0,1.4380000000000024
B0056,B0056_D0048,48,61.48111832626293,10,21.265000000000004,36.265,43.203,6.938000000000002,33.203,43.203,1,0.9090909090909091,0.0,0.9849999999999994
B0056,B0056_D0049,49,63.87259709698494,10,21.204,36.204,43.219,7.015000000000001,33.219,43.219,1,0.9090909090909091,0.0,1.0
B0056,B0056_D0050,50,62.16939875834292,10,21.156,36.156,43.14,6.984000000000002,33.14,43.14,1,0.9090909090909091,0.0,1.0309999999999988
B0056,B0056_D0051,51,61.5401271456296,10,21.281,36.281,43.406,7.125,33.406,43.406,1,0.9090909090909091,0.0,1.0309999999999988
B0056,B0056_D0052,52,60.81179267047332,10,21.281000000000002,36.281000000000006,43.453,7.171999999999997,33.453,43.453,1,0.9090909090909091,0.0,1.078000000000003
B0056,B0056_D0053,53,60.44167863249774,10,21.344,36.344,43.75,7.405999999999999,33.75,43.75,1,0.9090909090909091,0.0,1.218999999999994
B0056,B0056_D0054,54,59.73090581120179,10,21.282,36.282,43.657,7.375,33.657,43.657,1,0.9090909090909091,0.0,1.2039999999999935
B0056,B0056_D0055,55,58.67124067397496,10,21.358999999999995,36.358999999999995,43.812,7.453000000000003,33.812,43.812,1,0.9090909090909091,0.0,1.25
B0056,B0056_D0056,56,57.02298152956564,10,21.436999999999998,36.437,44.0,7.563000000000002,34.0,44.0,1,0.9090909090909091,0.0,1.2660000000000053
B0056,B0056_D0057,57,59.10858203422994,10,21.5,36.5,44.125,7.625,34.125,44.125,1,0.9090909090909091,0.0,1.3130000000000024
B0056,B0056_D0058,58,57.40331691027587,10,21.562,36.562,44.328,7.766000000000005,34.328,44.328,1,0.9090909090909091,0.0,1.375
B0056,B0056_D0059,59,59.12690967517076,10,21.562000000000005,36.562000000000005,44.328,7.765999999999998,34.328,44.328,1,0.9090909090909091,0.0,1.375
B0056,B0056_D0060,60,57.760464314233,10,21.61,36.61,44.422,7.811999999999998,34.422,44.422,1,0.9090909090909091,0.0,1.375
B0056,B0056_D0061,61,56.08408356335848,10,21.546,36.546,44.609,8.063000000000002,34.609,44.609,1,0.9090909090909091,0.0,1.5159999999999982
B0056,B0056_D0062,62,58.13331312807285,10,21.609,36.609,44.641000000000005,8.032000000000004,34.641000000000005,44.641000000000005,1,0.9090909090909091,0.0,1.4849999999999994
B0056,B0056_D0063,63,56.23478078724629,10,21.75,36.75,44.858999999999995,8.108999999999995,34.858999999999995,44.858999999999995,1,0.9090909090909091,0.0,1.5779999999999959
B0056,B0056_D0064,64,58.32088974398965,10,21.766000000000002,36.766000000000005,45.078,8.311999999999998,35.078,45.078,1,0.9090909090909091,0.0,1.703000000000003
B0056,B0056_D0065,65,56.73372578189731,10,21.735,36.735,45.0,8.265,35.0,45.0,1,0.9090909090909091,0.0,1.6400000000000006
B0056,B0056_D0066,66,55.06115658546378,10,21.781,36.781,45.109,8.328000000000003,35.109,45.109,1,0.9090909090909091,0.0,1.6400000000000006
B0056,B0056_D0067,67,57.80366974236416,10,21.859,36.859,45.25,8.390999999999998,35.25,45.25,1,0.9090909090909091,0.0,1.6880000000000024
B0056,B0056_D0068,68,56.92804949382001,10,21.891,36.891,45.375,8.484000000000002,35.375,45.375,1,0.9090909090909091,0.0,1.75
B0056,B0056_D0069,69,58.78632724386853,10,21.843999999999998,36.843999999999994,45.391,8.547000000000004,35.391,45.391,1,0.9090909090909091,0.0,1.8129999999999953
B0056,B0056_D0070,70,59.84692816226278,10,21.938000000000002,36.938,45.469,8.530999999999999,35.469,45.469,1,0.9090909090909091,0.0,1.75
B0056,B0056_D0071,71,56.33728994363133,10,22.266,37.266,46.5,9.234000000000002,36.5,46.5,1,0.9090909090909091,0.0,2.125
B0056,B0056_D0072,72,58.00515684279765,10,22.047000000000004,37.047000000000004,45.813,8.765999999999998,35.813,45.813,1,0.9090909090909091,0.0,1.9069999999999965
B0056,B0056_D0073,73,56.807293648451385,10,22.047,37.047,45.906,8.859000000000002,35.906,45.906,1,0.9090909090909091,0.0,1.9529999999999959
B0056,B0056_D0074,74,56.98626947130938,10,22.156,37.156,46.062,8.905999999999999,36.062,46.062,1,0.9090909090909091,0.0,1.968999999999994
B0056,B0056_D0075,75,57.80005012383788,10,22.203000000000003,37.203,46.172,8.968999999999994,36.172,46.172,1,0.9090909090909091,0.0,1.9849999999999994
B0056,B0056_D0076,76,56.34093095134175,10,22.125,37.125,46.109,8.984000000000002,36.109,46.109,1,0.9090909090909091,0.0,2.0150000000000006
B0056,B0056_D0077,77,55.8344177840197,10,22.171999999999997,37.172,46.202999999999996,9.030999999999999,36.202999999999996,46.202999999999996,1,0.9090909090909091,0.0,2.030999999999999
B0056,B0056_D0078,78,56.65306598833423,10,22.218000000000004,37.218,46.453,9.235,36.453,46.453,1,0.9090909090909091,0.0,2.125
B0056,B0056_D0079,79,54.46919948997986,10,22.219,37.219,46.422,9.202999999999996,36.422,46.422,1,0.9090909090909091,0.0,2.1099999999999994
B0056,B0056_D0080,80,55.60418229629684,10,22.203000000000003,37.203,46.563,9.36,36.563,46.563,1,0.9090909090909091,0.0,2.25
B0056,B0056_D0081,81,56.39975127324168,10,22.281999999999996,37.282,46.577999999999996,9.296,36.577999999999996,46.577999999999996,1,0.9090909090909091,0.0,2.1400000000000006
B0056,B0056_D0082,82,56.93387282512089,10,22.437,37.437,46.906,9.469000000000001,36.906,46.906,1,0.9090909090909091,0.0,2.219000000000001
B0056,B0056_D0083,83,56.355684811003215,10,22.422000000000004,37.422000000000004,46.875,9.452999999999996,36.875,46.875,1,0.9090909090909091,0.0,2.2180000000000035
B0056,B0056_D0084,84,55.507544348268745,10,22.484,37.484,47.031,9.546999999999997,37.031,47.031,1,0.9090909090909091,0.0,2.249999999999993
B0056,B0056_D0085,85,56.72316130211232,10,22.5,37.5,47.108999999999995,9.608999999999995,37.108999999999995,47.108999999999995,1,0.9090909090909091,0.0,2.296999999999997
B0056,B0056_D0086,86,55.42293781514315,10,22.453,37.453,47.14,9.686999999999998,37.14,47.14,1,0.9090909090909091,0.0,2.3119999999999976
B0056,B0056_D0087,87,53.84110435107422,10,22.5,37.5,47.14,9.64,37.14,47.14,1,0.9090909090909091,0.0,2.327999999999996
B0056,B0056_D0088,88,56.419910645990846,10,22.608999999999995,37.608999999999995,47.547,9.938000000000002,37.547,47.547,1,0.9090909090909091,0.0,2.468999999999994
B0056,B0056_D0089,89,55.33175173265684,10,22.782,37.782,48.282,10.5,38.282,48.282,1,0.9090909090909091,0.0,2.718999999999994
B0056,B0056_D0090,90,63.58045361086595,10,22.516,37.516,47.407,9.890999999999998,37.407,47.407,1,0.9090909090909091,0.0,2.421999999999997
B0056,B0056_D0091,91,62.07883587688984,10,22.687999999999995,37.687999999999995,47.75,10.062000000000005,37.75,47.75,1,0.9090909090909091,0.0,2.5620000000000047
B0056,B0056_D0092,92,58.7326452211407,10,22.687,37.687,47.703,10.016000000000005,37.703,47.703,1,0.9090909090909091,0.0,2.5159999999999982
B0056,B0056_D0093,93,59.94694942593881,10,22.686999999999998,37.687,47.844,10.157000000000004,37.844,47.844,1,0.9090909090909091,0.0,2.578000000000003
B0056,B0056_D0094,94,57.30699482594282,10,22.75,37.75,47.952999999999996,10.202999999999996,37.952999999999996,47.952999999999996,1,0.9090909090909091,0.0,2.625
B0056,B0056_D0095,95,56.461218933594246,10,22.781,37.781,48.125,10.344000000000001,38.125,48.125,1,0.9090909090909091,0.0,2.655999999999999
B0056,B0056_D0096,96,55.51716444009956,10,22.781,37.781,48.14,10.359000000000002,38.14,48.14,1,0.9090909090909091,0.0,2.671999999999997
B0056,B0056_D0097,97,57.69547364487375,10,22.75,37.75,48.125,10.375,38.125,48.125,1,0.9090909090909091,0.0,2.672000000000004
B0056,B0056_D0098,98,56.51095727670069,10,22.875,37.875,48.359,10.484000000000002,38.359,48.359,1,0.9090909090909091,0.0,2.7340000000000018
B0056,B0056_D0099,99,56.29359704017048,10,22.875000000000004,37.875,48.484,10.609000000000002,38.484,48.484,1,0.9090909090909091,0.0,2.75
B0056,B0056_D0100,100,57.15054141960484,10,22.968999999999994,37.968999999999994,48.547,10.578000000000003,38.547,48.547,1,0.9090909090909091,0.0,2.8130000000000024
B0056,B0056_D0101,101,56.86365887655146,10,22.984,37.984,48.717999999999996,10.733999999999995,38.717999999999996,48.717999999999996,1,0.9090909090909091,0.0,2.8590000000000018
B0056,B0056_D0102,102,56.45295068889752,10,23.061999999999998,38.062,48.984,10.922000000000004,38.984,48.984,1,0.9090909090909091,0.0,2.9840000000000018
