battery_id,cycle_uid,discharge_cycle,soh_rated_pct,duration_s,active_time_s,target_decision_time_s,decision_time_s,decision_delay_beyond_target_s,window_start_s,window_end_s,raw_inside_count,interpolated_grid_fraction,future_support_s,extra_history_s
B0005,B0005_D0001,1,92.82437104090783,300,35.702999999999996,340.703,344.75,4.0470000000000255,44.75,344.75,17,0.9933554817275747,0.0,9.047000000000004
B0005,B0005_D0002,2,92.31636248599636,300,35.703,340.703,344.594,3.8910000000000196,44.593999999999994,344.594,17,0.9966777408637874,0.0,8.890999999999991
B0005,B0005_D0003,3,91.7674597111704,300,35.766,340.766,344.562,3.7959999999999923,44.56200000000001,344.562,17,0.9966777408637874,0.0,8.796000000000014
B0005,B0005_D0004,4,91.76312637910564,300,35.75,340.75,344.86,4.110000000000014,44.860000000000014,344.86,17,0.9933554817275747,0.0,9.110000000000014
B0005,B0005_D0005,5,91.73227541060209,300,35.656000000000006,340.656,344.547,3.8910000000000196,44.547000000000025,344.547,17,0.9966777408637874,0.0,8.89100000000002
B0005,B0005_D0006,6,91.78308300337748,300,35.703,340.703,344.5,3.7970000000000255,44.5,344.5,17,0.9966777408637874,0.0,8.796999999999997
B0005,B0005_D0007,7,91.75730714613302,300,35.562,340.562,344.312,3.75,44.31200000000001,344.312,17,0.9966777408637874,0.0,8.750000000000014
B0005,B0005_D0008,8,91.28783952832768,300,35.578,340.578,344.844,4.2660000000000196,44.843999999999994,344.844,17,0.9933554817275747,0.0,9.265999999999991
B0005,B0005_D0009,9,91.23869264945668,300,35.578,340.578,344.312,3.7340000000000373,44.31200000000001,344.312,17,0.9966777408637874,0.0,8.734000000000009
B0005,B0005_D0010,10,91.2306634248468,300,35.563,340.563,344.422,3.8590000000000373,44.422000000000025,344.422,17,0.9966777408637874,0.0,8.859000000000023
B0005,B0005_D0011,11,91.23097763432251,300,35.594,340.594,344.813,4.218999999999994,44.81299999999999,344.813,17,0.9966777408637874,0.0,9.218999999999987
B0005,B0005_D0012,12,90.7100967883696,300,35.735,340.735,344.766,4.031000000000006,44.76600000000002,344.766,17,0.9966777408637874,0.0,9.03100000000002
B0005,B0005_D0013,13,90.68760788774524,300,35.656,340.656,344.484,3.8279999999999745,44.48399999999998,344.484,17,0.9966777408637874,0.0,8.827999999999982
B0005,B0005_D0014,14,90.67202457367912,300,35.594,340.594,344.266,3.6720000000000255,44.26600000000002,344.266,17,0.9966777408637874,0.0,8.672000000000018
B0005,B0005_D0015,15,90.12990018153252,300,35.641000000000005,340.641,344.344,3.7029999999999745,44.343999999999994,344.344,17,0.9966777408637874,0.0,8.702999999999989
B0005,B0005_D0016,16,90.10534501230752,300,35.782,340.782,344.75,3.9680000000000177,44.75,344.75,17,0.9966777408637874,0.0,8.968000000000004
B0005,B0005_D0017,17,90.12897504131044,300,35.672000000000004,340.672,344.734,4.061999999999955,44.73399999999998,344.734,17,0.9966777408637874,0.0,9.061999999999976
B0005,B0005_D0018,18,90.15341571417048,300,35.656000000000006,340.656,344.672,4.0160000000000196,44.672000000000025,344.672,17,0.9966777408637874,0.0,9.01600000000002
B0005,B0005_D0019,19,90.1388812359802,300,35.641000000000005,340.641,344.797,4.156000000000006,44.797000000000025,344.797,17,0.9933554817275747,0.0,9.15600000000002
B0005,B0005_D0020,20,92.35129974664598,300,35.625,340.625,344.609,3.9839999999999804,44.60899999999998,344.609,17,0.9966777408637874,0.0,8.98399999999998
B0005,B0005_D0021,21,92.3708655641822,300,35.703,340.703,344.719,4.0160000000000196,44.718999999999994,344.719,17,0.9966777408637874,0.0,9.015999999999991
B0005,B0005_D0022,22,91.80887106739472,300,35.672,340.672,344.766,4.093999999999994,44.76600000000002,344.766,17,0.9966777408637874,0.0,9.094000000000023
B0005,B0005_D0023,23,91.2890373788812,300,35.703,340.703,344.672,3.969000000000051,44.672000000000025,344.672,17,0.9933554817275747,0.0,8.969000000000023
B0005,B0005_D0024,24,91.25568217539184,300,35.594,340.594,344.609,4.014999999999986,44.60899999999998,344.609,17,0.9966777408637874,0.0,9.01499999999998
B0005,B0005_D0025,25,91.2790752110188,300,35.719,340.719,344.859,4.139999999999986,44.85899999999998,344.859,17,0.9966777408637874,0.0,9.13999999999998
B0005,B0005_D0026,26,90.70155637541954,300,35.688,340.688,344.297,3.6090000000000373,44.297000000000025,344.297,17,0.9966777408637874,0.0,8.609000000000023
B0005,B0005_D0027,27,90.73845970579468,300,35.625,340.625,344.437,3.812000000000012,44.43700000000001,344.437,17,0.9966777408637874,0.0,8.812000000000012
B0005,B0005_D0028,28,90.6984694355176,300,35.594,340.594,344.563,3.968999999999994,44.56299999999999,344.563,17,0.9966777408637874,0.0,8.968999999999987
B0005,B0005_D0029,29,90.13828325839116,300,35.625,340.625,344.812,4.187000000000012,44.81200000000001,344.812,17,0.9966777408637874,0.0,9.187000000000012
B0005,B0005_D0030,30,90.2038520058676,300,35.625,340.625,344.625,4.0,44.625,344.625,17,0.9966777408637874,0.0,9.0
B0005,B0005_D0031,31,92.59012758352245,300,19.578,324.578,328.578,4.0,28.577999999999975,328.578,33,0.9966777408637874,0.0,8.999999999999975
B0005,B0005_D0032,32,91.53519228369714,300,19.561999999999998,324.562,328.437,3.875,28.437000000000012,328.437,33,0.9966777408637874,0.0,8.875000000000014
B0005,B0005_D0033,33,90.99520544750636,300,19.656,324.656,328.797,4.1410000000000196,28.797000000000025,328.797,33,0.9867109634551495,0.0,9.141000000000027
B0005,B0005_D0034,34,90.4653981851426,300,19.546999999999997,324.547,328.656,4.1089999999999804,28.656000000000006,328.656,33,0.9966777408637874,0.0,9.109000000000009
B0005,B0005_D0035,35,90.230495229026,300,19.625,324.625,328.781,4.156000000000006,28.781000000000006,328.781,33,0.9966777408637874,0.0,9.156000000000006
B0005,B0005_D0036,36,89.96885325986096,300,19.563000000000002,324.563,328.734,4.170999999999992,28.73399999999998,328.734,33,0.9933554817275747,0.0,9.170999999999978
B0005,B0005_D0037,37,89.42216167685231,300,19.469,324.469,328.547,4.078000000000031,28.547000000000025,328.547,33,0.9933554817275747,0.0,9.078000000000024
B0005,B0005_D0038,38,89.14615242126362,300,19.485,324.485,328.61,4.125,28.610000000000014,328.61,33,0.9966777408637874,0.0,9.125000000000014
B0005,B0005_D0039,39,88.65168579009143,300,19.484,324.484,328.734,4.25,28.73399999999998,328.734,33,0.9966777408637874,0.0,9.249999999999979
B0005,B0005_D0040,40,88.65188775394685,300,19.609,324.609,328.813,4.204000000000008,28.812999999999988,328.813,33,0.9966777408637874,0.0,9.203999999999986
B0005,B0005_D0041,41,88.39360553331026,300,19.563000000000002,324.563,328.625,4.062000000000012,28.625,328.625,33,0.9966777408637874,0.0,9.061999999999998
B0005,B0005_D0042,42,88.11575352046545,300,19.515,324.515,328.687,4.1720000000000255,28.687000000000012,328.687,33,0.9933554817275747,0.0,9.172000000000011
B0005,B0005_D0043,43,88.38086462469224,300,35.516,340.516,343.578,3.061999999999955,43.577999999999975,343.578,17,0.9966777408637874,0.0,8.061999999999976
B0005,B0005_D0044,44,88.13341798715734,300,19.484,324.484,328.609,4.125,28.60899999999998,328.609,33,0.9966777408637874,0.0,9.124999999999979
B0005,B0005_D0045,45,87.58652435332071,300,19.484,324.484,328.703,4.218999999999994,28.702999999999975,328.703,33,0.9966777408637874,0.0,9.218999999999973
B0005,B0005_D0046,46,87.09248023980004,300,19.561999999999998,324.562,328.656,4.093999999999994,28.656000000000006,328.656,33,0.9933554817275747,0.0,9.094000000000008
B0005,B0005_D0047,47,86.8045675592357,300,19.5,324.5,328.656,4.156000000000006,28.656000000000006,328.656,33,0.9933554817275747,0.0,9.156000000000006
B0005,B0005_D0048,48,89.68120074286804,300,19.625,324.625,328.75,4.125,28.75,328.75,33,0.9966777408637874,0.0,9.125
B0005,B0005_D0049,49,89.15945111636638,300,19.546999999999997,324.547,328.578,4.030999999999949,28.577999999999975,328.578,33,0.9966777408637874,0.0,9.030999999999977
B0005,B0005_D0050,50,88.36821038139479,300,19.61,324.61,328.797,4.187000000000012,28.797000000000025,328.797,33,0.9933554817275747,0.0,9.187000000000026
B0005,B0005_D0051,51,87.85088925176532,300,19.641,324.641,328.813,4.171999999999969,28.812999999999988,328.813,33,0.9933554817275747,0.0,9.17199999999999
B0005,B0005_D0052,52,87.34353089918953,300,19.578,324.578,328.985,4.407000000000039,28.985000000000014,328.985,33,0.9966777408637874,0.0,9.407000000000014
B0005,B0005_D0053,53,87.08586253728572,300,19.5,324.5,328.781,4.281000000000006,28.781000000000006,328.781,33,0.9966777408637874,0.0,9.281000000000006
B0005,B0005_D0054,54,86.82112528239094,300,19.531,324.531,328.625,4.093999999999994,28.625,328.625,33,0.9966777408637874,0.0,9.094000000000001
B0005,B0005_D0055,55,86.31608619617913,300,19.641,324.641,328.766,4.125,28.76600000000002,328.766,33,0.9966777408637874,0.0,9.125000000000021
B0005,B0005_D0056,56,85.79032694665067,300,19.531,324.531,328.422,3.8910000000000196,28.422000000000025,328.422,33,0.9966777408637874,0.0,8.891000000000027
B0005,B0005_D0057,57,85.52666755675959,300,19.500000000000004,324.5,328.641,4.1410000000000196,28.64100000000002,328.641,33,0.9966777408637874,0.0,9.141000000000016
B0005,B0005_D0058,58,85.30072498242605,300,19.64,324.64,328.765,4.125,28.764999999999986,328.765,33,0.9966777408637874,0.0,9.124999999999986
B0005,B0005_D0059,59,85.01555136321294,300,19.5,324.5,328.484,3.9839999999999804,28.48399999999998,328.484,33,0.9966777408637874,0.0,8.98399999999998
B0005,B0005_D0060,60,84.72899300898948,300,19.578000000000003,324.578,328.781,4.203000000000031,28.781000000000006,328.781,33,0.9933554817275747,0.0,9.203000000000003
B0005,B0005_D0061,61,84.24514543304643,300,19.546999999999997,324.547,328.734,4.186999999999955,28.73399999999998,328.734,33,0.9966777408637874,0.0,9.186999999999983
B0005,B0005_D0062,62,83.72370795579857,300,19.594,324.594,328.797,4.203000000000031,28.797000000000025,328.797,33,0.9900332225913622,0.0,9.203000000000024
B0005,B0005_D0063,63,83.72846239939551,300,19.5,324.5,328.719,4.218999999999994,28.718999999999994,328.719,33,0.9966777408637874,0.0,9.218999999999994
B0005,B0005_D0064,64,83.18581879907026,300,19.656000000000006,324.656,328.813,4.156999999999982,28.812999999999988,328.813,33,0.9900332225913622,0.0,9.156999999999982
B0005,B0005_D0065,65,82.9506934374123,300,19.469,324.469,328.594,4.125,28.593999999999994,328.594,33,0.9933554817275747,0.0,9.124999999999993
B0005,B0005_D0066,66,82.69270286667508,300,19.61,324.61,328.797,4.187000000000012,28.797000000000025,328.797,33,0.9966777408637874,0.0,9.187000000000026
B0005,B0005_D0067,67,82.13268910650655,300,19.61,324.61,328.563,3.9529999999999745,28.562999999999988,328.563,33,0.9966777408637874,0.0,8.952999999999989
B0005,B0005_D0068,68,81.89289215111849,300,19.609,324.609,328.64,4.031000000000006,28.639999999999986,328.64,33,0.9966777408637874,0.0,9.030999999999985
B0005,B0005_D0069,69,81.63675203549555,300,19.625,324.625,328.765,4.139999999999986,28.764999999999986,328.765,33,0.9933554817275747,0.0,9.139999999999986
B0005,B0005_D0070,70,81.38764457766808,300,19.531,324.531,328.813,4.281999999999982,28.812999999999988,328.813,33,0.9933554817275747,0.0,9.28199999999999
B0005,B0005_D0071,71,81.10627427605796,300,19.547,324.547,328.797,4.25,28.797000000000025,328.797,33,0.9966777408637874,0.0,9.250000000000025
B0005,B0005_D0072,72,80.56628301882924,300,19.532000000000004,324.532,328.563,4.031000000000006,28.562999999999988,328.563,33,0.9966777408637874,0.0,9.030999999999985
B0005,B0005_D0073,73,80.32815698744193,300,19.5,324.5,328.625,4.125,28.625,328.625,33,0.9966777408637874,0.0,9.125
B0005,B0005_D0074,74,80.07571116958798,300,19.594,324.594,328.719,4.125,28.718999999999994,328.719,33,0.9966777408637874,0.0,9.124999999999993
B0005,B0005_D0075,75,79.5184615700164,300,19.625000000000004,324.625,328.813,4.187999999999988,28.812999999999988,328.813,33,0.9966777408637874,0.0,9.187999999999985
B0005,B0005_D0076,76,79.28944984121105,300,19.468000000000004,324.468,328.718,4.25,28.718000000000018,328.718,33,0.9966777408637874,0.0,9.250000000000014
B0005,B0005_D0077,77,79.24715353687058,300,19.485,324.485,328.75,4.264999999999986,28.75,328.75,33,0.9966777408637874,0.0,9.265
B0005,B0005_D0078,78,79.77631946247968,300,19.5,324.5,328.782,4.281999999999982,28.781999999999982,328.782,33,0.9966777408637874,0.0,9.281999999999982
B0005,B0005_D0079,79,78.73650873900519,300,19.485,324.485,328.61,4.125,28.610000000000014,328.61,33,0.9966777408637874,0.0,9.125000000000014
B0005,B0005_D0080,80,78.24509975468973,300,19.547000000000004,324.547,328.547,4.0,28.547000000000025,328.547,33,0.9966777408637874,0.0,9.000000000000021
B0005,B0005_D0081,81,77.98829736685181,300,19.516,324.516,328.641,4.125,28.64100000000002,328.641,33,0.9966777408637874,0.0,9.125000000000021
B0005,B0005_D0082,82,77.97407834092117,300,19.608999999999998,324.609,328.797,4.188000000000045,28.797000000000025,328.797,33,0.9966777408637874,0.0,9.188000000000027
B0005,B0005_D0083,83,77.7344676795305,300,19.546999999999997,324.547,328.781,4.2339999999999804,28.781000000000006,328.781,33,0.9966777408637874,0.0,9.234000000000009
B0005,B0005_D0084,84,77.44370539945209,300,19.516000000000005,324.516,328.766,4.25,28.76600000000002,328.766,33,0.9966777408637874,0.0,9.250000000000014
B0005,B0005_D0085,85,76.9118299471279,300,19.484,324.484,328.687,4.203000000000031,28.687000000000012,328.687,33,0.9933554817275747,0.0,9.20300000000001
B0005,B0005_D0086,86,76.39571291255139,300,19.578,324.578,328.797,4.219000000000051,28.797000000000025,328.797,33,0.9966777408637874,0.0,9.219000000000026
B0005,B0005_D0087,87,76.42626314878223,300,19.531,324.531,329.031,4.5,29.031000000000006,329.031,32,0.9933554817275747,0.0,0.14100000000000534
B0005,B0005_D0088,88,76.1323662642189,300,19.515,324.515,328.781,4.2660000000000196,28.781000000000006,328.781,33,0.9900332225913622,0.0,9.266000000000005
B0005,B0005_D0089,89,75.87429969244934,300,19.484,324.484,328.515,4.031000000000006,28.514999999999986,328.515,33,0.9933554817275747,0.0,9.030999999999985
B0005,B0005_D0090,90,80.29094495653295,300,19.61,324.61,328.75,4.139999999999986,28.75,328.75,33,0.9966777408637874,0.0,9.14
B0005,B0005_D0091,91,78.19245723372212,300,19.547000000000004,324.547,329.0,4.4529999999999745,29.0,329.0,32,0.9966777408637874,0.0,0.015999999999998238
B0005,B0005_D0092,92,77.40457623883893,300,19.594,324.594,328.703,4.1089999999999804,28.702999999999975,328.703,33,0.9966777408637874,0.0,9.108999999999973
B0005,B0005_D0093,93,76.61877815934297,300,19.578000000000003,324.578,328.719,4.1410000000000196,28.718999999999994,328.719,33,0.9966777408637874,0.0,9.140999999999991
B0005,B0005_D0094,94,76.34764134244853,300,19.500000000000004,324.5,328.672,4.1720000000000255,28.672000000000025,328.672,33,0.9966777408637874,0.0,9.172000000000022
B0005,B0005_D0095,95,75.84786508568163,300,19.578000000000003,324.578,328.765,4.187000000000012,28.764999999999986,328.765,33,0.9900332225913622,0.0,9.186999999999983
B0005,B0005_D0096,96,75.59487980071346,300,19.500000000000004,324.5,328.906,4.406000000000006,28.906000000000006,328.906,32,0.9933554817275747,0.0,3.552713678800501e-15
B0005,B0005_D0097,97,75.32819480340552,300,19.483999999999995,324.484,328.672,4.188000000000045,28.672000000000025,328.672,33,0.9966777408637874,0.0,9.18800000000003
B0005,B0005_D0098,98,75.07726763335681,300,19.547000000000004,324.547,328.734,4.186999999999955,28.73399999999998,328.734,33,0.9933554817275747,0.0,9.186999999999976
B0005,B0005_D0099,99,74.54222025200119,300,19.578000000000003,324.578,328.61,4.032000000000039,28.610000000000014,328.61,33,0.9966777408637874,0.0,9.03200000000001
B0005,B0005_D0100,100,74.29341922806006,300,19.578000000000003,324.578,328.562,3.9840000000000373,28.562000000000012,328.562,33,0.9933554817275747,0.0,8.984000000000009
B0005,B0005_D0101,101,74.02068389880529,300,19.531,324.531,328.625,4.093999999999994,28.625,328.625,33,0.9966777408637874,0.0,9.094000000000001
B0005,B0005_D0102,102,73.76047934515816,300,19.608999999999998,324.609,328.75,4.1410000000000196,28.75,328.75,33,0.9966777408637874,0.0,9.141000000000002
B0005,B0005_D0103,103,74.29517994152012,300,19.531,324.531,328.828,4.296999999999969,28.827999999999975,328.828,33,0.9966777408637874,0.0,9.296999999999976
B0005,B0005_D0104,104,74.80459149068348,300,19.516,324.516,328.641,4.125,28.64100000000002,328.641,33,0.9900332225913622,0.0,9.125000000000021
B0005,B0005_D0105,105,74.04002973464492,300,19.562999999999995,324.563,328.938,4.375,28.937999999999988,328.938,32,0.9966777408637874,0.0,0.015999999999991132
B0005,B0005_D0106,106,73.48771634233412,300,19.531,324.531,328.485,3.9540000000000077,28.485000000000014,328.485,33,0.9966777408637874,0.0,8.954000000000015
B0005,B0005_D0107,107,72.69506137422964,300,19.547,324.547,328.703,4.155999999999949,28.702999999999975,328.703,33,0.9966777408637874,0.0,9.155999999999974
B0005,B0005_D0108,108,72.70731033617845,300,19.485,324.485,328.485,4.0,28.485000000000014,328.485,33,0.9966777408637874,0.0,9.000000000000014
B0005,B0005_D0109,109,72.75118759533416,300,19.547000000000004,324.547,328.641,4.093999999999994,28.64100000000002,328.641,33,0.9900332225913622,0.0,9.094000000000015
B0005,B0005_D0110,110,72.4521081880618,300,19.625,324.625,328.75,4.125,28.75,328.75,33,0.9933554817275747,0.0,9.125
B0005,B0005_D0111,111,71.93354685740283,300,19.579,324.579,329.0,4.420999999999992,29.0,329.0,32,0.9966777408637874,0.0,0.015000000000000568
B0005,B0005_D0112,112,71.67227160784894,300,19.5,324.5,328.64,4.139999999999986,28.639999999999986,328.64,33,0.9966777408637874,0.0,9.139999999999986
B0005,B0005_D0113,113,71.66979450419048,300,19.546999999999997,324.547,328.391,3.843999999999994,28.39100000000002,328.391,33,0.9966777408637874,0.0,8.844000000000023
B0005,B0005_D0114,114,71.403243672388,300,19.546999999999997,324.547,328.687,4.139999999999986,28.687000000000012,328.687,33,0.9966777408637874,0.0,9.140000000000015
B0005,B0005_D0115,115,71.14601590870593,300,19.608999999999998,324.609,328.922,4.313000000000045,28.922000000000025,328.922,33,0.9966777408637874,0.0,9.313000000000027
B0005,B0005_D0116,116,70.8714516365654,300,19.561999999999998,324.562,328.641,4.079000000000008,28.64100000000002,328.641,33,0.9966777408637874,0.0,9.079000000000022
B0005,B0005_D0117,117,70.6204614397223,300,19.594,324.594,328.719,4.125,28.718999999999994,328.719,33,0.9900332225913622,0.0,9.124999999999993
B0005,B0005_D0118,118,70.62893964700964,300,19.563000000000002,324.563,328.641,4.078000000000031,28.64100000000002,328.641,33,0.9966777408637874,0.0,9.078000000000017
B0005,B0005_D0119,119,70.37991865734948,300,19.531000000000002,324.531,328.656,4.125,28.656000000000006,328.656,33,0.9900332225913622,0.0,9.125000000000004
B0005,B0005_D0120,120,71.66960242610739,300,19.563000000000002,324.563,328.453,3.8899999999999864,28.452999999999975,328.453,33,0.9966777408637874,0.0,8.889999999999972
B0005,B0005_D0121,121,71.91275088396453,300,19.531,324.531,328.609,4.0779999999999745,28.60899999999998,328.609,33,0.9966777408637874,0.0,9.077999999999982
B0005,B0005_D0122,122,70.86773587242763,300,19.578000000000003,324.578,328.813,4.235000000000014,28.812999999999988,328.813,33,0.9966777408637874,0.0,9.234999999999985
B0005,B0005_D0123,123,70.34908318388216,300,19.485,324.485,328.625,4.139999999999986,28.625,328.625,33,0.9933554817275747,0.0,9.14
B0005,B0005_D0124,124,70.06018891793812,300,19.5,324.5,328.61,4.110000000000014,28.610000000000014,328.61,33,0.9966777408637874,0.0,9.110000000000014
B0005,B0005_D0125,125,69.83504116363164,300,19.546999999999997,324.547,328.703,4.155999999999949,28.702999999999975,328.703,33,0.9966777408637874,0.0,9.155999999999977
B0005,B0005_D0126,126,69.5642394426363,300,19.610000000000003,324.61,328.922,4.312000000000012,28.922000000000025,328.922,33,0.9966777408637874,0.0,9.312000000000022
B0005,B0005_D0127,127,69.31143838989175,300,19.579,324.579,328.657,4.0779999999999745,28.656999999999982,328.657,33,0.9966777408637874,0.0,9.077999999999982
B0005,B0005_D0128,128,69.02183380987069,300,19.562,324.562,328.687,4.125,28.687000000000012,328.687,33,0.9933554817275747,0.0,9.12500000000001
B0005,B0005_D0129,129,68.76182075128112,300,19.578000000000003,324.578,328.671,4.093000000000018,28.670999999999992,328.671,33,0.9933554817275747,0.0,9.09299999999999
B0005,B0005_D0130,130,68.52564012447505,300,19.531000000000006,324.531,328.656,4.125,28.656000000000006,328.656,33,0.9933554817275747,0.0,9.125
B0005,B0005_D0131,131,68.525427831352,300,19.578000000000003,324.578,328.844,4.2660000000000196,28.843999999999994,328.844,33,0.9966777408637874,0.0,9.265999999999991
B0005,B0005_D0132,132,68.23677554340759,300,19.578000000000003,324.578,328.625,4.0470000000000255,28.625,328.625,33,0.9933554817275747,0.0,9.046999999999997
B0005,B0005_D0133,133,68.7696008447881,300,19.578000000000003,324.578,329.016,4.438000000000045,29.01600000000002,329.016,32,0.9966777408637874,0.0,0.04700000000001836
B0005,B0005_D0134,134,69.30557575767696,300,19.64,324.64,328.75,4.110000000000014,28.75,328.75,33,0.9966777408637874,0.0,9.11
B0005,B0005_D0135,135,68.4925001791947,300,19.641,324.641,328.75,4.1089999999999804,28.75,328.75,33,0.9933554817275747,0.0,9.109000000000002
B0005,B0005_D0136,136,68.23913974630379,300,19.5,324.5,328.578,4.0779999999999745,28.577999999999975,328.578,33,0.9933554817275747,0.0,9.077999999999975
B0005,B0005_D0137,137,67.71610233129982,300,19.483999999999995,324.484,328.422,3.938000000000045,28.422000000000025,328.422,33,0.9966777408637874,0.0,8.93800000000003
B0005,B0005_D0138,138,67.73208509189482,300,19.5,324.5,328.578,4.0779999999999745,28.577999999999975,328.578,33,0.9900332225913622,0.0,9.077999999999975
B0005,B0005_D0139,139,67.73519606596204,300,19.484,324.484,328.563,4.079000000000008,28.562999999999988,328.563,33,0.9966777408637874,0.0,9.078999999999986
B0005,B0005_D0140,140,67.4657498751729,300,19.594,324.594,328.719,4.125,28.718999999999994,328.719,33,0.9966777408637874,0.0,9.124999999999993
B0005,B0005_D0141,141,67.20945968985276,300,19.703000000000003,324.703,328.781,4.078000000000031,28.781000000000006,328.781,33,0.9933554817275747,0.0,9.078000000000003
B0005,B0005_D0142,142,66.94956895347877,300,19.516,324.516,328.516,4.0,28.51600000000002,328.516,33,0.9933554817275747,0.0,9.000000000000021
B0005,B0005_D0143,143,66.94572615103486,300,19.531,324.531,328.5,3.968999999999994,28.5,328.5,33,0.9933554817275747,0.0,8.969000000000001
B0005,B0005_D0144,144,66.70033379880827,300,19.546999999999997,324.547,328.969,4.421999999999969,28.968999999999994,328.969,32,0.9966777408637874,0.0,0.046999999999997044
B0005,B0005_D0145,145,66.43222154587457,300,19.563,324.563,328.75,4.187000000000012,28.75,328.75,33,0.9966777408637874,0.0,9.187000000000001
B0005,B0005_D0146,146,66.15854496138111,300,19.547000000000004,324.547,328.75,4.2029999999999745,28.75,328.75,33,0.9933554817275747,0.0,9.202999999999996
B0005,B0005_D0147,147,65.90845794222598,300,19.546,324.546,328.718,4.1720000000000255,28.718000000000018,328.718,33,0.9966777408637874,0.0,9.172000000000018
B0005,B0005_D0148,148,65.92332218320168,300,19.531,324.531,328.469,3.937999999999988,28.468999999999994,328.469,33,0.9966777408637874,0.0,8.937999999999995
B0005,B0005_D0149,149,65.9146520051351,300,19.609,324.609,328.828,4.218999999999994,28.827999999999975,328.828,33,0.9900332225913622,0.0,9.218999999999973
B0005,B0005_D0150,150,66.19362111221339,300,19.592999999999996,324.593,328.672,4.079000000000008,28.672000000000025,328.672,33,0.9933554817275747,0.0,9.079000000000029
B0005,B0005_D0151,151,68.00608383277392,300,19.483999999999998,324.484,328.609,4.125,28.60899999999998,328.609,33,0.9933554817275747,0.0,9.124999999999982
B0005,B0005_D0152,152,66.97653433973677,300,19.546,324.546,328.609,4.062999999999988,28.60899999999998,328.609,33,0.9933554817275747,0.0,9.062999999999981
B0005,B0005_D0153,153,66.45143282560349,300,19.516,324.516,328.703,4.186999999999955,28.702999999999975,328.703,33,0.9966777408637874,0.0,9.186999999999976
B0005,B0005_D0154,154,66.18370637499478,300,19.485,324.485,328.625,4.139999999999986,28.625,328.625,33,0.9966777408637874,0.0,9.14
B0005,B0005_D0155,155,65.93169483766465,300,19.484,324.484,328.25,3.7660000000000196,28.25,328.25,33,0.9933554817275747,0.0,8.765999999999998
B0005,B0005_D0156,156,65.67375660662135,300,19.531,324.531,329.031,4.5,29.031000000000006,329.031,32,0.9966777408637874,0.0,0.09300000000000708
B0005,B0005_D0157,157,65.66010317221101,300,19.531,324.531,328.469,3.937999999999988,28.468999999999994,328.469,33,0.9966777408637874,0.0,8.937999999999995
B0005,B0005_D0158,158,65.38979973472176,300,19.5,324.5,328.438,3.937999999999988,28.437999999999988,328.438,33,0.9966777408637874,0.0,8.937999999999988
B0005,B0005_D0159,159,65.1516459320296,300,19.578000000000003,324.578,328.719,4.1410000000000196,28.718999999999994,328.719,33,0.9933554817275747,0.0,9.140999999999991
B0005,B0005_D0160,160,65.16786779519101,300,19.593999999999994,324.594,329.032,4.437999999999988,29.031999999999982,329.032,32,0.9933554817275747,0.0,0.07899999999998641
B0005,B0005_D0161,161,65.17050219327821,300,19.625,324.625,328.547,3.9220000000000255,28.547000000000025,328.547,33,0.9933554817275747,0.0,8.922000000000025
B0005,B0005_D0162,162,64.89435403247853,300,19.485,324.485,328.594,4.1089999999999804,28.593999999999994,328.594,33,0.9966777408637874,0.0,9.108999999999995
B0005,B0005_D0163,163,64.90367528459451,300,19.608999999999995,324.609,328.75,4.1410000000000196,28.75,328.75,33,0.9966777408637874,0.0,9.141000000000005
B0005,B0005_D0164,164,64.67318069221216,300,19.483999999999998,324.484,328.39,3.906000000000006,28.389999999999986,328.39,33,0.9966777408637874,0.0,8.905999999999988
B0005,B0005_D0165,165,64.4001696309559,300,19.562000000000005,324.562,328.937,4.375,28.937000000000012,328.937,32,0.9933554817275747,0.0,0.015000000000007674
B0005,B0005_D0166,166,64.37262610689703,300,19.469,324.469,328.547,4.078000000000031,28.547000000000025,328.547,33,0.9966777408637874,0.0,9.078000000000024
B0005,B0005_D0167,167,65.45076821153677,300,19.593999999999998,324.594,328.797,4.203000000000031,28.797000000000025,328.797,33,0.9966777408637874,0.0,9.203000000000028
B0005,B0005_D0168,168,66.25396643214678,300,19.515,324.515,328.734,4.218999999999994,28.73399999999998,328.734,33,0.9966777408637874,0.0,9.21899999999998
B0006,B0006_D0001,1,101.7668795502799,300,35.702999999999996,340.703,344.75,4.0470000000000255,44.75,344.75,17,0.9933554817275747,0.0,9.047000000000004
B0006,B0006_D0002,2,101.2570123015706,300,35.703,340.703,344.594,3.8910000000000196,44.593999999999994,344.594,17,0.9966777408637874,0.0,8.890999999999991
B0006,B0006_D0003,3,100.6663185672732,300,35.766,340.766,344.562,3.7959999999999923,44.56200000000001,344.562,17,0.9966777408637874,0.0,8.796000000000014
B0006,B0006_D0004,4,100.66423327703706,300,35.75,340.75,344.86,4.110000000000014,44.860000000000014,344.86,17,0.9933554817275747,0.0,9.110000000000014
B0006,B0006_D0005,5,100.02641688123856,300,35.656000000000006,340.656,344.547,3.8910000000000196,44.547000000000025,344.547,17,0.9966777408637874,0.0,8.89100000000002
B0006,B0006_D0006,6,100.69495379965822,300,35.703,340.703,344.5,3.7970000000000255,44.5,344.5,17,0.9966777408637874,0.0,8.796999999999997
B0006,B0006_D0007,7,100.65505528134835,300,35.562,340.562,344.312,3.75,44.31200000000001,344.312,17,0.9966777408637874,0.0,8.750000000000014
B0006,B0006_D0008,8,98.439491313642,300,35.578,340.578,344.844,4.2660000000000196,44.843999999999994,344.844,17,0.9933554817275747,0.0,9.265999999999991
B0006,B0006_D0009,9,98.40830882167124,300,35.578,340.578,344.312,3.7340000000000373,44.31200000000001,344.312,17,0.9966777408637874,0.0,8.734000000000009
B0006,B0006_D0010,10,97.86153958780268,300,35.563,340.563,344.422,3.8590000000000373,44.422000000000025,344.422,17,0.9966777408637874,0.0,8.859000000000023
B0006,B0006_D0011,11,97.27995757064676,300,35.594,340.594,344.813,4.218999999999994,44.81299999999999,344.813,17,0.9966777408637874,0.0,9.218999999999987
B0006,B0006_D0012,12,96.73752522420564,300,35.735,340.735,344.766,4.031000000000006,44.76600000000002,344.766,17,0.9966777408637874,0.0,9.03100000000002
B0006,B0006_D0013,13,96.16399769684014,300,35.656,340.656,344.484,3.8279999999999745,44.48399999999998,344.484,17,0.9966777408637874,0.0,8.827999999999982
B0006,B0006_D0014,14,95.59449654742434,300,35.594,340.594,344.266,3.6720000000000255,44.26600000000002,344.266,17,0.9966777408637874,0.0,8.672000000000018
B0006,B0006_D0015,15,95.05333570989652,300,35.641000000000005,340.641,344.344,3.7029999999999745,44.343999999999994,344.344,17,0.9966777408637874,0.0,8.702999999999989
B0006,B0006_D0016,16,94.45994974030728,300,35.782,340.782,344.75,3.9680000000000177,44.75,344.75,17,0.9966777408637874,0.0,8.968000000000004
B0006,B0006_D0017,17,93.91391861244244,300,35.672000000000004,340.672,344.734,4.061999999999955,44.73399999999998,344.734,17,0.9966777408637874,0.0,9.061999999999976
B0006,B0006_D0018,18,93.37848580760104,300,35.656000000000006,340.656,344.672,4.0160000000000196,44.672000000000025,344.672,17,0.9966777408637874,0.0,9.01600000000002
B0006,B0006_D0019,19,93.37946287226885,300,35.641000000000005,340.641,344.797,4.156000000000006,44.797000000000025,344.797,17,0.9933554817275747,0.0,9.15600000000002
B0006,B0006_D0020,20,98.98132741254088,300,35.625,340.625,344.609,3.9839999999999804,44.60899999999998,344.609,17,0.9966777408637874,0.0,8.98399999999998
B0006,B0006_D0021,21,97.87749540442012,300,35.703,340.703,344.719,4.0160000000000196,44.718999999999994,344.719,17,0.9966777408637874,0.0,9.015999999999991
B0006,B0006_D0022,22,97.29075085393777,300,35.672,340.672,344.766,4.093999999999994,44.76600000000002,344.766,17,0.9966777408637874,0.0,9.094000000000023
B0006,B0006_D0023,23,96.21230560840044,300,35.703,340.703,344.672,3.969000000000051,44.672000000000025,344.672,17,0.9933554817275747,0.0,8.969000000000023
B0006,B0006_D0024,24,97.2990566571082,300,35.594,340.594,344.609,4.014999999999986,44.60899999999998,344.609,17,0.9966777408637874,0.0,9.01499999999998
B0006,B0006_D0025,25,95.07039652765395,300,35.719,340.719,344.859,4.139999999999986,44.85899999999998,344.859,17,0.9966777408637874,0.0,9.13999999999998
B0006,B0006_D0026,26,93.93371068400424,300,35.688,340.688,344.297,3.6090000000000373,44.297000000000025,344.297,17,0.9966777408637874,0.0,8.609000000000023
B0006,B0006_D0027,27,93.41530664132108,300,35.625,340.625,344.437,3.812000000000012,44.43700000000001,344.437,17,0.9966777408637874,0.0,8.812000000000012
B0006,B0006_D0028,28,92.801220350415,300,35.594,340.594,344.563,3.968999999999994,44.56299999999999,344.563,17,0.9966777408637874,0.0,8.968999999999987
B0006,B0006_D0029,29,92.25998980927886,300,35.625,340.625,344.812,4.187000000000012,44.81200000000001,344.812,17,0.9966777408637874,0.0,9.187000000000012
B0006,B0006_D0030,30,92.86144454426584,300,35.625,340.625,344.625,4.0,44.625,344.625,17,0.9966777408637874,0.0,9.0
B0006,B0006_D0031,31,96.2388044454532,300,19.578,324.578,328.578,4.0,28.577999999999975,328.578,33,0.9966777408637874,0.0,8.999999999999975
B0006,B0006_D0032,32,94.11158763046276,300,19.561999999999998,324.562,328.437,3.875,28.437000000000012,328.437,33,0.9966777408637874,0.0,8.875000000000014
B0006,B0006_D0033,33,92.76383439427936,300,19.656,324.656,328.797,4.1410000000000196,28.797000000000025,328.797,33,0.9867109634551495,0.0,9.141000000000027
B0006,B0006_D0034,34,91.9625445859094,300,19.546999999999997,324.547,328.656,4.1089999999999804,28.656000000000006,328.656,33,0.9966777408637874,0.0,9.109000000000009
B0006,B0006_D0035,35,90.92698036997214,300,19.625,324.625,328.781,4.156000000000006,28.781000000000006,328.781,33,0.9966777408637874,0.0,9.156000000000006
B0006,B0006_D0036,36,90.67385029783529,300,19.563000000000002,324.563,328.734,4.170999999999992,28.73399999999998,328.734,33,0.9933554817275747,0.0,9.170999999999978
B0006,B0006_D0037,37,89.85509225152718,300,19.469,324.469,328.547,4.078000000000031,28.547000000000025,328.547,33,0.9933554817275747,0.0,9.078000000000024
B0006,B0006_D0038,38,89.05023147060238,300,19.485,324.485,328.61,4.125,28.610000000000014,328.61,33,0.9966777408637874,0.0,9.125000000000014
B0006,B0006_D0039,39,88.55065211341164,300,19.484,324.484,328.734,4.25,28.73399999999998,328.734,33,0.9966777408637874,0.0,9.249999999999979
B0006,B0006_D0040,40,88.02356224085473,300,19.609,324.609,328.813,4.204000000000008,28.812999999999988,328.813,33,0.9966777408637874,0.0,9.203999999999986
B0006,B0006_D0041,41,87.51456894003294,300,19.563000000000002,324.563,328.625,4.062000000000012,28.625,328.625,33,0.9966777408637874,0.0,9.061999999999998
B0006,B0006_D0042,42,86.97462518866288,300,19.515,324.515,328.687,4.1720000000000255,28.687000000000012,328.687,33,0.9933554817275747,0.0,9.172000000000011
B0006,B0006_D0043,43,87.73383276818602,300,35.516,340.516,343.578,3.061999999999955,43.577999999999975,343.578,17,0.9966777408637874,0.0,8.061999999999976
B0006,B0006_D0044,44,88.29695470921088,300,19.484,324.484,328.609,4.125,28.60899999999998,328.609,33,0.9966777408637874,0.0,9.124999999999979
B0006,B0006_D0045,45,86.68943709812419,300,19.484,324.484,328.703,4.218999999999994,28.702999999999975,328.703,33,0.9966777408637874,0.0,9.218999999999973
B0006,B0006_D0046,46,85.6662956020367,300,19.561999999999998,324.562,328.656,4.093999999999994,28.656000000000006,328.656,33,0.9933554817275747,0.0,9.094000000000008
B0006,B0006_D0047,47,85.12038906836733,300,19.5,324.5,328.656,4.156000000000006,28.656000000000006,328.656,33,0.9933554817275747,0.0,9.156000000000006
B0006,B0006_D0048,48,91.1859730890915,300,19.625,324.625,328.75,4.125,28.75,328.75,33,0.9966777408637874,0.0,9.125
B0006,B0006_D0049,49,90.40642025157354,300,19.546999999999997,324.547,328.578,4.030999999999949,28.577999999999975,328.578,33,0.9966777408637874,0.0,9.030999999999977
B0006,B0006_D0050,50,88.78805472517142,300,19.61,324.61,328.797,4.187000000000012,28.797000000000025,328.797,33,0.9933554817275747,0.0,9.187000000000026
B0006,B0006_D0051,51,87.237049209184,300,19.641,324.641,328.813,4.171999999999969,28.812999999999988,328.813,33,0.9933554817275747,0.0,9.17199999999999
B0006,B0006_D0052,52,86.46035170661865,300,19.578,324.578,328.985,4.407000000000039,28.985000000000014,328.985,33,0.9966777408637874,0.0,9.407000000000014
B0006,B0006_D0053,53,85.40543276276622,300,19.5,324.5,328.781,4.281000000000006,28.781000000000006,328.781,33,0.9966777408637874,0.0,9.281000000000006
B0006,B0006_D0054,54,84.87977118730883,300,19.531,324.531,328.625,4.093999999999994,28.625,328.625,33,0.9966777408637874,0.0,9.094000000000001
B0006,B0006_D0055,55,84.10317262014732,300,19.641,324.641,328.766,4.125,28.76600000000002,328.766,33,0.9966777408637874,0.0,9.125000000000021
B0006,B0006_D0056,56,83.57384161147543,300,19.531,324.531,328.422,3.8910000000000196,28.422000000000025,328.422,33,0.9966777408637874,0.0,8.891000000000027
B0006,B0006_D0057,57,83.03795693523827,300,19.500000000000004,324.5,328.641,4.1410000000000196,28.64100000000002,328.641,33,0.9966777408637874,0.0,9.141000000000016
B0006,B0006_D0058,58,82.55605075190346,300,19.64,324.64,328.765,4.125,28.764999999999986,328.765,33,0.9966777408637874,0.0,9.124999999999986
B0006,B0006_D0059,59,82.00674628095464,300,19.5,324.5,328.484,3.9839999999999804,28.48399999999998,328.484,33,0.9966777408637874,0.0,8.98399999999998
B0006,B0006_D0060,60,81.4599970808272,300,19.578000000000003,324.578,328.781,4.203000000000031,28.781000000000006,328.781,33,0.9933554817275747,0.0,9.203000000000003
B0006,B0006_D0061,61,80.44248151480832,300,19.546999999999997,324.547,328.734,4.186999999999955,28.73399999999998,328.734,33,0.9966777408637874,0.0,9.186999999999983
B0006,B0006_D0062,62,80.17622449484624,300,19.594,324.594,328.797,4.203000000000031,28.797000000000025,328.797,33,0.9900332225913622,0.0,9.203000000000024
B0006,B0006_D0063,63,79.94856072013991,300,19.5,324.5,328.719,4.218999999999994,28.718999999999994,328.719,33,0.9966777408637874,0.0,9.218999999999994
B0006,B0006_D0064,64,79.38136561787802,300,19.656000000000006,324.656,328.813,4.156999999999982,28.812999999999988,328.813,33,0.9900332225913622,0.0,9.156999999999982
B0006,B0006_D0065,65,79.14859872343084,300,19.469,324.469,328.594,4.125,28.593999999999994,328.594,33,0.9933554817275747,0.0,9.124999999999993
B0006,B0006_D0066,66,78.35688183567815,300,19.61,324.61,328.797,4.187000000000012,28.797000000000025,328.797,33,0.9966777408637874,0.0,9.187000000000026
B0006,B0006_D0067,67,78.06723069856942,300,19.61,324.61,328.563,3.9529999999999745,28.562999999999988,328.563,33,0.9966777408637874,0.0,8.952999999999989
B0006,B0006_D0068,68,77.55855946395211,300,19.609,324.609,328.64,4.031000000000006,28.639999999999986,328.64,33,0.9966777408637874,0.0,9.030999999999985
B0006,B0006_D0069,69,77.03370803147585,300,19.625,324.625,328.765,4.139999999999986,28.764999999999986,328.765,33,0.9933554817275747,0.0,9.139999999999986
B0006,B0006_D0070,70,76.26569372312217,300,19.531,324.531,328.813,4.281999999999982,28.812999999999988,328.813,33,0.9933554817275747,0.0,9.28199999999999
B0006,B0006_D0071,71,76.50785159033714,300,19.547,324.547,328.797,4.25,28.797000000000025,328.797,33,0.9966777408637874,0.0,9.250000000000025
B0006,B0006_D0072,72,76.23283417237045,300,19.532000000000004,324.532,328.563,4.031000000000006,28.562999999999988,328.563,33,0.9966777408637874,0.0,9.030999999999985
B0006,B0006_D0073,73,75.72746493327715,300,19.5,324.5,328.625,4.125,28.625,328.625,33,0.9966777408637874,0.0,9.125
B0006,B0006_D0074,74,75.4695752301041,300,19.594,324.594,328.719,4.125,28.718999999999994,328.719,33,0.9966777408637874,0.0,9.124999999999993
B0006,B0006_D0075,75,75.19987166525351,300,19.625000000000004,324.625,328.813,4.187999999999988,28.812999999999988,328.813,33,0.9966777408637874,0.0,9.187999999999985
B0006,B0006_D0076,76,74.67600959020095,300,19.468000000000004,324.468,328.718,4.25,28.718000000000018,328.718,33,0.9966777408637874,0.0,9.250000000000014
B0006,B0006_D0077,77,74.3816151224871,300,19.485,324.485,328.75,4.264999999999986,28.75,328.75,33,0.9966777408637874,0.0,9.265
B0006,B0006_D0078,78,76.51438107200852,300,19.5,324.5,328.782,4.281999999999982,28.781999999999982,328.782,33,0.9966777408637874,0.0,9.281999999999982
B0006,B0006_D0079,79,75.20380044180057,300,19.485,324.485,328.61,4.125,28.610000000000014,328.61,33,0.9966777408637874,0.0,9.125000000000014
B0006,B0006_D0080,80,74.43796804365446,300,19.547000000000004,324.547,328.547,4.0,28.547000000000025,328.547,33,0.9966777408637874,0.0,9.000000000000021
B0006,B0006_D0081,81,73.91389642773318,300,19.516,324.516,328.641,4.125,28.64100000000002,328.641,33,0.9966777408637874,0.0,9.125000000000021
B0006,B0006_D0082,82,73.9229991107842,300,19.608999999999998,324.609,328.797,4.188000000000045,28.797000000000025,328.797,33,0.9966777408637874,0.0,9.188000000000027
B0006,B0006_D0083,83,73.66074224499864,300,19.546999999999997,324.547,328.781,4.2339999999999804,28.781000000000006,328.781,33,0.9966777408637874,0.0,9.234000000000009
B0006,B0006_D0084,84,73.37582467533949,300,19.516000000000005,324.516,328.766,4.25,28.76600000000002,328.766,33,0.9966777408637874,0.0,9.250000000000014
B0006,B0006_D0085,85,72.58146328760668,300,19.484,324.484,328.687,4.203000000000031,28.687000000000012,328.687,33,0.9933554817275747,0.0,9.20300000000001
B0006,B0006_D0086,86,72.59618860483587,300,19.578,324.578,328.797,4.219000000000051,28.797000000000025,328.797,33,0.9966777408637874,0.0,9.219000000000026
B0006,B0006_D0087,87,72.35742347388872,300,19.531,324.531,329.031,4.5,29.031000000000006,329.031,32,0.9933554817275747,0.0,0.14100000000000534
B0006,B0006_D0088,88,72.34269052829943,300,19.515,324.515,328.781,4.2660000000000196,28.781000000000006,328.781,33,0.9900332225913622,0.0,9.266000000000005
B0006,B0006_D0089,89,72.08370965142339,300,19.484,324.484,328.515,4.031000000000006,28.514999999999986,328.515,33,0.9933554817275747,0.0,9.030999999999985
B0006,B0006_D0090,90,79.67933296550063,300,19.61,324.61,328.75,4.139999999999986,28.75,328.75,33,0.9966777408637874,0.0,9.14
B0006,B0006_D0091,91,77.31951188457819,300,19.547000000000004,324.547,329.0,4.4529999999999745,29.0,329.0,32,0.9966777408637874,0.0,0.015999999999998238
B0006,B0006_D0092,92,75.73527958783049,300,19.594,324.594,328.703,4.1089999999999804,28.702999999999975,328.703,33,0.9966777408637874,0.0,9.108999999999973
B0006,B0006_D0093,93,74.94893041667702,300,19.578000000000003,324.578,328.719,4.1410000000000196,28.718999999999994,328.719,33,0.9966777408637874,0.0,9.140999999999991
B0006,B0006_D0094,94,74.15555372705246,300,19.500000000000004,324.5,328.672,4.1720000000000255,28.672000000000025,328.672,33,0.9966777408637874,0.0,9.172000000000022
B0006,B0006_D0095,95,73.6483241273414,300,19.578000000000003,324.578,328.765,4.187000000000012,28.764999999999986,328.765,33,0.9900332225913622,0.0,9.186999999999983
B0006,B0006_D0096,96,73.13802198049653,300,19.500000000000004,324.5,328.906,4.406000000000006,28.906000000000006,328.906,32,0.9933554817275747,0.0,3.552713678800501e-15
B0006,B0006_D0097,97,72.59182340531257,300,19.483999999999995,324.484,328.672,4.188000000000045,28.672000000000025,328.672,33,0.9966777408637874,0.0,9.18800000000003
B0006,B0006_D0098,98,72.34335322015197,300,19.547000000000004,324.547,328.734,4.186999999999955,28.73399999999998,328.734,33,0.9933554817275747,0.0,9.186999999999976
B0006,B0006_D0099,99,72.06901997138895,300,19.578000000000003,324.578,328.61,4.032000000000039,28.610000000000014,328.61,33,0.9966777408637874,0.0,9.03200000000001
B0006,B0006_D0100,100,71.5605372480387,300,19.578000000000003,324.578,328.562,3.9840000000000373,28.562000000000012,328.562,33,0.9933554817275747,0.0,8.984000000000009
B0006,B0006_D0101,101,71.30123589762857,300,19.531,324.531,328.625,4.093999999999994,28.625,328.625,33,0.9966777408637874,0.0,9.094000000000001
B0006,B0006_D0102,102,71.02438249830975,300,19.608999999999998,324.609,328.75,4.1410000000000196,28.75,328.75,33,0.9966777408637874,0.0,9.141000000000002
B0006,B0006_D0103,103,71.03503115177503,300,19.531,324.531,328.828,4.296999999999969,28.827999999999975,328.828,33,0.9966777408637874,0.0,9.296999999999976
B0006,B0006_D0104,104,72.61279021654194,300,19.516,324.516,328.641,4.125,28.64100000000002,328.641,33,0.9900332225913622,0.0,9.125000000000021
B0006,B0006_D0105,105,71.57788163862855,300,19.562999999999995,324.563,328.938,4.375,28.937999999999988,328.938,32,0.9966777408637874,0.0,0.015999999999991132
B0006,B0006_D0106,106,70.75078755794715,300,19.531,324.531,328.485,3.9540000000000077,28.485000000000014,328.485,33,0.9966777408637874,0.0,8.954000000000015
B0006,B0006_D0107,107,70.48655753258726,300,19.547,324.547,328.703,4.155999999999949,28.702999999999975,328.703,33,0.9966777408637874,0.0,9.155999999999974
B0006,B0006_D0108,108,70.24586590646545,300,19.485,324.485,328.485,4.0,28.485000000000014,328.485,33,0.9966777408637874,0.0,9.000000000000014
B0006,B0006_D0109,109,69.75821482857815,300,19.547000000000004,324.547,328.641,4.093999999999994,28.64100000000002,328.641,33,0.9900332225913622,0.0,9.094000000000015
B0006,B0006_D0110,110,69.72671916307038,300,19.625,324.625,328.75,4.125,28.75,328.75,33,0.9933554817275747,0.0,9.125
B0006,B0006_D0111,111,69.46585589656323,300,19.579,324.579,329.0,4.420999999999992,29.0,329.0,32,0.9966777408637874,0.0,0.015000000000000568
B0006,B0006_D0112,112,69.19189736163904,300,19.5,324.5,328.64,4.139999999999986,28.639999999999986,328.64,33,0.9966777408637874,0.0,9.139999999999986
B0006,B0006_D0113,113,68.68407119097562,300,19.546999999999997,324.547,328.391,3.843999999999994,28.39100000000002,328.391,33,0.9966777408637874,0.0,8.844000000000023
B0006,B0006_D0114,114,68.93029945931838,300,19.546999999999997,324.547,328.687,4.139999999999986,28.687000000000012,328.687,33,0.9966777408637874,0.0,9.140000000000015
B0006,B0006_D0115,115,68.68800149554288,300,19.608999999999998,324.609,328.922,4.313000000000045,28.922000000000025,328.922,33,0.9966777408637874,0.0,9.313000000000027
B0006,B0006_D0116,116,68.41290291971356,300,19.561999999999998,324.562,328.641,4.079000000000008,28.64100000000002,328.641,33,0.9966777408637874,0.0,9.079000000000022
B0006,B0006_D0117,117,68.16512018658753,300,19.594,324.594,328.719,4.125,28.718999999999994,328.719,33,0.9900332225913622,0.0,9.124999999999993
B0006,B0006_D0118,118,67.90483070086299,300,19.563000000000002,324.563,328.641,4.078000000000031,28.64100000000002,328.641,33,0.9966777408637874,0.0,9.078000000000017
B0006,B0006_D0119,119,67.66345454997655,300,19.531000000000002,324.531,328.656,4.125,28.656000000000006,328.656,33,0.9900332225913622,0.0,9.125000000000004
B0006,B0006_D0120,120,69.20802869118744,300,19.563000000000002,324.563,328.453,3.8899999999999864,28.452999999999975,328.453,33,0.9966777408637874,0.0,8.889999999999972
B0006,B0006_D0121,121,70.25733895325736,300,19.531,324.531,328.609,4.0779999999999745,28.60899999999998,328.609,33,0.9966777408637874,0.0,9.077999999999982
B0006,B0006_D0122,122,68.93595113136764,300,19.578000000000003,324.578,328.813,4.235000000000014,28.812999999999988,328.813,33,0.9966777408637874,0.0,9.234999999999985
B0006,B0006_D0123,123,68.41328891599532,300,19.485,324.485,328.625,4.139999999999986,28.625,328.625,33,0.9933554817275747,0.0,9.14
B0006,B0006_D0124,124,67.86575648309008,300,19.5,324.5,328.61,4.110000000000014,28.610000000000014,328.61,33,0.9966777408637874,0.0,9.110000000000014
B0006,B0006_D0125,125,67.62467319400798,300,19.546999999999997,324.547,328.703,4.155999999999949,28.702999999999975,328.703,33,0.9966777408637874,0.0,9.155999999999977
B0006,B0006_D0126,126,67.37049575830618,300,19.610000000000003,324.61,328.922,4.312000000000012,28.922000000000025,328.922,33,0.9966777408637874,0.0,9.312000000000022
B0006,B0006_D0127,127,66.85037565421159,300,19.579,324.579,328.657,4.0779999999999745,28.656999999999982,328.657,33,0.9966777408637874,0.0,9.077999999999982
B0006,B0006_D0128,128,66.56176483359263,300,19.562,324.562,328.687,4.125,28.687000000000012,328.687,33,0.9933554817275747,0.0,9.12500000000001
B0006,B0006_D0129,129,66.29651890863822,300,19.578000000000003,324.578,328.671,4.093000000000018,28.670999999999992,328.671,33,0.9933554817275747,0.0,9.09299999999999
B0006,B0006_D0130,130,66.07893719337645,300,19.531000000000006,324.531,328.656,4.125,28.656000000000006,328.656,33,0.9933554817275747,0.0,9.125
B0006,B0006_D0131,131,66.06125370330544,300,19.578000000000003,324.578,328.844,4.2660000000000196,28.843999999999994,328.844,33,0.9966777408637874,0.0,9.265999999999991
B0006,B0006_D0132,132,65.78242650931341,300,19.578000000000003,324.578,328.625,4.0470000000000255,28.625,328.625,33,0.9933554817275747,0.0,9.046999999999997
B0006,B0006_D0133,133,66.04512848751195,300,19.578000000000003,324.578,329.016,4.438000000000045,29.01600000000002,329.016,32,0.9966777408637874,0.0,0.04700000000001836
B0006,B0006_D0134,134,67.37164383636953,300,19.64,324.64,328.75,4.110000000000014,28.75,328.75,33,0.9966777408637874,0.0,9.11
B0006,B0006_D0135,135,66.30064036176807,300,19.641,324.641,328.75,4.1089999999999804,28.75,328.75,33,0.9933554817275747,0.0,9.109000000000002
B0006,B0006_D0136,136,65.50593392415533,300,19.5,324.5,328.578,4.0779999999999745,28.577999999999975,328.578,33,0.9933554817275747,0.0,9.077999999999975
B0006,B0006_D0137,137,65.2608101146965,300,19.483999999999995,324.484,328.422,3.938000000000045,28.422000000000025,328.422,33,0.9966777408637874,0.0,8.93800000000003
B0006,B0006_D0138,138,65.02030975677887,300,19.5,324.5,328.578,4.0779999999999745,28.577999999999975,328.578,33,0.9900332225913622,0.0,9.077999999999975
B0006,B0006_D0139,139,65.0117867920558,300,19.484,324.484,328.563,4.079000000000008,28.562999999999988,328.563,33,0.9966777408637874,0.0,9.078999999999986
B0006,B0006_D0140,140,64.47533361240379,300,19.594,324.594,328.719,4.125,28.718999999999994,328.719,33,0.9966777408637874,0.0,9.124999999999993
B0006,B0006_D0141,141,63.96265286923975,300,19.703000000000003,324.703,328.781,4.078000000000031,28.781000000000006,328.781,33,0.9933554817275747,0.0,9.078000000000003
B0006,B0006_D0142,142,63.96039085857309,300,19.516,324.516,328.516,4.0,28.51600000000002,328.516,33,0.9933554817275747,0.0,9.000000000000021
B0006,B0006_D0143,143,63.70183804514616,300,19.531,324.531,328.5,3.968999999999994,28.5,328.5,33,0.9933554817275747,0.0,8.969000000000001
B0006,B0006_D0144,144,63.70636961500734,300,19.546999999999997,324.547,328.969,4.421999999999969,28.968999999999994,328.969,32,0.9966777408637874,0.0,0.046999999999997044
B0006,B0006_D0145,145,63.1881971322039,300,19.563,324.563,328.75,4.187000000000012,28.75,328.75,33,0.9966777408637874,0.0,9.187000000000001
B0006,B0006_D0146,146,62.906868444776165,300,19.547000000000004,324.547,328.75,4.2029999999999745,28.75,328.75,33,0.9933554817275747,0.0,9.202999999999996
B0006,B0006_D0147,147,62.66299320276505,300,19.546,324.546,328.718,4.1720000000000255,28.718000000000018,328.718,33,0.9966777408637874,0.0,9.172000000000018
B0006,B0006_D0148,148,62.661566577467134,300,19.531,324.531,328.469,3.937999999999988,28.468999999999994,328.469,33,0.9966777408637874,0.0,8.937999999999995
B0006,B0006_D0149,149,62.40437480156788,300,19.609,324.609,328.828,4.218999999999994,28.827999999999975,328.828,33,0.9900332225913622,0.0,9.218999999999973
B0006,B0006_D0150,150,62.67177142472422,300,19.592999999999996,324.593,328.672,4.079000000000008,28.672000000000025,328.672,33,0.9933554817275747,0.0,9.079000000000029
B0006,B0006_D0151,151,64.4902438663345,300,19.483999999999998,324.484,328.609,4.125,28.60899999999998,328.609,33,0.9933554817275747,0.0,9.124999999999982
B0006,B0006_D0152,152,63.177010108794185,300,19.546,324.546,328.609,4.062999999999988,28.60899999999998,328.609,33,0.9933554817275747,0.0,9.062999999999981
B0006,B0006_D0153,153,62.398808534214254,300,19.516,324.516,328.703,4.186999999999955,28.702999999999975,328.703,33,0.9966777408637874,0.0,9.186999999999976
B0006,B0006_D0154,154,61.60601438971667,300,19.485,324.485,328.625,4.139999999999986,28.625,328.625,33,0.9966777408637874,0.0,9.14
B0006,B0006_D0155,155,61.35568833106767,300,19.484,324.484,328.25,3.7660000000000196,28.25,328.25,33,0.9933554817275747,0.0,8.765999999999998
B0006,B0006_D0156,156,61.08698790688678,300,19.531,324.531,329.031,4.5,29.031000000000006,329.031,32,0.9966777408637874,0.0,0.09300000000000708
B0006,B0006_D0157,157,60.5551339457587,300,19.531,324.531,328.469,3.937999999999988,28.468999999999994,328.469,33,0.9966777408637874,0.0,8.937999999999995
B0006,B0006_D0158,158,60.28079882565868,300,19.5,324.5,328.438,3.937999999999988,28.437999999999988,328.438,33,0.9966777408637874,0.0,8.937999999999988
B0006,B0006_D0159,159,60.044681313586366,300,19.578000000000003,324.578,328.719,4.1410000000000196,28.718999999999994,328.719,33,0.9933554817275747,0.0,9.140999999999991
B0006,B0006_D0160,160,59.52951992779168,300,19.593999999999994,324.594,329.032,4.437999999999988,29.031999999999982,329.032,32,0.9933554817275747,0.0,0.07899999999998641
B0006,B0006_D0161,161,59.25896255209705,300,19.625,324.625,328.547,3.9220000000000255,28.547000000000025,328.547,33,0.9933554817275747,0.0,8.922000000000025
B0006,B0006_D0162,162,58.983534090723126,300,19.485,324.485,328.594,4.1089999999999804,28.593999999999994,328.594,33,0.9966777408637874,0.0,9.108999999999995
B0006,B0006_D0163,163,58.72976418376958,300,19.608999999999995,324.609,328.75,4.1410000000000196,28.75,328.75,33,0.9966777408637874,0.0,9.141000000000005
B0006,B0006_D0164,164,57.6909165798125,300,19.483999999999998,324.484,328.39,3.906000000000006,28.389999999999986,328.39,33,0.9966777408637874,0.0,8.905999999999988
B0006,B0006_D0165,165,58.22004778686132,300,19.562000000000005,324.562,328.937,4.375,28.937000000000012,328.937,32,0.9933554817275747,0.0,0.015000000000007674
B0006,B0006_D0166,166,57.93987473958035,300,19.469,324.469,328.547,4.078000000000031,28.547000000000025,328.547,33,0.9966777408637874,0.0,9.078000000000024
B0006,B0006_D0167,167,58.74874417384586,300,19.593999999999998,324.594,328.797,4.203000000000031,28.797000000000025,328.797,33,0.9966777408637874,0.0,9.203000000000028
B0006,B0006_D0168,168,59.283761639646784,300,19.515,324.515,328.734,4.218999999999994,28.73399999999998,328.734,33,0.9966777408637874,0.0,9.21899999999998
B0007,B0007_D0001,1,94.5526147695395,300,35.702999999999996,340.703,344.75,4.0470000000000255,44.75,344.75,17,0.9933554817275747,0.0,9.047000000000004
B0007,B0007_D0002,2,94.03185138434294,300,35.703,340.703,344.594,3.8910000000000196,44.593999999999994,344.594,17,0.9966777408637874,0.0,8.890999999999991
B0007,B0007_D0003,3,94.03313358505694,300,35.766,340.766,344.562,3.7959999999999923,44.56200000000001,344.562,17,0.9966777408637874,0.0,8.796000000000014
B0007,B0007_D0004,4,94.03854504916724,300,35.75,340.75,344.86,4.110000000000014,44.860000000000014,344.86,17,0.9933554817275747,0.0,9.110000000000014
B0007,B0007_D0005,5,93.97254364142526,300,35.656000000000006,340.656,344.547,3.8910000000000196,44.547000000000025,344.547,17,0.9966777408637874,0.0,8.89100000000002
B0007,B0007_D0006,6,94.03501758558704,300,35.703,340.703,344.5,3.7970000000000255,44.5,344.5,17,0.9966777408637874,0.0,8.796999999999997
B0007,B0007_D0007,7,93.99676261783036,300,35.562,340.562,344.312,3.75,44.31200000000001,344.312,17,0.9966777408637874,0.0,8.750000000000014
B0007,B0007_D0008,8,94.075440620194,300,35.578,340.578,344.844,4.2660000000000196,44.843999999999994,344.844,17,0.9933554817275747,0.0,9.265999999999991
B0007,B0007_D0009,9,93.4845393519292,300,35.578,340.578,344.312,3.7340000000000373,44.31200000000001,344.312,17,0.9966777408637874,0.0,8.734000000000009
B0007,B0007_D0010,10,93.50261900695996,300,35.563,340.563,344.422,3.8590000000000373,44.422000000000025,344.422,17,0.9966777408637874,0.0,8.859000000000023
B0007,B0007_D0011,11,93.50221197094288,300,35.594,340.594,344.813,4.218999999999994,44.81299999999999,344.813,17,0.9966777408637874,0.0,9.218999999999987
B0007,B0007_D0012,12,92.98259493883182,300,35.735,340.735,344.766,4.031000000000006,44.76600000000002,344.766,17,0.9966777408637874,0.0,9.03100000000002
B0007,B0007_D0013,13,92.95373280431104,300,35.656,340.656,344.484,3.8279999999999745,44.48399999999998,344.484,17,0.9966777408637874,0.0,8.827999999999982
B0007,B0007_D0014,14,92.95042288854616,300,35.594,340.594,344.266,3.6720000000000255,44.26600000000002,344.266,17,0.9966777408637874,0.0,8.672000000000018
B0007,B0007_D0015,15,92.96811293478524,300,35.641000000000005,340.641,344.344,3.7029999999999745,44.343999999999994,344.344,17,0.9966777408637874,0.0,8.702999999999989
B0007,B0007_D0016,16,92.93677725300518,300,35.782,340.782,344.75,3.9680000000000177,44.75,344.75,17,0.9966777408637874,0.0,8.968000000000004
B0007,B0007_D0017,17,92.39086456610724,300,35.672000000000004,340.672,344.734,4.061999999999955,44.73399999999998,344.734,17,0.9966777408637874,0.0,9.061999999999976
B0007,B0007_D0018,18,92.42626458068524,300,35.656000000000006,340.656,344.672,4.0160000000000196,44.672000000000025,344.672,17,0.9966777408637874,0.0,9.01600000000002
B0007,B0007_D0019,19,92.4189475925017,300,35.641000000000005,340.641,344.797,4.156000000000006,44.797000000000025,344.797,17,0.9933554817275747,0.0,9.15600000000002
B0007,B0007_D0020,20,94.03902718804883,300,35.625,340.625,344.609,3.9839999999999804,44.60899999999998,344.609,17,0.9966777408637874,0.0,8.98399999999998
B0007,B0007_D0021,21,94.073607987218,300,35.703,340.703,344.719,4.0160000000000196,44.718999999999994,344.719,17,0.9966777408637874,0.0,9.015999999999991
B0007,B0007_D0022,22,94.05477156622392,300,35.672,340.672,344.766,4.093999999999994,44.76600000000002,344.766,17,0.9966777408637874,0.0,9.094000000000023
B0007,B0007_D0023,23,93.55044824889998,300,35.703,340.703,344.672,3.969000000000051,44.672000000000025,344.672,17,0.9933554817275747,0.0,8.969000000000023
B0007,B0007_D0024,24,93.50997575970686,300,35.594,340.594,344.609,4.014999999999986,44.60899999999998,344.609,17,0.9966777408637874,0.0,9.01499999999998
B0007,B0007_D0025,25,93.53357681400492,300,35.719,340.719,344.859,4.139999999999986,44.85899999999998,344.859,17,0.9966777408637874,0.0,9.13999999999998
B0007,B0007_D0026,26,92.98062322010084,300,35.688,340.688,344.297,3.6090000000000373,44.297000000000025,344.297,17,0.9966777408637874,0.0,8.609000000000023
B0007,B0007_D0027,27,93.0016954859173,300,35.625,340.625,344.437,3.812000000000012,44.43700000000001,344.437,17,0.9966777408637874,0.0,8.812000000000012
B0007,B0007_D0028,28,92.95826554580384,300,35.594,340.594,344.563,3.968999999999994,44.56299999999999,344.563,17,0.9966777408637874,0.0,8.968999999999987
B0007,B0007_D0029,29,92.40699089389145,300,35.625,340.625,344.812,4.187000000000012,44.81200000000001,344.812,17,0.9966777408637874,0.0,9.187000000000012
B0007,B0007_D0030,30,92.4600851063082,300,35.625,340.625,344.625,4.0,44.625,344.625,17,0.9966777408637874,0.0,9.0
B0007,B0007_D0031,31,94.17338718975424,300,19.578,324.578,328.578,4.0,28.577999999999975,328.578,33,0.9966777408637874,0.0,8.999999999999975
B0007,B0007_D0032,32,93.14105558952922,300,19.561999999999998,324.562,328.437,3.875,28.437000000000012,328.437,33,0.9966777408637874,0.0,8.875000000000014
B0007,B0007_D0033,33,92.6042519826176,300,19.656,324.656,328.797,4.1410000000000196,28.797000000000025,328.797,33,0.9867109634551495,0.0,9.141000000000027
B0007,B0007_D0034,34,92.34752324104352,300,19.546999999999997,324.547,328.656,4.1089999999999804,28.656000000000006,328.656,33,0.9966777408637874,0.0,9.109000000000009
B0007,B0007_D0035,35,91.8414215584509,300,19.625,324.625,328.781,4.156000000000006,28.781000000000006,328.781,33,0.9966777408637874,0.0,9.156000000000006
B0007,B0007_D0036,36,91.8580980983614,300,19.563000000000002,324.563,328.734,4.170999999999992,28.73399999999998,328.734,33,0.9933554817275747,0.0,9.170999999999978
B0007,B0007_D0037,37,91.58361291859424,300,19.469,324.469,328.547,4.078000000000031,28.547000000000025,328.547,33,0.9933554817275747,0.0,9.078000000000024
B0007,B0007_D0038,38,91.05735475658892,300,19.485,324.485,328.61,4.125,28.610000000000014,328.61,33,0.9966777408637874,0.0,9.125000000000014
B0007,B0007_D0039,39,90.82530457557574,300,19.484,324.484,328.734,4.25,28.73399999999998,328.734,33,0.9966777408637874,0.0,9.249999999999979
B0007,B0007_D0040,40,90.5690780075228,300,19.609,324.609,328.813,4.204000000000008,28.812999999999988,328.813,33,0.9966777408637874,0.0,9.203999999999986
B0007,B0007_D0041,41,90.58028166969792,300,19.563000000000002,324.563,328.625,4.062000000000012,28.625,328.625,33,0.9966777408637874,0.0,9.061999999999998
B0007,B0007_D0042,42,90.30274477778704,300,19.515,324.515,328.687,4.1720000000000255,28.687000000000012,328.687,33,0.9933554817275747,0.0,9.172000000000011
B0007,B0007_D0043,43,90.66020913497027,300,35.516,340.516,343.578,3.061999999999955,43.577999999999975,343.578,17,0.9966777408637874,0.0,8.061999999999976
B0007,B0007_D0044,44,90.31320969141764,300,19.484,324.484,328.609,4.125,28.60899999999998,328.609,33,0.9966777408637874,0.0,9.124999999999979
B0007,B0007_D0045,45,89.79155124950229,300,19.484,324.484,328.703,4.218999999999994,28.702999999999975,328.703,33,0.9966777408637874,0.0,9.218999999999973
B0007,B0007_D0046,46,89.29426300195226,300,19.561999999999998,324.562,328.656,4.093999999999994,28.656000000000006,328.656,33,0.9933554817275747,0.0,9.094000000000008
B0007,B0007_D0047,47,89.01634302251375,300,19.5,324.5,328.656,4.156000000000006,28.656000000000006,328.656,33,0.9933554817275747,0.0,9.156000000000006
B0007,B0007_D0048,48,90.75378449787786,300,19.625,324.625,328.75,4.125,28.75,328.75,33,0.9966777408637874,0.0,9.125
B0007,B0007_D0049,49,90.7851257742292,300,19.546999999999997,324.547,328.578,4.030999999999949,28.577999999999975,328.578,33,0.9966777408637874,0.0,9.030999999999977
B0007,B0007_D0050,50,90.01216089028335,300,19.61,324.61,328.797,4.187000000000012,28.797000000000025,328.797,33,0.9933554817275747,0.0,9.187000000000026
B0007,B0007_D0051,51,89.52238102804654,300,19.641,324.641,328.813,4.171999999999969,28.812999999999988,328.813,33,0.9933554817275747,0.0,9.17199999999999
B0007,B0007_D0052,52,89.0171516150066,300,19.578,324.578,328.985,4.407000000000039,28.985000000000014,328.985,33,0.9966777408637874,0.0,9.407000000000014
B0007,B0007_D0053,53,88.7664384798406,300,19.5,324.5,328.781,4.281000000000006,28.781000000000006,328.781,33,0.9966777408637874,0.0,9.281000000000006
B0007,B0007_D0054,54,88.51314867366426,300,19.531,324.531,328.625,4.093999999999994,28.625,328.625,33,0.9966777408637874,0.0,9.094000000000001
B0007,B0007_D0055,55,88.0040530927102,300,19.641,324.641,328.766,4.125,28.76600000000002,328.766,33,0.9966777408637874,0.0,9.125000000000021
B0007,B0007_D0056,56,87.48237967688445,300,19.531,324.531,328.422,3.8910000000000196,28.422000000000025,328.422,33,0.9966777408637874,0.0,8.891000000000027
B0007,B0007_D0057,57,87.48250375296554,300,19.500000000000004,324.5,328.641,4.1410000000000196,28.64100000000002,328.641,33,0.9966777408637874,0.0,9.141000000000016
B0007,B0007_D0058,58,87.25143696073415,300,19.64,324.64,328.765,4.125,28.764999999999986,328.765,33,0.9966777408637874,0.0,9.124999999999986
B0007,B0007_D0059,59,86.98228727643365,300,19.5,324.5,328.484,3.9839999999999804,28.48399999999998,328.484,33,0.9966777408637874,0.0,8.98399999999998
B0007,B0007_D0060,60,86.42821138858982,300,19.578000000000003,324.578,328.781,4.203000000000031,28.781000000000006,328.781,33,0.9933554817275747,0.0,9.203000000000003
B0007,B0007_D0061,61,86.1950162294209,300,19.546999999999997,324.547,328.734,4.186999999999955,28.73399999999998,328.734,33,0.9966777408637874,0.0,9.186999999999983
B0007,B0007_D0062,62,85.69894388242597,300,19.594,324.594,328.797,4.203000000000031,28.797000000000025,328.797,33,0.9900332225913622,0.0,9.203000000000024
B0007,B0007_D0063,63,85.69850998502307,300,19.5,324.5,328.719,4.218999999999994,28.718999999999994,328.719,33,0.9966777408637874,0.0,9.218999999999994
B0007,B0007_D0064,64,85.18260586819383,300,19.656000000000006,324.656,328.813,4.156999999999982,28.812999999999988,328.813,33,0.9900332225913622,0.0,9.156999999999982
B0007,B0007_D0065,65,85.20068737191244,300,19.469,324.469,328.594,4.125,28.593999999999994,328.594,33,0.9933554817275747,0.0,9.124999999999993
B0007,B0007_D0066,66,84.67858078671516,300,19.61,324.61,328.797,4.187000000000012,28.797000000000025,328.797,33,0.9966777408637874,0.0,9.187000000000026
B0007,B0007_D0067,67,84.38288681938828,300,19.61,324.61,328.563,3.9529999999999745,28.562999999999988,328.563,33,0.9966777408637874,0.0,8.952999999999989
B0007,B0007_D0068,68,84.15372178291575,300,19.609,324.609,328.64,4.031000000000006,28.639999999999986,328.64,33,0.9966777408637874,0.0,9.030999999999985
B0007,B0007_D0069,69,83.89635071012741,300,19.625,324.625,328.765,4.139999999999986,28.764999999999986,328.765,33,0.9933554817275747,0.0,9.139999999999986
B0007,B0007_D0070,70,83.66030137983086,300,19.531,324.531,328.813,4.281999999999982,28.812999999999988,328.813,33,0.9933554817275747,0.0,9.28199999999999
B0007,B0007_D0071,71,83.37183604126994,300,19.547,324.547,328.797,4.25,28.797000000000025,328.797,33,0.9966777408637874,0.0,9.250000000000025
B0007,B0007_D0072,72,83.11331315333763,300,19.532000000000004,324.532,328.563,4.031000000000006,28.562999999999988,328.563,33,0.9966777408637874,0.0,9.030999999999985
B0007,B0007_D0073,73,82.87121532881531,300,19.5,324.5,328.625,4.125,28.625,328.625,33,0.9966777408637874,0.0,9.125
B0007,B0007_D0074,74,82.6269342464367,300,19.594,324.594,328.719,4.125,28.718999999999994,328.719,33,0.9966777408637874,0.0,9.124999999999993
B0007,B0007_D0075,75,82.3608731378666,300,19.625000000000004,324.625,328.813,4.187999999999988,28.812999999999988,328.813,33,0.9966777408637874,0.0,9.187999999999985
B0007,B0007_D0076,76,81.82068405449036,300,19.468000000000004,324.468,328.718,4.25,28.718000000000018,328.718,33,0.9966777408637874,0.0,9.250000000000014
B0007,B0007_D0077,77,81.81277156024248,300,19.485,324.485,328.75,4.264999999999986,28.75,328.75,33,0.9966777408637874,0.0,9.265
B0007,B0007_D0078,78,82.0559589609192,300,19.5,324.5,328.782,4.281999999999982,28.781999999999982,328.782,33,0.9966777408637874,0.0,9.281999999999982
B0007,B0007_D0079,79,81.57850394828483,300,19.485,324.485,328.61,4.125,28.610000000000014,328.61,33,0.9966777408637874,0.0,9.125000000000014
B0007,B0007_D0080,80,81.0606641493618,300,19.547000000000004,324.547,328.547,4.0,28.547000000000025,328.547,33,0.9966777408637874,0.0,9.000000000000021
B0007,B0007_D0081,81,80.82136607381061,300,19.516,324.516,328.641,4.125,28.64100000000002,328.641,33,0.9966777408637874,0.0,9.125000000000021
B0007,B0007_D0082,82,80.79117550809605,300,19.608999999999998,324.609,328.797,4.188000000000045,28.797000000000025,328.797,33,0.9966777408637874,0.0,9.188000000000027
B0007,B0007_D0083,83,80.83620901489451,300,19.546999999999997,324.547,328.781,4.2339999999999804,28.781000000000006,328.781,33,0.9966777408637874,0.0,9.234000000000009
B0007,B0007_D0084,84,80.54327931865014,300,19.516000000000005,324.516,328.766,4.25,28.76600000000002,328.766,33,0.9966777408637874,0.0,9.250000000000014
B0007,B0007_D0085,85,80.03301687154688,300,19.484,324.484,328.687,4.203000000000031,28.687000000000012,328.687,33,0.9933554817275747,0.0,9.20300000000001
B0007,B0007_D0086,86,79.79587243502833,300,19.578,324.578,328.797,4.219000000000051,28.797000000000025,328.797,33,0.9966777408637874,0.0,9.219000000000026
B0007,B0007_D0087,87,79.81089759731121,300,19.531,324.531,329.031,4.5,29.031000000000006,329.031,32,0.9933554817275747,0.0,0.14100000000000534
B0007,B0007_D0088,88,79.79032557316987,300,19.515,324.515,328.781,4.2660000000000196,28.781000000000006,328.781,33,0.9900332225913622,0.0,9.266000000000005
B0007,B0007_D0089,89,79.53253910740352,300,19.484,324.484,328.515,4.031000000000006,28.514999999999986,328.515,33,0.9933554817275747,0.0,9.030999999999985
B0007,B0007_D0090,90,84.44105580927753,300,19.61,324.61,328.75,4.139999999999986,28.75,328.75,33,0.9966777408637874,0.0,9.14
B0007,B0007_D0091,91,81.29969139866601,300,19.547000000000004,324.547,329.0,4.4529999999999745,29.0,329.0,32,0.9966777408637874,0.0,0.015999999999998238
B0007,B0007_D0092,92,80.78716931406449,300,19.594,324.594,328.703,4.1089999999999804,28.702999999999975,328.703,33,0.9966777408637874,0.0,9.108999999999973
B0007,B0007_D0093,93,80.28313382423269,300,19.578000000000003,324.578,328.719,4.1410000000000196,28.718999999999994,328.719,33,0.9966777408637874,0.0,9.140999999999991
B0007,B0007_D0094,94,79.74873460762174,300,19.500000000000004,324.5,328.672,4.1720000000000255,28.672000000000025,328.672,33,0.9966777408637874,0.0,9.172000000000022
B0007,B0007_D0095,95,79.52051219435971,300,19.578000000000003,324.578,328.765,4.187000000000012,28.764999999999986,328.765,33,0.9900332225913622,0.0,9.186999999999983
B0007,B0007_D0096,96,79.26758531494089,300,19.500000000000004,324.5,328.906,4.406000000000006,28.906000000000006,328.906,32,0.9933554817275747,0.0,3.552713678800501e-15
B0007,B0007_D0097,97,78.99868573621188,300,19.483999999999995,324.484,328.672,4.188000000000045,28.672000000000025,328.672,33,0.9966777408637874,0.0,9.18800000000003
B0007,B0007_D0098,98,78.76092732639034,300,19.547000000000004,324.547,328.734,4.186999999999955,28.73399999999998,328.734,33,0.9933554817275747,0.0,9.186999999999976
B0007,B0007_D0099,99,78.4899242324434,300,19.578000000000003,324.578,328.61,4.032000000000039,28.610000000000014,328.61,33,0.9966777408637874,0.0,9.03200000000001
B0007,B0007_D0100,100,78.51282687975178,300,19.578000000000003,324.578,328.562,3.9840000000000373,28.562000000000012,328.562,33,0.9933554817275747,0.0,8.984000000000009
B0007,B0007_D0101,101,78.2624936954719,300,19.531,324.531,328.625,4.093999999999994,28.625,328.625,33,0.9966777408637874,0.0,9.094000000000001
B0007,B0007_D0102,102,77.98169667805736,300,19.608999999999998,324.609,328.75,4.1410000000000196,28.75,328.75,33,0.9966777408637874,0.0,9.141000000000002
B0007,B0007_D0103,103,78.24910266696052,300,19.531,324.531,328.828,4.296999999999969,28.827999999999975,328.828,33,0.9966777408637874,0.0,9.296999999999976
B0007,B0007_D0104,104,78.7489749921135,300,19.516,324.516,328.641,4.125,28.64100000000002,328.641,33,0.9900332225913622,0.0,9.125000000000021
B0007,B0007_D0105,105,78.2640558439023,300,19.562999999999995,324.563,328.938,4.375,28.937999999999988,328.938,32,0.9966777408637874,0.0,0.015999999999991132
B0007,B0007_D0106,106,77.9877748735063,300,19.531,324.531,328.485,3.9540000000000077,28.485000000000014,328.485,33,0.9966777408637874,0.0,8.954000000000015
B0007,B0007_D0107,107,77.49488428352494,300,19.547,324.547,328.703,4.155999999999949,28.702999999999975,328.703,33,0.9966777408637874,0.0,9.155999999999974
B0007,B0007_D0108,108,77.1938576567251,300,19.485,324.485,328.485,4.0,28.485000000000014,328.485,33,0.9966777408637874,0.0,9.000000000000014
B0007,B0007_D0109,109,77.25093744345037,300,19.547000000000004,324.547,328.641,4.093999999999994,28.64100000000002,328.641,33,0.9900332225913622,0.0,9.094000000000015
B0007,B0007_D0110,110,77.22970077051454,300,19.625,324.625,328.75,4.125,28.75,328.75,33,0.9933554817275747,0.0,9.125
B0007,B0007_D0111,111,76.71543360879438,300,19.579,324.579,329.0,4.420999999999992,29.0,329.0,32,0.9966777408637874,0.0,0.015000000000000568
B0007,B0007_D0112,112,76.43801971479242,300,19.5,324.5,328.64,4.139999999999986,28.639999999999986,328.64,33,0.9966777408637874,0.0,9.139999999999986
B0007,B0007_D0113,113,76.44630124589922,300,19.546999999999997,324.547,328.391,3.843999999999994,28.39100000000002,328.391,33,0.9966777408637874,0.0,8.844000000000023
B0007,B0007_D0114,114,76.45458250665615,300,19.546999999999997,324.547,328.687,4.139999999999986,28.687000000000012,328.687,33,0.9966777408637874,0.0,9.140000000000015
B0007,B0007_D0115,115,76.19529662330623,300,19.608999999999998,324.609,328.922,4.313000000000045,28.922000000000025,328.922,33,0.9966777408637874,0.0,9.313000000000027
B0007,B0007_D0116,116,75.93337709550309,300,19.561999999999998,324.562,328.641,4.079000000000008,28.64100000000002,328.641,33,0.9966777408637874,0.0,9.079000000000022
B0007,B0007_D0117,117,75.68241133213476,300,19.594,324.594,328.719,4.125,28.718999999999994,328.719,33,0.9900332225913622,0.0,9.124999999999993
B0007,B0007_D0118,118,75.68025092614516,300,19.563000000000002,324.563,328.641,4.078000000000031,28.64100000000002,328.641,33,0.9966777408637874,0.0,9.078000000000017
B0007,B0007_D0119,119,75.69735307433983,300,19.531000000000002,324.531,328.656,4.125,28.656000000000006,328.656,33,0.9900332225913622,0.0,9.125000000000004
B0007,B0007_D0120,120,76.69799596579394,300,19.563000000000002,324.563,328.453,3.8899999999999864,28.452999999999975,328.453,33,0.9966777408637874,0.0,8.889999999999972
B0007,B0007_D0121,121,76.95686399326549,300,19.531,324.531,328.609,4.0779999999999745,28.60899999999998,328.609,33,0.9966777408637874,0.0,9.077999999999982
B0007,B0007_D0122,122,76.18123986419369,300,19.578000000000003,324.578,328.813,4.235000000000014,28.812999999999988,328.813,33,0.9966777408637874,0.0,9.234999999999985
B0007,B0007_D0123,123,75.67906517794573,300,19.485,324.485,328.625,4.139999999999986,28.625,328.625,33,0.9933554817275747,0.0,9.14
B0007,B0007_D0124,124,75.38925374923957,300,19.5,324.5,328.61,4.110000000000014,28.610000000000014,328.61,33,0.9966777408637874,0.0,9.110000000000014
B0007,B0007_D0125,125,75.15980338018666,300,19.546999999999997,324.547,328.703,4.155999999999949,28.702999999999975,328.703,33,0.9966777408637874,0.0,9.155999999999977
B0007,B0007_D0126,126,74.8911029849794,300,19.610000000000003,324.61,328.922,4.312000000000012,28.922000000000025,328.922,33,0.9966777408637874,0.0,9.312000000000022
B0007,B0007_D0127,127,74.6424267316758,300,19.579,324.579,328.657,4.0779999999999745,28.656999999999982,328.657,33,0.9966777408637874,0.0,9.077999999999982
B0007,B0007_D0128,128,74.62071949335129,300,19.562,324.562,328.687,4.125,28.687000000000012,328.687,33,0.9933554817275747,0.0,9.12500000000001
B0007,B0007_D0129,129,74.37413882690404,300,19.578000000000003,324.578,328.671,4.093000000000018,28.670999999999992,328.671,33,0.9933554817275747,0.0,9.09299999999999
B0007,B0007_D0130,130,74.12675743202055,300,19.531000000000006,324.531,328.656,4.125,28.656000000000006,328.656,33,0.9933554817275747,0.0,9.125
B0007,B0007_D0131,131,74.13937161114492,300,19.578000000000003,324.578,328.844,4.2660000000000196,28.843999999999994,328.844,33,0.9966777408637874,0.0,9.265999999999991
B0007,B0007_D0132,132,73.84855898875296,300,19.578000000000003,324.578,328.625,4.0470000000000255,28.625,328.625,33,0.9933554817275747,0.0,9.046999999999997
B0007,B0007_D0133,133,74.09507777068637,300,19.578000000000003,324.578,329.016,4.438000000000045,29.01600000000002,329.016,32,0.9966777408637874,0.0,0.04700000000001836
B0007,B0007_D0134,134,74.90683099437412,300,19.64,324.64,328.75,4.110000000000014,28.75,328.75,33,0.9966777408637874,0.0,9.11
B0007,B0007_D0135,135,74.10387607196436,300,19.641,324.641,328.75,4.1089999999999804,28.75,328.75,33,0.9933554817275747,0.0,9.109000000000002
B0007,B0007_D0136,136,73.85577656406076,300,19.5,324.5,328.578,4.0779999999999745,28.577999999999975,328.578,33,0.9933554817275747,0.0,9.077999999999975
B0007,B0007_D0137,137,73.60386391528245,300,19.483999999999995,324.484,328.422,3.938000000000045,28.422000000000025,328.422,33,0.9966777408637874,0.0,8.93800000000003
B0007,B0007_D0138,138,73.6124006828227,300,19.5,324.5,328.578,4.0779999999999745,28.577999999999975,328.578,33,0.9900332225913622,0.0,9.077999999999975
B0007,B0007_D0139,139,73.35053336137332,300,19.484,324.484,328.563,4.079000000000008,28.562999999999988,328.563,33,0.9966777408637874,0.0,9.078999999999986
B0007,B0007_D0140,140,73.0883624766769,300,19.594,324.594,328.719,4.125,28.718999999999994,328.719,33,0.9966777408637874,0.0,9.124999999999993
B0007,B0007_D0141,141,72.83476335244853,300,19.703000000000003,324.703,328.781,4.078000000000031,28.781000000000006,328.781,33,0.9933554817275747,0.0,9.078000000000003
B0007,B0007_D0142,142,72.5677486379478,300,19.516,324.516,328.516,4.0,28.51600000000002,328.516,33,0.9933554817275747,0.0,9.000000000000021
B0007,B0007_D0143,143,72.58079631286874,300,19.531,324.531,328.5,3.968999999999994,28.5,328.5,33,0.9933554817275747,0.0,8.969000000000001
B0007,B0007_D0144,144,72.34080666086842,300,19.546999999999997,324.547,328.969,4.421999999999969,28.968999999999994,328.969,32,0.9966777408637874,0.0,0.046999999999997044
B0007,B0007_D0145,145,72.33785303884392,300,19.563,324.563,328.75,4.187000000000012,28.75,328.75,33,0.9966777408637874,0.0,9.187000000000001
B0007,B0007_D0146,146,72.06898740723396,300,19.547000000000004,324.547,328.75,4.2029999999999745,28.75,328.75,33,0.9933554817275747,0.0,9.202999999999996
B0007,B0007_D0147,147,71.8122812610409,300,19.546,324.546,328.718,4.1720000000000255,28.718000000000018,328.718,33,0.9966777408637874,0.0,9.172000000000018
B0007,B0007_D0148,148,71.84077076962414,300,19.531,324.531,328.469,3.937999999999988,28.468999999999994,328.469,33,0.9966777408637874,0.0,8.937999999999995
B0007,B0007_D0149,149,71.81472572930025,300,19.609,324.609,328.828,4.218999999999994,28.827999999999975,328.828,33,0.9900332225913622,0.0,9.218999999999973
B0007,B0007_D0150,150,72.09287657939008,300,19.592999999999996,324.593,328.672,4.079000000000008,28.672000000000025,328.672,33,0.9933554817275747,0.0,9.079000000000029
B0007,B0007_D0151,151,73.36031742390898,300,19.483999999999998,324.484,328.609,4.125,28.60899999999998,328.609,33,0.9933554817275747,0.0,9.124999999999982
B0007,B0007_D0152,152,72.59320183924441,300,19.546,324.546,328.609,4.062999999999988,28.60899999999998,328.609,33,0.9933554817275747,0.0,9.062999999999981
B0007,B0007_D0153,153,72.3568987637425,300,19.516,324.516,328.703,4.186999999999955,28.702999999999975,328.703,33,0.9966777408637874,0.0,9.186999999999976
B0007,B0007_D0154,154,72.08952932811995,300,19.485,324.485,328.625,4.139999999999986,28.625,328.625,33,0.9966777408637874,0.0,9.14
B0007,B0007_D0155,155,71.58154739555555,300,19.484,324.484,328.25,3.7660000000000196,28.25,328.25,33,0.9933554817275747,0.0,8.765999999999998
B0007,B0007_D0156,156,71.59042124836843,300,19.531,324.531,329.031,4.5,29.031000000000006,329.031,32,0.9966777408637874,0.0,0.09300000000000708
B0007,B0007_D0157,157,71.31281292553435,300,19.531,324.531,328.469,3.937999999999988,28.468999999999994,328.469,33,0.9966777408637874,0.0,8.937999999999995
B0007,B0007_D0158,158,71.30438764462455,300,19.5,324.5,328.438,3.937999999999988,28.437999999999988,328.438,33,0.9966777408637874,0.0,8.937999999999988
B0007,B0007_D0159,159,71.06316755015847,300,19.578000000000003,324.578,328.719,4.1410000000000196,28.718999999999994,328.719,33,0.9933554817275747,0.0,9.140999999999991
B0007,B0007_D0160,160,70.81636374397554,300,19.593999999999994,324.594,329.032,4.437999999999988,29.031999999999982,329.032,32,0.9933554817275747,0.0,0.07899999999998641
B0007,B0007_D0161,161,70.82890914587998,300,19.625,324.625,328.547,3.9220000000000255,28.547000000000025,328.547,33,0.9933554817275747,0.0,8.922000000000025
B0007,B0007_D0162,162,70.54200864712587,300,19.485,324.485,328.594,4.1089999999999804,28.593999999999994,328.594,33,0.9966777408637874,0.0,9.108999999999995
B0007,B0007_D0163,163,70.54974814173902,300,19.608999999999995,324.609,328.75,4.1410000000000196,28.75,328.75,33,0.9966777408637874,0.0,9.141000000000005
B0007,B0007_D0164,164,70.308571451994,300,19.483999999999998,324.484,328.39,3.906000000000006,28.389999999999986,328.39,33,0.9966777408637874,0.0,8.905999999999988
B0007,B0007_D0165,165,70.31679239846461,300,19.562000000000005,324.562,328.937,4.375,28.937000000000012,328.937,32,0.9933554817275747,0.0,0.015000000000007674
B0007,B0007_D0166,166,70.02276199533257,300,19.469,324.469,328.547,4.078000000000031,28.547000000000025,328.547,33,0.9966777408637874,0.0,9.078000000000024
B0007,B0007_D0167,167,71.08932523027576,300,19.593999999999998,324.594,328.797,4.203000000000031,28.797000000000025,328.797,33,0.9966777408637874,0.0,9.203000000000028
B0007,B0007_D0168,168,71.62276360312717,300,19.515,324.515,328.734,4.218999999999994,28.73399999999998,328.734,33,0.9966777408637874,0.0,9.21899999999998
B0018,B0018_D0001,1,92.75022603955408,300,19.578000000000003,324.578,329.953,5.375,29.952999999999975,329.953,32,0.9966777408637874,0.0,0.9369999999999763
B0018,B0018_D0002,2,92.15977658544992,300,19.672,324.672,332.063,7.390999999999963,32.06299999999999,332.063,32,0.9900332225913622,0.0,2.9219999999999864
B0018,B0018_D0003,3,91.98009212177712,300,19.641,324.641,333.828,9.186999999999955,33.827999999999975,333.828,32,0.9966777408637874,0.0,4.686999999999976
B0018,B0018_D0004,4,91.53368022481028,300,19.735000000000003,324.735,326.641,1.906000000000006,26.64100000000002,326.641,32,0.9933554817275747,0.0,6.906000000000017
B0018,B0018_D0005,5,91.63501034709827,300,19.782,324.782,328.938,4.156000000000006,28.937999999999988,328.938,32,0.9966777408637874,0.0,9.155999999999988
B0018,B0018_D0006,6,91.42644423023194,300,19.811999999999998,324.812,330.969,6.156999999999982,30.968999999999994,330.969,31,0.9966777408637874,0.0,1.468999999999994
B0018,B0018_D0007,7,91.06005947848962,300,19.891,324.891,332.016,7.125,32.01600000000002,332.016,31,0.9966777408637874,0.0,2.3910000000000196
B0018,B0018_D0008,8,90.7585005321664,300,19.906,324.906,334.046,9.139999999999986,34.04599999999999,334.046,31,0.9933554817275747,0.0,4.295999999999992
B0018,B0018_D0009,9,90.21490260483824,300,20.031,325.031,326.266,1.2350000000000136,26.26600000000002,326.266,31,0.9933554817275747,0.0,6.235000000000021
B0018,B0018_D0010,10,91.15501151422112,300,20.141000000000002,325.141,327.766,2.625,27.76600000000002,327.766,31,0.9966777408637874,0.0,7.625000000000018
B0018,B0018_D0011,11,90.60626760127744,300,20.11,325.11,329.735,4.625,29.735000000000014,329.735,31,0.9933554817275747,0.0,9.625000000000014
B0018,B0018_D0012,12,90.23458191058884,300,20.156,325.156,331.328,6.171999999999969,31.327999999999975,331.328,30,0.9966777408637874,0.0,1.155999999999974
B0018,B0018_D0013,13,89.54221748931475,300,20.25,325.25,333.031,7.781000000000006,33.031000000000006,333.031,30,0.9900332225913622,0.0,2.703000000000003
B0018,B0018_D0014,14,89.1735361420963,300,20.297000000000004,325.297,334.594,9.296999999999969,34.593999999999994,334.594,30,0.9933554817275747,0.0,4.1869999999999905
B0018,B0018_D0015,15,89.04693062655352,300,20.265,325.265,325.797,0.5320000000000391,25.797000000000025,325.797,30,0.9966777408637874,0.0,5.532000000000025
B0018,B0018_D0016,16,88.5604519836349,300,20.297000000000004,325.297,328.125,2.8279999999999745,28.125,328.125,30,0.9966777408637874,0.0,7.827999999999996
B0018,B0018_D0017,17,88.43151998353538,300,20.406,325.406,329.0,3.593999999999994,29.0,329.0,30,0.9966777408637874,0.0,8.594000000000001
B0018,B0018_D0018,18,87.68152400958562,300,20.515,325.515,330.484,4.968999999999994,30.48399999999998,330.484,30,0.9933554817275747,0.0,9.96899999999998
B0018,B0018_D0019,19,87.31098708207547,300,20.5,325.5,332.125,6.625,32.125,332.125,29,0.9933554817275747,0.0,1.2500000000000036
B0018,B0018_D0020,20,86.88323668526868,300,20.546999999999997,325.547,333.922,8.375,33.922000000000025,333.922,29,0.9966777408637874,0.0,2.937000000000026
B0018,B0018_D0021,21,86.57583367737918,300,20.641,325.641,334.703,9.061999999999955,34.702999999999975,334.703,29,0.9966777408637874,0.0,3.5779999999999745
B0018,B0018_D0022,22,85.42974947235301,300,20.719,325.719,336.063,10.343999999999994,36.06299999999999,336.063,29,0.9966777408637874,0.0,4.859999999999989
B0018,B0018_D0023,23,85.57349785341056,300,20.656,325.656,326.594,0.9379999999999882,26.593999999999994,326.594,29,0.9966777408637874,0.0,5.937999999999995
B0018,B0018_D0024,24,85.37510686636314,300,20.703,325.703,328.922,3.219000000000051,28.922000000000025,328.922,29,0.9966777408637874,0.0,8.219000000000026
B0018,B0018_D0025,25,87.46191032180114,300,20.75,325.75,329.672,3.9220000000000255,29.672000000000025,329.672,29,0.9966777408637874,0.0,8.922000000000025
B0018,B0018_D0026,26,86.63848573714978,300,20.86,325.86,331.313,5.4529999999999745,31.312999999999988,331.313,29,0.9966777408637874,0.0,10.452999999999989
B0018,B0018_D0027,27,86.11156664146188,300,20.891,325.891,332.531,6.639999999999986,32.531000000000006,332.531,28,0.9933554817275747,0.0,0.9370000000000047
B0018,B0018_D0028,28,85.59231494923645,300,21.0,326.0,334.296,8.295999999999992,34.29599999999999,334.296,28,0.9867109634551495,0.0,2.499999999999993
B0018,B0018_D0029,29,84.96339175633435,300,21.0,326.0,335.187,9.187000000000012,35.18700000000001,335.187,28,0.9966777408637874,0.0,3.2970000000000077
B0018,B0018_D0030,30,84.70183219621553,300,21.203000000000003,326.203,336.422,10.219000000000051,36.422000000000025,336.422,28,0.9933554817275747,0.0,4.375000000000028
B0018,B0018_D0031,31,84.09513539384044,300,21.015,326.015,326.5,0.48500000000001364,26.5,326.5,28,0.9900332225913622,0.0,5.484999999999999
B0018,B0018_D0032,32,83.84885309216843,300,21.171,326.171,327.984,1.8129999999999882,27.98399999999998,327.984,28,0.9933554817275747,0.0,6.812999999999981
B0018,B0018_D0033,33,83.27614653239468,300,21.186999999999998,326.187,329.062,2.875,29.062000000000012,329.062,28,0.9966777408637874,0.0,7.875000000000014
B0018,B0018_D0034,34,82.85962287916043,300,21.14,326.14,330.031,3.8910000000000196,30.031000000000006,330.031,28,0.9933554817275747,0.0,8.891000000000005
B0018,B0018_D0035,35,82.41120777647023,300,21.281,326.281,331.656,5.375,31.656000000000006,331.656,28,0.9933554817275747,0.0,10.375000000000007
B0018,B0018_D0036,36,81.93850748993631,300,21.734,326.734,332.578,5.843999999999994,32.577999999999975,332.578,27,0.9966777408637874,0.0,10.843999999999973
B0018,B0018_D0037,37,81.38243453631031,300,21.281,326.281,333.781,7.5,33.781000000000006,333.781,27,0.9966777408637874,0.0,1.3590000000000018
B0018,B0018_D0038,38,81.107685113626,300,21.406,326.406,335.172,8.76600000000002,35.172000000000025,335.172,27,0.9966777408637874,0.0,2.563000000000031
B0018,B0018_D0039,39,80.70033255233793,300,21.438,326.438,336.157,9.718999999999994,36.15699999999998,336.157,27,0.9966777408637874,0.0,3.437999999999988
B0018,B0018_D0040,40,83.80258077212312,300,21.421,326.421,337.609,11.187999999999988,37.60899999999998,337.609,27,0.9966777408637874,0.0,4.952999999999982
B0018,B0018_D0041,41,82.46503212760994,300,21.454,326.454,327.141,0.6870000000000118,27.14100000000002,327.141,27,0.9966777408637874,0.0,5.687000000000019
B0018,B0018_D0042,42,81.6191495929045,300,21.547000000000004,326.547,328.282,1.7349999999999568,28.281999999999982,328.282,27,0.9933554817275747,0.0,6.734999999999978
B0018,B0018_D0043,43,80.82079859512888,300,21.563000000000002,326.563,328.86,2.2970000000000255,28.860000000000014,328.86,27,0.9933554817275747,0.0,7.297000000000011
B0018,B0018_D0044,44,80.54514189124689,300,21.718999999999994,326.719,330.875,4.156000000000006,30.875,330.875,27,0.9966777408637874,0.0,9.156000000000006
B0018,B0018_D0045,45,79.77319346847828,300,21.61,326.61,331.25,4.639999999999986,31.25,331.25,27,0.9966777408637874,0.0,9.64
B0018,B0018_D0046,46,86.3353720042882,300,21.094,326.094,328.094,2.0,28.093999999999994,328.094,28,0.9933554817275747,0.0,6.999999999999993
B0018,B0018_D0047,47,85.82836958714876,300,21.109,326.109,329.594,3.4850000000000136,29.593999999999994,329.594,28,0.9966777408637874,0.0,8.484999999999992
B0018,B0018_D0048,48,84.79117785467423,300,21.11,326.11,329.891,3.781000000000006,29.89100000000002,329.891,28,0.9966777408637874,0.0,8.78100000000002
B0018,B0018_D0049,49,83.88891595396278,300,21.312,326.312,331.5,5.187999999999988,31.5,331.5,28,0.9966777408637874,0.0,10.187999999999999
B0018,B0018_D0050,50,83.03293448887096,300,21.296999999999997,326.297,332.937,6.639999999999986,32.93700000000001,332.937,27,0.9966777408637874,0.0,0.5780000000000172
B0018,B0018_D0051,51,83.32054637413732,300,21.391,326.391,333.563,7.171999999999969,33.56299999999999,333.563,27,0.9966777408637874,0.0,0.9849999999999852
B0018,B0018_D0052,52,82.34168087203902,300,21.406,326.406,334.937,8.531000000000006,34.93700000000001,334.937,27,0.9966777408637874,0.0,2.359000000000009
B0018,B0018_D0053,53,81.28819964389976,300,21.421999999999997,326.422,335.719,9.296999999999969,35.718999999999994,335.719,27,0.9966777408637874,0.0,3.093999999999994
B0018,B0018_D0054,54,80.60788705937298,300,21.344,326.344,336.656,10.312000000000012,36.656000000000006,336.656,27,0.9966777408637874,0.0,4.109000000000009
B0018,B0018_D0055,55,80.28683411877672,300,21.531999999999996,326.532,326.703,0.17099999999999227,26.702999999999975,326.703,27,0.9966777408637874,0.0,5.170999999999978
B0018,B0018_D0056,56,83.68226574399445,300,21.953000000000003,326.953,327.781,0.8280000000000314,27.781000000000006,327.781,26,0.9966777408637874,0.0,5.828000000000003
B0018,B0018_D0057,57,82.02174286174969,300,21.609,326.609,329.078,2.468999999999994,29.077999999999975,329.078,27,0.9933554817275747,0.0,7.468999999999973
B0018,B0018_D0058,58,80.66326658711039,300,21.562999999999995,326.563,330.375,3.812000000000012,30.375,330.375,27,0.9933554817275747,0.0,8.812000000000005
B0018,B0018_D0059,59,79.60482162343139,300,21.625,326.625,331.594,4.968999999999994,31.593999999999994,331.594,27,0.9900332225913622,0.0,9.968999999999994
B0018,B0018_D0060,60,79.33005910349412,300,21.672000000000004,326.672,333.469,6.796999999999969,33.468999999999994,333.469,26,0.9933554817275747,0.0,0.26499999999999346
B0018,B0018_D0061,61,79.00383245168126,300,21.719,326.719,334.172,7.453000000000031,34.172000000000025,334.172,26,0.9966777408637874,0.0,0.9060000000000272
B0018,B0018_D0062,62,78.20866476644584,300,21.719,326.719,334.719,8.0,34.718999999999994,334.719,26,0.9966777408637874,0.0,1.374999999999993
B0018,B0018_D0063,63,77.7809136096961,300,21.813000000000002,326.813,335.813,9.0,35.81299999999999,335.813,26,0.9900332225913622,0.0,2.312999999999988
B0018,B0018_D0064,64,77.01022639318697,300,21.813,326.813,336.688,9.875,36.68799999999999,336.688,26,0.9966777408637874,0.0,3.187999999999988
B0018,B0018_D0065,65,76.60806507979932,300,21.766,326.766,337.391,10.625,37.39100000000002,337.391,26,0.9867109634551495,0.0,3.8750000000000213
B0018,B0018_D0066,66,76.58116201846707,300,21.938,326.938,327.141,0.20300000000003138,27.14100000000002,327.141,26,0.9933554817275747,0.0,5.203000000000021
B0018,B0018_D0067,67,76.11297975385989,300,21.921999999999997,326.922,327.688,0.7659999999999627,27.687999999999988,327.688,26,0.9933554817275747,0.0,5.765999999999991
B0018,B0018_D0068,68,75.32633563425642,300,22.031999999999996,327.032,328.578,1.5459999999999923,28.577999999999975,328.578,26,0.9966777408637874,0.0,6.545999999999978
B0018,B0018_D0069,69,75.07109778266464,300,21.953000000000003,326.953,330.453,3.5,30.452999999999975,330.453,26,0.9966777408637874,0.0,8.499999999999972
B0018,B0018_D0070,70,74.81767058743229,300,22.063,327.063,330.641,3.5780000000000314,30.64100000000002,330.641,26,0.9933554817275747,0.0,8.57800000000002
B0018,B0018_D0071,71,76.6713100015621,300,22.078,327.078,331.937,4.859000000000037,31.937000000000012,331.937,26,0.9966777408637874,0.0,9.859000000000012
B0018,B0018_D0072,72,76.1922633757213,300,22.0,327.0,332.422,5.4220000000000255,32.422000000000025,332.422,26,0.9966777408637874,0.0,10.422000000000025
B0018,B0018_D0073,73,75.0596049713062,300,22.171999999999997,327.172,333.187,6.014999999999986,33.18700000000001,333.187,26,0.9966777408637874,0.0,11.015000000000015
B0018,B0018_D0074,74,74.62088357251456,300,22.109,327.109,334.609,7.5,34.60899999999998,334.609,25,0.9966777408637874,0.0,0.4999999999999787
B0018,B0018_D0075,75,74.16619259700616,300,22.202999999999996,327.203,335.531,8.328000000000031,35.531000000000006,335.531,25,0.9933554817275747,0.0,1.3120000000000047
B0018,B0018_D0076,76,74.03688396147098,300,22.25,327.25,335.969,8.718999999999994,35.968999999999994,335.969,25,0.9966777408637874,0.0,1.6399999999999935
B0018,B0018_D0077,77,73.67538904951239,300,22.297000000000004,327.297,337.312,10.014999999999986,37.31200000000001,337.312,25,0.9933554817275747,0.0,2.890000000000015
B0018,B0018_D0078,78,73.40096426333051,300,22.266,327.266,337.61,10.343999999999994,37.610000000000014,337.61,25,0.9933554817275747,0.0,3.250000000000014
B0018,B0018_D0079,79,72.90461778559511,300,22.328000000000003,327.328,338.297,10.969000000000051,38.297000000000025,338.297,25,0.9900332225913622,0.0,3.7660000000000267
B0018,B0018_D0080,80,72.393304944457,300,22.328000000000003,327.328,327.516,0.18800000000004502,27.51600000000002,327.516,25,0.9966777408637874,0.0,5.188000000000017
B0018,B0018_D0081,81,72.6390438877099,300,22.39,327.39,328.39,1.0,28.389999999999986,328.39,25,0.9966777408637874,0.0,5.999999999999986
B0018,B0018_D0082,82,72.12678182246216,300,22.407,327.407,329.0,1.5930000000000177,29.0,329.0,25,0.9966777408637874,0.0,6.593
B0018,B0018_D0083,83,71.96356438601657,300,22.453000000000003,327.453,330.094,2.6410000000000196,30.093999999999994,330.094,25,0.9966777408637874,0.0,7.640999999999991
B0018,B0018_D0084,84,71.43237840944109,300,22.438000000000002,327.438,330.5,3.062000000000012,30.5,330.5,25,0.9933554817275747,0.0,8.061999999999998
B0018,B0018_D0085,85,71.24513375002448,300,22.531,327.531,331.437,3.906000000000006,31.437000000000012,331.437,25,0.9933554817275747,0.0,8.906000000000013
B0018,B0018_D0086,86,73.49057662262062,300,22.561999999999998,327.562,332.219,4.656999999999982,32.218999999999994,332.219,25,0.9966777408637874,0.0,9.656999999999996
B0018,B0018_D0087,87,72.62909825525101,300,22.609,327.609,332.984,5.375,32.98399999999998,332.984,25,0.9966777408637874,0.0,10.374999999999979
B0018,B0018_D0088,88,72.1417099454397,300,22.672,327.672,334.078,6.405999999999949,34.077999999999975,334.078,25,0.9966777408637874,0.0,11.405999999999974
B0018,B0018_D0089,89,71.41880294039746,300,22.61,327.61,335.141,7.531000000000006,35.14100000000002,335.141,24,0.9966777408637874,0.0,0.016000000000019554
B0018,B0018_D0090,90,70.77273922185357,300,22.686999999999998,327.687,335.125,7.437999999999988,35.125,335.125,25,0.9966777408637874,0.0,12.438000000000002
B0018,B0018_D0091,91,72.7288335038854,300,22.75,327.75,336.515,8.764999999999986,36.514999999999986,336.515,24,0.9966777408637874,0.0,1.218999999999987
B0018,B0018_D0092,92,71.41589774137029,300,22.686999999999998,327.687,336.85899999999674,9.171999999996729,36.85899999999674,336.85899999999674,24,0.9966777408637874,0.0,1.5149999999967463
B0018,B0018_D0093,93,70.98513441602029,300,22.75,327.75,337.891,10.14100000000002,37.89100000000002,337.891,24,0.9966777408637874,0.0,2.4850000000000136
B0018,B0018_D0094,94,70.77803315153258,300,22.829,327.829,338.891,11.062000000000012,38.89100000000002,338.891,24,0.9966777408637874,0.0,3.453000000000017
B0018,B0018_D0095,95,70.2840017709614,300,22.765,327.765,339.546,11.781000000000006,39.54599999999999,339.546,24,0.9966777408637874,0.0,4.092999999999989
B0018,B0018_D0096,96,70.42230535583069,300,22.813,327.813,340.141,12.328000000000031,40.14100000000002,340.141,24,0.9966777408637874,0.0,4.5940000000000225
B0018,B0018_D0097,97,69.84273891436207,300,22.875,327.875,328.265,0.38999999999998636,28.264999999999986,328.265,24,0.9966777408637874,0.0,5.389999999999986
B0018,B0018_D0098,98,69.67835185720338,300,22.953,327.953,329.375,1.4220000000000255,29.375,329.375,24,0.9966777408637874,0.0,6.422000000000001
B0018,B0018_D0099,99,69.46822146404737,300,22.921,327.921,331.453,3.5319999999999823,31.452999999999975,331.453,24,0.9933554817275747,0.0,8.531999999999975
B0018,B0018_D0100,100,68.92825707833356,300,23.171999999999997,328.172,333.922,5.75,33.922000000000025,333.922,24,0.9933554817275747,0.0,10.750000000000028
B0018,B0018_D0101,101,69.24505550428735,300,23.062,328.062,331.906,3.843999999999994,31.906000000000006,331.906,24,0.9966777408637874,0.0,8.844000000000005
B0018,B0018_D0102,102,68.51625907121222,300,23.031,328.031,331.797,3.7660000000000196,31.797000000000025,331.797,24,0.9966777408637874,0.0,8.766000000000027
B0018,B0018_D0103,103,68.6673219261454,300,22.953000000000003,327.953,332.734,4.781000000000006,32.73399999999998,332.734,24,0.9933554817275747,0.0,9.780999999999977
B0018,B0018_D0104,104,68.39743642752407,300,23.032000000000004,328.032,333.266,5.234000000000037,33.26600000000002,333.266,24,0.9966777408637874,0.0,10.234000000000016
B0018,B0018_D0105,105,67.83570543544823,300,23.141,328.141,334.141,6.0,34.14100000000002,334.141,24,0.9966777408637874,0.0,11.000000000000021
B0018,B0018_D0106,106,73.02155104597287,300,23.141000000000005,328.141,334.703,6.561999999999955,34.702999999999975,334.703,24,0.9966777408637874,0.0,11.56199999999997
B0018,B0018_D0107,107,72.50499468552049,300,23.156000000000002,328.156,335.625,7.468999999999994,35.625,335.625,24,0.9966777408637874,0.0,12.468999999999998
B0018,B0018_D0108,108,71.90703450912248,300,23.186999999999998,328.187,336.296,8.10899999999998,36.29599999999999,336.296,23,0.9966777408637874,0.0,0.07799999999998875
B0018,B0018_D0109,109,71.41840990482157,300,23.999999999999996,329.0,341.219,12.218999999999994,41.218999999999994,341.219,22,0.9966777408637874,0.0,3.4059999999999917
B0018,B0018_D0110,110,70.73937258776216,300,23.391,328.391,337.297,8.906000000000006,37.297000000000025,337.297,23,0.9933554817275747,0.0,0.812000000000026
B0018,B0018_D0111,111,70.6944581696591,300,24.047,329.047,329.688,0.6409999999999627,29.687999999999988,329.688,22,0.9966777408637874,0.0,5.640999999999988
B0018,B0018_D0112,112,69.94665831088612,300,23.172,328.172,338.719,10.546999999999969,38.718999999999994,338.719,23,0.9966777408637874,0.0,2.390999999999991
B0018,B0018_D0113,113,69.76661292016988,300,23.375,328.375,339.828,11.452999999999975,39.827999999999975,339.828,23,0.9966777408637874,0.0,3.265999999999977
B0018,B0018_D0114,114,69.50230647701225,300,23.296999999999997,328.297,340.328,12.030999999999949,40.327999999999975,340.328,23,0.9966777408637874,0.0,3.8119999999999763
B0018,B0018_D0115,115,69.30135727104823,300,23.36,328.36,340.828,12.467999999999961,40.827999999999975,340.828,23,0.9933554817275747,0.0,4.217999999999975
B0018,B0018_D0116,116,69.41076300968754,300,23.485,328.485,341.61,13.125,41.610000000000014,341.61,23,0.9966777408637874,0.0,4.844000000000008
B0018,B0018_D0117,117,68.80913281197249,300,23.469,328.469,329.156,0.6870000000000118,29.156000000000006,329.156,23,0.9966777408637874,0.0,5.687000000000005
B0018,B0018_D0118,118,68.23584449320082,300,23.563000000000002,328.563,330.047,1.4840000000000373,30.047000000000025,330.047,23,0.9966777408637874,0.0,6.484000000000023
B0018,B0018_D0119,119,67.94927369686792,300,23.578000000000003,328.578,330.516,1.938000000000045,30.51600000000002,330.516,23,0.9966777408637874,0.0,6.938000000000017
B0018,B0018_D0120,120,67.311543820044,300,23.906,328.906,338.313,9.406999999999982,38.31299999999999,338.313,22,0.9933554817275747,0.0,0.718999999999987
B0018,B0018_D0121,121,71.34213909227321,300,23.608999999999995,328.609,331.843,3.2340000000000373,31.843000000000018,331.843,23,0.9966777408637874,0.0,8.234000000000023
B0018,B0018_D0122,122,70.32240741639832,300,23.563,328.563,332.391,3.8280000000000314,32.39100000000002,332.391,23,0.9933554817275747,0.0,8.82800000000002
B0018,B0018_D0123,123,69.67453746037576,300,23.703000000000003,328.703,333.453,4.75,33.452999999999975,333.453,23,0.9933554817275747,0.0,9.749999999999972
B0018,B0018_D0124,124,69.41246756124659,300,23.703000000000003,328.703,334.156,5.453000000000031,34.156000000000006,334.156,23,0.9966777408637874,0.0,10.453000000000003
B0018,B0018_D0125,125,68.50939169210464,300,23.811999999999998,328.812,335.266,6.454000000000008,35.26600000000002,335.266,23,0.9933554817275747,0.0,11.454000000000022
B0018,B0018_D0126,126,68.9847583280431,300,23.703,328.703,334.813,6.110000000000014,34.81299999999999,334.813,23,0.9966777408637874,0.0,11.109999999999989
B0018,B0018_D0127,127,68.43293161967841,300,23.719,328.719,335.922,7.203000000000031,35.922000000000025,335.922,23,0.9966777408637874,0.0,12.203000000000024
B0018,B0018_D0128,128,68.13685889548219,300,23.671999999999997,328.672,336.375,7.7029999999999745,36.375,336.375,23,0.9966777408637874,0.0,12.703000000000003
B0018,B0018_D0129,129,68.17025566964035,300,23.813000000000002,328.813,336.625,7.812000000000012,36.625,336.625,23,0.9966777408637874,0.0,12.811999999999998
B0018,B0018_D0130,130,67.59323017652616,300,23.765,328.765,337.5,8.735000000000014,37.5,337.5,22,0.9966777408637874,0.0,0.0940000000000012
B0018,B0018_D0131,131,67.7398486482631,300,23.844,328.844,338.75,9.906000000000006,38.75,338.75,22,0.9966777408637874,0.0,1.1880000000000024
B0018,B0018_D0132,132,67.05257203202424,300,23.843000000000004,328.843,338.5,9.656999999999982,38.5,338.5,22,0.9966777408637874,0.0,0.9069999999999965
B0025,B0025_D0001,1,92.3505581478358,300,19.546999999999997,324.547,329.11,4.562999999999988,29.110000000000014,329.11,31,0.9933554817275747,0.0,9.563000000000017
B0025,B0025_D0002,2,92.42827172264192,300,19.702999999999996,324.703,331.657,6.954000000000008,31.656999999999982,331.657,30,0.9933554817275747,0.0,1.9539999999999864
B0025,B0025_D0003,3,92.35555885930876,300,19.625,324.625,332.609,7.9839999999999804,32.60899999999998,332.609,30,0.9966777408637874,0.0,2.9219999999999793
B0025,B0025_D0004,4,92.44918800767768,300,19.734,324.734,334.781,10.047000000000025,34.781000000000006,334.781,30,0.9966777408637874,0.0,4.8750000000000036
B0025,B0025_D0005,5,91.8506035928022,300,19.828,324.828,326.859,2.031000000000006,26.85899999999998,326.859,30,0.9966777408637874,0.0,7.030999999999981
B0025,B0025_D0006,6,90.87746056235684,300,19.844,324.844,328.484,3.6399999999999864,28.48399999999998,328.484,30,0.9933554817275747,0.0,8.63999999999998
B0025,B0025_D0007,7,91.99319112610364,300,20.11,325.11,331.485,6.375,31.485000000000014,331.485,29,0.9933554817275747,0.0,1.0160000000000124
B0025,B0025_D0008,8,92.15297809865716,300,20.031000000000002,325.031,334.125,9.093999999999994,34.125,334.125,29,0.9966777408637874,0.0,3.609999999999996
B0025,B0025_D0009,9,92.00935864768029,300,20.047000000000004,325.047,335.5,10.452999999999975,35.5,335.5,29,0.9966777408637874,0.0,4.875
B0025,B0025_D0010,10,91.40632816444126,300,20.141000000000005,325.141,326.719,1.5779999999999745,26.718999999999994,326.719,29,0.9966777408637874,0.0,6.577999999999989
B0025,B0025_D0011,11,91.26781668222904,300,20.156000000000006,325.156,328.484,3.3279999999999745,28.48399999999998,328.484,29,0.9966777408637874,0.0,8.327999999999975
B0025,B0025_D0012,12,91.0709027631308,300,20.25,325.25,330.063,4.812999999999988,30.062999999999988,330.063,29,0.9933554817275747,0.0,9.812999999999988
B0025,B0025_D0013,13,91.5157813984466,300,20.266,325.266,331.282,6.015999999999963,31.281999999999982,331.282,28,0.9933554817275747,0.0,0.28199999999998226
B0025,B0025_D0014,14,90.87745821912422,300,20.406,325.406,333.703,8.296999999999969,33.702999999999975,333.703,28,0.9933554817275747,0.0,2.4999999999999716
B0025,B0025_D0015,15,90.54506001484896,300,20.36,325.36,334.61,9.25,34.610000000000014,334.61,28,0.9966777408637874,0.0,3.406000000000013
B0025,B0025_D0016,16,90.4151630154212,300,20.453,325.453,336.218,10.765000000000043,36.21800000000002,336.218,28,0.9966777408637874,0.0,4.937000000000015
B0025,B0025_D0017,17,89.64008074690531,300,20.469,325.469,327.031,1.5620000000000118,27.031000000000006,327.031,28,0.9966777408637874,0.0,6.562000000000005
B0025,B0025_D0018,18,90.62815750229424,300,20.781000000000002,325.781,334.64,8.85899999999998,34.639999999999986,334.64,27,0.9966777408637874,0.0,2.6719999999999864
B0025,B0025_D0019,19,90.38863037456196,300,20.609,325.609,329.765,4.156000000000006,29.764999999999986,329.765,28,0.9966777408637874,0.0,9.155999999999985
B0025,B0025_D0020,20,90.24027587501983,300,20.702999999999996,325.703,331.578,5.875,31.577999999999975,331.578,28,0.9933554817275747,0.0,10.874999999999979
B0025,B0025_D0021,21,90.02692779496209,300,20.719,325.719,333.078,7.3589999999999804,33.077999999999975,333.078,27,0.9966777408637874,0.0,1.217999999999975
B0025,B0025_D0022,22,89.71178049016515,300,20.671,325.671,334.265,8.593999999999994,34.264999999999986,334.265,27,0.9966777408637874,0.0,2.3899999999999864
B0025,B0025_D0023,23,90.37045262174443,300,20.89,325.89,337.015,11.125,37.014999999999986,337.015,27,0.9933554817275747,0.0,4.889999999999986
B0025,B0025_D0024,24,89.51252408481038,300,20.875000000000004,325.875,326.844,0.9689999999999941,26.843999999999994,326.844,27,0.9900332225913622,0.0,5.9689999999999905
B0025,B0025_D0025,25,89.80611922679748,300,20.953000000000003,325.953,328.188,2.2350000000000136,28.187999999999988,328.188,27,0.9933554817275747,0.0,7.234999999999985
B0025,B0025_D0026,26,89.56118345175388,300,21.031000000000006,326.031,328.844,2.812999999999988,28.843999999999994,328.844,27,0.9966777408637874,0.0,7.812999999999988
B0025,B0025_D0027,27,89.27411182651622,300,21.0,326.0,330.36,4.360000000000014,30.360000000000014,330.36,27,0.9966777408637874,0.0,9.360000000000014
B0025,B0025_D0028,28,88.38945390161808,300,21.031000000000002,326.031,331.969,5.937999999999988,31.968999999999994,331.969,27,0.9966777408637874,0.0,10.937999999999992
B0026,B0026_D0001,1,90.66252151934948,300,19.546999999999997,324.547,329.11,4.562999999999988,29.110000000000014,329.11,31,0.9933554817275747,0.0,9.563000000000017
B0026,B0026_D0002,2,90.74880043539152,300,19.702999999999996,324.703,331.657,6.954000000000008,31.656999999999982,331.657,30,0.9933554817275747,0.0,1.9539999999999864
B0026,B0026_D0003,3,90.67677087780996,300,19.625,324.625,332.609,7.9839999999999804,32.60899999999998,332.609,30,0.9966777408637874,0.0,2.9219999999999793
B0026,B0026_D0004,4,90.7574636655167,300,19.734,324.734,334.781,10.047000000000025,34.781000000000006,334.781,30,0.9966777408637874,0.0,4.8750000000000036
B0026,B0026_D0005,5,90.714565070341,300,19.828,324.828,326.859,2.031000000000006,26.85899999999998,326.859,30,0.9966777408637874,0.0,7.030999999999981
B0026,B0026_D0007,7,90.82638979408031,300,20.11,325.11,331.485,6.375,31.485000000000014,331.485,29,0.9933554817275747,0.0,1.0160000000000124
B0026,B0026_D0008,8,90.42819288005532,300,20.031000000000002,325.031,334.125,9.093999999999994,34.125,334.125,29,0.9966777408637874,0.0,3.609999999999996
B0026,B0026_D0009,9,90.24680388220912,300,20.047000000000004,325.047,335.5,10.452999999999975,35.5,335.5,29,0.9966777408637874,0.0,4.875
B0026,B0026_D0010,10,90.24657962491054,300,20.141000000000005,325.141,326.719,1.5779999999999745,26.718999999999994,326.719,29,0.9966777408637874,0.0,6.577999999999989
B0026,B0026_D0011,11,85.88396163496965,300,20.156000000000006,325.156,328.484,3.3279999999999745,28.48399999999998,328.484,29,0.9966777408637874,0.0,8.327999999999975
B0026,B0026_D0012,12,90.4902406640053,300,20.25,325.25,330.063,4.812999999999988,30.062999999999988,330.063,29,0.9933554817275747,0.0,9.812999999999988
B0026,B0026_D0013,13,90.3278106637244,300,20.266,325.266,331.282,6.015999999999963,31.281999999999982,331.282,28,0.9933554817275747,0.0,0.28199999999998226
B0026,B0026_D0014,14,89.69077853849254,300,20.406,325.406,333.703,8.296999999999969,33.702999999999975,333.703,28,0.9933554817275747,0.0,2.4999999999999716
B0026,B0026_D0015,15,89.9652474690896,300,20.36,325.36,334.61,9.25,34.610000000000014,334.61,28,0.9966777408637874,0.0,3.406000000000013
B0026,B0026_D0016,16,89.21098724235065,300,20.453,325.453,336.218,10.765000000000043,36.21800000000002,336.218,28,0.9966777408637874,0.0,4.937000000000015
B0026,B0026_D0017,17,84.09409959257594,300,20.469,325.469,327.031,1.5620000000000118,27.031000000000006,327.031,28,0.9966777408637874,0.0,6.562000000000005
B0026,B0026_D0018,18,90.03759691980969,300,20.781000000000002,325.781,334.64,8.85899999999998,34.639999999999986,334.64,27,0.9966777408637874,0.0,2.6719999999999864
B0026,B0026_D0019,19,89.7986342136148,300,20.609,325.609,329.765,4.156000000000006,29.764999999999986,329.765,28,0.9966777408637874,0.0,9.155999999999985
B0026,B0026_D0020,20,89.65513470276649,300,20.702999999999996,325.703,331.578,5.875,31.577999999999975,331.578,28,0.9933554817275747,0.0,10.874999999999979
B0026,B0026_D0021,21,90.05133771034356,300,20.719,325.719,333.078,7.3589999999999804,33.077999999999975,333.078,27,0.9966777408637874,0.0,1.217999999999975
B0026,B0026_D0022,22,89.12286150634974,300,20.671,325.671,334.265,8.593999999999994,34.264999999999986,334.265,27,0.9966777408637874,0.0,2.3899999999999864
B0026,B0026_D0023,23,89.79651515304394,300,20.89,325.89,337.015,11.125,37.014999999999986,337.015,27,0.9933554817275747,0.0,4.889999999999986
B0026,B0026_D0024,24,88.91571063670503,300,20.875000000000004,325.875,326.844,0.9689999999999941,26.843999999999994,326.844,27,0.9900332225913622,0.0,5.9689999999999905
B0026,B0026_D0025,25,88.5859546492401,300,20.953000000000003,325.953,328.188,2.2350000000000136,28.187999999999988,328.188,27,0.9933554817275747,0.0,7.234999999999985
B0026,B0026_D0026,26,88.95374744768387,300,21.031000000000006,326.031,328.844,2.812999999999988,28.843999999999994,328.844,27,0.9966777408637874,0.0,7.812999999999988
B0026,B0026_D0027,27,88.66614891232338,300,21.0,326.0,330.36,4.360000000000014,30.360000000000014,330.36,27,0.9966777408637874,0.0,9.360000000000014
B0026,B0026_D0028,28,88.4377055505442,300,21.031000000000002,326.031,331.969,5.937999999999988,31.968999999999994,331.969,27,0.9966777408637874,0.0,10.937999999999992
B0027,B0027_D0001,1,91.16538871074684,300,19.546999999999997,324.547,329.11,4.562999999999988,29.110000000000014,329.11,31,0.9933554817275747,0.0,9.563000000000017
B0027,B0027_D0002,2,90.7119232558398,300,19.702999999999996,324.703,331.657,6.954000000000008,31.656999999999982,331.657,30,0.9933554817275747,0.0,1.9539999999999864
B0027,B0027_D0003,3,90.64298396565434,300,19.625,324.625,332.609,7.9839999999999804,32.60899999999998,332.609,30,0.9966777408637874,0.0,2.9219999999999793
B0027,B0027_D0004,4,90.72121223369986,300,19.734,324.734,334.781,10.047000000000025,34.781000000000006,334.781,30,0.9966777408637874,0.0,4.8750000000000036
B0027,B0027_D0005,5,90.6400166926521,300,19.828,324.828,326.859,2.031000000000006,26.85899999999998,326.859,30,0.9966777408637874,0.0,7.030999999999981
B0027,B0027_D0006,6,89.73019351597647,300,19.844,324.844,328.484,3.6399999999999864,28.48399999999998,328.484,30,0.9933554817275747,0.0,8.63999999999998
B0027,B0027_D0007,7,90.82595856469165,300,20.11,325.11,331.485,6.375,31.485000000000014,331.485,29,0.9933554817275747,0.0,1.0160000000000124
B0027,B0027_D0008,8,90.9916778259512,300,20.031000000000002,325.031,334.125,9.093999999999994,34.125,334.125,29,0.9966777408637874,0.0,3.609999999999996
B0027,B0027_D0009,9,90.8490493220364,300,20.047000000000004,325.047,335.5,10.452999999999975,35.5,335.5,29,0.9966777408637874,0.0,4.875
B0027,B0027_D0010,10,90.23801355384494,300,20.141000000000005,325.141,326.719,1.5779999999999745,26.718999999999994,326.719,29,0.9966777408637874,0.0,6.577999999999989
B0027,B0027_D0011,11,90.1088944070434,300,20.156000000000006,325.156,328.484,3.3279999999999745,28.48399999999998,328.484,29,0.9966777408637874,0.0,8.327999999999975
B0027,B0027_D0012,12,90.50271878055877,300,20.25,325.25,330.063,4.812999999999988,30.062999999999988,330.063,29,0.9933554817275747,0.0,9.812999999999988
B0027,B0027_D0013,13,90.95809351787275,300,20.266,325.266,331.282,6.015999999999963,31.281999999999982,331.282,28,0.9933554817275747,0.0,0.28199999999998226
B0027,B0027_D0014,14,90.31722906153657,300,20.406,325.406,333.703,8.296999999999969,33.702999999999975,333.703,28,0.9933554817275747,0.0,2.4999999999999716
B0027,B0027_D0015,15,90.60003189373973,300,20.36,325.36,334.61,9.25,34.610000000000014,334.61,28,0.9966777408637874,0.0,3.406000000000013
B0027,B0027_D0016,16,90.46192847893764,300,20.453,325.453,336.218,10.765000000000043,36.21800000000002,336.218,28,0.9966777408637874,0.0,4.937000000000015
B0027,B0027_D0017,17,89.10358858002668,300,20.469,325.469,327.031,1.5620000000000118,27.031000000000006,327.031,28,0.9966777408637874,0.0,6.562000000000005
B0027,B0027_D0018,18,90.72752281170524,300,20.781000000000002,325.781,334.64,8.85899999999998,34.639999999999986,334.64,27,0.9966777408637874,0.0,2.6719999999999864
B0027,B0027_D0019,19,90.4576742582141,300,20.609,325.609,329.765,4.156000000000006,29.764999999999986,329.765,28,0.9966777408637874,0.0,9.155999999999985
B0027,B0027_D0020,20,90.32775754046854,300,20.702999999999996,325.703,331.578,5.875,31.577999999999975,331.578,28,0.9933554817275747,0.0,10.874999999999979
B0027,B0027_D0021,21,90.1200827979746,300,20.719,325.719,333.078,7.3589999999999804,33.077999999999975,333.078,27,0.9966777408637874,0.0,1.217999999999975
B0027,B0027_D0022,22,89.821658416615,300,20.671,325.671,334.265,8.593999999999994,34.264999999999986,334.265,27,0.9966777408637874,0.0,2.3899999999999864
B0027,B0027_D0023,23,90.44018465254145,300,20.89,325.89,337.015,11.125,37.014999999999986,337.015,27,0.9933554817275747,0.0,4.889999999999986
B0027,B0027_D0024,24,89.57763874374825,300,20.875000000000004,325.875,326.844,0.9689999999999941,26.843999999999994,326.844,27,0.9900332225913622,0.0,5.9689999999999905
B0027,B0027_D0025,25,89.26687596119785,300,20.953000000000003,325.953,328.188,2.2350000000000136,28.187999999999988,328.188,27,0.9933554817275747,0.0,7.234999999999985
B0027,B0027_D0026,26,89.66046051626545,300,21.031000000000006,326.031,328.844,2.812999999999988,28.843999999999994,328.844,27,0.9966777408637874,0.0,7.812999999999988
B0027,B0027_D0027,27,89.36548855551057,300,21.0,326.0,330.36,4.360000000000014,30.360000000000014,330.36,27,0.9966777408637874,0.0,9.360000000000014
B0027,B0027_D0028,28,88.50463126662225,300,21.031000000000002,326.031,331.969,5.937999999999988,31.968999999999994,331.969,27,0.9966777408637874,0.0,10.937999999999992
B0028,B0028_D0001,1,90.23423860050367,300,19.546999999999997,324.547,329.11,4.562999999999988,29.110000000000014,329.11,31,0.9933554817275747,0.0,9.563000000000017
B0028,B0028_D0002,2,90.2391660726294,300,19.702999999999996,324.703,331.657,6.954000000000008,31.656999999999982,331.657,30,0.9933554817275747,0.0,1.9539999999999864
B0028,B0028_D0003,3,89.8809334111229,300,19.625,324.625,332.609,7.9839999999999804,32.60899999999998,332.609,30,0.9966777408637874,0.0,2.9219999999999793
B0028,B0028_D0004,4,89.64956843880587,300,19.734,324.734,334.781,10.047000000000025,34.781000000000006,334.781,30,0.9966777408637874,0.0,4.8750000000000036
B0028,B0028_D0005,5,89.59590040796108,300,19.828,324.828,326.859,2.031000000000006,26.85899999999998,326.859,30,0.9966777408637874,0.0,7.030999999999981
B0028,B0028_D0006,6,88.75130679518986,300,19.844,324.844,328.484,3.6399999999999864,28.48399999999998,328.484,30,0.9933554817275747,0.0,8.63999999999998
B0028,B0028_D0007,7,89.60243926111708,300,20.11,325.11,331.485,6.375,31.485000000000014,331.485,29,0.9933554817275747,0.0,1.0160000000000124
B0028,B0028_D0008,8,89.52379007906325,300,20.031000000000002,325.031,334.125,9.093999999999994,34.125,334.125,29,0.9966777408637874,0.0,3.609999999999996
B0028,B0028_D0009,9,89.34182545993632,300,20.047000000000004,325.047,335.5,10.452999999999975,35.5,335.5,29,0.9966777408637874,0.0,4.875
B0028,B0028_D0010,10,89.35764809981092,300,20.141000000000005,325.141,326.719,1.5779999999999745,26.718999999999994,326.719,29,0.9966777408637874,0.0,6.577999999999989
B0028,B0028_D0011,11,89.08170308504752,300,20.156000000000006,325.156,328.484,3.3279999999999745,28.48399999999998,328.484,29,0.9966777408637874,0.0,8.327999999999975
B0028,B0028_D0012,12,89.25117568302366,300,20.25,325.25,330.063,4.812999999999988,30.062999999999988,330.063,29,0.9933554817275747,0.0,9.812999999999988
B0028,B0028_D0013,13,89.0193271484652,300,20.266,325.266,331.282,6.015999999999963,31.281999999999982,331.282,28,0.9933554817275747,0.0,0.28199999999998226
B0028,B0028_D0014,14,88.94530428208628,300,20.406,325.406,333.703,8.296999999999969,33.702999999999975,333.703,28,0.9933554817275747,0.0,2.4999999999999716
B0028,B0028_D0015,15,88.69193759486524,300,20.36,325.36,334.61,9.25,34.610000000000014,334.61,28,0.9966777408637874,0.0,3.406000000000013
B0028,B0028_D0016,16,88.4841440761573,300,20.453,325.453,336.218,10.765000000000043,36.21800000000002,336.218,28,0.9966777408637874,0.0,4.937000000000015
B0028,B0028_D0017,17,87.04393641603497,300,20.469,325.469,327.031,1.5620000000000118,27.031000000000006,327.031,28,0.9966777408637874,0.0,6.562000000000005
B0028,B0028_D0018,18,88.24094872005954,300,20.781000000000002,325.781,334.64,8.85899999999998,34.639999999999986,334.64,27,0.9966777408637874,0.0,2.6719999999999864
B0028,B0028_D0019,19,88.08928695422013,300,20.609,325.609,329.765,4.156000000000006,29.764999999999986,329.765,28,0.9966777408637874,0.0,9.155999999999985
B0028,B0028_D0020,20,87.88530517851049,300,20.702999999999996,325.703,331.578,5.875,31.577999999999975,331.578,28,0.9933554817275747,0.0,10.874999999999979
B0028,B0028_D0021,21,87.59687980300627,300,20.719,325.719,333.078,7.3589999999999804,33.077999999999975,333.078,27,0.9966777408637874,0.0,1.217999999999975
B0028,B0028_D0022,22,87.60622017916087,300,20.671,325.671,334.265,8.593999999999994,34.264999999999986,334.265,27,0.9966777408637874,0.0,2.3899999999999864
B0028,B0028_D0023,23,87.9885706699482,300,20.89,325.89,337.015,11.125,37.014999999999986,337.015,27,0.9933554817275747,0.0,4.889999999999986
B0028,B0028_D0024,24,87.41505660162095,300,20.875000000000004,325.875,326.844,0.9689999999999941,26.843999999999994,326.844,27,0.9900332225913622,0.0,5.9689999999999905
B0028,B0028_D0025,25,87.05741313918118,300,20.953000000000003,325.953,328.188,2.2350000000000136,28.187999999999988,328.188,27,0.9933554817275747,0.0,7.234999999999985
B0028,B0028_D0026,26,86.81916658155589,300,21.031000000000006,326.031,328.844,2.812999999999988,28.843999999999994,328.844,27,0.9966777408637874,0.0,7.812999999999988
B0028,B0028_D0027,27,86.82795331347634,300,21.0,326.0,330.36,4.360000000000014,30.360000000000014,330.36,27,0.9966777408637874,0.0,9.360000000000014
B0028,B0028_D0028,28,85.86167826147621,300,21.031000000000002,326.031,331.969,5.937999999999988,31.968999999999994,331.969,27,0.9966777408637874,0.0,10.937999999999992
B0029,B0029_D0001,1,84.87536661028815,300,19.453,324.453,327.813,3.3600000000000136,27.812999999999988,327.813,33,0.9966777408637874,0.0,8.359999999999989
B0029,B0029_D0002,2,92.2350603480587,300,19.469,324.469,329.781,5.312000000000012,29.781000000000006,329.781,32,0.9966777408637874,0.0,0.9690000000000047
B0029,B0029_D0003,3,91.27188337361464,300,19.531,324.531,331.609,7.0779999999999745,31.60899999999998,331.609,32,0.9933554817275747,0.0,2.6249999999999822
B0029,B0029_D0004,4,90.78752149567184,300,19.656000000000006,324.656,333.734,9.077999999999975,33.73399999999998,333.734,32,0.9966777408637874,0.0,4.577999999999978
B0029,B0029_D0005,5,90.66496668563514,300,19.702999999999996,324.703,325.844,1.1410000000000196,25.843999999999994,325.844,32,0.9966777408637874,0.0,6.140999999999998
B0029,B0029_D0006,6,90.75823809830288,300,19.718999999999998,324.719,327.781,3.062000000000012,27.781000000000006,327.781,32,0.9966777408637874,0.0,8.062000000000008
B0029,B0029_D0007,7,90.71658977595028,300,19.781000000000002,324.781,329.859,5.0779999999999745,29.85899999999998,329.859,31,0.9966777408637874,0.0,0.40599999999998104
B0029,B0029_D0008,8,90.06718009049331,300,19.906,324.906,331.421,6.514999999999986,31.420999999999992,331.421,31,0.9966777408637874,0.0,1.8279999999999887
B0029,B0029_D0009,9,89.40779401472912,300,19.936999999999998,324.937,332.719,7.781999999999982,32.718999999999994,332.719,31,0.9933554817275747,0.0,2.9849999999999923
B0029,B0029_D0010,10,88.80357302269759,300,19.921,324.921,325.0,0.07900000000000773,25.0,325.0,31,0.9966777408637874,0.0,5.079000000000001
B0029,B0029_D0011,11,89.26403723798721,300,20.093999999999998,325.094,326.469,1.375,26.468999999999994,326.469,31,0.9966777408637874,0.0,6.3749999999999964
B0029,B0029_D0012,12,88.49058200555989,300,20.094,325.094,327.391,2.2970000000000255,27.39100000000002,327.391,31,0.9966777408637874,0.0,7.297000000000018
B0029,B0029_D0013,13,87.82615840260878,300,20.016000000000002,325.016,329.297,4.281000000000006,29.297000000000025,329.297,31,0.9966777408637874,0.0,9.281000000000024
B0029,B0029_D0014,14,87.71706638674077,300,20.125,325.125,330.812,5.687000000000012,30.812000000000012,330.812,30,0.9966777408637874,0.0,0.5940000000000119
B0029,B0029_D0015,15,86.96437753499357,300,20.172000000000004,325.172,332.391,7.218999999999994,32.39100000000002,332.391,30,0.9966777408637874,0.0,2.1720000000000184
B0029,B0029_D0016,16,88.98922554665673,300,20.312999999999995,325.313,333.594,8.281000000000006,33.593999999999994,333.594,30,0.9933554817275747,0.0,3.1869999999999976
B0029,B0029_D0017,17,88.28544254232601,300,20.25,325.25,325.328,0.07799999999997453,25.327999999999975,325.328,30,0.9933554817275747,0.0,5.0779999999999745
B0029,B0029_D0018,18,87.61970704362085,300,20.39,325.39,326.875,1.4850000000000136,26.875,326.875,30,0.9966777408637874,0.0,6.484999999999999
B0029,B0029_D0019,19,86.90095612801552,300,20.328,325.328,328.016,2.688000000000045,28.01600000000002,328.016,30,0.9966777408637874,0.0,7.68800000000002
B0029,B0029_D0020,20,86.56107221571988,300,20.375,325.375,328.875,3.5,28.875,328.875,30,0.9966777408637874,0.0,8.5
B0029,B0029_D0021,21,86.89564492632904,300,20.436999999999998,325.437,330.015,4.5779999999999745,30.014999999999986,330.015,30,0.9966777408637874,0.0,9.577999999999989
B0029,B0029_D0022,22,86.12135341812942,300,20.469,325.469,331.5,6.031000000000006,31.5,331.5,29,0.9966777408637874,0.0,0.7189999999999976
B0029,B0029_D0023,23,85.92106882804018,300,20.468000000000004,325.468,332.625,7.156999999999982,32.625,332.625,29,0.9966777408637874,0.0,1.782
B0029,B0029_D0024,24,85.05110465324115,300,20.531000000000002,325.531,334.109,8.577999999999975,34.10899999999998,334.109,29,0.9966777408637874,0.0,3.0939999999999763
B0029,B0029_D0025,25,84.6849369781552,300,20.641000000000005,325.641,335.094,9.452999999999975,35.093999999999994,335.094,29,0.9966777408637874,0.0,3.9849999999999923
B0029,B0029_D0026,26,85.65363606433525,300,20.625,325.625,326.015,0.38999999999998636,26.014999999999986,326.015,29,0.9966777408637874,0.0,5.389999999999986
B0029,B0029_D0027,27,84.88486344283565,300,20.719,325.719,327.625,1.906000000000006,27.625,327.625,29,0.9933554817275747,0.0,6.905999999999999
B0029,B0029_D0028,28,84.49657017030604,300,20.75,325.75,328.328,2.5779999999999745,28.327999999999975,328.328,29,0.9933554817275747,0.0,7.5779999999999745
B0029,B0029_D0029,29,84.25117756835346,300,20.734,325.734,329.687,3.9530000000000314,29.687000000000012,329.687,29,0.9966777408637874,0.0,8.95300000000001
B0029,B0029_D0030,30,83.91949827317025,300,20.906,325.906,330.938,5.031999999999982,30.937999999999988,330.938,29,0.9966777408637874,0.0,10.03199999999999
B0029,B0029_D0031,31,83.68973747434163,300,20.813000000000002,325.813,331.953,6.139999999999986,31.952999999999975,331.953,28,0.9933554817275747,0.0,0.38999999999997215
B0029,B0029_D0032,32,83.43949463942359,300,20.922,325.922,333.313,7.390999999999963,33.31299999999999,333.313,28,0.9933554817275747,0.0,1.54699999999999
B0029,B0029_D0033,33,82.46283153315714,300,20.953000000000003,325.953,334.094,8.14100000000002,34.093999999999994,334.094,28,0.9966777408637874,0.0,2.374999999999993
B0029,B0029_D0034,34,82.04838378519834,300,20.953000000000003,325.953,335.234,9.281000000000006,35.23399999999998,335.234,28,0.9966777408637874,0.0,3.4679999999999787
B0029,B0029_D0035,35,82.28180114878546,300,20.921999999999997,325.922,336.234,10.311999999999955,36.23399999999998,336.234,28,0.9966777408637874,0.0,4.499999999999986
B0029,B0029_D0036,36,82.72738717870185,300,21.031,326.031,326.922,0.8910000000000196,26.922000000000025,326.922,28,0.9966777408637874,0.0,5.891000000000027
B0029,B0029_D0037,37,82.30600760438773,300,21.125,326.125,328.031,1.906000000000006,28.031000000000006,328.031,28,0.9933554817275747,0.0,6.906000000000006
B0029,B0029_D0038,38,81.37559594075881,300,21.140000000000004,326.14,329.156,3.0160000000000196,29.156000000000006,329.156,28,0.9833887043189369,0.0,8.016000000000002
B0029,B0029_D0039,39,81.00265266732248,300,21.094,326.094,329.609,3.5149999999999864,29.60899999999998,329.609,28,0.9933554817275747,0.0,8.51499999999998
B0029,B0029_D0040,40,80.60399058559669,300,21.25,326.25,330.875,4.625,30.875,330.875,28,0.9966777408637874,0.0,9.625
B0030,B0030_D0001,1,82.80353048087701,300,19.453,324.453,327.813,3.3600000000000136,27.812999999999988,327.813,33,0.9966777408637874,0.0,8.359999999999989
B0030,B0030_D0002,2,89.07774374754558,300,19.469,324.469,329.781,5.312000000000012,29.781000000000006,329.781,32,0.9966777408637874,0.0,0.9690000000000047
B0030,B0030_D0003,3,88.0984613911459,300,19.531,324.531,331.609,7.0779999999999745,31.60899999999998,331.609,32,0.9933554817275747,0.0,2.6249999999999822
B0030,B0030_D0004,4,87.58775159371125,300,19.656000000000006,324.656,333.734,9.077999999999975,33.73399999999998,333.734,32,0.9966777408637874,0.0,4.577999999999978
B0030,B0030_D0005,5,86.90844035181038,300,19.702999999999996,324.703,325.844,1.1410000000000196,25.843999999999994,325.844,32,0.9966777408637874,0.0,6.140999999999998
B0030,B0030_D0006,6,87.5337264673067,300,19.718999999999998,324.719,327.781,3.062000000000012,27.781000000000006,327.781,32,0.9966777408637874,0.0,8.062000000000008
B0030,B0030_D0007,7,87.4552382453058,300,19.781000000000002,324.781,329.859,5.0779999999999745,29.85899999999998,329.859,31,0.9966777408637874,0.0,0.40599999999998104
B0030,B0030_D0008,8,86.26272014382738,300,19.906,324.906,331.421,6.514999999999986,31.420999999999992,331.421,31,0.9966777408637874,0.0,1.8279999999999887
B0030,B0030_D0009,9,85.56310683822126,300,19.936999999999998,324.937,332.719,7.781999999999982,32.718999999999994,332.719,31,0.9933554817275747,0.0,2.9849999999999923
B0030,B0030_D0010,10,84.95209196355637,300,19.921,324.921,325.0,0.07900000000000773,25.0,325.0,31,0.9966777408637874,0.0,5.079000000000001
B0030,B0030_D0011,11,85.92885019766489,300,20.093999999999998,325.094,326.469,1.375,26.468999999999994,326.469,31,0.9966777408637874,0.0,6.3749999999999964
B0030,B0030_D0012,12,85.1623614609335,300,20.094,325.094,327.391,2.2970000000000255,27.39100000000002,327.391,31,0.9966777408637874,0.0,7.297000000000018
B0030,B0030_D0013,13,84.47290223311519,300,20.016000000000002,325.016,329.297,4.281000000000006,29.297000000000025,329.297,31,0.9966777408637874,0.0,9.281000000000024
B0030,B0030_D0014,14,83.78068146359588,300,20.125,325.125,330.812,5.687000000000012,30.812000000000012,330.812,30,0.9966777408637874,0.0,0.5940000000000119
B0030,B0030_D0015,15,83.59203570435827,300,20.172000000000004,325.172,332.391,7.218999999999994,32.39100000000002,332.391,30,0.9966777408637874,0.0,2.1720000000000184
B0030,B0030_D0016,16,86.16528340602223,300,20.312999999999995,325.313,333.594,8.281000000000006,33.593999999999994,333.594,30,0.9933554817275747,0.0,3.1869999999999976
B0030,B0030_D0017,17,85.46036452536416,300,20.25,325.25,325.328,0.07799999999997453,25.327999999999975,325.328,30,0.9933554817275747,0.0,5.0779999999999745
B0030,B0030_D0018,18,84.20008671722854,300,20.39,325.39,326.875,1.4850000000000136,26.875,326.875,30,0.9966777408637874,0.0,6.484999999999999
B0030,B0030_D0019,19,83.44934940650201,300,20.328,325.328,328.016,2.688000000000045,28.01600000000002,328.016,30,0.9966777408637874,0.0,7.68800000000002
B0030,B0030_D0020,20,83.10344681418572,300,20.375,325.375,328.875,3.5,28.875,328.875,30,0.9966777408637874,0.0,8.5
B0030,B0030_D0021,21,83.43524812624086,300,20.436999999999998,325.437,330.015,4.5779999999999745,30.014999999999986,330.015,30,0.9966777408637874,0.0,9.577999999999989
B0030,B0030_D0022,22,82.63810917752315,300,20.469,325.469,331.5,6.031000000000006,31.5,331.5,29,0.9966777408637874,0.0,0.7189999999999976
B0030,B0030_D0023,23,82.4240683117622,300,20.468000000000004,325.468,332.625,7.156999999999982,32.625,332.625,29,0.9966777408637874,0.0,1.782
B0030,B0030_D0024,24,81.53703221566047,300,20.531000000000002,325.531,334.109,8.577999999999975,34.10899999999998,334.109,29,0.9966777408637874,0.0,3.0939999999999763
B0030,B0030_D0025,25,81.1615115089645,300,20.641000000000005,325.641,335.094,9.452999999999975,35.093999999999994,335.094,29,0.9966777408637874,0.0,3.9849999999999923
B0030,B0030_D0026,26,82.70953270197195,300,20.625,325.625,326.015,0.38999999999998636,26.014999999999986,326.015,29,0.9966777408637874,0.0,5.389999999999986
B0030,B0030_D0027,27,81.92571983084925,300,20.719,325.719,327.625,1.906000000000006,27.625,327.625,29,0.9933554817275747,0.0,6.905999999999999
B0030,B0030_D0028,28,80.9423836678809,300,20.75,325.75,328.328,2.5779999999999745,28.327999999999975,328.328,29,0.9933554817275747,0.0,7.5779999999999745
B0030,B0030_D0029,29,80.67106133875703,300,20.734,325.734,329.687,3.9530000000000314,29.687000000000012,329.687,29,0.9966777408637874,0.0,8.95300000000001
B0030,B0030_D0030,30,80.33221800880993,300,20.906,325.906,330.938,5.031999999999982,30.937999999999988,330.938,29,0.9966777408637874,0.0,10.03199999999999
B0030,B0030_D0031,31,80.69193938469499,300,20.813000000000002,325.813,331.953,6.139999999999986,31.952999999999975,331.953,28,0.9933554817275747,0.0,0.38999999999997215
B0030,B0030_D0032,32,79.81647506636371,300,20.922,325.922,333.313,7.390999999999963,33.31299999999999,333.313,28,0.9933554817275747,0.0,1.54699999999999
B0030,B0030_D0033,33,79.45392933703495,300,20.953000000000003,325.953,334.094,8.14100000000002,34.093999999999994,334.094,28,0.9966777408637874,0.0,2.374999999999993
B0030,B0030_D0034,34,79.02740716154787,300,20.953000000000003,325.953,335.234,9.281000000000006,35.23399999999998,335.234,28,0.9966777408637874,0.0,3.4679999999999787
B0030,B0030_D0035,35,79.23065527135404,300,20.921999999999997,325.922,336.234,10.311999999999955,36.23399999999998,336.234,28,0.9966777408637874,0.0,4.499999999999986
B0030,B0030_D0036,36,79.68325610610368,300,21.031,326.031,326.922,0.8910000000000196,26.922000000000025,326.922,28,0.9966777408637874,0.0,5.891000000000027
B0030,B0030_D0037,37,79.24937063480444,300,21.125,326.125,328.031,1.906000000000006,28.031000000000006,328.031,28,0.9933554817275747,0.0,6.906000000000006
B0030,B0030_D0038,38,78.93532484708231,300,21.140000000000004,326.14,329.156,3.0160000000000196,29.156000000000006,329.156,28,0.9833887043189369,0.0,8.016000000000002
B0030,B0030_D0039,39,78.53527580484835,300,21.094,326.094,329.609,3.5149999999999864,29.60899999999998,329.609,28,0.9933554817275747,0.0,8.51499999999998
B0030,B0030_D0040,40,78.1390202214241,300,21.25,326.25,330.875,4.625,30.875,330.875,28,0.9966777408637874,0.0,9.625
B0031,B0031_D0001,1,83.33375971262886,300,19.453,324.453,327.813,3.3600000000000136,27.812999999999988,327.813,33,0.9966777408637874,0.0,8.359999999999989
B0031,B0031_D0002,2,91.64291814771585,300,19.469,324.469,329.781,5.312000000000012,29.781000000000006,329.781,32,0.9966777408637874,0.0,0.9690000000000047
B0031,B0031_D0003,3,90.69917501472568,300,19.531,324.531,331.609,7.0779999999999745,31.60899999999998,331.609,32,0.9933554817275747,0.0,2.6249999999999822
B0031,B0031_D0004,4,90.22193666757416,300,19.656000000000006,324.656,333.734,9.077999999999975,33.73399999999998,333.734,32,0.9966777408637874,0.0,4.577999999999978
B0031,B0031_D0005,5,90.10738421456476,300,19.702999999999996,324.703,325.844,1.1410000000000196,25.843999999999994,325.844,32,0.9966777408637874,0.0,6.140999999999998
B0031,B0031_D0006,6,88.57823754899418,300,19.718999999999998,324.719,327.781,3.062000000000012,27.781000000000006,327.781,32,0.9966777408637874,0.0,8.062000000000008
B0031,B0031_D0007,7,90.69964082889771,300,19.781000000000002,324.781,329.859,5.0779999999999745,29.85899999999998,329.859,31,0.9966777408637874,0.0,0.40599999999998104
B0031,B0031_D0008,8,90.06630520599427,300,19.906,324.906,331.421,6.514999999999986,31.420999999999992,331.421,31,0.9966777408637874,0.0,1.8279999999999887
B0031,B0031_D0009,9,89.41861291966784,300,19.936999999999998,324.937,332.719,7.781999999999982,32.718999999999994,332.719,31,0.9933554817275747,0.0,2.9849999999999923
B0031,B0031_D0010,10,88.8270082868658,300,19.921,324.921,325.0,0.07900000000000773,25.0,325.0,31,0.9966777408637874,0.0,5.079000000000001
B0031,B0031_D0011,11,89.28104565911615,300,20.093999999999998,325.094,326.469,1.375,26.468999999999994,326.469,31,0.9966777408637874,0.0,6.3749999999999964
B0031,B0031_D0012,12,89.0681701834297,300,20.094,325.094,327.391,2.2970000000000255,27.39100000000002,327.391,31,0.9966777408637874,0.0,7.297000000000018
B0031,B0031_D0013,13,88.4244919198562,300,20.016000000000002,325.016,329.297,4.281000000000006,29.297000000000025,329.297,31,0.9966777408637874,0.0,9.281000000000024
B0031,B0031_D0014,14,88.32526191457029,300,20.125,325.125,330.812,5.687000000000012,30.812000000000012,330.812,30,0.9966777408637874,0.0,0.5940000000000119
B0031,B0031_D0015,15,87.58702639608835,300,20.172000000000004,325.172,332.391,7.218999999999994,32.39100000000002,332.391,30,0.9966777408637874,0.0,2.1720000000000184
B0031,B0031_D0016,16,86.76174657027508,300,20.312999999999995,325.313,333.594,8.281000000000006,33.593999999999994,333.594,30,0.9933554817275747,0.0,3.1869999999999976
B0031,B0031_D0017,17,88.9138913727459,300,20.25,325.25,325.328,0.07799999999997453,25.327999999999975,325.328,30,0.9933554817275747,0.0,5.0779999999999745
B0031,B0031_D0018,18,88.24947429853695,300,20.39,325.39,326.875,1.4850000000000136,26.875,326.875,30,0.9966777408637874,0.0,6.484999999999999
B0031,B0031_D0019,19,88.12956417667756,300,20.328,325.328,328.016,2.688000000000045,28.01600000000002,328.016,30,0.9966777408637874,0.0,7.68800000000002
B0031,B0031_D0020,20,87.2157288060791,300,20.375,325.375,328.875,3.5,28.875,328.875,30,0.9966777408637874,0.0,8.5
B0031,B0031_D0021,21,88.14186876759238,300,20.436999999999998,325.437,330.015,4.5779999999999745,30.014999999999986,330.015,30,0.9966777408637874,0.0,9.577999999999989
B0031,B0031_D0022,22,87.39289654739855,300,20.469,325.469,331.5,6.031000000000006,31.5,331.5,29,0.9966777408637874,0.0,0.7189999999999976
B0031,B0031_D0023,23,87.20583669432496,300,20.468000000000004,325.468,332.625,7.156999999999982,32.625,332.625,29,0.9966777408637874,0.0,1.782
B0031,B0031_D0024,24,86.34211466408695,300,20.531000000000002,325.531,334.109,8.577999999999975,34.10899999999998,334.109,29,0.9966777408637874,0.0,3.0939999999999763
B0031,B0031_D0025,25,86.01546746521132,300,20.641000000000005,325.641,335.094,9.452999999999975,35.093999999999994,335.094,29,0.9966777408637874,0.0,3.9849999999999923
B0031,B0031_D0026,26,86.97122758349889,300,20.625,325.625,326.015,0.38999999999998636,26.014999999999986,326.015,29,0.9966777408637874,0.0,5.389999999999986
B0031,B0031_D0027,27,86.83692208186007,300,20.719,325.719,327.625,1.906000000000006,27.625,327.625,29,0.9933554817275747,0.0,6.905999999999999
B0031,B0031_D0028,28,85.84817342242715,300,20.75,325.75,328.328,2.5779999999999745,28.327999999999975,328.328,29,0.9933554817275747,0.0,7.5779999999999745
B0031,B0031_D0029,29,85.63886779183179,300,20.734,325.734,329.687,3.9530000000000314,29.687000000000012,329.687,29,0.9966777408637874,0.0,8.95300000000001
B0031,B0031_D0030,30,85.30541733277033,300,20.906,325.906,330.938,5.031999999999982,30.937999999999988,330.938,29,0.9966777408637874,0.0,10.03199999999999
B0031,B0031_D0031,31,85.68663481037605,300,20.813000000000002,325.813,331.953,6.139999999999986,31.952999999999975,331.953,28,0.9933554817275747,0.0,0.38999999999997215
B0031,B0031_D0032,32,85.46737898963487,300,20.922,325.922,333.313,7.390999999999963,33.31299999999999,333.313,28,0.9933554817275747,0.0,1.54699999999999
B0031,B0031_D0033,33,84.50500227057795,300,20.953000000000003,325.953,334.094,8.14100000000002,34.093999999999994,334.094,28,0.9966777408637874,0.0,2.374999999999993
B0031,B0031_D0034,34,84.73441671693833,300,20.953000000000003,325.953,335.234,9.281000000000006,35.23399999999998,335.234,28,0.9966777408637874,0.0,3.4679999999999787
B0031,B0031_D0035,35,84.3505495649606,300,20.921999999999997,325.922,336.234,10.311999999999955,36.23399999999998,336.234,28,0.9966777408637874,0.0,4.499999999999986
B0031,B0031_D0036,36,84.78534513535038,300,21.031,326.031,326.922,0.8910000000000196,26.922000000000025,326.922,28,0.9966777408637874,0.0,5.891000000000027
B0031,B0031_D0037,37,84.38484448077826,300,21.125,326.125,328.031,1.906000000000006,28.031000000000006,328.031,28,0.9933554817275747,0.0,6.906000000000006
B0031,B0031_D0038,38,84.09808563629647,300,21.140000000000004,326.14,329.156,3.0160000000000196,29.156000000000006,329.156,28,0.9833887043189369,0.0,8.016000000000002
B0031,B0031_D0039,39,83.75016944489423,300,21.094,326.094,329.609,3.5149999999999864,29.60899999999998,329.609,28,0.9933554817275747,0.0,8.51499999999998
B0031,B0031_D0040,40,83.36493897423338,300,21.25,326.25,330.875,4.625,30.875,330.875,28,0.9966777408637874,0.0,9.625
B0032,B0032_D0001,1,85.2432053675607,300,19.453,324.453,327.813,3.3600000000000136,27.812999999999988,327.813,33,0.9966777408637874,0.0,8.359999999999989
B0032,B0032_D0002,2,94.70159763474284,300,19.469,324.469,329.781,5.312000000000012,29.781000000000006,329.781,32,0.9966777408637874,0.0,0.9690000000000047
B0032,B0032_D0003,3,93.73843245926548,300,19.531,324.531,331.609,7.0779999999999745,31.60899999999998,331.609,32,0.9933554817275747,0.0,2.6249999999999822
B0032,B0032_D0004,4,93.27473592056188,300,19.656000000000006,324.656,333.734,9.077999999999975,33.73399999999998,333.734,32,0.9966777408637874,0.0,4.577999999999978
B0032,B0032_D0005,5,92.63699084509034,300,19.702999999999996,324.703,325.844,1.1410000000000196,25.843999999999994,325.844,32,0.9966777408637874,0.0,6.140999999999998
B0032,B0032_D0006,6,92.2087198501933,300,19.718999999999998,324.719,327.781,3.062000000000012,27.781000000000006,327.781,32,0.9966777408637874,0.0,8.062000000000008
B0032,B0032_D0007,7,92.1511923875638,300,19.781000000000002,324.781,329.859,5.0779999999999745,29.85899999999998,329.859,31,0.9966777408637874,0.0,0.40599999999998104
B0032,B0032_D0008,8,91.51409087455932,300,19.906,324.906,331.421,6.514999999999986,31.420999999999992,331.421,31,0.9966777408637874,0.0,1.8279999999999887
B0032,B0032_D0009,9,90.86919228040904,300,19.936999999999998,324.937,332.719,7.781999999999982,32.718999999999994,332.719,31,0.9933554817275747,0.0,2.9849999999999923
B0032,B0032_D0010,10,90.2899649055234,300,19.921,324.921,325.0,0.07900000000000773,25.0,325.0,31,0.9966777408637874,0.0,5.079000000000001
B0032,B0032_D0011,11,90.74914802524592,300,20.093999999999998,325.094,326.469,1.375,26.468999999999994,326.469,31,0.9966777408637874,0.0,6.3749999999999964
B0032,B0032_D0012,12,89.97575184660897,300,20.094,325.094,327.391,2.2970000000000255,27.39100000000002,327.391,31,0.9966777408637874,0.0,7.297000000000018
B0032,B0032_D0013,13,89.33258471259073,300,20.016000000000002,325.016,329.297,4.281000000000006,29.297000000000025,329.297,31,0.9966777408637874,0.0,9.281000000000024
B0032,B0032_D0014,14,88.67775359708016,300,20.125,325.125,330.812,5.687000000000012,30.812000000000012,330.812,30,0.9966777408637874,0.0,0.5940000000000119
B0032,B0032_D0015,15,88.49976666822215,300,20.172000000000004,325.172,332.391,7.218999999999994,32.39100000000002,332.391,30,0.9966777408637874,0.0,2.1720000000000184
B0032,B0032_D0016,16,89.97630401871434,300,20.312999999999995,325.313,333.594,8.281000000000006,33.593999999999994,333.594,30,0.9933554817275747,0.0,3.1869999999999976
B0032,B0032_D0017,17,89.84265342224916,300,20.25,325.25,325.328,0.07799999999997453,25.327999999999975,325.328,30,0.9933554817275747,0.0,5.0779999999999745
B0032,B0032_D0018,18,89.19132752040872,300,20.39,325.39,326.875,1.4850000000000136,26.875,326.875,30,0.9966777408637874,0.0,6.484999999999999
B0032,B0032_D0019,19,88.48222245520051,300,20.328,325.328,328.016,2.688000000000045,28.01600000000002,328.016,30,0.9966777408637874,0.0,7.68800000000002
B0032,B0032_D0020,20,87.56470228524842,300,20.375,325.375,328.875,3.5,28.875,328.875,30,0.9966777408637874,0.0,8.5
B0032,B0032_D0021,21,88.48777148980996,300,20.436999999999998,325.437,330.015,4.5779999999999745,30.014999999999986,330.015,30,0.9966777408637874,0.0,9.577999999999989
B0032,B0032_D0022,22,87.7386346695746,300,20.469,325.469,331.5,6.031000000000006,31.5,331.5,29,0.9966777408637874,0.0,0.7189999999999976
B0032,B0032_D0023,23,86.94583177906492,300,20.468000000000004,325.468,332.625,7.156999999999982,32.625,332.625,29,0.9966777408637874,0.0,1.782
B0032,B0032_D0024,24,86.68600259382038,300,20.531000000000002,325.531,334.109,8.577999999999975,34.10899999999998,334.109,29,0.9966777408637874,0.0,3.0939999999999763
B0032,B0032_D0025,25,85.75486298750046,300,20.641000000000005,325.641,335.094,9.452999999999975,35.093999999999994,335.094,29,0.9966777408637874,0.0,3.9849999999999923
B0032,B0032_D0026,26,87.31463074407819,300,20.625,325.625,326.015,0.38999999999998636,26.014999999999986,326.015,29,0.9966777408637874,0.0,5.389999999999986
B0032,B0032_D0027,27,85.95746309572824,300,20.719,325.719,327.625,1.906000000000006,27.625,327.625,29,0.9933554817275747,0.0,6.905999999999999
B0032,B0032_D0028,28,85.5791123095749,300,20.75,325.75,328.328,2.5779999999999745,28.327999999999975,328.328,29,0.9933554817275747,0.0,7.5779999999999745
B0032,B0032_D0029,29,84.75525597612949,300,20.734,325.734,329.687,3.9530000000000314,29.687000000000012,329.687,29,0.9966777408637874,0.0,8.95300000000001
B0032,B0032_D0030,30,85.02562185550487,300,20.906,325.906,330.938,5.031999999999982,30.937999999999988,330.938,29,0.9966777408637874,0.0,10.03199999999999
B0032,B0032_D0031,31,85.4049467562508,300,20.813000000000002,325.813,331.953,6.139999999999986,31.952999999999975,331.953,28,0.9933554817275747,0.0,0.38999999999997215
B0032,B0032_D0032,32,84.57177152935635,300,20.922,325.922,333.313,7.390999999999963,33.31299999999999,333.313,28,0.9933554817275747,0.0,1.54699999999999
B0032,B0032_D0033,33,84.22247164444966,300,20.953000000000003,325.953,334.094,8.14100000000002,34.093999999999994,334.094,28,0.9966777408637874,0.0,2.374999999999993
B0032,B0032_D0034,34,83.20187908440376,300,20.953000000000003,325.953,335.234,9.281000000000006,35.23399999999998,335.234,28,0.9966777408637874,0.0,3.4679999999999787
B0032,B0032_D0035,35,83.43186007115987,300,20.921999999999997,325.922,336.234,10.311999999999955,36.23399999999998,336.234,28,0.9966777408637874,0.0,4.499999999999986
B0032,B0032_D0036,36,84.49672037812984,300,21.031,326.031,326.922,0.8910000000000196,26.922000000000025,326.922,28,0.9966777408637874,0.0,5.891000000000027
B0032,B0032_D0037,37,83.4715856423221,300,21.125,326.125,328.031,1.906000000000006,28.031000000000006,328.031,28,0.9933554817275747,0.0,6.906000000000006
B0032,B0032_D0038,38,83.17113380919606,300,21.140000000000004,326.14,329.156,3.0160000000000196,29.156000000000006,329.156,28,0.9833887043189369,0.0,8.016000000000002
B0032,B0032_D0039,39,82.18076097973686,300,21.094,326.094,329.609,3.5149999999999864,29.60899999999998,329.609,28,0.9933554817275747,0.0,8.51499999999998
B0032,B0032_D0040,40,81.79000436769121,300,21.25,326.25,330.875,4.625,30.875,330.875,28,0.9966777408637874,0.0,9.625
B0033,B0033_D0002,2,34.47849503931407,300,19.484,324.484,330.391,5.907000000000039,30.39100000000002,330.391,32,0.9933554817275747,0.0,1.454000000000022
B0033,B0033_D0004,4,62.646965269124976,300,19.671,324.671,325.015,0.3439999999999941,25.014999999999986,325.015,32,0.9966777408637874,0.0,5.343999999999987
B0033,B0033_D0005,5,65.1459001223779,300,19.75,324.75,326.313,1.5629999999999882,26.312999999999988,326.313,32,0.9966777408637874,0.0,6.562999999999988
B0033,B0033_D0006,6,66.09386605736262,300,19.765,324.765,328.562,3.7970000000000255,28.562000000000012,328.562,32,0.9966777408637874,0.0,8.797000000000011
B0033,B0033_D0008,8,85.65846631933594,300,19.813000000000002,324.813,332.157,7.343999999999994,32.15699999999998,332.157,31,0.9966777408637874,0.0,2.5779999999999816
B0033,B0033_D0009,9,82.80483388360256,300,20.047000000000004,325.047,334.282,9.234999999999957,34.28199999999998,334.282,31,0.9966777408637874,0.0,4.390999999999984
B0033,B0033_D0010,10,80.98648670995388,300,19.953,324.953,326.062,1.1090000000000373,26.062000000000012,326.062,31,0.9933554817275747,0.0,6.109000000000012
B0033,B0033_D0011,11,80.23279061413645,300,20.0,325.0,327.484,2.4839999999999804,27.48399999999998,327.484,31,0.9966777408637874,0.0,7.4839999999999804
B0033,B0033_D0012,12,81.27849884514669,300,20.125,325.125,329.469,4.343999999999994,29.468999999999994,329.469,31,0.9966777408637874,0.0,9.343999999999994
B0033,B0033_D0013,13,79.50483653122996,300,20.235,325.235,331.781,6.545999999999992,31.781000000000006,331.781,30,0.9867109634551495,0.0,1.531000000000006
B0033,B0033_D0014,14,78.69701149811992,300,20.171,325.171,332.968,7.7970000000000255,32.96800000000002,332.968,30,0.9966777408637874,0.0,2.65600000000002
B0033,B0033_D0015,15,78.55651675778654,300,20.218000000000004,325.218,334.296,9.077999999999975,34.29599999999999,334.296,30,0.9966777408637874,0.0,3.9679999999999893
B0033,B0033_D0016,16,79.48853076728707,300,20.265000000000004,325.265,325.578,0.3129999999999882,25.577999999999975,325.578,30,0.9900332225913622,0.0,5.31299999999997
B0033,B0033_D0017,17,81.28689385537,300,20.422,325.422,328.25,2.8279999999999745,28.25,328.25,30,0.9966777408637874,0.0,7.827999999999999
B0033,B0033_D0018,18,82.61753166981268,300,20.421999999999997,325.422,329.109,3.686999999999955,29.10899999999998,329.109,30,0.9933554817275747,0.0,8.686999999999983
B0033,B0033_D0019,19,80.71908380797693,300,20.422,325.422,330.359,4.936999999999955,30.35899999999998,330.359,30,0.9966777408637874,0.0,9.93699999999998
B0033,B0033_D0020,20,79.348726697252,300,20.5,325.5,332.187,6.687000000000012,32.18700000000001,332.187,29,0.9966777408637874,0.0,1.250000000000007
B0033,B0033_D0021,21,79.09177786393667,300,20.578,325.578,333.484,7.906000000000006,33.48399999999998,333.484,29,0.9933554817275747,0.0,2.43699999999998
B0033,B0033_D0022,22,84.59884703185577,300,20.453000000000003,325.453,328.266,2.813000000000045,28.26600000000002,328.266,29,0.9966777408637874,0.0,7.813000000000017
B0033,B0033_D0023,23,84.39741900177238,300,20.469,325.469,329.844,4.375,29.843999999999994,329.844,29,0.9966777408637874,0.0,9.374999999999993
B0033,B0033_D0024,24,82.93111503765729,300,20.437999999999995,325.438,331.032,5.593999999999994,31.031999999999982,331.032,29,0.9933554817275747,0.0,0.0
B0033,B0033_D0025,25,82.10089516394932,300,20.561999999999998,325.562,332.75,7.187999999999988,32.75,332.75,28,0.9966777408637874,0.0,1.6099999999999994
B0033,B0033_D0026,26,81.90905395559372,300,20.641000000000005,325.641,333.797,8.156000000000006,33.797000000000025,333.797,28,0.9933554817275747,0.0,2.4690000000000225
B0033,B0033_D0027,27,82.11446253956193,300,20.656,325.656,334.734,9.077999999999975,34.73399999999998,334.734,28,0.9933554817275747,0.0,3.3909999999999805
B0033,B0033_D0028,28,82.5635438132046,300,20.719,325.719,336.531,10.812000000000012,36.531000000000006,336.531,28,0.9966777408637874,0.0,5.078000000000003
B0033,B0033_D0029,29,81.63279648958606,300,20.656,325.656,326.421,0.7649999999999864,26.420999999999992,326.421,28,0.9966777408637874,0.0,5.7649999999999935
B0033,B0033_D0030,30,81.30444055840366,300,20.781,325.781,328.14,2.3589999999999804,28.139999999999986,328.14,28,0.9966777408637874,0.0,7.3589999999999876
B0033,B0033_D0031,31,80.39646481911844,300,20.796999999999997,325.797,329.219,3.4219999999999686,29.218999999999994,329.219,28,0.9966777408637874,0.0,8.421999999999997
B0033,B0033_D0032,32,80.62680557453697,300,20.781,325.781,329.875,4.093999999999994,29.875,329.875,28,0.9933554817275747,0.0,9.094000000000001
B0033,B0033_D0033,33,81.09192084493945,300,20.907000000000004,325.907,332.235,6.328000000000031,32.235000000000014,332.235,27,0.9933554817275747,0.0,0.36000000000001364
B0033,B0033_D0034,34,80.72721514550567,300,20.891,325.891,332.75,6.8589999999999804,32.75,332.75,27,0.9966777408637874,0.0,0.8900000000000006
B0033,B0033_D0035,35,79.76979458553798,300,21.031000000000002,326.031,334.25,8.218999999999994,34.25,334.25,27,0.9966777408637874,0.0,2.171999999999997
B0033,B0033_D0036,36,79.38621513556528,300,21.031000000000002,326.031,335.515,9.48399999999998,35.514999999999986,335.515,27,0.9966777408637874,0.0,3.421999999999983
B0033,B0033_D0037,37,79.05920289152803,300,21.015,326.015,336.156,10.14100000000002,36.156000000000006,336.156,27,0.9933554817275747,0.0,4.000000000000007
B0033,B0033_D0038,38,80.64211304133877,300,21.202999999999996,326.203,326.375,0.17200000000002547,26.375,326.375,27,0.9966777408637874,0.0,5.172000000000004
B0033,B0033_D0039,39,80.99930316401101,300,21.172,326.172,328.266,2.093999999999994,28.26600000000002,328.266,27,0.9933554817275747,0.0,7.094000000000019
B0033,B0033_D0040,40,80.49690926805938,300,21.125,326.125,328.109,1.9839999999999804,28.10899999999998,328.109,27,0.9933554817275747,0.0,6.9839999999999804
B0033,B0033_D0041,41,78.8548876978258,300,21.25,326.25,329.297,3.0470000000000255,29.297000000000025,329.297,27,0.9966777408637874,0.0,8.047000000000025
B0033,B0033_D0042,42,78.54299533277197,300,21.219,326.219,330.953,4.7339999999999804,30.952999999999975,330.953,27,0.9900332225913622,0.0,9.733999999999973
B0033,B0033_D0043,43,81.30790672674124,300,21.311999999999998,326.312,332.25,5.937999999999988,32.25,332.25,27,0.9966777408637874,0.0,10.938000000000002
B0033,B0033_D0044,44,81.74064986122863,300,21.312999999999995,326.313,333.485,7.1720000000000255,33.485000000000014,333.485,26,0.9933554817275747,0.0,0.7350000000000136
B0033,B0033_D0045,45,80.58526818671305,300,21.422,326.422,333.765,7.342999999999961,33.764999999999986,333.765,26,0.9966777408637874,0.0,0.8749999999999858
B0033,B0033_D0046,46,94.25700849860333,300,21.406,326.406,334.187,7.781000000000006,34.18700000000001,334.187,26,0.9933554817275747,0.0,1.32800000000001
B0033,B0033_D0047,47,82.92478943890116,300,21.375,326.375,335.156,8.781000000000006,35.156000000000006,335.156,26,0.9966777408637874,0.0,2.25
B0033,B0033_D0048,48,81.2094673224685,300,21.469,326.469,336.016,9.547000000000025,36.01600000000002,336.016,26,0.9933554817275747,0.0,2.9690000000000225
B0033,B0033_D0049,49,80.2086049428182,300,21.499999999999996,326.5,337.578,11.077999999999975,37.577999999999975,337.578,26,0.9966777408637874,0.0,4.514999999999972
B0033,B0033_D0050,50,80.40008370453673,300,21.563000000000002,326.563,338.125,11.562000000000012,38.125,338.125,26,0.9867109634551495,0.0,5.0
B0033,B0033_D0051,51,81.28376069217798,300,21.532,326.532,327.453,0.9209999999999923,27.452999999999975,327.453,26,0.9933554817275747,0.0,5.9209999999999745
B0033,B0033_D0052,52,80.8816382955359,300,21.578000000000003,326.578,328.218,1.6400000000000432,28.218000000000018,328.218,26,0.9966777408637874,0.0,6.640000000000015
B0033,B0033_D0053,53,79.86595744547132,300,21.577999999999996,326.578,329.312,2.7340000000000373,29.312000000000012,329.312,26,0.9966777408637874,0.0,7.734000000000016
B0033,B0033_D0054,54,79.37926125085303,300,21.657000000000004,326.657,330.282,3.625,30.281999999999982,330.282,26,0.9966777408637874,0.0,8.624999999999979
B0033,B0033_D0055,55,79.01265007701842,300,21.75,326.75,331.5,4.75,31.5,331.5,26,0.9900332225913622,0.0,9.75
B0033,B0033_D0056,56,79.1518265243888,300,21.797000000000004,326.797,332.125,5.3279999999999745,32.125,332.125,26,0.9966777408637874,0.0,10.327999999999996
B0033,B0033_D0057,57,80.13569416398518,300,21.875,326.875,333.391,6.5160000000000196,33.39100000000002,333.391,26,0.9966777408637874,0.0,11.51600000000002
B0033,B0033_D0058,58,79.65354577256917,300,21.906,326.906,334.156,7.25,34.156000000000006,334.156,25,0.9966777408637874,0.0,0.3440000000000083
B0033,B0033_D0059,59,77.24444342510122,300,21.844,326.844,335.047,8.203000000000031,35.047000000000025,335.047,25,0.9966777408637874,0.0,1.2970000000000255
B0033,B0033_D0060,60,76.76094282820259,300,21.843,326.843,335.906,9.062999999999988,35.906000000000006,335.906,25,0.9966777408637874,0.0,2.125000000000007
B0033,B0033_D0061,61,76.26338657113666,300,22.0,327.0,336.812,9.812000000000012,36.81200000000001,336.812,25,0.9966777408637874,0.0,2.8440000000000154
B0033,B0033_D0062,62,77.79746002726813,300,22.0,327.0,337.422,10.422000000000025,37.422000000000025,337.422,25,0.9933554817275747,0.0,3.3910000000000267
B0033,B0033_D0063,63,78.24014719213575,300,22.094,327.094,327.156,0.06200000000001182,27.156000000000006,327.156,25,0.9933554817275747,0.0,5.062000000000005
B0033,B0033_D0064,64,77.59310230940602,300,22.0,327.0,327.344,0.3439999999999941,27.343999999999994,327.344,25,0.9966777408637874,0.0,5.343999999999994
B0033,B0033_D0065,65,75.72275272552503,300,22.031,327.031,328.063,1.0319999999999823,28.062999999999988,328.063,25,0.9966777408637874,0.0,6.031999999999989
B0033,B0033_D0066,66,75.25968101073214,300,22.077999999999996,327.078,329.157,2.0790000000000077,29.156999999999982,329.157,25,0.9966777408637874,0.0,7.078999999999986
B0033,B0033_D0067,67,80.29119849585224,300,22.125,327.125,330.265,3.1399999999999864,30.264999999999986,330.265,25,0.9933554817275747,0.0,8.139999999999986
B0033,B0033_D0068,68,81.24502597938525,300,22.172,327.172,331.234,4.061999999999955,31.23399999999998,331.234,25,0.9966777408637874,0.0,9.06199999999998
B0033,B0033_D0069,69,79.48925650183075,300,22.265,327.265,332.703,5.437999999999988,32.702999999999975,332.703,25,0.9966777408637874,0.0,10.437999999999974
B0033,B0033_D0070,70,77.76193076149951,300,22.265,327.265,334.093,6.828000000000031,34.09300000000002,334.093,25,0.9933554817275747,0.0,11.828000000000017
B0033,B0033_D0071,71,76.98782023184016,300,22.204,327.204,333.875,6.670999999999992,33.875,333.875,25,0.9966777408637874,0.0,11.671
B0033,B0033_D0072,72,76.46587001069179,300,22.328000000000003,327.328,334.437,7.109000000000037,34.43700000000001,334.437,25,0.9966777408637874,0.0,12.109000000000009
B0033,B0033_D0073,73,77.38402767884381,300,22.327999999999996,327.328,335.61,8.282000000000039,35.610000000000014,335.61,24,0.9966777408637874,0.0,0.8750000000000142
B0033,B0033_D0074,74,78.29960469719893,300,22.375,327.375,336.375,9.0,36.375,336.375,24,0.9966777408637874,0.0,1.5150000000000006
B0033,B0033_D0075,75,77.08126425890252,300,22.359,327.359,337.359,10.0,37.35899999999998,337.359,24,0.9966777408637874,0.0,2.545999999999978
B0033,B0033_D0076,76,75.8795327995084,300,22.469,327.469,338.235,10.76600000000002,38.235000000000014,338.235,24,0.9966777408637874,0.0,3.2970000000000113
B0033,B0033_D0077,77,75.37601021296545,300,22.422000000000004,327.422,338.734,11.311999999999955,38.73399999999998,338.734,24,0.9966777408637874,0.0,3.8279999999999745
B0033,B0033_D0078,78,74.774641313017,300,22.5,327.5,339.359,11.85899999999998,39.35899999999998,339.359,24,0.9966777408637874,0.0,4.312999999999981
B0033,B0033_D0079,79,74.98809405786574,300,22.531000000000006,327.531,327.938,0.40699999999998226,27.937999999999988,327.938,24,0.9966777408637874,0.0,5.406999999999982
B0033,B0033_D0080,80,74.53483403901977,300,22.593999999999998,327.594,328.688,1.093999999999994,28.687999999999988,328.688,24,0.9966777408637874,0.0,6.0939999999999905
B0033,B0033_D0081,81,74.00499712525934,300,22.531,327.531,329.531,2.0,29.531000000000006,329.531,24,0.9933554817275747,0.0,7.000000000000007
B0033,B0033_D0082,82,73.38045748050315,300,22.578000000000003,327.578,329.75,2.1720000000000255,29.75,329.75,24,0.9966777408637874,0.0,7.171999999999997
B0033,B0033_D0083,83,73.64909245960251,300,22.61,327.61,331.156,3.5459999999999923,31.156000000000006,331.156,24,0.9900332225913622,0.0,8.546000000000006
B0033,B0033_D0084,84,73.71436068603202,300,22.609,327.609,331.312,3.7030000000000314,31.312000000000012,331.312,24,0.9933554817275747,0.0,8.70300000000001
B0033,B0033_D0085,85,73.17581404173069,300,22.688000000000002,327.688,332.297,4.609000000000037,32.297000000000025,332.297,24,0.9966777408637874,0.0,9.609000000000023
B0033,B0033_D0086,86,72.6354784024418,300,22.828000000000003,327.828,332.937,5.109000000000037,32.93700000000001,332.937,24,0.9966777408637874,0.0,10.109000000000009
B0033,B0033_D0087,87,72.78651923615124,300,22.796999999999997,327.797,333.828,6.030999999999949,33.827999999999975,333.828,24,0.9966777408637874,0.0,11.030999999999977
B0033,B0033_D0088,88,72.9870049809284,300,22.766000000000002,327.766,334.297,6.531000000000006,34.297000000000025,334.297,24,0.9966777408637874,0.0,11.531000000000024
B0033,B0033_D0089,89,72.4355752079096,300,22.874999999999996,327.875,335.328,7.4529999999999745,35.327999999999975,335.328,24,0.9966777408637874,0.0,12.452999999999978
B0033,B0033_D0090,90,73.33379881442168,300,22.89,327.89,336.171,8.281000000000006,36.17099999999999,336.171,23,0.9966777408637874,0.0,0.35899999999999466
B0033,B0033_D0091,91,73.44751054752209,300,23.015000000000004,328.015,336.375,8.360000000000014,36.375,336.375,23,0.9966777408637874,0.0,0.32800000000000296
B0033,B0033_D0092,92,73.55582942610211,300,22.859,327.859,337.219,9.360000000000014,37.218999999999994,337.219,23,0.9966777408637874,0.0,1.3129999999999882
B0033,B0033_D0093,93,72.36506182327463,300,22.891000000000002,327.891,338.219,10.327999999999975,38.218999999999994,338.219,23,0.9933554817275747,0.0,2.343999999999994
B0033,B0033_D0094,94,71.02657773780821,300,22.968999999999994,327.969,339.047,11.078000000000031,39.047000000000025,339.047,23,0.9966777408637874,0.0,3.0000000000000284
B0033,B0033_D0095,95,71.20733047408709,300,22.984,327.984,339.797,11.813000000000045,39.797000000000025,339.797,23,0.9933554817275747,0.0,3.7500000000000284
B0033,B0033_D0096,96,72.06410041682147,300,23.016000000000002,328.016,340.375,12.35899999999998,40.375,340.375,23,0.9966777408637874,0.0,4.186999999999998
B0033,B0033_D0097,97,72.24482694460808,300,23.078000000000003,328.078,341.234,13.156000000000006,41.23399999999998,341.234,23,0.9966777408637874,0.0,5.015999999999977
B0033,B0033_D0098,98,72.70128177397874,300,23.094,328.094,329.703,1.6089999999999804,29.702999999999975,329.703,23,0.9966777408637874,0.0,6.608999999999973
B0033,B0033_D0099,99,71.13015223771455,300,23.234,328.234,329.609,1.375,29.60899999999998,329.609,23,0.9933554817275747,0.0,6.374999999999979
B0033,B0033_D0100,100,70.50984772945486,300,23.171999999999997,328.172,330.422,2.25,30.422000000000025,330.422,23,0.9966777408637874,0.0,7.250000000000028
B0033,B0033_D0101,101,70.72440649499728,300,23.14,328.14,331.187,3.0470000000000255,31.187000000000012,331.187,23,0.9933554817275747,0.0,8.047000000000011
B0033,B0033_D0102,102,71.56800164730765,300,23.203000000000003,328.203,331.234,3.031000000000006,31.23399999999998,331.234,23,0.9933554817275747,0.0,8.030999999999977
B0033,B0033_D0103,103,72.57566618258764,300,23.328,328.328,333.297,4.969000000000051,33.297000000000025,333.297,23,0.9833887043189369,0.0,9.969000000000026
B0033,B0033_D0104,104,71.15188378863367,300,23.328000000000003,328.328,333.297,4.969000000000051,33.297000000000025,333.297,23,0.9966777408637874,0.0,9.969000000000023
B0033,B0033_D0105,105,69.81493481279564,300,23.25,328.25,333.719,5.468999999999994,33.718999999999994,333.719,23,0.9966777408637874,0.0,10.468999999999994
B0033,B0033_D0106,106,69.89530365199562,300,23.358999999999995,328.359,334.312,5.953000000000031,34.31200000000001,334.312,23,0.9966777408637874,0.0,10.953000000000017
B0033,B0033_D0107,107,70.05673780048383,300,23.421999999999997,328.422,335.032,6.609999999999957,35.03199999999998,335.032,23,0.9966777408637874,0.0,11.609999999999985
B0033,B0033_D0108,108,71.83912644726334,300,23.407000000000004,328.407,336.235,7.828000000000031,36.235000000000014,336.235,23,0.9966777408637874,0.0,12.82800000000001
B0033,B0033_D0109,109,71.8500343977319,300,23.5,328.5,336.063,7.562999999999988,36.06299999999999,336.063,23,0.9933554817275747,0.0,12.562999999999988
B0033,B0033_D0110,110,70.51777642267405,300,23.375,328.375,337.031,8.656000000000006,37.031000000000006,337.031,22,0.9966777408637874,0.0,0.1250000000000071
B0033,B0033_D0111,111,69.13166989980944,300,23.453000000000003,328.453,337.953,9.5,37.952999999999975,337.953,22,0.9933554817275747,0.0,0.9529999999999745
B0033,B0033_D0112,112,68.49701791533782,300,23.563000000000002,328.563,338.406,9.843000000000018,38.406000000000006,338.406,22,0.9933554817275747,0.0,1.2970000000000041
B0033,B0033_D0113,113,68.9306466394116,300,23.531,328.531,340.187,11.656000000000006,40.18700000000001,340.187,22,0.9966777408637874,0.0,2.890000000000015
B0033,B0033_D0115,115,71.17212145331004,300,23.532,328.532,340.032,11.5,40.03199999999998,340.032,22,0.9966777408637874,0.0,2.8289999999999793
B0033,B0033_D0116,116,69.73001946479333,300,23.594,328.594,341.281,12.687000000000012,41.281000000000006,341.281,22,0.9966777408637874,0.0,3.953000000000003
B0033,B0033_D0117,117,69.80806993911143,300,23.688000000000002,328.688,341.11,12.422000000000025,41.110000000000014,341.11,22,0.9966777408637874,0.0,3.7350000000000136
B0033,B0033_D0118,118,69.24843041578985,300,23.593,328.593,341.781,13.187999999999988,41.781000000000006,341.781,22,0.9966777408637874,0.0,4.469000000000008
B0033,B0033_D0119,119,68.57557371237739,300,23.719,328.719,342.484,13.764999999999986,42.48399999999998,342.484,22,0.9966777408637874,0.0,5.046999999999983
B0033,B0033_D0120,120,68.08432542439627,300,23.797,328.797,330.031,1.2339999999999804,30.031000000000006,330.031,22,0.9966777408637874,0.0,6.234000000000005
B0033,B0033_D0121,121,68.98150680483043,300,23.781000000000002,328.781,330.578,1.7969999999999686,30.577999999999975,330.578,22,0.9966777408637874,0.0,6.796999999999972
B0033,B0033_D0122,122,68.2115888001602,300,23.733999999999995,328.734,330.344,1.6100000000000136,30.343999999999994,330.344,22,0.9966777408637874,0.0,6.609999999999999
B0033,B0033_D0123,123,67.09207256040727,300,23.891,328.891,332.828,3.936999999999955,32.827999999999975,332.828,22,0.9966777408637874,0.0,8.936999999999976
B0033,B0033_D0124,124,67.76107847896125,300,23.859,328.859,332.297,3.438000000000045,32.297000000000025,332.297,22,0.9966777408637874,0.0,8.438000000000024
B0033,B0033_D0125,125,67.01930132014887,300,23.906,328.906,332.296,3.3899999999999864,32.29599999999999,332.296,22,0.9933554817275747,0.0,8.389999999999993
B0033,B0033_D0126,126,67.97039457097719,300,23.828,328.828,332.984,4.156000000000006,32.98399999999998,332.984,22,0.9933554817275747,0.0,9.155999999999981
B0033,B0033_D0127,127,67.28550430677751,300,23.828000000000003,328.828,333.531,4.703000000000031,33.531000000000006,333.531,22,0.9966777408637874,0.0,9.703000000000003
B0033,B0033_D0128,128,67.3880571042718,300,23.875,328.875,333.969,5.093999999999994,33.968999999999994,333.969,22,0.9966777408637874,0.0,10.093999999999994
B0033,B0033_D0129,129,66.77410515670334,300,23.953000000000003,328.953,334.516,5.563000000000045,34.51600000000002,334.516,22,0.9966777408637874,0.0,10.563000000000017
B0033,B0033_D0130,130,67.65774709211169,300,24.061999999999998,329.062,335.25,6.187999999999988,35.25,335.25,22,0.9933554817275747,0.0,11.188000000000002
B0033,B0033_D0131,131,68.54838853022146,300,24.14,329.14,336.14,7.0,36.139999999999986,336.14,22,0.9966777408637874,0.0,11.999999999999986
B0033,B0033_D0132,132,67.8713336245933,300,24.047000000000004,329.047,336.516,7.468999999999994,36.51600000000002,336.516,22,0.9966777408637874,0.0,12.469000000000015
B0033,B0033_D0133,133,67.21839410553451,300,24.078000000000003,329.078,336.984,7.906000000000006,36.98399999999998,336.984,22,0.9966777408637874,0.0,12.905999999999977
B0033,B0033_D0134,134,66.50291192972651,300,24.094,329.094,337.485,8.39100000000002,37.485000000000014,337.485,22,0.9966777408637874,0.0,13.391000000000012
B0033,B0033_D0135,135,70.16820929033312,300,25.078,330.078,344.625,14.547000000000025,44.625,344.625,20,0.9966777408637874,0.0,4.375
B0033,B0033_D0136,136,69.32785475114689,300,24.188000000000002,329.188,339.406,10.218000000000018,39.406000000000006,339.406,21,0.9933554817275747,0.0,1.031000000000006
B0033,B0033_D0137,137,68.52069088436316,300,24.250000000000004,329.25,339.468,10.218000000000018,39.46800000000002,339.468,21,0.9966777408637874,0.0,1.0000000000000142
B0033,B0033_D0138,138,66.26596968178565,300,24.203,329.203,340.562,11.359000000000037,40.56200000000001,340.562,21,0.9966777408637874,0.0,2.140000000000015
B0033,B0033_D0148,148,73.07348947131494,300,24.438000000000002,329.438,331.329,1.8910000000000196,31.329000000000008,331.329,21,0.9966777408637874,0.0,6.891000000000005
B0033,B0033_D0149,149,70.75499772691266,300,24.453000000000003,329.453,331.844,2.3910000000000196,31.843999999999994,331.844,21,0.9933554817275747,0.0,7.390999999999991
B0033,B0033_D0150,150,69.1816186936978,300,24.484,329.484,332.375,2.8910000000000196,32.375,332.375,21,0.9966777408637874,0.0,7.890999999999998
B0033,B0033_D0151,151,68.52701446804916,300,24.531,329.531,332.891,3.3600000000000136,32.89100000000002,332.891,21,0.9900332225913622,0.0,8.36000000000002
B0033,B0033_D0152,152,67.785212830577,300,24.531,329.531,332.953,3.4219999999999686,32.952999999999975,332.953,21,0.9966777408637874,0.0,8.421999999999976
B0033,B0033_D0153,153,67.89192896959882,300,24.64,329.64,333.593,3.9530000000000314,33.59300000000002,333.593,21,0.9966777408637874,0.0,8.953000000000017
B0033,B0033_D0154,154,68.04541989785699,300,24.546999999999997,329.547,334.578,5.030999999999949,34.577999999999975,334.578,21,0.9966777408637874,0.0,10.030999999999977
B0033,B0033_D0155,155,67.4781327384238,300,24.719,329.719,335.515,5.795999999999992,35.514999999999986,335.515,21,0.9966777408637874,0.0,10.795999999999985
B0033,B0033_D0156,156,59.444385662433206,300,24.733999999999998,329.734,336.656,6.9220000000000255,36.656000000000006,336.656,21,0.9933554817275747,0.0,11.922000000000008
B0033,B0033_D0157,157,75.20746967304322,300,24.625,329.625,336.469,6.843999999999994,36.468999999999994,336.469,21,0.9966777408637874,0.0,11.843999999999994
B0033,B0033_D0158,158,74.49544319356384,300,24.703,329.703,336.828,7.125,36.827999999999975,336.828,21,0.9966777408637874,0.0,12.124999999999975
B0033,B0033_D0159,159,73.76650893215965,300,24.703000000000003,329.703,338.171,8.468000000000018,38.17099999999999,338.171,21,0.9966777408637874,0.0,13.46799999999999
B0033,B0033_D0160,160,72.99153827068515,300,24.734,329.734,337.547,7.813000000000045,37.547000000000025,337.547,21,0.9966777408637874,0.0,12.813000000000024
B0033,B0033_D0161,161,72.37084528862864,300,24.656,329.656,338.328,8.671999999999969,38.327999999999975,338.328,21,0.9966777408637874,0.0,13.671999999999976
B0033,B0033_D0162,162,73.38161837323577,300,24.765000000000004,329.765,339.39,9.625,39.389999999999986,339.39,21,0.9933554817275747,0.0,14.624999999999982
B0033,B0033_D0163,163,72.07762465827635,300,24.983999999999995,329.984,341.156,11.172000000000025,41.156000000000006,341.156,20,0.9966777408637874,0.0,1.20300000000001
B0033,B0033_D0164,164,70.91964367922014,300,24.858999999999995,329.859,339.765,9.906000000000006,39.764999999999986,339.765,21,0.9900332225913622,0.0,14.905999999999992
B0033,B0033_D0165,165,70.15912419426259,300,24.86,329.86,340.688,10.827999999999975,40.68799999999999,340.688,20,0.9966777408637874,0.0,0.890999999999984
B0033,B0033_D0166,166,69.5555233060582,300,24.86,329.86,341.125,11.264999999999986,41.125,341.125,20,0.9966777408637874,0.0,1.2959999999999994
B0033,B0033_D0167,167,70.43009979067268,300,24.906000000000002,329.906,341.359,11.452999999999975,41.35899999999998,341.359,20,0.9966777408637874,0.0,1.5149999999999864
B0033,B0033_D0168,168,70.68854451974474,300,24.953000000000003,329.953,342.735,12.782000000000039,42.735000000000014,342.735,20,0.9966777408637874,0.0,2.7970000000000113
B0033,B0033_D0169,169,70.62361172704225,300,25.078,330.078,342.578,12.5,42.577999999999975,342.578,20,0.9933554817275747,0.0,2.4219999999999686
B0033,B0033_D0170,170,69.15950013287794,300,25.0,330.0,343.296,13.295999999999992,43.29599999999999,343.296,20,0.9966777408637874,0.0,3.249999999999993
B0033,B0033_D0171,171,68.23049053716282,300,24.953,329.953,343.359,13.406000000000006,43.35899999999998,343.359,20,0.9966777408637874,0.0,3.342999999999975
B0033,B0033_D0172,172,68.48756828912185,300,25.0,330.0,344.469,14.468999999999994,44.468999999999994,344.469,20,0.9966777408637874,0.0,4.359999999999992
B0033,B0033_D0173,173,69.33973455535832,300,25.172000000000004,330.172,344.484,14.311999999999955,44.48399999999998,344.484,20,0.9966777408637874,0.0,4.2339999999999804
B0033,B0033_D0174,174,69.59307937871397,300,25.141000000000002,330.141,330.609,0.4679999999999609,30.60899999999998,330.609,20,0.9966777408637874,0.0,5.467999999999979
B0033,B0033_D0175,175,68.85811760904825,300,25.125,330.125,330.219,0.09399999999999409,30.218999999999994,330.219,20,0.9933554817275747,0.0,5.093999999999994
B0033,B0033_D0176,176,67.99762679695426,300,25.218999999999994,330.219,331.094,0.875,31.093999999999994,331.094,20,0.9900332225913622,0.0,5.875
B0033,B0033_D0177,177,68.98895215853625,300,25.14,330.14,331.875,1.7350000000000136,31.875,331.875,20,0.9966777408637874,0.0,6.734999999999999
B0033,B0033_D0178,178,68.1568683098322,300,25.188000000000002,330.188,332.016,1.8280000000000314,32.01600000000002,332.016,20,0.9933554817275747,0.0,6.828000000000017
B0033,B0033_D0179,179,68.26147614397404,300,25.235,330.235,332.735,2.5,32.735000000000014,332.735,20,0.9966777408637874,0.0,7.500000000000014
B0033,B0033_D0180,180,67.49310347029565,300,25.234,330.234,332.734,2.5,32.73399999999998,332.734,20,0.9966777408637874,0.0,7.499999999999979
B0033,B0033_D0181,181,67.64752086166216,300,25.250000000000004,330.25,333.484,3.2339999999999804,33.48399999999998,333.484,20,0.9966777408637874,0.0,8.233999999999977
B0033,B0033_D0182,182,67.67870271302564,300,25.329,330.329,333.922,3.5930000000000177,33.922000000000025,333.922,20,0.9966777408637874,0.0,8.593000000000025
B0033,B0033_D0183,183,67.16112591952512,300,25.328000000000003,330.328,335.265,4.937000000000012,35.264999999999986,335.265,20,0.9966777408637874,0.0,9.936999999999983
B0033,B0033_D0184,184,67.06040884526713,300,25.311999999999998,330.312,334.89,4.5779999999999745,34.889999999999986,334.89,20,0.9966777408637874,0.0,9.577999999999989
B0033,B0033_D0185,185,66.38694984993903,300,25.311999999999998,330.312,335.843,5.531000000000006,35.84300000000002,335.843,20,0.9933554817275747,0.0,10.53100000000002
B0033,B0033_D0186,186,66.48894502227046,300,25.311999999999998,330.312,336.125,5.812999999999988,36.125,336.125,20,0.9966777408637874,0.0,10.813000000000002
B0033,B0033_D0187,187,66.78022514351248,300,25.406,330.406,337.734,7.3279999999999745,37.73399999999998,337.734,20,0.9966777408637874,0.0,12.327999999999982
B0033,B0033_D0188,188,65.88744842855562,300,25.563,330.563,337.813,7.25,37.81299999999999,337.813,20,0.9966777408637874,0.0,12.24999999999999
B0033,B0033_D0189,189,65.88027362370985,300,25.531,330.531,337.812,7.281000000000006,37.81200000000001,337.812,20,0.9966777408637874,0.0,12.281000000000013
B0033,B0033_D0190,190,65.9263976103619,300,25.577999999999996,330.578,337.984,7.406000000000006,37.98399999999998,337.984,20,0.9966777408637874,0.0,12.405999999999985
B0033,B0033_D0191,191,66.07698634906991,300,25.453000000000003,330.453,338.547,8.094000000000051,38.547000000000025,338.547,20,0.9933554817275747,0.0,13.094000000000023
B0033,B0033_D0192,192,65.23307686464352,300,25.515,330.515,338.812,8.297000000000025,38.81200000000001,338.812,20,0.9966777408637874,0.0,13.297000000000011
B0033,B0033_D0193,193,66.4016238510434,300,25.719,330.719,340.36,9.64100000000002,40.360000000000014,340.36,20,0.9966777408637874,0.0,14.641000000000012
B0033,B0033_D0194,194,68.17274885356963,300,25.593999999999998,330.594,340.453,9.85899999999998,40.452999999999975,340.453,20,0.9966777408637874,0.0,14.858999999999977
B0033,B0033_D0195,195,66.45658373701234,300,25.531,330.531,340.359,9.827999999999975,40.35899999999998,340.359,20,0.9966777408637874,0.0,14.827999999999982
B0033,B0033_D0196,196,65.62100543458841,300,25.531,330.531,340.406,9.875,40.406000000000006,340.406,20,0.9966777408637874,0.0,14.875000000000007
B0033,B0033_D0197,197,65.76412751838177,300,25.671999999999997,330.672,341.25,10.577999999999975,41.25,341.25,20,0.9966777408637874,0.0,15.578000000000003
B0034,B0034_D0002,2,83.11608576422927,300,19.484,324.484,330.391,5.907000000000039,30.39100000000002,330.391,32,0.9933554817275747,0.0,1.454000000000022
B0034,B0034_D0003,3,82.2543684847266,300,19.656000000000006,324.656,332.75,8.093999999999994,32.75,332.75,32,0.9966777408637874,0.0,3.655999999999999
B0034,B0034_D0004,4,81.0364644638787,300,19.671,324.671,325.015,0.3439999999999941,25.014999999999986,325.015,32,0.9966777408637874,0.0,5.343999999999987
B0034,B0034_D0005,5,79.83701012563002,300,19.75,324.75,326.313,1.5629999999999882,26.312999999999988,326.313,32,0.9966777408637874,0.0,6.562999999999988
B0034,B0034_D0006,6,74.28250309406349,300,19.765,324.765,328.562,3.7970000000000255,28.562000000000012,328.562,32,0.9966777408637874,0.0,8.797000000000011
B0034,B0034_D0007,7,74.33351098748506,300,19.796999999999997,324.797,330.766,5.968999999999994,30.76600000000002,330.766,31,0.9966777408637874,0.0,1.234000000000023
B0034,B0034_D0008,8,73.50665479202634,300,19.813000000000002,324.813,332.157,7.343999999999994,32.15699999999998,332.157,31,0.9966777408637874,0.0,2.5779999999999816
B0034,B0034_D0009,9,72.82520900509817,300,20.047000000000004,325.047,334.282,9.234999999999957,34.28199999999998,334.282,31,0.9966777408637874,0.0,4.390999999999984
B0034,B0034_D0010,10,72.09480517788236,300,19.953,324.953,326.062,1.1090000000000373,26.062000000000012,326.062,31,0.9933554817275747,0.0,6.109000000000012
B0034,B0034_D0011,11,71.85474794485145,300,20.0,325.0,327.484,2.4839999999999804,27.48399999999998,327.484,31,0.9966777408637874,0.0,7.4839999999999804
B0034,B0034_D0012,12,72.29351812483702,300,20.125,325.125,329.469,4.343999999999994,29.468999999999994,329.469,31,0.9966777408637874,0.0,9.343999999999994
B0034,B0034_D0013,13,71.60520272809185,300,20.235,325.235,331.781,6.545999999999992,31.781000000000006,331.781,30,0.9867109634551495,0.0,1.531000000000006
B0034,B0034_D0014,14,71.33603166512324,300,20.171,325.171,332.968,7.7970000000000255,32.96800000000002,332.968,30,0.9966777408637874,0.0,2.65600000000002
B0034,B0034_D0015,15,71.15423442564914,300,20.218000000000004,325.218,334.296,9.077999999999975,34.29599999999999,334.296,30,0.9966777408637874,0.0,3.9679999999999893
B0034,B0034_D0016,16,72.04739761209454,300,20.265000000000004,325.265,325.578,0.3129999999999882,25.577999999999975,325.578,30,0.9900332225913622,0.0,5.31299999999997
B0034,B0034_D0017,17,74.34507720259325,300,20.422,325.422,328.25,2.8279999999999745,28.25,328.25,30,0.9966777408637874,0.0,7.827999999999999
B0034,B0034_D0018,18,76.22656613425352,300,20.421999999999997,325.422,329.109,3.686999999999955,29.10899999999998,329.109,30,0.9933554817275747,0.0,8.686999999999983
B0034,B0034_D0019,19,73.14524802595353,300,20.422,325.422,330.359,4.936999999999955,30.35899999999998,330.359,30,0.9966777408637874,0.0,9.93699999999998
B0034,B0034_D0020,20,71.15397254274946,300,20.5,325.5,332.187,6.687000000000012,32.18700000000001,332.187,29,0.9966777408637874,0.0,1.250000000000007
B0034,B0034_D0021,21,70.25520431801718,300,20.578,325.578,333.484,7.906000000000006,33.48399999999998,333.484,29,0.9933554817275747,0.0,2.43699999999998
B0034,B0034_D0022,22,81.64731962535431,300,20.453000000000003,325.453,328.266,2.813000000000045,28.26600000000002,328.266,29,0.9966777408637874,0.0,7.813000000000017
B0034,B0034_D0023,23,78.43569104129558,300,20.469,325.469,329.844,4.375,29.843999999999994,329.844,29,0.9966777408637874,0.0,9.374999999999993
B0034,B0034_D0024,24,75.74760483026701,300,20.437999999999995,325.438,331.032,5.593999999999994,31.031999999999982,331.032,29,0.9933554817275747,0.0,0.0
B0034,B0034_D0025,25,74.27591470317313,300,20.561999999999998,325.562,332.75,7.187999999999988,32.75,332.75,28,0.9966777408637874,0.0,1.6099999999999994
B0034,B0034_D0026,26,74.0385964524537,300,20.641000000000005,325.641,333.797,8.156000000000006,33.797000000000025,333.797,28,0.9933554817275747,0.0,2.4690000000000225
B0034,B0034_D0027,27,74.20131786585294,300,20.656,325.656,334.734,9.077999999999975,34.73399999999998,334.734,28,0.9933554817275747,0.0,3.3909999999999805
B0034,B0034_D0028,28,74.61076527753261,300,20.719,325.719,336.531,10.812000000000012,36.531000000000006,336.531,28,0.9966777408637874,0.0,5.078000000000003
B0034,B0034_D0029,29,73.66564620496395,300,20.656,325.656,326.421,0.7649999999999864,26.420999999999992,326.421,28,0.9966777408637874,0.0,5.7649999999999935
B0034,B0034_D0030,30,72.0796589490003,300,20.781,325.781,328.14,2.3589999999999804,28.139999999999986,328.14,28,0.9966777408637874,0.0,7.3589999999999876
B0034,B0034_D0031,31,71.12936599007894,300,20.796999999999997,325.797,329.219,3.4219999999999686,29.218999999999994,329.219,28,0.9966777408637874,0.0,8.421999999999997
B0034,B0034_D0032,32,71.33244689743333,300,20.781,325.781,329.875,4.093999999999994,29.875,329.875,28,0.9933554817275747,0.0,9.094000000000001
B0034,B0034_D0033,33,72.98387780119288,300,20.907000000000004,325.907,332.235,6.328000000000031,32.235000000000014,332.235,27,0.9933554817275747,0.0,0.36000000000001364
B0034,B0034_D0034,34,71.98079969272577,300,20.891,325.891,332.75,6.8589999999999804,32.75,332.75,27,0.9966777408637874,0.0,0.8900000000000006
B0034,B0034_D0035,35,70.97756328924257,300,21.031000000000002,326.031,334.25,8.218999999999994,34.25,334.25,27,0.9966777408637874,0.0,2.171999999999997
B0034,B0034_D0036,36,70.59050857235226,300,21.031000000000002,326.031,335.515,9.48399999999998,35.514999999999986,335.515,27,0.9966777408637874,0.0,3.421999999999983
B0034,B0034_D0037,37,70.22098350922657,300,21.015,326.015,336.156,10.14100000000002,36.156000000000006,336.156,27,0.9933554817275747,0.0,4.000000000000007
B0034,B0034_D0038,38,73.67529549303433,300,21.202999999999996,326.203,326.375,0.17200000000002547,26.375,326.375,27,0.9966777408637874,0.0,5.172000000000004
B0034,B0034_D0039,39,74.63293003225745,300,21.172,326.172,328.266,2.093999999999994,28.26600000000002,328.266,27,0.9933554817275747,0.0,7.094000000000019
B0034,B0034_D0040,40,74.10130074972967,300,21.125,326.125,328.109,1.9839999999999804,28.10899999999998,328.109,27,0.9933554817275747,0.0,6.9839999999999804
B0034,B0034_D0041,41,71.17876788294974,300,21.25,326.25,329.297,3.0470000000000255,29.297000000000025,329.297,27,0.9966777408637874,0.0,8.047000000000025
B0034,B0034_D0042,42,70.19126098622675,300,21.219,326.219,330.953,4.7339999999999804,30.952999999999975,330.953,27,0.9900332225913622,0.0,9.733999999999973
B0034,B0034_D0043,43,76.81586739418061,300,21.311999999999998,326.312,332.25,5.937999999999988,32.25,332.25,27,0.9966777408637874,0.0,10.938000000000002
B0034,B0034_D0044,44,77.20183584088366,300,21.312999999999995,326.313,333.485,7.1720000000000255,33.485000000000014,333.485,26,0.9933554817275747,0.0,0.7350000000000136
B0034,B0034_D0045,45,75.39460776801245,300,21.422,326.422,333.765,7.342999999999961,33.764999999999986,333.765,26,0.9966777408637874,0.0,0.8749999999999858
B0034,B0034_D0046,46,91.01530029345544,300,21.406,326.406,334.187,7.781000000000006,34.18700000000001,334.187,26,0.9933554817275747,0.0,1.32800000000001
B0034,B0034_D0047,47,79.68287879113322,300,21.375,326.375,335.156,8.781000000000006,35.156000000000006,335.156,26,0.9966777408637874,0.0,2.25
B0034,B0034_D0048,48,76.65352324840485,300,21.469,326.469,336.016,9.547000000000025,36.01600000000002,336.016,26,0.9933554817275747,0.0,2.9690000000000225
B0034,B0034_D0049,49,74.31071546553642,300,21.499999999999996,326.5,337.578,11.077999999999975,37.577999999999975,337.578,26,0.9966777408637874,0.0,4.514999999999972
B0034,B0034_D0050,50,75.14659424133892,300,21.563000000000002,326.563,338.125,11.562000000000012,38.125,338.125,26,0.9867109634551495,0.0,5.0
B0034,B0034_D0051,51,76.0109270346403,300,21.532,326.532,327.453,0.9209999999999923,27.452999999999975,327.453,26,0.9933554817275747,0.0,5.9209999999999745
B0034,B0034_D0052,52,75.59097367502233,300,21.578000000000003,326.578,328.218,1.6400000000000432,28.218000000000018,328.218,26,0.9966777408637874,0.0,6.640000000000015
B0034,B0034_D0053,53,73.23006509104525,300,21.577999999999996,326.578,329.312,2.7340000000000373,29.312000000000012,329.312,26,0.9966777408637874,0.0,7.734000000000016
B0034,B0034_D0054,54,72.73070480755874,300,21.657000000000004,326.657,330.282,3.625,30.281999999999982,330.282,26,0.9966777408637874,0.0,8.624999999999979
B0034,B0034_D0055,55,71.6670024510207,300,21.75,326.75,331.5,4.75,31.5,331.5,26,0.9900332225913622,0.0,9.75
B0034,B0034_D0056,56,72.46631173198081,300,21.797000000000004,326.797,332.125,5.3279999999999745,32.125,332.125,26,0.9966777408637874,0.0,10.327999999999996
B0034,B0034_D0057,57,74.7599910899454,300,21.875,326.875,333.391,6.5160000000000196,33.39100000000002,333.391,26,0.9966777408637874,0.0,11.51600000000002
B0034,B0034_D0058,58,73.60295120923004,300,21.906,326.906,334.156,7.25,34.156000000000006,334.156,25,0.9966777408637874,0.0,0.3440000000000083
B0034,B0034_D0059,59,70.48691507324364,300,21.844,326.844,335.047,8.203000000000031,35.047000000000025,335.047,25,0.9966777408637874,0.0,1.2970000000000255
B0034,B0034_D0060,60,69.30972090692087,300,21.843,326.843,335.906,9.062999999999988,35.906000000000006,335.906,25,0.9966777408637874,0.0,2.125000000000007
B0034,B0034_D0061,61,68.12062703775268,300,22.0,327.0,336.812,9.812000000000012,36.81200000000001,336.812,25,0.9966777408637874,0.0,2.8440000000000154
B0034,B0034_D0062,62,72.35688722538639,300,22.0,327.0,337.422,10.422000000000025,37.422000000000025,337.422,25,0.9933554817275747,0.0,3.3910000000000267
B0034,B0034_D0063,63,72.77241695225024,300,22.094,327.094,327.156,0.06200000000001182,27.156000000000006,327.156,25,0.9933554817275747,0.0,5.062000000000005
B0034,B0034_D0064,64,72.11976083651479,300,22.0,327.0,327.344,0.3439999999999941,27.343999999999994,327.344,25,0.9966777408637874,0.0,5.343999999999994
B0034,B0034_D0065,65,68.87709729948025,300,22.031,327.031,328.063,1.0319999999999823,28.062999999999988,328.063,25,0.9966777408637874,0.0,6.031999999999989
B0034,B0034_D0066,66,67.69967946450267,300,22.077999999999996,327.078,329.157,2.0790000000000077,29.156999999999982,329.157,25,0.9966777408637874,0.0,7.078999999999986
B0034,B0034_D0067,67,77.54519430832224,300,22.125,327.125,330.265,3.1399999999999864,30.264999999999986,330.265,25,0.9933554817275747,0.0,8.139999999999986
B0034,B0034_D0068,68,77.81466348876434,300,22.172,327.172,331.234,4.061999999999955,31.23399999999998,331.234,25,0.9966777408637874,0.0,9.06199999999998
B0034,B0034_D0069,69,75.33763302532354,300,22.265,327.265,332.703,5.437999999999988,32.702999999999975,332.703,25,0.9966777408637874,0.0,10.437999999999974
B0034,B0034_D0070,70,72.2069366651383,300,22.265,327.265,334.093,6.828000000000031,34.09300000000002,334.093,25,0.9933554817275747,0.0,11.828000000000017
B0034,B0034_D0071,71,70.72051905646218,300,22.204,327.204,333.875,6.670999999999992,33.875,333.875,25,0.9966777408637874,0.0,11.671
B0034,B0034_D0072,72,69.48787106181365,300,22.328000000000003,327.328,334.437,7.109000000000037,34.43700000000001,334.437,25,0.9966777408637874,0.0,12.109000000000009
B0034,B0034_D0073,73,72.49841557376496,300,22.327999999999996,327.328,335.61,8.282000000000039,35.610000000000014,335.61,24,0.9966777408637874,0.0,0.8750000000000142
B0034,B0034_D0074,74,73.39326534006084,300,22.375,327.375,336.375,9.0,36.375,336.375,24,0.9966777408637874,0.0,1.5150000000000006
B0034,B0034_D0075,75,71.45322155222533,300,22.359,327.359,337.359,10.0,37.35899999999998,337.359,24,0.9966777408637874,0.0,2.545999999999978
B0034,B0034_D0076,76,68.83724173341635,300,22.469,327.469,338.235,10.76600000000002,38.235000000000014,338.235,24,0.9966777408637874,0.0,3.2970000000000113
B0034,B0034_D0077,77,67.57906631260528,300,22.422000000000004,327.422,338.734,11.311999999999955,38.73399999999998,338.734,24,0.9966777408637874,0.0,3.8279999999999745
B0034,B0034_D0078,78,67.6996736414464,300,22.5,327.5,339.359,11.85899999999998,39.35899999999998,339.359,24,0.9966777408637874,0.0,4.312999999999981
B0034,B0034_D0079,79,67.88582558446883,300,22.531000000000006,327.531,327.938,0.40699999999998226,27.937999999999988,327.938,24,0.9966777408637874,0.0,5.406999999999982
B0034,B0034_D0080,80,66.70846576755135,300,22.593999999999998,327.594,328.688,1.093999999999994,28.687999999999988,328.688,24,0.9966777408637874,0.0,6.0939999999999905
B0034,B0034_D0081,81,66.86073944391994,300,22.531,327.531,329.531,2.0,29.531000000000006,329.531,24,0.9933554817275747,0.0,7.000000000000007
B0034,B0034_D0082,82,66.95226121384636,300,22.578000000000003,327.578,329.75,2.1720000000000255,29.75,329.75,24,0.9966777408637874,0.0,7.171999999999997
B0034,B0034_D0083,83,67.19622302378161,300,22.61,327.61,331.156,3.5459999999999923,31.156000000000006,331.156,24,0.9900332225913622,0.0,8.546000000000006
B0034,B0034_D0084,84,67.27393096045122,300,22.609,327.609,331.312,3.7030000000000314,31.312000000000012,331.312,24,0.9933554817275747,0.0,8.70300000000001
B0034,B0034_D0085,85,67.41131514841273,300,22.688000000000002,327.688,332.297,4.609000000000037,32.297000000000025,332.297,24,0.9966777408637874,0.0,9.609000000000023
B0034,B0034_D0086,86,66.86596149788029,300,22.828000000000003,327.828,332.937,5.109000000000037,32.93700000000001,332.937,24,0.9966777408637874,0.0,10.109000000000009
B0034,B0034_D0087,87,67.01261670776518,300,22.796999999999997,327.797,333.828,6.030999999999949,33.827999999999975,333.828,24,0.9966777408637874,0.0,11.030999999999977
B0034,B0034_D0088,88,66.45482841189559,300,22.766000000000002,327.766,334.297,6.531000000000006,34.297000000000025,334.297,24,0.9966777408637874,0.0,11.531000000000024
B0034,B0034_D0089,89,66.61742827883175,300,22.874999999999996,327.875,335.328,7.4529999999999745,35.327999999999975,335.328,24,0.9966777408637874,0.0,12.452999999999978
B0034,B0034_D0090,90,67.50770655277758,300,22.89,327.89,336.171,8.281000000000006,36.17099999999999,336.171,23,0.9966777408637874,0.0,0.35899999999999466
B0034,B0034_D0091,91,69.0761720527064,300,23.015000000000004,328.015,336.375,8.360000000000014,36.375,336.375,23,0.9966777408637874,0.0,0.32800000000000296
B0034,B0034_D0092,92,69.17985976408903,300,22.859,327.859,337.219,9.360000000000014,37.218999999999994,337.219,23,0.9966777408637874,0.0,1.3129999999999882
B0034,B0034_D0093,93,66.5058093104045,300,22.891000000000002,327.891,338.219,10.327999999999975,38.218999999999994,338.219,23,0.9933554817275747,0.0,2.343999999999994
B0034,B0034_D0094,94,65.88491060851615,300,22.968999999999994,327.969,339.047,11.078000000000031,39.047000000000025,339.047,23,0.9966777408637874,0.0,3.0000000000000284
B0034,B0034_D0095,95,65.31828859825636,300,22.984,327.984,339.797,11.813000000000045,39.797000000000025,339.797,23,0.9933554817275747,0.0,3.7500000000000284
B0034,B0034_D0096,96,66.90783691896891,300,23.016000000000002,328.016,340.375,12.35899999999998,40.375,340.375,23,0.9966777408637874,0.0,4.186999999999998
B0034,B0034_D0097,97,67.81629046082533,300,23.078000000000003,328.078,341.234,13.156000000000006,41.23399999999998,341.234,23,0.9966777408637874,0.0,5.015999999999977
B0034,B0034_D0098,98,68.24498764775029,300,23.094,328.094,329.703,1.6089999999999804,29.702999999999975,329.703,23,0.9966777408637874,0.0,6.608999999999973
B0034,B0034_D0099,99,66.68819987767529,300,23.234,328.234,329.609,1.375,29.60899999999998,329.609,23,0.9933554817275747,0.0,6.374999999999979
B0034,B0034_D0100,100,65.30061834329382,300,23.171999999999997,328.172,330.422,2.25,30.422000000000025,330.422,23,0.9966777408637874,0.0,7.250000000000028
B0034,B0034_D0101,101,65.50934180687904,300,23.14,328.14,331.187,3.0470000000000255,31.187000000000012,331.187,23,0.9933554817275747,0.0,8.047000000000011
B0034,B0034_D0102,102,67.83834470848052,300,23.203000000000003,328.203,331.234,3.031000000000006,31.23399999999998,331.234,23,0.9933554817275747,0.0,8.030999999999977
B0034,B0034_D0103,103,69.58428716793858,300,23.328,328.328,333.297,4.969000000000051,33.297000000000025,333.297,23,0.9833887043189369,0.0,9.969000000000026
B0034,B0034_D0104,104,68.14967539672388,300,23.328000000000003,328.328,333.297,4.969000000000051,33.297000000000025,333.297,23,0.9966777408637874,0.0,9.969000000000023
B0034,B0034_D0105,105,66.05855986950314,300,23.25,328.25,333.719,5.468999999999994,33.718999999999994,333.719,23,0.9966777408637874,0.0,10.468999999999994
B0034,B0034_D0106,106,65.37434507796678,300,23.358999999999995,328.359,334.312,5.953000000000031,34.31200000000001,334.312,23,0.9966777408637874,0.0,10.953000000000017
B0034,B0034_D0107,107,65.52940947741745,300,23.421999999999997,328.422,335.032,6.609999999999957,35.03199999999998,335.032,23,0.9966777408637874,0.0,11.609999999999985
B0034,B0034_D0108,108,68.8156334098332,300,23.407000000000004,328.407,336.235,7.828000000000031,36.235000000000014,336.235,23,0.9966777408637874,0.0,12.82800000000001
B0034,B0034_D0109,109,69.58824645661436,300,23.5,328.5,336.063,7.562999999999988,36.06299999999999,336.063,23,0.9933554817275747,0.0,12.562999999999988
B0034,B0034_D0110,110,68.24873176726763,300,23.375,328.375,337.031,8.656000000000006,37.031000000000006,337.031,22,0.9966777408637874,0.0,0.1250000000000071
B0034,B0034_D0111,111,66.09546968645948,300,23.453000000000003,328.453,337.953,9.5,37.952999999999975,337.953,22,0.9933554817275747,0.0,0.9529999999999745
B0034,B0034_D0112,112,65.45016944036956,300,23.563000000000002,328.563,338.406,9.843000000000018,38.406000000000006,338.406,22,0.9933554817275747,0.0,1.2970000000000041
B0034,B0034_D0113,113,66.63502860986867,300,23.531,328.531,340.187,11.656000000000006,40.18700000000001,340.187,22,0.9966777408637874,0.0,2.890000000000015
B0034,B0034_D0115,115,68.867378140973,300,23.532,328.532,340.032,11.5,40.03199999999998,340.032,22,0.9966777408637874,0.0,2.8289999999999793
B0034,B0034_D0116,116,67.4379943838875,300,23.594,328.594,341.281,12.687000000000012,41.281000000000006,341.281,22,0.9966777408637874,0.0,3.953000000000003
B0034,B0034_D0117,117,67.50752279940573,300,23.688000000000002,328.688,341.11,12.422000000000025,41.110000000000014,341.11,22,0.9966777408637874,0.0,3.7350000000000136
B0034,B0034_D0118,118,66.93907437542977,300,23.593,328.593,341.781,13.187999999999988,41.781000000000006,341.781,22,0.9966777408637874,0.0,4.469000000000008
B0034,B0034_D0119,119,66.26685605201342,300,23.719,328.719,342.484,13.764999999999986,42.48399999999998,342.484,22,0.9966777408637874,0.0,5.046999999999983
B0034,B0034_D0120,120,66.54080298167024,300,23.797,328.797,330.031,1.2339999999999804,30.031000000000006,330.031,22,0.9966777408637874,0.0,6.234000000000005
B0034,B0034_D0121,121,66.65416883092516,300,23.781000000000002,328.781,330.578,1.7969999999999686,30.577999999999975,330.578,22,0.9966777408637874,0.0,6.796999999999972
B0034,B0034_D0122,122,66.66613267447961,300,23.733999999999995,328.734,330.344,1.6100000000000136,30.343999999999994,330.344,22,0.9966777408637874,0.0,6.609999999999999
B0034,B0034_D0123,123,66.32140548758238,300,23.891,328.891,332.828,3.936999999999955,32.827999999999975,332.828,22,0.9966777408637874,0.0,8.936999999999976
B0034,B0034_D0124,124,66.19855204934285,300,23.859,328.859,332.297,3.438000000000045,32.297000000000025,332.297,22,0.9966777408637874,0.0,8.438000000000024
B0034,B0034_D0125,125,66.24682112535578,300,23.906,328.906,332.296,3.3899999999999864,32.29599999999999,332.296,22,0.9933554817275747,0.0,8.389999999999993
B0034,B0034_D0126,126,66.41533837785461,300,23.828,328.828,332.984,4.156000000000006,32.98399999999998,332.984,22,0.9933554817275747,0.0,9.155999999999981
B0034,B0034_D0127,127,65.7292174454613,300,23.828000000000003,328.828,333.531,4.703000000000031,33.531000000000006,333.531,22,0.9966777408637874,0.0,9.703000000000003
B0034,B0034_D0128,128,65.83420899271653,300,23.875,328.875,333.969,5.093999999999994,33.968999999999994,333.969,22,0.9966777408637874,0.0,10.093999999999994
B0034,B0034_D0129,129,65.20863824827036,300,23.953000000000003,328.953,334.516,5.563000000000045,34.51600000000002,334.516,22,0.9966777408637874,0.0,10.563000000000017
B0034,B0034_D0130,130,67.67225036786154,300,24.061999999999998,329.062,335.25,6.187999999999988,35.25,335.25,22,0.9933554817275747,0.0,11.188000000000002
B0034,B0034_D0131,131,68.5647041256893,300,24.14,329.14,336.14,7.0,36.139999999999986,336.14,22,0.9966777408637874,0.0,11.999999999999986
B0034,B0034_D0132,132,67.88496609612555,300,24.047000000000004,329.047,336.516,7.468999999999994,36.51600000000002,336.516,22,0.9966777408637874,0.0,12.469000000000015
B0034,B0034_D0133,133,66.43451545459752,300,24.078000000000003,329.078,336.984,7.906000000000006,36.98399999999998,336.984,22,0.9966777408637874,0.0,12.905999999999977
B0034,B0034_D0134,134,65.71971634090862,300,24.094,329.094,337.485,8.39100000000002,37.485000000000014,337.485,22,0.9966777408637874,0.0,13.391000000000012
B0034,B0034_D0135,135,69.33391515055362,300,25.078,330.078,344.625,14.547000000000025,44.625,344.625,20,0.9966777408637874,0.0,4.375
B0034,B0034_D0136,136,69.34165229214604,300,24.188000000000002,329.188,339.406,10.218000000000018,39.406000000000006,339.406,21,0.9933554817275747,0.0,1.031000000000006
B0034,B0034_D0137,137,67.74018689645507,300,24.250000000000004,329.25,339.468,10.218000000000018,39.46800000000002,339.468,21,0.9966777408637874,0.0,1.0000000000000142
B0034,B0034_D0138,138,66.27893834975835,300,24.203,329.203,340.562,11.359000000000037,40.56200000000001,340.562,21,0.9966777408637874,0.0,2.140000000000015
B0034,B0034_D0139,139,65.59864338188775,300,24.125,329.125,340.281,11.156000000000006,40.281000000000006,340.281,21,0.9933554817275747,0.0,1.8590000000000089
B0034,B0034_D0140,140,65.32243974397599,300,24.218000000000004,329.218,341.625,12.406999999999982,41.625,341.625,21,0.9966777408637874,0.0,3.094000000000001
B0034,B0034_D0141,141,67.09215940274512,300,24.311999999999998,329.312,342.703,13.390999999999963,42.702999999999975,342.703,21,0.9933554817275747,0.0,4.109999999999978
B0034,B0034_D0142,142,68.04605085379663,300,24.281,329.281,343.687,14.406000000000006,43.68700000000001,343.687,21,0.9966777408637874,0.0,5.07800000000001
B0034,B0034_D0143,143,66.49801838697485,300,24.233999999999998,329.234,343.781,14.547000000000025,43.781000000000006,343.781,21,0.9966777408637874,0.0,5.125000000000007
B0034,B0034_D0144,144,64.9534693812968,300,24.281,329.281,329.578,0.2969999999999686,29.577999999999975,329.578,21,0.9966777408637874,0.0,5.296999999999976
B0034,B0034_D0145,145,64.92272185977848,300,24.344,329.344,343.578,14.23399999999998,43.577999999999975,343.578,21,0.9966777408637874,0.0,4.8279999999999745
B0034,B0034_D0146,146,65.88243045805045,300,24.422,329.422,330.063,0.6409999999999627,30.062999999999988,330.063,21,0.9966777408637874,0.0,5.640999999999988
B0034,B0034_D0147,147,66.80324282053297,300,24.359,329.359,330.141,0.7820000000000391,30.14100000000002,330.141,21,0.9966777408637874,0.0,5.782000000000018
B0034,B0034_D0148,148,68.1789868093007,300,24.438000000000002,329.438,331.329,1.8910000000000196,31.329000000000008,331.329,21,0.9966777408637874,0.0,6.891000000000005
B0034,B0034_D0149,149,66.66556270772413,300,24.453000000000003,329.453,331.844,2.3910000000000196,31.843999999999994,331.844,21,0.9933554817275747,0.0,7.390999999999991
B0034,B0034_D0150,150,65.11636731559463,300,24.484,329.484,332.375,2.8910000000000196,32.375,332.375,21,0.9966777408637874,0.0,7.890999999999998
B0034,B0034_D0151,151,64.44364222227938,300,24.531,329.531,332.891,3.3600000000000136,32.89100000000002,332.891,21,0.9900332225913622,0.0,8.36000000000002
B0034,B0034_D0152,152,64.51373097101516,300,24.531,329.531,332.953,3.4219999999999686,32.952999999999975,332.953,21,0.9966777408637874,0.0,8.421999999999976
B0034,B0034_D0153,153,64.62037828384119,300,24.64,329.64,333.593,3.9530000000000314,33.59300000000002,333.593,21,0.9966777408637874,0.0,8.953000000000017
B0034,B0034_D0154,154,64.7704575255117,300,24.546999999999997,329.547,334.578,5.030999999999949,34.577999999999975,334.578,21,0.9966777408637874,0.0,10.030999999999977
B0034,B0034_D0155,155,64.16149407963475,300,24.719,329.719,335.515,5.795999999999992,35.514999999999986,335.515,21,0.9966777408637874,0.0,10.795999999999985
B0034,B0034_D0156,156,72.78727012183907,300,24.733999999999998,329.734,336.656,6.9220000000000255,36.656000000000006,336.656,21,0.9933554817275747,0.0,11.922000000000008
B0034,B0034_D0157,157,72.7338171336621,300,24.625,329.625,336.469,6.843999999999994,36.468999999999994,336.469,21,0.9966777408637874,0.0,11.843999999999994
B0034,B0034_D0158,158,71.17138590992475,300,24.703,329.703,336.828,7.125,36.827999999999975,336.828,21,0.9966777408637874,0.0,12.124999999999975
B0034,B0034_D0159,159,69.62756051816565,300,24.703000000000003,329.703,338.171,8.468000000000018,38.17099999999999,338.171,21,0.9966777408637874,0.0,13.46799999999999
B0034,B0034_D0160,160,68.82866246873454,300,24.734,329.734,337.547,7.813000000000045,37.547000000000025,337.547,21,0.9966777408637874,0.0,12.813000000000024
B0034,B0034_D0161,161,69.05095414491176,300,24.656,329.656,338.328,8.671999999999969,38.327999999999975,338.328,21,0.9966777408637874,0.0,13.671999999999976
B0034,B0034_D0162,162,70.03784160836432,300,24.765000000000004,329.765,339.39,9.625,39.389999999999986,339.39,21,0.9933554817275747,0.0,14.624999999999982
B0034,B0034_D0163,163,68.7322651739986,300,24.983999999999995,329.984,341.156,11.172000000000025,41.156000000000006,341.156,20,0.9966777408637874,0.0,1.20300000000001
B0034,B0034_D0164,164,66.72962057198919,300,24.858999999999995,329.859,339.765,9.906000000000006,39.764999999999986,339.765,21,0.9900332225913622,0.0,14.905999999999992
B0034,B0034_D0165,165,66.8198310782369,300,24.86,329.86,340.688,10.827999999999975,40.68799999999999,340.688,20,0.9966777408637874,0.0,0.890999999999984
B0034,B0034_D0166,166,65.34576485878124,300,24.86,329.86,341.125,11.264999999999986,41.125,341.125,20,0.9966777408637874,0.0,1.2959999999999994
B0034,B0034_D0167,167,67.07697283370405,300,24.906000000000002,329.906,341.359,11.452999999999975,41.35899999999998,341.359,20,0.9966777408637874,0.0,1.5149999999999864
B0034,B0034_D0168,168,67.3194485080961,300,24.953000000000003,329.953,342.735,12.782000000000039,42.735000000000014,342.735,20,0.9966777408637874,0.0,2.7970000000000113
B0034,B0034_D0169,169,67.2494903638887,300,25.078,330.078,342.578,12.5,42.577999999999975,342.578,20,0.9933554817275747,0.0,2.4219999999999686
B0034,B0034_D0170,170,65.79380402523893,300,25.0,330.0,343.296,13.295999999999992,43.29599999999999,343.296,20,0.9966777408637874,0.0,3.249999999999993
B0034,B0034_D0171,171,64.86383444870044,300,24.953,329.953,343.359,13.406000000000006,43.35899999999998,343.359,20,0.9966777408637874,0.0,3.342999999999975
B0034,B0034_D0172,172,64.25627605502824,300,25.0,330.0,344.469,14.468999999999994,44.468999999999994,344.469,20,0.9966777408637874,0.0,4.359999999999992
B0034,B0034_D0173,173,65.95104578265126,300,25.172000000000004,330.172,344.484,14.311999999999955,44.48399999999998,344.484,20,0.9966777408637874,0.0,4.2339999999999804
B0034,B0034_D0174,174,67.05048924645497,300,25.141000000000002,330.141,330.609,0.4679999999999609,30.60899999999998,330.609,20,0.9966777408637874,0.0,5.467999999999979
B0034,B0034_D0175,175,66.3063491941373,300,25.125,330.125,330.219,0.09399999999999409,30.218999999999994,330.219,20,0.9933554817275747,0.0,5.093999999999994
B0034,B0034_D0176,176,65.45721339995362,300,25.218999999999994,330.219,331.094,0.875,31.093999999999994,331.094,20,0.9900332225913622,0.0,5.875
B0034,B0034_D0177,177,68.15006448085725,300,25.14,330.14,331.875,1.7350000000000136,31.875,331.875,20,0.9966777408637874,0.0,6.734999999999999
B0034,B0034_D0178,178,66.4642850843597,300,25.188000000000002,330.188,332.016,1.8280000000000314,32.01600000000002,332.016,20,0.9933554817275747,0.0,6.828000000000017
B0034,B0034_D0179,179,64.84542965310928,300,25.235,330.235,332.735,2.5,32.735000000000014,332.735,20,0.9966777408637874,0.0,7.500000000000014
B0034,B0034_D0180,180,64.93142962470698,300,25.234,330.234,332.734,2.5,32.73399999999998,332.734,20,0.9966777408637874,0.0,7.499999999999979
B0034,B0034_D0181,181,64.20328805910971,300,25.250000000000004,330.25,333.484,3.2339999999999804,33.48399999999998,333.484,20,0.9966777408637874,0.0,8.233999999999977
B0034,B0034_D0182,182,65.10507957068181,300,25.329,330.329,333.922,3.5930000000000177,33.922000000000025,333.922,20,0.9966777408637874,0.0,8.593000000000025
B0034,B0034_D0183,183,65.44538175865668,300,25.328000000000003,330.328,335.265,4.937000000000012,35.264999999999986,335.265,20,0.9966777408637874,0.0,9.936999999999983
B0034,B0034_D0184,184,63.61259848256956,300,25.311999999999998,330.312,334.89,4.5779999999999745,34.889999999999986,334.89,20,0.9966777408637874,0.0,9.577999999999989
B0034,B0034_D0185,185,63.80057671801656,300,25.311999999999998,330.312,335.843,5.531000000000006,35.84300000000002,335.843,20,0.9933554817275747,0.0,10.53100000000002
B0034,B0034_D0186,186,63.02526501551502,300,25.311999999999998,330.312,336.125,5.812999999999988,36.125,336.125,20,0.9966777408637874,0.0,10.813000000000002
B0034,B0034_D0187,187,63.30340625673559,300,25.406,330.406,337.734,7.3279999999999745,37.73399999999998,337.734,20,0.9966777408637874,0.0,12.327999999999982
B0034,B0034_D0188,188,63.29145084326405,300,25.563,330.563,337.813,7.25,37.81299999999999,337.813,20,0.9966777408637874,0.0,12.24999999999999
B0034,B0034_D0189,189,63.27936949103496,300,25.531,330.531,337.812,7.281000000000006,37.81200000000001,337.812,20,0.9966777408637874,0.0,12.281000000000013
B0034,B0034_D0190,190,63.31799161513777,300,25.577999999999996,330.578,337.984,7.406000000000006,37.98399999999998,337.984,20,0.9966777408637874,0.0,12.405999999999985
B0034,B0034_D0191,191,64.34239716364452,300,25.453000000000003,330.453,338.547,8.094000000000051,38.547000000000025,338.547,20,0.9933554817275747,0.0,13.094000000000023
B0034,B0034_D0192,192,63.50130823066045,300,25.515,330.515,338.812,8.297000000000025,38.81200000000001,338.812,20,0.9966777408637874,0.0,13.297000000000011
B0034,B0034_D0193,193,67.299126646246,300,25.719,330.719,340.36,9.64100000000002,40.360000000000014,340.36,20,0.9966777408637874,0.0,14.641000000000012
B0034,B0034_D0194,194,66.43437657706889,300,25.593999999999998,330.594,340.453,9.85899999999998,40.452999999999975,340.453,20,0.9966777408637874,0.0,14.858999999999977
B0034,B0034_D0195,195,65.601535991704,300,25.531,330.531,340.359,9.827999999999975,40.35899999999998,340.359,20,0.9966777408637874,0.0,14.827999999999982
B0034,B0034_D0196,196,64.7562746480599,300,25.531,330.531,340.406,9.875,40.406000000000006,340.406,20,0.9966777408637874,0.0,14.875000000000007
B0034,B0034_D0197,197,64.01300802981667,300,25.671999999999997,330.672,341.25,10.577999999999975,41.25,341.25,20,0.9966777408637874,0.0,15.578000000000003
B0036,B0036_D0002,2,90.05503783144462,300,19.484,324.484,330.391,5.907000000000039,30.39100000000002,330.391,32,0.9933554817275747,0.0,1.454000000000022
B0036,B0036_D0003,3,90.22114928010312,300,19.656000000000006,324.656,332.75,8.093999999999994,32.75,332.75,32,0.9966777408637874,0.0,3.655999999999999
B0036,B0036_D0004,4,90.21944168864144,300,19.671,324.671,325.015,0.3439999999999941,25.014999999999986,325.015,32,0.9966777408637874,0.0,5.343999999999987
B0036,B0036_D0005,5,89.94624435892123,300,19.75,324.75,326.313,1.5629999999999882,26.312999999999988,326.313,32,0.9966777408637874,0.0,6.562999999999988
B0036,B0036_D0006,6,89.6498260836196,300,19.765,324.765,328.562,3.7970000000000255,28.562000000000012,328.562,32,0.9966777408637874,0.0,8.797000000000011
B0036,B0036_D0007,7,89.42753992810945,300,19.796999999999997,324.797,330.766,5.968999999999994,30.76600000000002,330.766,31,0.9966777408637874,0.0,1.234000000000023
B0036,B0036_D0008,8,89.45428465363851,300,19.813000000000002,324.813,332.157,7.343999999999994,32.15699999999998,332.157,31,0.9966777408637874,0.0,2.5779999999999816
B0036,B0036_D0009,9,89.46568656416643,300,20.047000000000004,325.047,334.282,9.234999999999957,34.28199999999998,334.282,31,0.9966777408637874,0.0,4.390999999999984
B0036,B0036_D0010,10,89.30379729740434,300,19.953,324.953,326.062,1.1090000000000373,26.062000000000012,326.062,31,0.9933554817275747,0.0,6.109000000000012
B0036,B0036_D0011,11,89.18162124825409,300,20.0,325.0,327.484,2.4839999999999804,27.48399999999998,327.484,31,0.9966777408637874,0.0,7.4839999999999804
B0036,B0036_D0012,12,89.1486436903636,300,20.125,325.125,329.469,4.343999999999994,29.468999999999994,329.469,31,0.9966777408637874,0.0,9.343999999999994
B0036,B0036_D0013,13,89.06887981629833,300,20.235,325.235,331.781,6.545999999999992,31.781000000000006,331.781,30,0.9867109634551495,0.0,1.531000000000006
B0036,B0036_D0014,14,88.92679772966473,300,20.171,325.171,332.968,7.7970000000000255,32.96800000000002,332.968,30,0.9966777408637874,0.0,2.65600000000002
B0036,B0036_D0015,15,88.795215454717,300,20.218000000000004,325.218,334.296,9.077999999999975,34.29599999999999,334.296,30,0.9966777408637874,0.0,3.9679999999999893
B0036,B0036_D0016,16,88.90213324952957,300,20.265000000000004,325.265,325.578,0.3129999999999882,25.577999999999975,325.578,30,0.9900332225913622,0.0,5.31299999999997
B0036,B0036_D0017,17,89.15014666795828,300,20.422,325.422,328.25,2.8279999999999745,28.25,328.25,30,0.9966777408637874,0.0,7.827999999999999
B0036,B0036_D0018,18,89.41500212306937,300,20.421999999999997,325.422,329.109,3.686999999999955,29.10899999999998,329.109,30,0.9933554817275747,0.0,8.686999999999983
B0036,B0036_D0019,19,88.96473562890131,300,20.422,325.422,330.359,4.936999999999955,30.35899999999998,330.359,30,0.9966777408637874,0.0,9.93699999999998
B0036,B0036_D0020,20,88.54617750225927,300,20.5,325.5,332.187,6.687000000000012,32.18700000000001,332.187,29,0.9966777408637874,0.0,1.250000000000007
B0036,B0036_D0021,21,88.29525090400551,300,20.578,325.578,333.484,7.906000000000006,33.48399999999998,333.484,29,0.9933554817275747,0.0,2.43699999999998
B0036,B0036_D0022,22,89.13464620734622,300,20.453000000000003,325.453,328.266,2.813000000000045,28.26600000000002,328.266,29,0.9966777408637874,0.0,7.813000000000017
B0036,B0036_D0023,23,89.82331036460101,300,20.469,325.469,329.844,4.375,29.843999999999994,329.844,29,0.9966777408637874,0.0,9.374999999999993
B0036,B0036_D0024,24,89.54541766711449,300,20.437999999999995,325.438,331.032,5.593999999999994,31.031999999999982,331.032,29,0.9933554817275747,0.0,0.0
B0036,B0036_D0025,25,89.259001404437,300,20.561999999999998,325.562,332.75,7.187999999999988,32.75,332.75,28,0.9966777408637874,0.0,1.6099999999999994
B0036,B0036_D0026,26,89.05671588273262,300,20.641000000000005,325.641,333.797,8.156000000000006,33.797000000000025,333.797,28,0.9933554817275747,0.0,2.4690000000000225
B0036,B0036_D0027,27,88.77788894611784,300,20.656,325.656,334.734,9.077999999999975,34.73399999999998,334.734,28,0.9933554817275747,0.0,3.3909999999999805
B0036,B0036_D0028,28,88.84429353080576,300,20.719,325.719,336.531,10.812000000000012,36.531000000000006,336.531,28,0.9966777408637874,0.0,5.078000000000003
B0036,B0036_D0029,29,88.56541705189107,300,20.656,325.656,326.421,0.7649999999999864,26.420999999999992,326.421,28,0.9966777408637874,0.0,5.7649999999999935
B0036,B0036_D0030,30,88.56674420437068,300,20.781,325.781,328.14,2.3589999999999804,28.139999999999986,328.14,28,0.9966777408637874,0.0,7.3589999999999876
B0036,B0036_D0031,31,88.30421433202525,300,20.796999999999997,325.797,329.219,3.4219999999999686,29.218999999999994,329.219,28,0.9966777408637874,0.0,8.421999999999997
B0036,B0036_D0032,32,87.96396831706164,300,20.781,325.781,329.875,4.093999999999994,29.875,329.875,28,0.9933554817275747,0.0,9.094000000000001
B0036,B0036_D0033,33,88.05184406881213,300,20.907000000000004,325.907,332.235,6.328000000000031,32.235000000000014,332.235,27,0.9933554817275747,0.0,0.36000000000001364
B0036,B0036_D0034,34,88.01213836828529,300,20.891,325.891,332.75,6.8589999999999804,32.75,332.75,27,0.9966777408637874,0.0,0.8900000000000006
B0036,B0036_D0035,35,87.77949708017198,300,21.031000000000002,326.031,334.25,8.218999999999994,34.25,334.25,27,0.9966777408637874,0.0,2.171999999999997
B0036,B0036_D0036,36,87.72801088327796,300,21.031000000000002,326.031,335.515,9.48399999999998,35.514999999999986,335.515,27,0.9966777408637874,0.0,3.421999999999983
B0036,B0036_D0037,37,87.49554168047447,300,21.015,326.015,336.156,10.14100000000002,36.156000000000006,336.156,27,0.9933554817275747,0.0,4.000000000000007
B0036,B0036_D0038,38,88.05112762651879,300,21.202999999999996,326.203,326.375,0.17200000000002547,26.375,326.375,27,0.9966777408637874,0.0,5.172000000000004
B0036,B0036_D0039,39,88.12047287168558,300,21.172,326.172,328.266,2.093999999999994,28.26600000000002,328.266,27,0.9933554817275747,0.0,7.094000000000019
B0036,B0036_D0040,40,87.68085198560338,300,21.125,326.125,328.109,1.9839999999999804,28.10899999999998,328.109,27,0.9933554817275747,0.0,6.9839999999999804
B0036,B0036_D0041,41,87.3102238759584,300,21.25,326.25,329.297,3.0470000000000255,29.297000000000025,329.297,27,0.9966777408637874,0.0,8.047000000000025
B0036,B0036_D0042,42,87.03088086384862,300,21.219,326.219,330.953,4.7339999999999804,30.952999999999975,330.953,27,0.9900332225913622,0.0,9.733999999999973
B0036,B0036_D0043,43,87.5345202212841,300,21.311999999999998,326.312,332.25,5.937999999999988,32.25,332.25,27,0.9966777408637874,0.0,10.938000000000002
B0036,B0036_D0044,44,88.25560275769575,300,21.312999999999995,326.313,333.485,7.1720000000000255,33.485000000000014,333.485,26,0.9933554817275747,0.0,0.7350000000000136
B0036,B0036_D0045,45,88.15944133782439,300,21.422,326.422,333.765,7.342999999999961,33.764999999999986,333.765,26,0.9966777408637874,0.0,0.8749999999999858
B0036,B0036_D0046,46,99.2746476448548,300,21.406,326.406,334.187,7.781000000000006,34.18700000000001,334.187,26,0.9933554817275747,0.0,1.32800000000001
B0036,B0036_D0047,47,88.26778654066621,300,21.375,326.375,335.156,8.781000000000006,35.156000000000006,335.156,26,0.9966777408637874,0.0,2.25
B0036,B0036_D0048,48,87.85940191563638,300,21.469,326.469,336.016,9.547000000000025,36.01600000000002,336.016,26,0.9933554817275747,0.0,2.9690000000000225
B0036,B0036_D0049,49,87.86885330922219,300,21.499999999999996,326.5,337.578,11.077999999999975,37.577999999999975,337.578,26,0.9966777408637874,0.0,4.514999999999972
B0036,B0036_D0050,50,88.08688063989906,300,21.563000000000002,326.563,338.125,11.562000000000012,38.125,338.125,26,0.9867109634551495,0.0,5.0
B0036,B0036_D0051,51,88.03446273818332,300,21.532,326.532,327.453,0.9209999999999923,27.452999999999975,327.453,26,0.9933554817275747,0.0,5.9209999999999745
B0036,B0036_D0052,52,88.03347810784915,300,21.578000000000003,326.578,328.218,1.6400000000000432,28.218000000000018,328.218,26,0.9966777408637874,0.0,6.640000000000015
B0036,B0036_D0053,53,87.6481901324576,300,21.577999999999996,326.578,329.312,2.7340000000000373,29.312000000000012,329.312,26,0.9966777408637874,0.0,7.734000000000016
B0036,B0036_D0054,54,87.52678540120735,300,21.657000000000004,326.657,330.282,3.625,30.281999999999982,330.282,26,0.9966777408637874,0.0,8.624999999999979
B0036,B0036_D0055,55,87.50380997668643,300,21.75,326.75,331.5,4.75,31.5,331.5,26,0.9900332225913622,0.0,9.75
B0036,B0036_D0056,56,87.32978901139192,300,21.797000000000004,326.797,332.125,5.3279999999999745,32.125,332.125,26,0.9966777408637874,0.0,10.327999999999996
B0036,B0036_D0057,57,87.68071433943535,300,21.875,326.875,333.391,6.5160000000000196,33.39100000000002,333.391,26,0.9966777408637874,0.0,11.51600000000002
B0036,B0036_D0058,58,87.53625149601744,300,21.906,326.906,334.156,7.25,34.156000000000006,334.156,25,0.9966777408637874,0.0,0.3440000000000083
B0036,B0036_D0059,59,87.16526745405055,300,21.844,326.844,335.047,8.203000000000031,35.047000000000025,335.047,25,0.9966777408637874,0.0,1.2970000000000255
B0036,B0036_D0060,60,86.68312526388094,300,21.843,326.843,335.906,9.062999999999988,35.906000000000006,335.906,25,0.9966777408637874,0.0,2.125000000000007
B0036,B0036_D0061,61,86.59603525769464,300,22.0,327.0,336.812,9.812000000000012,36.81200000000001,336.812,25,0.9966777408637874,0.0,2.8440000000000154
B0036,B0036_D0062,62,87.14302261375731,300,22.0,327.0,337.422,10.422000000000025,37.422000000000025,337.422,25,0.9933554817275747,0.0,3.3910000000000267
B0036,B0036_D0063,63,87.1653485549856,300,22.094,327.094,327.156,0.06200000000001182,27.156000000000006,327.156,25,0.9933554817275747,0.0,5.062000000000005
B0036,B0036_D0064,64,86.9262253136348,300,22.0,327.0,327.344,0.3439999999999941,27.343999999999994,327.344,25,0.9966777408637874,0.0,5.343999999999994
B0036,B0036_D0065,65,86.47811331873486,300,22.031,327.031,328.063,1.0319999999999823,28.062999999999988,328.063,25,0.9966777408637874,0.0,6.031999999999989
B0036,B0036_D0066,66,86.36518382871043,300,22.077999999999996,327.078,329.157,2.0790000000000077,29.156999999999982,329.157,25,0.9966777408637874,0.0,7.078999999999986
B0036,B0036_D0067,67,87.24685245535956,300,22.125,327.125,330.265,3.1399999999999864,30.264999999999986,330.265,25,0.9933554817275747,0.0,8.139999999999986
B0036,B0036_D0068,68,88.21216035566846,300,22.172,327.172,331.234,4.061999999999955,31.23399999999998,331.234,25,0.9966777408637874,0.0,9.06199999999998
B0036,B0036_D0069,69,87.52441016024798,300,22.265,327.265,332.703,5.437999999999988,32.702999999999975,332.703,25,0.9966777408637874,0.0,10.437999999999974
B0036,B0036_D0070,70,87.21355407739962,300,22.265,327.265,334.093,6.828000000000031,34.09300000000002,334.093,25,0.9933554817275747,0.0,11.828000000000017
B0036,B0036_D0071,71,86.82706961686975,300,22.204,327.204,333.875,6.670999999999992,33.875,333.875,25,0.9966777408637874,0.0,11.671
B0036,B0036_D0072,72,86.6611546552878,300,22.328000000000003,327.328,334.437,7.109000000000037,34.43700000000001,334.437,25,0.9966777408637874,0.0,12.109000000000009
B0036,B0036_D0073,73,86.930311454381,300,22.327999999999996,327.328,335.61,8.282000000000039,35.610000000000014,335.61,24,0.9966777408637874,0.0,0.8750000000000142
B0036,B0036_D0074,74,87.16067476873096,300,22.375,327.375,336.375,9.0,36.375,336.375,24,0.9966777408637874,0.0,1.5150000000000006
B0036,B0036_D0075,75,86.66349107416485,300,22.359,327.359,337.359,10.0,37.35899999999998,337.359,24,0.9966777408637874,0.0,2.545999999999978
B0036,B0036_D0076,76,86.49453145831636,300,22.469,327.469,338.235,10.76600000000002,38.235000000000014,338.235,24,0.9966777408637874,0.0,3.2970000000000113
B0036,B0036_D0077,77,86.02201674420674,300,22.422000000000004,327.422,338.734,11.311999999999955,38.73399999999998,338.734,24,0.9966777408637874,0.0,3.8279999999999745
B0036,B0036_D0078,78,86.22103645064566,300,22.5,327.5,339.359,11.85899999999998,39.35899999999998,339.359,24,0.9966777408637874,0.0,4.312999999999981
B0036,B0036_D0079,79,86.07436407030583,300,22.531000000000006,327.531,327.938,0.40699999999998226,27.937999999999988,327.938,24,0.9966777408637874,0.0,5.406999999999982
B0036,B0036_D0080,80,85.9872438678463,300,22.593999999999998,327.594,328.688,1.093999999999994,28.687999999999988,328.688,24,0.9966777408637874,0.0,6.0939999999999905
B0036,B0036_D0081,81,85.82152071072947,300,22.531,327.531,329.531,2.0,29.531000000000006,329.531,24,0.9933554817275747,0.0,7.000000000000007
B0036,B0036_D0082,82,85.56014626649811,300,22.578000000000003,327.578,329.75,2.1720000000000255,29.75,329.75,24,0.9966777408637874,0.0,7.171999999999997
B0036,B0036_D0083,83,85.5117161579961,300,22.61,327.61,331.156,3.5459999999999923,31.156000000000006,331.156,24,0.9900332225913622,0.0,8.546000000000006
B0036,B0036_D0084,84,85.65484410755145,300,22.609,327.609,331.312,3.7030000000000314,31.312000000000012,331.312,24,0.9933554817275747,0.0,8.70300000000001
B0036,B0036_D0085,85,85.51854308604068,300,22.688000000000002,327.688,332.297,4.609000000000037,32.297000000000025,332.297,24,0.9966777408637874,0.0,9.609000000000023
B0036,B0036_D0086,86,85.32308648060717,300,22.828000000000003,327.828,332.937,5.109000000000037,32.93700000000001,332.937,24,0.9966777408637874,0.0,10.109000000000009
B0036,B0036_D0087,87,85.14714989555473,300,22.796999999999997,327.797,333.828,6.030999999999949,33.827999999999975,333.828,24,0.9966777408637874,0.0,11.030999999999977
B0036,B0036_D0088,88,85.36306321920031,300,22.766000000000002,327.766,334.297,6.531000000000006,34.297000000000025,334.297,24,0.9966777408637874,0.0,11.531000000000024
B0036,B0036_D0089,89,85.19318598383039,300,22.874999999999996,327.875,335.328,7.4529999999999745,35.327999999999975,335.328,24,0.9966777408637874,0.0,12.452999999999978
B0036,B0036_D0090,90,85.39808974211137,300,22.89,327.89,336.171,8.281000000000006,36.17099999999999,336.171,23,0.9966777408637874,0.0,0.35899999999999466
B0036,B0036_D0091,91,85.56511416813895,300,23.015000000000004,328.015,336.375,8.360000000000014,36.375,336.375,23,0.9966777408637874,0.0,0.32800000000000296
B0036,B0036_D0092,92,85.7061028736122,300,22.859,327.859,337.219,9.360000000000014,37.218999999999994,337.219,23,0.9966777408637874,0.0,1.3129999999999882
B0036,B0036_D0093,93,85.26662462850803,300,22.891000000000002,327.891,338.219,10.327999999999975,38.218999999999994,338.219,23,0.9933554817275747,0.0,2.343999999999994
B0036,B0036_D0094,94,84.67304736265704,300,22.968999999999994,327.969,339.047,11.078000000000031,39.047000000000025,339.047,23,0.9966777408637874,0.0,3.0000000000000284
B0036,B0036_D0095,95,84.52622063615112,300,22.984,327.984,339.797,11.813000000000045,39.797000000000025,339.797,23,0.9933554817275747,0.0,3.7500000000000284
B0036,B0036_D0096,96,85.03887429249151,300,23.016000000000002,328.016,340.375,12.35899999999998,40.375,340.375,23,0.9966777408637874,0.0,4.186999999999998
B0036,B0036_D0097,97,84.85552233972288,300,23.078000000000003,328.078,341.234,13.156000000000006,41.23399999999998,341.234,23,0.9966777408637874,0.0,5.015999999999977
B0036,B0036_D0098,98,84.98962261475917,300,23.094,328.094,329.703,1.6089999999999804,29.702999999999975,329.703,23,0.9966777408637874,0.0,6.608999999999973
B0036,B0036_D0099,99,84.56352386977059,300,23.234,328.234,329.609,1.375,29.60899999999998,329.609,23,0.9933554817275747,0.0,6.374999999999979
B0036,B0036_D0100,100,84.28563504734932,300,23.171999999999997,328.172,330.422,2.25,30.422000000000025,330.422,23,0.9966777408637874,0.0,7.250000000000028
B0036,B0036_D0101,101,84.16046885643078,300,23.14,328.14,331.187,3.0470000000000255,31.187000000000012,331.187,23,0.9933554817275747,0.0,8.047000000000011
B0036,B0036_D0102,102,84.64431820847605,300,23.203000000000003,328.203,331.234,3.031000000000006,31.23399999999998,331.234,23,0.9933554817275747,0.0,8.030999999999977
B0036,B0036_D0103,103,84.92334087072317,300,23.328,328.328,333.297,4.969000000000051,33.297000000000025,333.297,23,0.9833887043189369,0.0,9.969000000000026
B0036,B0036_D0104,104,84.67906706914215,300,23.328000000000003,328.328,333.297,4.969000000000051,33.297000000000025,333.297,23,0.9966777408637874,0.0,9.969000000000023
B0036,B0036_D0105,105,84.15475626890641,300,23.25,328.25,333.719,5.468999999999994,33.718999999999994,333.719,23,0.9966777408637874,0.0,10.468999999999994
B0036,B0036_D0106,106,84.25231113471493,300,23.358999999999995,328.359,334.312,5.953000000000031,34.31200000000001,334.312,23,0.9966777408637874,0.0,10.953000000000017
B0036,B0036_D0107,107,84.01549420008799,300,23.421999999999997,328.422,335.032,6.609999999999957,35.03199999999998,335.032,23,0.9966777408637874,0.0,11.609999999999985
B0036,B0036_D0108,108,84.72019218613858,300,23.407000000000004,328.407,336.235,7.828000000000031,36.235000000000014,336.235,23,0.9966777408637874,0.0,12.82800000000001
B0036,B0036_D0109,109,84.77843063590052,300,23.5,328.5,336.063,7.562999999999988,36.06299999999999,336.063,23,0.9933554817275747,0.0,12.562999999999988
B0036,B0036_D0110,110,84.20927364175202,300,23.375,328.375,337.031,8.656000000000006,37.031000000000006,337.031,22,0.9966777408637874,0.0,0.1250000000000071
B0036,B0036_D0111,111,83.61090072435059,300,23.453000000000003,328.453,337.953,9.5,37.952999999999975,337.953,22,0.9933554817275747,0.0,0.9529999999999745
B0036,B0036_D0112,112,83.37988482873591,300,23.563000000000002,328.563,338.406,9.843000000000018,38.406000000000006,338.406,22,0.9933554817275747,0.0,1.2970000000000041
B0036,B0036_D0113,113,83.90936893519509,300,23.531,328.531,340.187,11.656000000000006,40.18700000000001,340.187,22,0.9966777408637874,0.0,2.890000000000015
B0036,B0036_D0115,115,84.56701574466102,300,23.532,328.532,340.032,11.5,40.03199999999998,340.032,22,0.9966777408637874,0.0,2.8289999999999793
B0036,B0036_D0116,116,84.01393548306642,300,23.594,328.594,341.281,12.687000000000012,41.281000000000006,341.281,22,0.9966777408637874,0.0,3.953000000000003
B0036,B0036_D0117,117,83.6573650511513,300,23.688000000000002,328.688,341.11,12.422000000000025,41.110000000000014,341.11,22,0.9966777408637874,0.0,3.7350000000000136
B0036,B0036_D0118,118,83.52146045016214,300,23.593,328.593,341.781,13.187999999999988,41.781000000000006,341.781,22,0.9966777408637874,0.0,4.469000000000008
B0036,B0036_D0119,119,83.29951675057995,300,23.719,328.719,342.484,13.764999999999986,42.48399999999998,342.484,22,0.9966777408637874,0.0,5.046999999999983
B0036,B0036_D0120,120,83.21207876362236,300,23.797,328.797,330.031,1.2339999999999804,30.031000000000006,330.031,22,0.9966777408637874,0.0,6.234000000000005
B0036,B0036_D0121,121,83.34225383887483,300,23.781000000000002,328.781,330.578,1.7969999999999686,30.577999999999975,330.578,22,0.9966777408637874,0.0,6.796999999999972
B0036,B0036_D0122,122,82.97250780333768,300,23.733999999999995,328.734,330.344,1.6100000000000136,30.343999999999994,330.344,22,0.9966777408637874,0.0,6.609999999999999
B0036,B0036_D0123,123,83.12062615336595,300,23.891,328.891,332.828,3.936999999999955,32.827999999999975,332.828,22,0.9966777408637874,0.0,8.936999999999976
B0036,B0036_D0124,124,83.0176304161285,300,23.859,328.859,332.297,3.438000000000045,32.297000000000025,332.297,22,0.9966777408637874,0.0,8.438000000000024
B0036,B0036_D0125,125,83.05115689816618,300,23.906,328.906,332.296,3.3899999999999864,32.29599999999999,332.296,22,0.9933554817275747,0.0,8.389999999999993
B0036,B0036_D0126,126,82.87593778660806,300,23.828,328.828,332.984,4.156000000000006,32.98399999999998,332.984,22,0.9933554817275747,0.0,9.155999999999981
B0036,B0036_D0127,127,82.53938979837274,300,23.828000000000003,328.828,333.531,4.703000000000031,33.531000000000006,333.531,22,0.9966777408637874,0.0,9.703000000000003
B0036,B0036_D0128,128,82.6628503105507,300,23.875,328.875,333.969,5.093999999999994,33.968999999999994,333.969,22,0.9966777408637874,0.0,10.093999999999994
B0036,B0036_D0129,129,82.47107423386343,300,23.953000000000003,328.953,334.516,5.563000000000045,34.51600000000002,334.516,22,0.9966777408637874,0.0,10.563000000000017
B0036,B0036_D0130,130,83.39295957833353,300,24.061999999999998,329.062,335.25,6.187999999999988,35.25,335.25,22,0.9933554817275747,0.0,11.188000000000002
B0036,B0036_D0131,131,83.54313821624835,300,24.14,329.14,336.14,7.0,36.139999999999986,336.14,22,0.9966777408637874,0.0,11.999999999999986
B0036,B0036_D0132,132,83.29059082026684,300,24.047000000000004,329.047,336.516,7.468999999999994,36.51600000000002,336.516,22,0.9966777408637874,0.0,12.469000000000015
B0036,B0036_D0133,133,82.664992588085,300,24.078000000000003,329.078,336.984,7.906000000000006,36.98399999999998,336.984,22,0.9966777408637874,0.0,12.905999999999977
B0036,B0036_D0134,134,82.3439351176426,300,24.094,329.094,337.485,8.39100000000002,37.485000000000014,337.485,22,0.9966777408637874,0.0,13.391000000000012
B0036,B0036_D0135,135,83.59476624851878,300,25.078,330.078,344.625,14.547000000000025,44.625,344.625,20,0.9966777408637874,0.0,4.375
B0036,B0036_D0136,136,84.03871731792863,300,24.188000000000002,329.188,339.406,10.218000000000018,39.406000000000006,339.406,21,0.9933554817275747,0.0,1.031000000000006
B0036,B0036_D0137,137,83.68858543351537,300,24.250000000000004,329.25,339.468,10.218000000000018,39.46800000000002,339.468,21,0.9966777408637874,0.0,1.0000000000000142
B0036,B0036_D0138,138,83.02886881243697,300,24.203,329.203,340.562,11.359000000000037,40.56200000000001,340.562,21,0.9966777408637874,0.0,2.140000000000015
B0036,B0036_D0139,139,82.7993890573043,300,24.125,329.125,340.281,11.156000000000006,40.281000000000006,340.281,21,0.9933554817275747,0.0,1.8590000000000089
B0036,B0036_D0140,140,82.3431159194922,300,24.218000000000004,329.218,341.625,12.406999999999982,41.625,341.625,21,0.9966777408637874,0.0,3.094000000000001
B0036,B0036_D0141,141,82.87310587716425,300,24.311999999999998,329.312,342.703,13.390999999999963,42.702999999999975,342.703,21,0.9933554817275747,0.0,4.109999999999978
B0036,B0036_D0142,142,83.01995587608447,300,24.281,329.281,343.687,14.406000000000006,43.68700000000001,343.687,21,0.9966777408637874,0.0,5.07800000000001
B0036,B0036_D0143,143,82.30394546418556,300,24.233999999999998,329.234,343.781,14.547000000000025,43.781000000000006,343.781,21,0.9966777408637874,0.0,5.125000000000007
B0036,B0036_D0144,144,82.04183231329664,300,24.281,329.281,329.578,0.2969999999999686,29.577999999999975,329.578,21,0.9966777408637874,0.0,5.296999999999976
B0036,B0036_D0145,145,81.722044601408,300,24.344,329.344,343.578,14.23399999999998,43.577999999999975,343.578,21,0.9966777408637874,0.0,4.8279999999999745
B0036,B0036_D0146,146,81.87019593252106,300,24.422,329.422,330.063,0.6409999999999627,30.062999999999988,330.063,21,0.9966777408637874,0.0,5.640999999999988
B0036,B0036_D0147,147,82.369103770262,300,24.359,329.359,330.141,0.7820000000000391,30.14100000000002,330.141,21,0.9966777408637874,0.0,5.782000000000018
B0036,B0036_D0148,148,82.72823220811179,300,24.438000000000002,329.438,331.329,1.8910000000000196,31.329000000000008,331.329,21,0.9966777408637874,0.0,6.891000000000005
B0036,B0036_D0149,149,82.04482803649675,300,24.453000000000003,329.453,331.844,2.3910000000000196,31.843999999999994,331.844,21,0.9933554817275747,0.0,7.390999999999991
B0036,B0036_D0150,150,81.32614989669818,300,24.484,329.484,332.375,2.8910000000000196,32.375,332.375,21,0.9966777408637874,0.0,7.890999999999998
B0036,B0036_D0151,151,81.08674572315228,300,24.531,329.531,332.891,3.3600000000000136,32.89100000000002,332.891,21,0.9900332225913622,0.0,8.36000000000002
B0036,B0036_D0152,152,81.24100029819773,300,24.531,329.531,332.953,3.4219999999999686,32.952999999999975,332.953,21,0.9966777408637874,0.0,8.421999999999976
B0036,B0036_D0153,153,80.9400598680685,300,24.64,329.64,333.593,3.9530000000000314,33.59300000000002,333.593,21,0.9966777408637874,0.0,8.953000000000017
B0036,B0036_D0154,154,80.68675245167108,300,24.546999999999997,329.547,334.578,5.030999999999949,34.577999999999975,334.578,21,0.9966777408637874,0.0,10.030999999999977
B0036,B0036_D0155,155,80.60064118270705,300,24.719,329.719,335.515,5.795999999999992,35.514999999999986,335.515,21,0.9966777408637874,0.0,10.795999999999985
B0036,B0036_D0156,156,83.35516278443589,300,24.733999999999998,329.734,336.656,6.9220000000000255,36.656000000000006,336.656,21,0.9933554817275747,0.0,11.922000000000008
B0036,B0036_D0157,157,84.25066691943127,300,24.625,329.625,336.469,6.843999999999994,36.468999999999994,336.469,21,0.9966777408637874,0.0,11.843999999999994
B0036,B0036_D0158,158,83.93327493807348,300,24.703,329.703,336.828,7.125,36.827999999999975,336.828,21,0.9966777408637874,0.0,12.124999999999975
B0036,B0036_D0159,159,83.64881751095686,300,24.703000000000003,329.703,338.171,8.468000000000018,38.17099999999999,338.171,21,0.9966777408637874,0.0,13.46799999999999
B0036,B0036_D0160,160,83.3244517149827,300,24.734,329.734,337.547,7.813000000000045,37.547000000000025,337.547,21,0.9966777408637874,0.0,12.813000000000024
B0036,B0036_D0161,161,83.49210420355455,300,24.656,329.656,338.328,8.671999999999969,38.327999999999975,338.328,21,0.9966777408637874,0.0,13.671999999999976
B0036,B0036_D0162,162,83.73372114013517,300,24.765000000000004,329.765,339.39,9.625,39.389999999999986,339.39,21,0.9933554817275747,0.0,14.624999999999982
B0036,B0036_D0163,163,83.32522667572822,300,24.983999999999995,329.984,341.156,11.172000000000025,41.156000000000006,341.156,20,0.9966777408637874,0.0,1.20300000000001
B0036,B0036_D0164,164,82.61110424173636,300,24.858999999999995,329.859,339.765,9.906000000000006,39.764999999999986,339.765,21,0.9900332225913622,0.0,14.905999999999992
B0036,B0036_D0165,165,82.31359137549762,300,24.86,329.86,340.688,10.827999999999975,40.68799999999999,340.688,20,0.9966777408637874,0.0,0.890999999999984
B0036,B0036_D0166,166,82.11996173462605,300,24.86,329.86,341.125,11.264999999999986,41.125,341.125,20,0.9966777408637874,0.0,1.2959999999999994
B0036,B0036_D0167,167,82.5589303549996,300,24.906000000000002,329.906,341.359,11.452999999999975,41.35899999999998,341.359,20,0.9966777408637874,0.0,1.5149999999999864
B0036,B0036_D0168,168,82.40841560140966,300,24.953000000000003,329.953,342.735,12.782000000000039,42.735000000000014,342.735,20,0.9966777408637874,0.0,2.7970000000000113
B0036,B0036_D0169,169,82.39443862714198,300,25.078,330.078,342.578,12.5,42.577999999999975,342.578,20,0.9933554817275747,0.0,2.4219999999999686
B0036,B0036_D0170,170,81.7921825457841,300,25.0,330.0,343.296,13.295999999999992,43.29599999999999,343.296,20,0.9966777408637874,0.0,3.249999999999993
B0036,B0036_D0171,171,81.66181405972758,300,24.953,329.953,343.359,13.406000000000006,43.35899999999998,343.359,20,0.9966777408637874,0.0,3.342999999999975
B0036,B0036_D0172,172,81.49632338414935,300,25.0,330.0,344.469,14.468999999999994,44.468999999999994,344.469,20,0.9966777408637874,0.0,4.359999999999992
B0036,B0036_D0173,173,81.93931314643612,300,25.172000000000004,330.172,344.484,14.311999999999955,44.48399999999998,344.484,20,0.9966777408637874,0.0,4.2339999999999804
B0036,B0036_D0174,174,81.79827431920386,300,25.141000000000002,330.141,330.609,0.4679999999999609,30.60899999999998,330.609,20,0.9966777408637874,0.0,5.467999999999979
B0036,B0036_D0175,175,81.55685219837831,300,25.125,330.125,330.219,0.09399999999999409,30.218999999999994,330.219,20,0.9933554817275747,0.0,5.093999999999994
B0036,B0036_D0176,176,81.10094860444232,300,25.218999999999994,330.219,331.094,0.875,31.093999999999994,331.094,20,0.9900332225913622,0.0,5.875
B0036,B0036_D0177,177,82.08022489211078,300,25.14,330.14,331.875,1.7350000000000136,31.875,331.875,20,0.9966777408637874,0.0,6.734999999999999
B0036,B0036_D0178,178,81.26545115728902,300,25.188000000000002,330.188,332.016,1.8280000000000314,32.01600000000002,332.016,20,0.9933554817275747,0.0,6.828000000000017
B0036,B0036_D0179,179,80.98067261119742,300,25.235,330.235,332.735,2.5,32.735000000000014,332.735,20,0.9966777408637874,0.0,7.500000000000014
B0036,B0036_D0180,180,80.62118087387185,300,25.234,330.234,332.734,2.5,32.73399999999998,332.734,20,0.9966777408637874,0.0,7.499999999999979
B0036,B0036_D0181,181,80.38850514956697,300,25.250000000000004,330.25,333.484,3.2339999999999804,33.48399999999998,333.484,20,0.9966777408637874,0.0,8.233999999999977
B0036,B0036_D0182,182,80.44038765990791,300,25.329,330.329,333.922,3.5930000000000177,33.922000000000025,333.922,20,0.9966777408637874,0.0,8.593000000000025
B0036,B0036_D0183,183,80.41778129367134,300,25.328000000000003,330.328,335.265,4.937000000000012,35.264999999999986,335.265,20,0.9966777408637874,0.0,9.936999999999983
B0036,B0036_D0184,184,80.3410125950577,300,25.311999999999998,330.312,334.89,4.5779999999999745,34.889999999999986,334.89,20,0.9966777408637874,0.0,9.577999999999989
B0036,B0036_D0185,185,80.08854886033565,300,25.311999999999998,330.312,335.843,5.531000000000006,35.84300000000002,335.843,20,0.9933554817275747,0.0,10.53100000000002
B0036,B0036_D0186,186,79.7455867346104,300,25.311999999999998,330.312,336.125,5.812999999999988,36.125,336.125,20,0.9966777408637874,0.0,10.813000000000002
B0036,B0036_D0187,187,79.69069562693686,300,25.406,330.406,337.734,7.3279999999999745,37.73399999999998,337.734,20,0.9966777408637874,0.0,12.327999999999982
B0036,B0036_D0188,188,79.60136564752298,300,25.563,330.563,337.813,7.25,37.81299999999999,337.813,20,0.9966777408637874,0.0,12.24999999999999
B0036,B0036_D0189,189,79.23680774889375,300,25.531,330.531,337.812,7.281000000000006,37.81200000000001,337.812,20,0.9966777408637874,0.0,12.281000000000013
B0036,B0036_D0190,190,78.817146819684,300,25.577999999999996,330.578,337.984,7.406000000000006,37.98399999999998,337.984,20,0.9966777408637874,0.0,12.405999999999985
B0036,B0036_D0191,191,78.60114587321144,300,25.453000000000003,330.453,338.547,8.094000000000051,38.547000000000025,338.547,20,0.9933554817275747,0.0,13.094000000000023
B0036,B0036_D0192,192,78.64937142756176,300,25.515,330.515,338.812,8.297000000000025,38.81200000000001,338.812,20,0.9966777408637874,0.0,13.297000000000011
B0036,B0036_D0193,193,79.84927001945094,300,25.719,330.719,340.36,9.64100000000002,40.360000000000014,340.36,20,0.9966777408637874,0.0,14.641000000000012
B0036,B0036_D0194,194,79.7863011851928,300,25.593999999999998,330.594,340.453,9.85899999999998,40.452999999999975,340.453,20,0.9966777408637874,0.0,14.858999999999977
B0036,B0036_D0195,195,78.97501691702796,300,25.531,330.531,340.359,9.827999999999975,40.35899999999998,340.359,20,0.9966777408637874,0.0,14.827999999999982
B0036,B0036_D0196,196,78.14734938760093,300,25.531,330.531,340.406,9.875,40.406000000000006,340.406,20,0.9966777408637874,0.0,14.875000000000007
B0036,B0036_D0197,197,77.95564715770588,300,25.671999999999997,330.672,341.25,10.577999999999975,41.25,341.25,20,0.9966777408637874,0.0,15.578000000000003
B0038,B0038_D0001,1,44.902868548383616,300,19.516000000000002,324.516,328.032,3.5159999999999627,28.031999999999982,328.032,33,0.9933554817275747,0.0,8.51599999999998
B0038,B0038_D0002,2,55.13118165957038,300,19.500000000000004,324.5,329.766,5.2660000000000196,29.76600000000002,329.766,32,0.9966777408637874,0.0,0.891000000000016
B0038,B0038_D0003,3,54.42900939736715,300,19.561999999999998,324.562,332.359,7.796999999999969,32.35899999999998,332.359,32,0.9966777408637874,0.0,3.3589999999999804
B0038,B0038_D0004,4,53.06624923795543,300,19.625,324.625,333.704,9.079000000000008,33.70400000000001,333.704,32,0.9966777408637874,0.0,4.547000000000008
B0038,B0038_D0005,5,51.73531028991773,300,19.656,324.656,326.203,1.5469999999999686,26.202999999999975,326.203,32,0.9966777408637874,0.0,6.546999999999976
B0038,B0038_D0006,6,51.349892971765065,300,19.796999999999997,324.797,330.219,5.421999999999969,30.218999999999994,330.219,31,0.9966777408637874,0.0,0.7809999999999917
B0038,B0038_D0007,7,53.92509855494711,300,19.938,324.938,332.625,7.687000000000012,32.625,332.625,31,0.9966777408637874,0.0,2.937000000000001
B0038,B0038_D0008,8,53.194487394014224,300,19.859,324.859,325.328,0.4689999999999941,25.327999999999975,325.328,31,0.9966777408637874,0.0,5.468999999999973
B0038,B0038_D0009,9,51.83275611662212,300,19.891000000000002,324.891,333.391,8.5,33.39100000000002,333.391,31,0.9966777408637874,0.0,3.7340000000000195
B0038,B0038_D0010,10,51.5470663741047,300,20.0,325.0,325.407,0.40699999999998226,25.406999999999982,325.407,31,0.9966777408637874,0.0,5.406999999999982
B0038,B0038_D0011,11,50.70042270517328,300,19.936999999999998,324.937,327.078,2.1409999999999627,27.077999999999975,327.078,31,0.9933554817275747,0.0,7.140999999999977
B0038,B0038_D0012,12,50.425804799725945,300,20.047000000000004,325.047,328.563,3.5159999999999627,28.562999999999988,328.563,31,0.9933554817275747,0.0,8.515999999999984
B0038,B0038_D0013,13,87.09622544047953,300,20.14,325.14,330.719,5.579000000000008,30.718999999999994,330.719,30,0.9966777408637874,0.0,0.5319999999999894
B0038,B0038_D0014,14,88.98709298542164,300,20.14,325.14,332.031,6.8910000000000196,32.031000000000006,332.031,30,0.9966777408637874,0.0,1.8440000000000047
B0038,B0038_D0015,15,89.07833153226383,300,20.249999999999996,325.25,333.75,8.5,33.75,333.75,30,0.9966777408637874,0.0,3.3750000000000036
B0038,B0038_D0016,16,89.17429788578008,300,20.328000000000003,325.328,325.453,0.125,25.452999999999975,325.453,30,0.9933554817275747,0.0,5.124999999999972
B0038,B0038_D0017,17,89.32205825207838,300,20.296999999999997,325.297,327.188,1.8909999999999627,27.187999999999988,327.188,30,0.9933554817275747,0.0,6.890999999999991
B0038,B0038_D0018,18,89.29998804033974,300,20.406999999999996,325.407,328.735,3.3280000000000314,28.735000000000014,328.735,30,0.9966777408637874,0.0,8.328000000000017
B0038,B0038_D0019,19,88.84761886500804,300,20.438,325.438,329.985,4.5470000000000255,29.985000000000014,329.985,30,0.9933554817275747,0.0,9.547000000000015
B0038,B0038_D0020,20,89.07144586609495,300,20.578,325.578,331.953,6.375,31.952999999999975,331.953,29,0.9966777408637874,0.0,0.9839999999999769
B0038,B0038_D0021,21,89.29726386348598,300,20.5,325.5,333.375,7.875,33.375,333.375,29,0.9966777408637874,0.0,2.4379999999999953
B0038,B0038_D0022,22,89.26042148457755,300,20.546999999999997,325.547,334.641,9.093999999999994,34.64100000000002,334.641,29,0.9933554817275747,0.0,3.609000000000023
B0038,B0038_D0023,23,89.17983047922719,300,20.656,325.656,325.906,0.25,25.906000000000006,325.906,29,0.9966777408637874,0.0,5.250000000000007
B0038,B0038_D0024,24,88.98391576372356,300,20.719,325.719,326.984,1.2649999999999864,26.98399999999998,326.984,29,0.9966777408637874,0.0,6.264999999999979
B0038,B0038_D0025,25,89.20551296394322,300,20.766,325.766,329.031,3.2649999999999864,29.031000000000006,329.031,29,0.9933554817275747,0.0,8.265000000000008
B0038,B0038_D0026,26,89.16516165796095,300,20.797,325.797,329.953,4.155999999999949,29.952999999999975,329.953,29,0.9966777408637874,0.0,9.155999999999974
B0038,B0038_D0027,27,88.98093070678478,300,20.811999999999998,325.812,331.14,5.3279999999999745,31.139999999999986,331.14,29,0.9966777408637874,0.0,10.327999999999989
B0038,B0038_D0028,28,89.08296167176293,300,20.812000000000005,325.812,332.859,7.046999999999969,32.85899999999998,332.859,28,0.9933554817275747,0.0,1.2339999999999804
B0038,B0038_D0029,29,88.87955652062018,300,20.89,325.89,334.0,8.110000000000014,34.0,334.0,28,0.9966777408637874,0.0,2.280999999999999
B0038,B0038_D0030,30,88.88509409858395,300,20.906000000000002,325.906,335.219,9.312999999999988,35.218999999999994,335.219,28,0.9933554817275747,0.0,3.4529999999999923
B0038,B0038_D0031,31,88.94773809135309,300,20.968000000000004,325.968,326.046,0.07799999999997453,26.045999999999992,326.046,28,0.9933554817275747,0.0,5.077999999999989
B0038,B0038_D0032,32,89.03876865567521,300,21.047,326.047,326.782,0.7349999999999568,26.781999999999982,326.782,28,0.9966777408637874,0.0,5.734999999999982
B0038,B0038_D0033,33,88.92076595133305,300,21.235,326.235,328.75,2.5149999999999864,28.75,328.75,28,0.9966777408637874,0.0,7.515000000000001
B0038,B0038_D0034,34,88.94886949554231,300,21.141,326.141,329.485,3.343999999999994,29.485000000000014,329.485,28,0.9966777408637874,0.0,8.344000000000015
B0038,B0038_D0035,35,88.96239673618021,300,21.311999999999998,326.312,330.89,4.5779999999999745,30.889999999999986,330.89,28,0.9966777408637874,0.0,9.577999999999989
B0038,B0038_D0036,36,88.89602286842539,300,21.282,326.282,332.516,6.234000000000037,32.51600000000002,332.516,27,0.9966777408637874,0.0,0.14100000000001955
B0038,B0038_D0037,37,88.9613520112072,300,21.204,326.204,333.5,7.295999999999992,33.5,333.5,27,0.9966777408637874,0.0,1.1089999999999947
B0038,B0038_D0038,38,88.80317160039675,300,21.344,326.344,334.656,8.312000000000012,34.656000000000006,334.656,27,0.9933554817275747,0.0,2.156000000000006
B0038,B0038_D0039,39,88.75519689819785,300,21.313000000000002,326.313,335.954,9.64100000000002,35.95400000000001,335.954,27,0.9900332225913622,0.0,3.3910000000000053
B0038,B0038_D0040,40,86.6532050069371,300,21.484,326.484,327.109,0.625,27.10899999999998,327.109,27,0.9966777408637874,0.0,5.624999999999979
B0038,B0038_D0041,41,86.97446403107611,300,21.483999999999998,326.484,328.0,1.5160000000000196,28.0,328.0,27,0.9966777408637874,0.0,6.516000000000002
B0038,B0038_D0042,42,86.89032180196462,300,21.563000000000002,326.563,328.516,1.9530000000000314,28.51600000000002,328.516,27,0.9933554817275747,0.0,6.953000000000017
B0038,B0038_D0043,43,86.50140728999165,300,21.593999999999994,326.594,329.469,2.875,29.468999999999994,329.469,27,0.9966777408637874,0.0,7.875
B0038,B0038_D0044,44,86.45202283271493,300,21.546999999999997,326.547,329.969,3.4219999999999686,29.968999999999994,329.969,27,0.9966777408637874,0.0,8.421999999999997
B0038,B0038_D0045,45,86.43036453534408,300,21.609,326.609,331.125,4.5160000000000196,31.125,331.125,27,0.9966777408637874,0.0,9.515999999999998
B0038,B0038_D0046,46,76.28694232481699,300,21.672,326.672,331.719,5.046999999999969,31.718999999999994,331.719,27,0.9933554817275747,0.0,10.046999999999993
B0038,B0038_D0047,47,76.50737767217109,300,21.688,326.688,333.375,6.687000000000012,33.375,333.375,26,0.9966777408637874,0.0,0.14000000000000057
B0039,B0039_D0013,13,87.30895503194813,300,20.14,325.14,330.719,5.579000000000008,30.718999999999994,330.719,30,0.9966777408637874,0.0,0.5319999999999894
B0039,B0039_D0014,14,88.47625367252682,300,20.14,325.14,332.031,6.8910000000000196,32.031000000000006,332.031,30,0.9966777408637874,0.0,1.8440000000000047
B0039,B0039_D0015,15,88.57695709750972,300,20.249999999999996,325.25,333.75,8.5,33.75,333.75,30,0.9966777408637874,0.0,3.3750000000000036
B0039,B0039_D0016,16,88.53127419791394,300,20.328000000000003,325.328,325.453,0.125,25.452999999999975,325.453,30,0.9933554817275747,0.0,5.124999999999972
B0039,B0039_D0017,17,88.52020319723648,300,20.296999999999997,325.297,327.188,1.8909999999999627,27.187999999999988,327.188,30,0.9933554817275747,0.0,6.890999999999991
B0039,B0039_D0018,18,88.4754089440088,300,20.406999999999996,325.407,328.735,3.3280000000000314,28.735000000000014,328.735,30,0.9966777408637874,0.0,8.328000000000017
B0039,B0039_D0019,19,88.19178137134708,300,20.438,325.438,329.985,4.5470000000000255,29.985000000000014,329.985,30,0.9933554817275747,0.0,9.547000000000015
B0039,B0039_D0020,20,88.57862934893062,300,20.578,325.578,331.953,6.375,31.952999999999975,331.953,29,0.9966777408637874,0.0,0.9839999999999769
B0039,B0039_D0021,21,88.50598227244842,300,20.5,325.5,333.375,7.875,33.375,333.375,29,0.9966777408637874,0.0,2.4379999999999953
B0039,B0039_D0022,22,88.33784876430259,300,20.546999999999997,325.547,334.641,9.093999999999994,34.64100000000002,334.641,29,0.9933554817275747,0.0,3.609000000000023
B0039,B0039_D0023,23,88.24371814546322,300,20.656,325.656,325.906,0.25,25.906000000000006,325.906,29,0.9966777408637874,0.0,5.250000000000007
B0039,B0039_D0024,24,88.19193429716124,300,20.719,325.719,326.984,1.2649999999999864,26.98399999999998,326.984,29,0.9966777408637874,0.0,6.264999999999979
B0039,B0039_D0025,25,88.28612876028394,300,20.766,325.766,329.031,3.2649999999999864,29.031000000000006,329.031,29,0.9933554817275747,0.0,8.265000000000008
B0039,B0039_D0026,26,88.22816404691523,300,20.797,325.797,329.953,4.155999999999949,29.952999999999975,329.953,29,0.9966777408637874,0.0,9.155999999999974
B0039,B0039_D0027,27,88.04495974239562,300,20.811999999999998,325.812,331.14,5.3279999999999745,31.139999999999986,331.14,29,0.9966777408637874,0.0,10.327999999999989
B0039,B0039_D0028,28,87.99181047908858,300,20.812000000000005,325.812,332.859,7.046999999999969,32.85899999999998,332.859,28,0.9933554817275747,0.0,1.2339999999999804
B0039,B0039_D0029,29,87.95477700071582,300,20.89,325.89,334.0,8.110000000000014,34.0,334.0,28,0.9966777408637874,0.0,2.280999999999999
B0039,B0039_D0030,30,87.80247721988262,300,20.906000000000002,325.906,335.219,9.312999999999988,35.218999999999994,335.219,28,0.9933554817275747,0.0,3.4529999999999923
B0039,B0039_D0031,31,87.85838599974643,300,20.968000000000004,325.968,326.046,0.07799999999997453,26.045999999999992,326.046,28,0.9933554817275747,0.0,5.077999999999989
B0039,B0039_D0032,32,87.79455634729987,300,21.047,326.047,326.782,0.7349999999999568,26.781999999999982,326.782,28,0.9966777408637874,0.0,5.734999999999982
B0039,B0039_D0033,33,87.66709536114958,300,21.235,326.235,328.75,2.5149999999999864,28.75,328.75,28,0.9966777408637874,0.0,7.515000000000001
B0039,B0039_D0034,34,87.53336922667584,300,21.141,326.141,329.485,3.343999999999994,29.485000000000014,329.485,28,0.9966777408637874,0.0,8.344000000000015
B0039,B0039_D0035,35,87.55003332081202,300,21.311999999999998,326.312,330.89,4.5779999999999745,30.889999999999986,330.89,28,0.9966777408637874,0.0,9.577999999999989
B0039,B0039_D0036,36,87.48029426923935,300,21.282,326.282,332.516,6.234000000000037,32.51600000000002,332.516,27,0.9966777408637874,0.0,0.14100000000001955
B0039,B0039_D0037,37,87.38679586091678,300,21.204,326.204,333.5,7.295999999999992,33.5,333.5,27,0.9966777408637874,0.0,1.1089999999999947
B0039,B0039_D0038,38,87.22112734049546,300,21.344,326.344,334.656,8.312000000000012,34.656000000000006,334.656,27,0.9933554817275747,0.0,2.156000000000006
B0039,B0039_D0039,39,87.16541830419679,300,21.313000000000002,326.313,335.954,9.64100000000002,35.95400000000001,335.954,27,0.9900332225913622,0.0,3.3910000000000053
B0039,B0039_D0040,40,82.78345866944235,300,21.484,326.484,327.109,0.625,27.10899999999998,327.109,27,0.9966777408637874,0.0,5.624999999999979
B0039,B0039_D0041,41,82.1488347287965,300,21.483999999999998,326.484,328.0,1.5160000000000196,28.0,328.0,27,0.9966777408637874,0.0,6.516000000000002
B0039,B0039_D0042,42,81.71911364680633,300,21.563000000000002,326.563,328.516,1.9530000000000314,28.51600000000002,328.516,27,0.9933554817275747,0.0,6.953000000000017
B0039,B0039_D0043,43,81.325335310828,300,21.593999999999994,326.594,329.469,2.875,29.468999999999994,329.469,27,0.9966777408637874,0.0,7.875
B0039,B0039_D0044,44,80.94329958679805,300,21.546999999999997,326.547,329.969,3.4219999999999686,29.968999999999994,329.969,27,0.9966777408637874,0.0,8.421999999999997
B0039,B0039_D0045,45,80.57484169604632,300,21.609,326.609,331.125,4.5160000000000196,31.125,331.125,27,0.9966777408637874,0.0,9.515999999999998
B0039,B0039_D0046,46,66.20402886730614,300,21.672,326.672,331.719,5.046999999999969,31.718999999999994,331.719,27,0.9933554817275747,0.0,10.046999999999993
B0039,B0039_D0047,47,65.76693110848846,300,21.688,326.688,333.375,6.687000000000012,33.375,333.375,26,0.9966777408637874,0.0,0.14000000000000057
B0040,B0040_D0001,1,33.67314068547817,300,19.516000000000002,324.516,328.032,3.5159999999999627,28.031999999999982,328.032,33,0.9933554817275747,0.0,8.51599999999998
B0040,B0040_D0002,2,39.56531052880173,300,19.500000000000004,324.5,329.766,5.2660000000000196,29.76600000000002,329.766,32,0.9966777408637874,0.0,0.891000000000016
B0040,B0040_D0003,3,39.329120173008725,300,19.561999999999998,324.562,332.359,7.796999999999969,32.35899999999998,332.359,32,0.9966777408637874,0.0,3.3589999999999804
B0040,B0040_D0004,4,38.97935713030791,300,19.625,324.625,333.704,9.079000000000008,33.70400000000001,333.704,32,0.9966777408637874,0.0,4.547000000000008
B0040,B0040_D0005,5,38.14120761562582,300,19.656,324.656,326.203,1.5469999999999686,26.202999999999975,326.203,32,0.9966777408637874,0.0,6.546999999999976
B0040,B0040_D0006,6,37.025107573032,300,19.796999999999997,324.797,330.219,5.421999999999969,30.218999999999994,330.219,31,0.9966777408637874,0.0,0.7809999999999917
B0040,B0040_D0007,7,38.91985440550328,300,19.938,324.938,332.625,7.687000000000012,32.625,332.625,31,0.9966777408637874,0.0,2.937000000000001
B0040,B0040_D0008,8,38.665827045128026,300,19.859,324.859,325.328,0.4689999999999941,25.327999999999975,325.328,31,0.9966777408637874,0.0,5.468999999999973
B0040,B0040_D0009,9,37.94787618204749,300,19.891000000000002,324.891,333.391,8.5,33.39100000000002,333.391,31,0.9966777408637874,0.0,3.7340000000000195
B0040,B0040_D0010,10,37.03699731128196,300,20.0,325.0,325.407,0.40699999999998226,25.406999999999982,325.407,31,0.9966777408637874,0.0,5.406999999999982
B0040,B0040_D0011,11,37.23109376308574,300,19.936999999999998,324.937,327.078,2.1409999999999627,27.077999999999975,327.078,31,0.9933554817275747,0.0,7.140999999999977
B0040,B0040_D0012,12,35.74937814910368,300,20.047000000000004,325.047,328.563,3.5159999999999627,28.562999999999988,328.563,31,0.9933554817275747,0.0,8.515999999999984
B0040,B0040_D0013,13,85.375722242666,300,20.14,325.14,330.719,5.579000000000008,30.718999999999994,330.719,30,0.9966777408637874,0.0,0.5319999999999894
B0040,B0040_D0014,14,86.54404297140965,300,20.14,325.14,332.031,6.8910000000000196,32.031000000000006,332.031,30,0.9966777408637874,0.0,1.8440000000000047
B0040,B0040_D0015,15,86.64106422616665,300,20.249999999999996,325.25,333.75,8.5,33.75,333.75,30,0.9966777408637874,0.0,3.3750000000000036
B0040,B0040_D0016,16,86.58867161715756,300,20.328000000000003,325.328,325.453,0.125,25.452999999999975,325.453,30,0.9933554817275747,0.0,5.124999999999972
B0040,B0040_D0017,17,86.70648196175034,300,20.296999999999997,325.297,327.188,1.8909999999999627,27.187999999999988,327.188,30,0.9933554817275747,0.0,6.890999999999991
B0040,B0040_D0018,18,86.67378464995036,300,20.406999999999996,325.407,328.735,3.3280000000000314,28.735000000000014,328.735,30,0.9966777408637874,0.0,8.328000000000017
B0040,B0040_D0019,19,86.21528589728939,300,20.438,325.438,329.985,4.5470000000000255,29.985000000000014,329.985,30,0.9933554817275747,0.0,9.547000000000015
B0040,B0040_D0020,20,86.59487930843602,300,20.578,325.578,331.953,6.375,31.952999999999975,331.953,29,0.9966777408637874,0.0,0.9839999999999769
B0040,B0040_D0021,21,86.66845604188728,300,20.5,325.5,333.375,7.875,33.375,333.375,29,0.9966777408637874,0.0,2.4379999999999953
B0040,B0040_D0022,22,86.60878250766389,300,20.546999999999997,325.547,334.641,9.093999999999994,34.64100000000002,334.641,29,0.9933554817275747,0.0,3.609000000000023
B0040,B0040_D0023,23,86.67416388051433,300,20.656,325.656,325.906,0.25,25.906000000000006,325.906,29,0.9966777408637874,0.0,5.250000000000007
B0040,B0040_D0024,24,86.61862478732564,300,20.719,325.719,326.984,1.2649999999999864,26.98399999999998,326.984,29,0.9966777408637874,0.0,6.264999999999979
B0040,B0040_D0025,25,86.69087648601209,300,20.766,325.766,329.031,3.2649999999999864,29.031000000000006,329.031,29,0.9933554817275747,0.0,8.265000000000008
B0040,B0040_D0026,26,86.64815393178934,300,20.797,325.797,329.953,4.155999999999949,29.952999999999975,329.953,29,0.9966777408637874,0.0,9.155999999999974
B0040,B0040_D0027,27,86.5941954228667,300,20.811999999999998,325.812,331.14,5.3279999999999745,31.139999999999986,331.14,29,0.9966777408637874,0.0,10.327999999999989
B0040,B0040_D0028,28,86.5348002990633,300,20.812000000000005,325.812,332.859,7.046999999999969,32.85899999999998,332.859,28,0.9933554817275747,0.0,1.2339999999999804
B0040,B0040_D0029,29,86.48005800973733,300,20.89,325.89,334.0,8.110000000000014,34.0,334.0,28,0.9966777408637874,0.0,2.280999999999999
B0040,B0040_D0030,30,86.48093690532328,300,20.906000000000002,325.906,335.219,9.312999999999988,35.218999999999994,335.219,28,0.9933554817275747,0.0,3.4529999999999923
B0040,B0040_D0031,31,86.53599308581938,300,20.968000000000004,325.968,326.046,0.07799999999997453,26.045999999999992,326.046,28,0.9933554817275747,0.0,5.077999999999989
B0040,B0040_D0032,32,86.46372780879535,300,21.047,326.047,326.782,0.7349999999999568,26.781999999999982,326.782,28,0.9966777408637874,0.0,5.734999999999982
B0040,B0040_D0033,33,86.48981106299797,300,21.235,326.235,328.75,2.5149999999999864,28.75,328.75,28,0.9966777408637874,0.0,7.515000000000001
B0040,B0040_D0034,34,86.34471034518747,300,21.141,326.141,329.485,3.343999999999994,29.485000000000014,329.485,28,0.9966777408637874,0.0,8.344000000000015
B0040,B0040_D0035,35,86.36095844653008,300,21.311999999999998,326.312,330.89,4.5779999999999745,30.889999999999986,330.89,28,0.9966777408637874,0.0,9.577999999999989
B0040,B0040_D0036,36,86.42837490580052,300,21.282,326.282,332.516,6.234000000000037,32.51600000000002,332.516,27,0.9966777408637874,0.0,0.14100000000001955
B0040,B0040_D0037,37,86.33181908027736,300,21.204,326.204,333.5,7.295999999999992,33.5,333.5,27,0.9966777408637874,0.0,1.1089999999999947
B0040,B0040_D0038,38,86.31212070917535,300,21.344,326.344,334.656,8.312000000000012,34.656000000000006,334.656,27,0.9933554817275747,0.0,2.156000000000006
B0040,B0040_D0039,39,86.2636296380145,300,21.313000000000002,326.313,335.954,9.64100000000002,35.95400000000001,335.954,27,0.9900332225913622,0.0,3.3910000000000053
B0040,B0040_D0040,40,83.34013438727526,300,21.484,326.484,327.109,0.625,27.10899999999998,327.109,27,0.9966777408637874,0.0,5.624999999999979
B0040,B0040_D0041,41,83.33774268810204,300,21.483999999999998,326.484,328.0,1.5160000000000196,28.0,328.0,27,0.9966777408637874,0.0,6.516000000000002
B0040,B0040_D0042,42,82.91637224380527,300,21.563000000000002,326.563,328.516,1.9530000000000314,28.51600000000002,328.516,27,0.9933554817275747,0.0,6.953000000000017
B0040,B0040_D0043,43,82.51613177535751,300,21.593999999999994,326.594,329.469,2.875,29.468999999999994,329.469,27,0.9966777408637874,0.0,7.875
B0040,B0040_D0044,44,82.46703170621149,300,21.546999999999997,326.547,329.969,3.4219999999999686,29.968999999999994,329.969,27,0.9966777408637874,0.0,8.421999999999997
B0040,B0040_D0045,45,82.09595275188694,300,21.609,326.609,331.125,4.5160000000000196,31.125,331.125,27,0.9966777408637874,0.0,9.515999999999998
B0040,B0040_D0047,47,27.84951321868288,300,21.688,326.688,333.375,6.687000000000012,33.375,333.375,26,0.9966777408637874,0.0,0.14000000000000057
B0041,B0041_D0043,43,60.78247043180449,300,22.436999999999998,327.437,329.89,2.4529999999999745,29.889999999999986,329.89,25,0.9900332225913622,0.0,7.452999999999989
B0041,B0041_D0044,44,57.38208160473282,300,22.453000000000003,327.453,330.406,2.9530000000000314,30.406000000000006,330.406,25,0.9966777408637874,0.0,7.953000000000003
B0041,B0041_D0045,45,55.97287263649096,300,22.5,327.5,331.813,4.312999999999988,31.812999999999988,331.813,25,0.9966777408637874,0.0,9.312999999999988
B0041,B0041_D0046,46,54.20662820925064,300,22.64,327.64,332.437,4.7970000000000255,32.43700000000001,332.437,25,0.9966777408637874,0.0,9.797000000000011
B0041,B0041_D0047,47,53.03892116446328,300,22.531999999999996,327.532,333.141,5.609000000000037,33.14100000000002,333.141,25,0.9966777408637874,0.0,10.609000000000023
B0041,B0041_D0048,48,50.85156432813296,300,22.688000000000002,327.688,334.157,6.468999999999994,34.15699999999998,334.157,25,0.9933554817275747,0.0,11.46899999999998
B0041,B0041_D0049,49,50.00187499904287,300,22.625,327.625,334.984,7.3589999999999804,34.98399999999998,334.984,25,0.9966777408637874,0.0,12.35899999999998
B0041,B0041_D0050,50,49.5753247393124,300,22.672,327.672,335.89,8.217999999999961,35.889999999999986,335.89,24,0.9900332225913622,0.0,0.6399999999999864
B0041,B0041_D0051,51,48.27822212685508,300,22.89,327.89,340.265,12.375,40.264999999999986,340.265,24,0.9933554817275747,0.0,4.639999999999986
B0041,B0041_D0052,52,46.91655981219836,300,22.781,327.781,338.141,10.360000000000014,38.14100000000002,338.141,24,0.9966777408637874,0.0,2.7500000000000213
B0041,B0041_D0053,53,46.494516946201344,300,22.797,327.797,338.766,10.968999999999994,38.76600000000002,338.766,24,0.9966777408637874,0.0,3.234000000000016
B0041,B0041_D0054,54,45.36058699724299,300,22.733999999999998,327.734,339.484,11.75,39.48399999999998,339.484,24,0.9966777408637874,0.0,4.0779999999999745
B0041,B0041_D0055,55,45.88435338468662,300,22.922,327.922,328.0,0.07799999999997453,28.0,328.0,24,0.9933554817275747,0.0,5.077999999999999
B0041,B0041_D0056,56,45.78715360981514,300,22.828,327.828,328.546,0.7180000000000177,28.545999999999992,328.546,24,0.9966777408637874,0.0,5.717999999999993
B0041,B0041_D0057,57,45.55831345025216,300,23.0,328.0,329.937,1.9370000000000118,29.937000000000012,329.937,24,0.9966777408637874,0.0,6.937000000000012
B0041,B0041_D0058,58,44.84450721786349,300,22.938000000000002,327.938,330.625,2.687000000000012,30.625,330.625,24,0.9966777408637874,0.0,7.686999999999998
B0041,B0041_D0059,59,44.31066736400077,300,23.015,328.015,331.984,3.968999999999994,31.98399999999998,331.984,24,0.9966777408637874,0.0,8.96899999999998
B0041,B0041_D0060,60,44.65562068093507,300,23.000000000000004,328.0,332.063,4.062999999999988,32.06299999999999,332.063,24,0.9966777408637874,0.0,9.062999999999985
B0041,B0041_D0061,61,44.0449253545527,300,23.047000000000004,328.047,333.157,5.109999999999957,33.15699999999998,333.157,24,0.9966777408637874,0.0,10.109999999999978
B0041,B0041_D0062,62,43.9943969101187,300,23.062,328.062,333.75,5.687999999999988,33.75,333.75,24,0.9933554817275747,0.0,10.687999999999999
B0041,B0041_D0063,63,43.411737685577215,300,23.171999999999997,328.172,335.0,6.8279999999999745,35.0,335.0,24,0.9966777408637874,0.0,11.828000000000003
B0041,B0041_D0064,64,42.21784745197758,300,23.203,328.203,335.75,7.5470000000000255,35.75,335.75,24,0.9966777408637874,0.0,12.547
B0041,B0041_D0065,65,43.28546601574269,300,23.217999999999996,328.218,336.547,8.329000000000008,36.547000000000025,336.547,23,0.9966777408637874,0.0,0.2500000000000284
B0041,B0041_D0066,66,42.4348452009589,300,23.171999999999997,328.172,337.453,9.280999999999949,37.452999999999975,337.453,23,0.9933554817275747,0.0,1.1249999999999787
B0041,B0041_D0067,67,41.82474216823173,300,23.265,328.265,338.344,10.079000000000008,38.343999999999994,338.344,23,0.9966777408637874,0.0,1.999999999999993
B0042,B0042_D0001,1,86.43563316877677,300,19.469,324.469,328.969,4.5,28.968999999999994,328.969,32,0.9966777408637874,0.0,0.1249999999999929
B0042,B0042_D0002,2,86.57353140926573,300,19.531,324.531,331.453,6.921999999999969,31.452999999999975,331.453,32,0.9966777408637874,0.0,2.4839999999999733
B0042,B0042_D0003,3,86.41175181573044,300,19.625,324.625,334.156,9.531000000000006,34.156000000000006,334.156,32,0.9966777408637874,0.0,4.937000000000008
B0042,B0042_D0004,4,86.01723711458105,300,19.688000000000002,324.688,325.844,1.156000000000006,25.843999999999994,325.844,32,0.9933554817275747,0.0,6.155999999999992
B0042,B0042_D0005,5,86.10867183853817,300,19.719,324.719,328.078,3.3589999999999804,28.077999999999975,328.078,32,0.9966777408637874,0.0,8.358999999999973
B0042,B0042_D0007,7,85.43347886659724,300,19.828000000000003,324.828,331.531,6.703000000000031,31.531000000000006,331.531,31,0.9966777408637874,0.0,1.9690000000000012
B0042,B0042_D0008,8,85.18238242959323,300,19.953000000000003,324.953,333.703,8.75,33.702999999999975,333.703,31,0.9966777408637874,0.0,3.9529999999999745
B0042,B0042_D0009,9,84.79187871788986,300,19.953000000000003,324.953,325.594,0.6410000000000196,25.593999999999994,325.594,31,0.9966777408637874,0.0,5.640999999999991
B0042,B0042_D0010,10,84.74532423338455,300,20.125,325.125,327.156,2.031000000000006,27.156000000000006,327.156,31,0.9966777408637874,0.0,7.031000000000006
B0042,B0042_D0011,11,84.37384047176228,300,20.156,325.156,329.203,4.046999999999969,29.202999999999975,329.203,31,0.9966777408637874,0.0,9.046999999999976
B0042,B0042_D0012,12,84.29945864589725,300,20.141000000000005,325.141,330.75,5.6089999999999804,30.75,330.75,30,0.9833887043189369,0.0,0.671999999999997
B0042,B0042_D0013,13,83.91432373887466,300,20.156999999999996,325.157,332.344,7.187000000000012,32.343999999999994,332.344,30,0.9966777408637874,0.0,2.1409999999999982
B0042,B0042_D0014,14,83.69823820450763,300,20.187,325.187,334.047,8.860000000000014,34.047000000000025,334.047,30,0.9966777408637874,0.0,3.7820000000000213
B0042,B0042_D0015,15,83.61189400618532,300,20.297000000000004,325.297,325.578,0.28099999999994907,25.577999999999975,325.578,30,0.9933554817275747,0.0,5.28099999999997
B0042,B0042_D0016,16,83.79948950245985,300,20.406000000000006,325.406,327.031,1.625,27.031000000000006,327.031,30,0.9966777408637874,0.0,6.625
B0042,B0042_D0017,17,83.09123836423994,300,20.422,325.422,328.875,3.4529999999999745,28.875,328.875,30,0.9966777408637874,0.0,8.453
B0042,B0042_D0018,18,83.03355176283056,300,20.5,325.5,330.156,4.656000000000006,30.156000000000006,330.156,30,0.9933554817275747,0.0,9.656000000000006
B0042,B0042_D0019,19,82.65322437253602,300,20.5,325.5,331.656,6.156000000000006,31.656000000000006,331.656,29,0.9966777408637874,0.0,0.8120000000000047
B0042,B0042_D0020,20,82.4976993135228,300,20.797000000000004,325.797,329.719,3.9219999999999686,29.718999999999994,329.719,29,0.9966777408637874,0.0,8.92199999999999
B0042,B0042_D0021,21,84.0648902722246,300,20.531,325.531,334.562,9.031000000000006,34.56200000000001,334.562,29,0.9966777408637874,0.0,3.57800000000001
B0042,B0042_D0022,22,83.50260212240649,300,20.594,325.594,336.0,10.406000000000006,36.0,336.0,29,0.9966777408637874,0.0,4.875
B0042,B0042_D0023,23,83.35909301773961,300,20.625,325.625,326.922,1.2970000000000255,26.922000000000025,326.922,29,0.9966777408637874,0.0,6.2970000000000255
B0042,B0042_D0024,24,82.84432806637584,300,20.718999999999998,325.719,328.953,3.2339999999999804,28.952999999999975,328.953,29,0.9966777408637874,0.0,8.233999999999977
B0042,B0042_D0025,25,82.24909723289969,300,20.766000000000002,325.766,329.578,3.811999999999955,29.577999999999975,329.578,29,0.9933554817275747,0.0,8.811999999999973
B0042,B0042_D0026,26,81.9607292500007,300,20.828000000000003,325.828,330.937,5.109000000000037,30.937000000000012,330.937,29,0.9933554817275747,0.0,10.109000000000009
B0042,B0042_D0027,27,82.05299945104028,300,20.983999999999998,325.984,333.063,7.079000000000008,33.06299999999999,333.063,28,0.9966777408637874,0.0,1.3599999999999888
B0042,B0042_D0028,28,82.16348256099239,300,20.938,325.938,333.953,8.014999999999986,33.952999999999975,333.953,28,0.9933554817275747,0.0,2.264999999999972
B0042,B0042_D0029,29,81.49336551201148,300,20.985,325.985,335.078,9.092999999999961,35.077999999999975,335.078,28,0.9966777408637874,0.0,3.2649999999999793
B0042,B0042_D0030,30,81.19268172329403,300,20.938000000000002,325.938,336.016,10.078000000000031,36.01600000000002,336.016,28,0.9966777408637874,0.0,4.18800000000002
B0042,B0042_D0031,31,80.93154443522087,300,21.125,326.125,326.672,0.5470000000000255,26.672000000000025,326.672,28,0.9966777408637874,0.0,5.5470000000000255
B0042,B0042_D0032,32,80.96709056220598,300,21.125,326.125,327.985,1.8600000000000136,27.985000000000014,327.985,28,0.9966777408637874,0.0,6.860000000000014
B0042,B0042_D0033,33,80.72966356634966,300,21.156,326.156,329.703,3.5469999999999686,29.702999999999975,329.703,28,0.9966777408637874,0.0,8.546999999999976
B0042,B0042_D0034,34,80.36020445963923,300,21.172,326.172,330.266,4.093999999999994,30.26600000000002,330.266,28,0.9933554817275747,0.0,9.094000000000019
B0042,B0042_D0035,35,80.06331795031178,300,21.296999999999997,326.297,331.797,5.5,31.797000000000025,331.797,28,0.9933554817275747,0.0,10.500000000000028
B0042,B0042_D0036,36,79.7020370531552,300,21.343000000000004,326.343,332.796,6.4529999999999745,32.79599999999999,332.796,27,0.9966777408637874,0.0,0.35899999999999466
B0042,B0042_D0037,37,79.73444144687238,300,21.296,326.296,334.046,7.75,34.04599999999999,334.046,27,0.9966777408637874,0.0,1.6089999999999947
B0042,B0042_D0038,38,79.41050478651299,300,21.296999999999997,326.297,335.14,8.842999999999961,35.139999999999986,335.14,27,0.9966777408637874,0.0,2.5929999999999893
B0042,B0042_D0039,39,79.39927790388491,300,21.391,326.391,336.578,10.186999999999955,36.577999999999975,336.578,27,0.9966777408637874,0.0,3.9839999999999733
B0042,B0042_D0040,40,78.99582703325171,300,21.407,326.407,337.469,11.062000000000012,37.468999999999994,337.469,27,0.9933554817275747,0.0,4.858999999999995
B0042,B0042_D0041,41,78.27973096826418,300,21.375,326.375,327.421,1.0459999999999923,27.420999999999992,327.421,27,0.9966777408637874,0.0,6.045999999999992
B0042,B0042_D0088,88,71.88672383039729,300,22.436999999999998,327.437,329.89,2.4529999999999745,29.889999999999986,329.89,25,0.9900332225913622,0.0,7.452999999999989
B0042,B0042_D0089,89,76.23009644622027,300,22.453000000000003,327.453,330.406,2.9530000000000314,30.406000000000006,330.406,25,0.9966777408637874,0.0,7.953000000000003
B0042,B0042_D0090,90,76.07636982769739,300,22.5,327.5,331.813,4.312999999999988,31.812999999999988,331.813,25,0.9966777408637874,0.0,9.312999999999988
B0042,B0042_D0091,91,75.77661815587976,300,22.64,327.64,332.437,4.7970000000000255,32.43700000000001,332.437,25,0.9966777408637874,0.0,9.797000000000011
B0042,B0042_D0092,92,75.22124830767277,300,22.531999999999996,327.532,333.141,5.609000000000037,33.14100000000002,333.141,25,0.9966777408637874,0.0,10.609000000000023
B0042,B0042_D0093,93,75.00753574749403,300,22.688000000000002,327.688,334.157,6.468999999999994,34.15699999999998,334.157,25,0.9933554817275747,0.0,11.46899999999998
B0042,B0042_D0094,94,74.4505613660156,300,22.625,327.625,334.984,7.3589999999999804,34.98399999999998,334.984,25,0.9966777408637874,0.0,12.35899999999998
B0042,B0042_D0095,95,74.05074678781422,300,22.672,327.672,335.89,8.217999999999961,35.889999999999986,335.89,24,0.9900332225913622,0.0,0.6399999999999864
B0042,B0042_D0096,96,73.8131013874287,300,22.89,327.89,340.265,12.375,40.264999999999986,340.265,24,0.9933554817275747,0.0,4.639999999999986
B0042,B0042_D0097,97,73.31275512719479,300,22.781,327.781,338.141,10.360000000000014,38.14100000000002,338.141,24,0.9966777408637874,0.0,2.7500000000000213
B0042,B0042_D0098,98,72.9664129690851,300,22.797,327.797,338.766,10.968999999999994,38.76600000000002,338.766,24,0.9966777408637874,0.0,3.234000000000016
B0042,B0042_D0099,99,72.28520788771905,300,22.733999999999998,327.734,339.484,11.75,39.48399999999998,339.484,24,0.9966777408637874,0.0,4.0779999999999745
B0042,B0042_D0100,100,72.00343044694512,300,22.922,327.922,328.0,0.07799999999997453,28.0,328.0,24,0.9933554817275747,0.0,5.077999999999999
B0042,B0042_D0101,101,71.45156829773921,300,22.828,327.828,328.546,0.7180000000000177,28.545999999999992,328.546,24,0.9966777408637874,0.0,5.717999999999993
B0042,B0042_D0102,102,70.7086094075693,300,23.0,328.0,329.937,1.9370000000000118,29.937000000000012,329.937,24,0.9966777408637874,0.0,6.937000000000012
B0042,B0042_D0103,103,70.7801539564539,300,22.938000000000002,327.938,330.625,2.687000000000012,30.625,330.625,24,0.9966777408637874,0.0,7.686999999999998
B0042,B0042_D0104,104,69.97205111650351,300,23.015,328.015,331.984,3.968999999999994,31.98399999999998,331.984,24,0.9966777408637874,0.0,8.96899999999998
B0042,B0042_D0105,105,69.79817642897454,300,23.000000000000004,328.0,332.063,4.062999999999988,32.06299999999999,332.063,24,0.9966777408637874,0.0,9.062999999999985
B0042,B0042_D0106,106,69.64892326315294,300,23.047000000000004,328.047,333.157,5.109999999999957,33.15699999999998,333.157,24,0.9966777408637874,0.0,10.109999999999978
B0042,B0042_D0107,107,68.70386011900459,300,23.062,328.062,333.75,5.687999999999988,33.75,333.75,24,0.9933554817275747,0.0,10.687999999999999
B0042,B0042_D0108,108,68.76246515001218,300,23.171999999999997,328.172,335.0,6.8279999999999745,35.0,335.0,24,0.9966777408637874,0.0,11.828000000000003
B0042,B0042_D0109,109,68.35983065427253,300,23.203,328.203,335.75,7.5470000000000255,35.75,335.75,24,0.9966777408637874,0.0,12.547
B0042,B0042_D0110,110,67.8443800391822,300,23.217999999999996,328.218,336.547,8.329000000000008,36.547000000000025,336.547,23,0.9966777408637874,0.0,0.2500000000000284
B0042,B0042_D0111,111,67.24660112984674,300,23.171999999999997,328.172,337.453,9.280999999999949,37.452999999999975,337.453,23,0.9933554817275747,0.0,1.1249999999999787
B0042,B0042_D0112,112,66.8734585229213,300,23.265,328.265,338.344,10.079000000000008,38.343999999999994,338.344,23,0.9966777408637874,0.0,1.999999999999993
B0043,B0043_D0001,1,85.68913210634425,300,19.469,324.469,328.969,4.5,28.968999999999994,328.969,32,0.9966777408637874,0.0,0.1249999999999929
B0043,B0043_D0002,2,84.77840829323554,300,19.531,324.531,331.453,6.921999999999969,31.452999999999975,331.453,32,0.9966777408637874,0.0,2.4839999999999733
B0043,B0043_D0003,3,84.07453186025977,300,19.625,324.625,334.156,9.531000000000006,34.156000000000006,334.156,32,0.9966777408637874,0.0,4.937000000000008
B0043,B0043_D0004,4,83.93186204766477,300,19.688000000000002,324.688,325.844,1.156000000000006,25.843999999999994,325.844,32,0.9933554817275747,0.0,6.155999999999992
B0043,B0043_D0005,5,83.47084275432496,300,19.719,324.719,328.078,3.3589999999999804,28.077999999999975,328.078,32,0.9966777408637874,0.0,8.358999999999973
B0043,B0043_D0007,7,83.05969260612389,300,19.828000000000003,324.828,331.531,6.703000000000031,31.531000000000006,331.531,31,0.9966777408637874,0.0,1.9690000000000012
B0043,B0043_D0008,8,82.53211691032166,300,19.953000000000003,324.953,333.703,8.75,33.702999999999975,333.703,31,0.9966777408637874,0.0,3.9529999999999745
B0043,B0043_D0009,9,82.12136595453892,300,19.953000000000003,324.953,325.594,0.6410000000000196,25.593999999999994,325.594,31,0.9966777408637874,0.0,5.640999999999991
B0043,B0043_D0010,10,81.76832400520664,300,20.125,325.125,327.156,2.031000000000006,27.156000000000006,327.156,31,0.9966777408637874,0.0,7.031000000000006
B0043,B0043_D0011,11,81.66164379654245,300,20.156,325.156,329.203,4.046999999999969,29.202999999999975,329.203,31,0.9966777408637874,0.0,9.046999999999976
B0043,B0043_D0012,12,81.29420277193967,300,20.141000000000005,325.141,330.75,5.6089999999999804,30.75,330.75,30,0.9833887043189369,0.0,0.671999999999997
B0043,B0043_D0013,13,80.89880873273854,300,20.156999999999996,325.157,332.344,7.187000000000012,32.343999999999994,332.344,30,0.9966777408637874,0.0,2.1409999999999982
B0043,B0043_D0014,14,80.68326353636994,300,20.187,325.187,334.047,8.860000000000014,34.047000000000025,334.047,30,0.9966777408637874,0.0,3.7820000000000213
B0043,B0043_D0015,15,80.2910513309846,300,20.297000000000004,325.297,325.578,0.28099999999994907,25.577999999999975,325.578,30,0.9933554817275747,0.0,5.28099999999997
B0043,B0043_D0016,16,80.16763980980765,300,20.406000000000006,325.406,327.031,1.625,27.031000000000006,327.031,30,0.9966777408637874,0.0,6.625
B0043,B0043_D0017,17,79.75671203091322,300,20.422,325.422,328.875,3.4529999999999745,28.875,328.875,30,0.9966777408637874,0.0,8.453
B0043,B0043_D0018,18,79.39067772364254,300,20.5,325.5,330.156,4.656000000000006,30.156000000000006,330.156,30,0.9933554817275747,0.0,9.656000000000006
B0043,B0043_D0019,19,79.00300984542122,300,20.5,325.5,331.656,6.156000000000006,31.656000000000006,331.656,29,0.9966777408637874,0.0,0.8120000000000047
B0043,B0043_D0020,20,78.7782543939564,300,20.797000000000004,325.797,329.719,3.9219999999999686,29.718999999999994,329.719,29,0.9966777408637874,0.0,8.92199999999999
B0043,B0043_D0021,21,79.75084506082104,300,20.531,325.531,334.562,9.031000000000006,34.56200000000001,334.562,29,0.9966777408637874,0.0,3.57800000000001
B0043,B0043_D0022,22,79.49037761288797,300,20.594,325.594,336.0,10.406000000000006,36.0,336.0,29,0.9966777408637874,0.0,4.875
B0043,B0043_D0023,23,79.03976601048706,300,20.625,325.625,326.922,1.2970000000000255,26.922000000000025,326.922,29,0.9966777408637874,0.0,6.2970000000000255
B0043,B0043_D0024,24,78.52166644593808,300,20.718999999999998,325.719,328.953,3.2339999999999804,28.952999999999975,328.953,29,0.9966777408637874,0.0,8.233999999999977
B0043,B0043_D0025,25,78.21684215948937,300,20.766000000000002,325.766,329.578,3.811999999999955,29.577999999999975,329.578,29,0.9933554817275747,0.0,8.811999999999973
B0043,B0043_D0026,26,77.91535089012454,300,20.828000000000003,325.828,330.937,5.109000000000037,30.937000000000012,330.937,29,0.9933554817275747,0.0,10.109000000000009
B0043,B0043_D0027,27,77.68574644886233,300,20.983999999999998,325.984,333.063,7.079000000000008,33.06299999999999,333.063,28,0.9966777408637874,0.0,1.3599999999999888
B0043,B0043_D0028,28,77.47641252927565,300,20.938,325.938,333.953,8.014999999999986,33.952999999999975,333.953,28,0.9933554817275747,0.0,2.264999999999972
B0043,B0043_D0029,29,77.12215267580531,300,20.985,325.985,335.078,9.092999999999961,35.077999999999975,335.078,28,0.9966777408637874,0.0,3.2649999999999793
B0043,B0043_D0030,30,77.12811351585749,300,20.938000000000002,325.938,336.016,10.078000000000031,36.01600000000002,336.016,28,0.9966777408637874,0.0,4.18800000000002
B0043,B0043_D0031,31,76.54678226260079,300,21.125,326.125,326.672,0.5470000000000255,26.672000000000025,326.672,28,0.9966777408637874,0.0,5.5470000000000255
B0043,B0043_D0032,32,76.23866588476214,300,21.125,326.125,327.985,1.8600000000000136,27.985000000000014,327.985,28,0.9966777408637874,0.0,6.860000000000014
B0043,B0043_D0033,33,75.98371204389751,300,21.156,326.156,329.703,3.5469999999999686,29.702999999999975,329.703,28,0.9966777408637874,0.0,8.546999999999976
B0043,B0043_D0034,34,75.61848462894342,300,21.172,326.172,330.266,4.093999999999994,30.26600000000002,330.266,28,0.9933554817275747,0.0,9.094000000000019
B0043,B0043_D0035,35,74.99572431011985,300,21.296999999999997,326.297,331.797,5.5,31.797000000000025,331.797,28,0.9933554817275747,0.0,10.500000000000028
B0043,B0043_D0036,36,74.62053135594125,300,21.343000000000004,326.343,332.796,6.4529999999999745,32.79599999999999,332.796,27,0.9966777408637874,0.0,0.35899999999999466
B0043,B0043_D0037,37,74.6312493976353,300,21.296,326.296,334.046,7.75,34.04599999999999,334.046,27,0.9966777408637874,0.0,1.6089999999999947
B0043,B0043_D0038,38,74.62012009403014,300,21.296999999999997,326.297,335.14,8.842999999999961,35.139999999999986,335.14,27,0.9966777408637874,0.0,2.5929999999999893
B0043,B0043_D0039,39,74.26510100875838,300,21.391,326.391,336.578,10.186999999999955,36.577999999999975,336.578,27,0.9966777408637874,0.0,3.9839999999999733
B0043,B0043_D0040,40,73.86040635507936,300,21.407,326.407,337.469,11.062000000000012,37.468999999999994,337.469,27,0.9933554817275747,0.0,4.858999999999995
B0043,B0043_D0041,41,73.47369262590703,300,21.375,326.375,327.421,1.0459999999999923,27.420999999999992,327.421,27,0.9966777408637874,0.0,6.045999999999992
B0043,B0043_D0088,88,76.25420258259093,300,22.436999999999998,327.437,329.89,2.4529999999999745,29.889999999999986,329.89,25,0.9900332225913622,0.0,7.452999999999989
B0043,B0043_D0089,89,77.62844056506505,300,22.453000000000003,327.453,330.406,2.9530000000000314,30.406000000000006,330.406,25,0.9966777408637874,0.0,7.953000000000003
B0043,B0043_D0090,90,77.13876313387193,300,22.5,327.5,331.813,4.312999999999988,31.812999999999988,331.813,25,0.9966777408637874,0.0,9.312999999999988
B0043,B0043_D0091,91,76.6596641563234,300,22.64,327.64,332.437,4.7970000000000255,32.43700000000001,332.437,25,0.9966777408637874,0.0,9.797000000000011
B0043,B0043_D0092,92,75.76360974586011,300,22.531999999999996,327.532,333.141,5.609000000000037,33.14100000000002,333.141,25,0.9966777408637874,0.0,10.609000000000023
B0043,B0043_D0093,93,75.37494880998857,300,22.688000000000002,327.688,334.157,6.468999999999994,34.15699999999998,334.157,25,0.9933554817275747,0.0,11.46899999999998
B0043,B0043_D0094,94,74.48144454323821,300,22.625,327.625,334.984,7.3589999999999804,34.98399999999998,334.984,25,0.9966777408637874,0.0,12.35899999999998
B0043,B0043_D0095,95,73.90389426044041,300,22.672,327.672,335.89,8.217999999999961,35.889999999999986,335.89,24,0.9900332225913622,0.0,0.6399999999999864
B0043,B0043_D0096,96,73.50017672667232,300,22.89,327.89,340.265,12.375,40.264999999999986,340.265,24,0.9933554817275747,0.0,4.639999999999986
B0043,B0043_D0097,97,72.82811590068538,300,22.781,327.781,338.141,10.360000000000014,38.14100000000002,338.141,24,0.9966777408637874,0.0,2.7500000000000213
B0043,B0043_D0098,98,72.29884814151175,300,22.797,327.797,338.766,10.968999999999994,38.76600000000002,338.766,24,0.9966777408637874,0.0,3.234000000000016
B0043,B0043_D0099,99,71.62927996234626,300,22.733999999999998,327.734,339.484,11.75,39.48399999999998,339.484,24,0.9966777408637874,0.0,4.0779999999999745
B0043,B0043_D0100,100,70.98672427331482,300,22.922,327.922,328.0,0.07799999999997453,28.0,328.0,24,0.9933554817275747,0.0,5.077999999999999
B0043,B0043_D0101,101,70.06312875357865,300,22.828,327.828,328.546,0.7180000000000177,28.545999999999992,328.546,24,0.9966777408637874,0.0,5.717999999999993
B0043,B0043_D0102,102,69.31472654267984,300,23.0,328.0,329.937,1.9370000000000118,29.937000000000012,329.937,24,0.9966777408637874,0.0,6.937000000000012
B0043,B0043_D0103,103,69.2065128026239,300,22.938000000000002,327.938,330.625,2.687000000000012,30.625,330.625,24,0.9966777408637874,0.0,7.686999999999998
B0043,B0043_D0104,104,68.25871600935707,300,23.015,328.015,331.984,3.968999999999994,31.98399999999998,331.984,24,0.9966777408637874,0.0,8.96899999999998
B0043,B0043_D0105,105,68.0754166096449,300,23.000000000000004,328.0,332.063,4.062999999999988,32.06299999999999,332.063,24,0.9966777408637874,0.0,9.062999999999985
B0043,B0043_D0106,106,67.55008319398586,300,23.047000000000004,328.047,333.157,5.109999999999957,33.15699999999998,333.157,24,0.9966777408637874,0.0,10.109999999999978
B0043,B0043_D0107,107,66.41294033632565,300,23.062,328.062,333.75,5.687999999999988,33.75,333.75,24,0.9933554817275747,0.0,10.687999999999999
B0043,B0043_D0108,108,66.28603343710736,300,23.171999999999997,328.172,335.0,6.8279999999999745,35.0,335.0,24,0.9966777408637874,0.0,11.828000000000003
B0043,B0043_D0109,109,65.7145485798922,300,23.203,328.203,335.75,7.5470000000000255,35.75,335.75,24,0.9966777408637874,0.0,12.547
B0043,B0043_D0110,110,65.01630047405546,300,23.217999999999996,328.218,336.547,8.329000000000008,36.547000000000025,336.547,23,0.9966777408637874,0.0,0.2500000000000284
B0043,B0043_D0111,111,64.40535700778418,300,23.171999999999997,328.172,337.453,9.280999999999949,37.452999999999975,337.453,23,0.9933554817275747,0.0,1.1249999999999787
B0043,B0043_D0112,112,63.83900750600783,300,23.265,328.265,338.344,10.079000000000008,38.343999999999994,338.344,23,0.9966777408637874,0.0,1.999999999999993
B0044,B0044_D0001,1,84.32627775760369,300,19.469,324.469,328.969,4.5,28.968999999999994,328.969,32,0.9966777408637874,0.0,0.1249999999999929
B0044,B0044_D0002,2,83.12303265819592,300,19.531,324.531,331.453,6.921999999999969,31.452999999999975,331.453,32,0.9966777408637874,0.0,2.4839999999999733
B0044,B0044_D0003,3,82.67005377850256,300,19.625,324.625,334.156,9.531000000000006,34.156000000000006,334.156,32,0.9966777408637874,0.0,4.937000000000008
B0044,B0044_D0004,4,82.26072951745468,300,19.688000000000002,324.688,325.844,1.156000000000006,25.843999999999994,325.844,32,0.9933554817275747,0.0,6.155999999999992
B0044,B0044_D0005,5,81.78320311836706,300,19.719,324.719,328.078,3.3589999999999804,28.077999999999975,328.078,32,0.9966777408637874,0.0,8.358999999999973
B0044,B0044_D0007,7,81.33884882573233,300,19.828000000000003,324.828,331.531,6.703000000000031,31.531000000000006,331.531,31,0.9966777408637874,0.0,1.9690000000000012
B0044,B0044_D0008,8,80.79857752371532,300,19.953000000000003,324.953,333.703,8.75,33.702999999999975,333.703,31,0.9966777408637874,0.0,3.9529999999999745
B0044,B0044_D0009,9,80.38014193324811,300,19.953000000000003,324.953,325.594,0.6410000000000196,25.593999999999994,325.594,31,0.9966777408637874,0.0,5.640999999999991
B0044,B0044_D0010,10,80.01680200715806,300,20.125,325.125,327.156,2.031000000000006,27.156000000000006,327.156,31,0.9966777408637874,0.0,7.031000000000006
B0044,B0044_D0011,11,79.89350457495958,300,20.156,325.156,329.203,4.046999999999969,29.202999999999975,329.203,31,0.9966777408637874,0.0,9.046999999999976
B0044,B0044_D0012,12,79.50155132581757,300,20.141000000000005,325.141,330.75,5.6089999999999804,30.75,330.75,30,0.9833887043189369,0.0,0.671999999999997
B0044,B0044_D0013,13,79.08155577826047,300,20.156999999999996,325.157,332.344,7.187000000000012,32.343999999999994,332.344,30,0.9966777408637874,0.0,2.1409999999999982
B0044,B0044_D0014,14,78.5727815551735,300,20.187,325.187,334.047,8.860000000000014,34.047000000000025,334.047,30,0.9966777408637874,0.0,3.7820000000000213
B0044,B0044_D0015,15,78.1610399284989,300,20.297000000000004,325.297,325.578,0.28099999999994907,25.577999999999975,325.578,30,0.9933554817275747,0.0,5.28099999999997
B0044,B0044_D0016,16,78.03387694122793,300,20.406000000000006,325.406,327.031,1.625,27.031000000000006,327.031,30,0.9966777408637874,0.0,6.625
B0044,B0044_D0017,17,77.61943005657143,300,20.422,325.422,328.875,3.4529999999999745,28.875,328.875,30,0.9966777408637874,0.0,8.453
B0044,B0044_D0018,18,77.22296438280985,300,20.5,325.5,330.156,4.656000000000006,30.156000000000006,330.156,30,0.9933554817275747,0.0,9.656000000000006
B0044,B0044_D0019,19,76.82790670903275,300,20.5,325.5,331.656,6.156000000000006,31.656000000000006,331.656,29,0.9966777408637874,0.0,0.8120000000000047
B0044,B0044_D0020,20,76.53627933970536,300,20.797000000000004,325.797,329.719,3.9219999999999686,29.718999999999994,329.719,29,0.9966777408637874,0.0,8.92199999999999
B0044,B0044_D0021,21,77.2621404121164,300,20.531,325.531,334.562,9.031000000000006,34.56200000000001,334.562,29,0.9966777408637874,0.0,3.57800000000001
B0044,B0044_D0022,22,76.98572245908126,300,20.594,325.594,336.0,10.406000000000006,36.0,336.0,29,0.9966777408637874,0.0,4.875
B0044,B0044_D0023,23,76.52678538886882,300,20.625,325.625,326.922,1.2970000000000255,26.922000000000025,326.922,29,0.9966777408637874,0.0,6.2970000000000255
B0044,B0044_D0024,24,75.99867612048541,300,20.718999999999998,325.719,328.953,3.2339999999999804,28.952999999999975,328.953,29,0.9966777408637874,0.0,8.233999999999977
B0044,B0044_D0025,25,75.68314763422102,300,20.766000000000002,325.766,329.578,3.811999999999955,29.577999999999975,329.578,29,0.9933554817275747,0.0,8.811999999999973
B0044,B0044_D0026,26,75.06435003496476,300,20.828000000000003,325.828,330.937,5.109000000000037,30.937000000000012,330.937,29,0.9933554817275747,0.0,10.109000000000009
B0044,B0044_D0027,27,75.11907367455836,300,20.983999999999998,325.984,333.063,7.079000000000008,33.06299999999999,333.063,28,0.9966777408637874,0.0,1.3599999999999888
B0044,B0044_D0028,28,74.9047757713875,300,20.938,325.938,333.953,8.014999999999986,33.952999999999975,333.953,28,0.9933554817275747,0.0,2.264999999999972
B0044,B0044_D0029,29,74.53271195688555,300,20.985,325.985,335.078,9.092999999999961,35.077999999999975,335.078,28,0.9966777408637874,0.0,3.2649999999999793
B0044,B0044_D0030,30,74.21985819718105,300,20.938000000000002,325.938,336.016,10.078000000000031,36.01600000000002,336.016,28,0.9966777408637874,0.0,4.18800000000002
B0044,B0044_D0031,31,73.62660968115057,300,21.125,326.125,326.672,0.5470000000000255,26.672000000000025,326.672,28,0.9966777408637874,0.0,5.5470000000000255
B0044,B0044_D0032,32,73.31574691056603,300,21.125,326.125,327.985,1.8600000000000136,27.985000000000014,327.985,28,0.9966777408637874,0.0,6.860000000000014
B0044,B0044_D0033,33,73.35649234438888,300,21.156,326.156,329.703,3.5469999999999686,29.702999999999975,329.703,28,0.9966777408637874,0.0,8.546999999999976
B0044,B0044_D0034,34,72.96929498816569,300,21.172,326.172,330.266,4.093999999999994,30.26600000000002,330.266,28,0.9933554817275747,0.0,9.094000000000019
B0044,B0044_D0035,35,72.33950684252603,300,21.296999999999997,326.297,331.797,5.5,31.797000000000025,331.797,28,0.9933554817275747,0.0,10.500000000000028
B0044,B0044_D0036,36,71.95334929819114,300,21.343000000000004,326.343,332.796,6.4529999999999745,32.79599999999999,332.796,27,0.9966777408637874,0.0,0.35899999999999466
B0044,B0044_D0037,37,71.94946275231301,300,21.296,326.296,334.046,7.75,34.04599999999999,334.046,27,0.9966777408637874,0.0,1.6089999999999947
B0044,B0044_D0038,38,71.93099389789288,300,21.296999999999997,326.297,335.14,8.842999999999961,35.139999999999986,335.14,27,0.9966777408637874,0.0,2.5929999999999893
B0044,B0044_D0039,39,71.56706048326753,300,21.391,326.391,336.578,10.186999999999955,36.577999999999975,336.578,27,0.9966777408637874,0.0,3.9839999999999733
B0044,B0044_D0040,40,71.1486518831734,300,21.407,326.407,337.469,11.062000000000012,37.468999999999994,337.469,27,0.9933554817275747,0.0,4.858999999999995
B0044,B0044_D0041,41,70.75076549872547,300,21.375,326.375,327.421,1.0459999999999923,27.420999999999992,327.421,27,0.9966777408637874,0.0,6.045999999999992
B0044,B0044_D0088,88,73.89977255585538,300,22.436999999999998,327.437,329.89,2.4529999999999745,29.889999999999986,329.89,25,0.9900332225913622,0.0,7.452999999999989
B0044,B0044_D0089,89,74.70599357238396,300,22.453000000000003,327.453,330.406,2.9530000000000314,30.406000000000006,330.406,25,0.9966777408637874,0.0,7.953000000000003
B0044,B0044_D0090,90,74.40039100565865,300,22.5,327.5,331.813,4.312999999999988,31.812999999999988,331.813,25,0.9966777408637874,0.0,9.312999999999988
B0044,B0044_D0091,91,73.74169296358554,300,22.64,327.64,332.437,4.7970000000000255,32.43700000000001,332.437,25,0.9966777408637874,0.0,9.797000000000011
B0044,B0044_D0092,92,73.02189022392783,300,22.531999999999996,327.532,333.141,5.609000000000037,33.14100000000002,333.141,25,0.9966777408637874,0.0,10.609000000000023
B0044,B0044_D0093,93,72.61904207883595,300,22.688000000000002,327.688,334.157,6.468999999999994,34.15699999999998,334.157,25,0.9933554817275747,0.0,11.46899999999998
B0044,B0044_D0094,94,72.0551444182493,300,22.625,327.625,334.984,7.3589999999999804,34.98399999999998,334.984,25,0.9966777408637874,0.0,12.35899999999998
B0044,B0044_D0095,95,71.50177989205343,300,22.672,327.672,335.89,8.217999999999961,35.889999999999986,335.89,24,0.9900332225913622,0.0,0.6399999999999864
B0044,B0044_D0096,96,70.69716483599515,300,22.89,327.89,340.265,12.375,40.264999999999986,340.265,24,0.9933554817275747,0.0,4.639999999999986
B0044,B0044_D0097,97,69.86333748725157,300,22.781,327.781,338.141,10.360000000000014,38.14100000000002,338.141,24,0.9966777408637874,0.0,2.7500000000000213
B0044,B0044_D0098,98,69.32687938412937,300,22.797,327.797,338.766,10.968999999999994,38.76600000000002,338.766,24,0.9966777408637874,0.0,3.234000000000016
B0044,B0044_D0099,99,68.62376842862349,300,22.733999999999998,327.734,339.484,11.75,39.48399999999998,339.484,24,0.9966777408637874,0.0,4.0779999999999745
B0044,B0044_D0100,100,67.99296974406406,300,22.922,327.922,328.0,0.07799999999997453,28.0,328.0,24,0.9933554817275747,0.0,5.077999999999999
B0044,B0044_D0101,101,67.43366705196132,300,22.828,327.828,328.546,0.7180000000000177,28.545999999999992,328.546,24,0.9966777408637874,0.0,5.717999999999993
B0044,B0044_D0102,102,66.67129466602529,300,23.0,328.0,329.937,1.9370000000000118,29.937000000000012,329.937,24,0.9966777408637874,0.0,6.937000000000012
B0044,B0044_D0103,103,66.93896540537914,300,22.938000000000002,327.938,330.625,2.687000000000012,30.625,330.625,24,0.9966777408637874,0.0,7.686999999999998
B0044,B0044_D0104,104,65.76660201508498,300,23.015,328.015,331.984,3.968999999999994,31.98399999999998,331.984,24,0.9966777408637874,0.0,8.96899999999998
B0044,B0044_D0105,105,66.14816640550404,300,23.000000000000004,328.0,332.063,4.062999999999988,32.06299999999999,332.063,24,0.9966777408637874,0.0,9.062999999999985
B0044,B0044_D0106,106,65.43495762077536,300,23.047000000000004,328.047,333.157,5.109999999999957,33.15699999999998,333.157,24,0.9966777408637874,0.0,10.109999999999978
B0044,B0044_D0107,107,64.48749791950218,300,23.062,328.062,333.75,5.687999999999988,33.75,333.75,24,0.9933554817275747,0.0,10.687999999999999
B0044,B0044_D0108,108,64.53086295452081,300,23.171999999999997,328.172,335.0,6.8279999999999745,35.0,335.0,24,0.9966777408637874,0.0,11.828000000000003
B0044,B0044_D0109,109,63.76005626721083,300,23.203,328.203,335.75,7.5470000000000255,35.75,335.75,24,0.9966777408637874,0.0,12.547
B0044,B0044_D0110,110,63.4303632868729,300,23.217999999999996,328.218,336.547,8.329000000000008,36.547000000000025,336.547,23,0.9966777408637874,0.0,0.2500000000000284
B0044,B0044_D0111,111,62.82879986612989,300,23.171999999999997,328.172,337.453,9.280999999999949,37.452999999999975,337.453,23,0.9933554817275747,0.0,1.1249999999999787
B0044,B0044_D0112,112,62.43127254660435,300,23.265,328.265,338.344,10.079000000000008,38.343999999999994,338.344,23,0.9966777408637874,0.0,1.999999999999993
B0045,B0045_D0001,1,54.09896940389759,300,23.281,328.281,338.172,9.89100000000002,38.172000000000025,338.172,23,0.9966777408637874,0.0,1.7660000000000267
B0045,B0045_D0002,2,46.39762023741365,300,23.265,328.265,339.687,11.422000000000025,39.68700000000001,339.687,23,0.9966777408637874,0.0,3.250000000000014
B0045,B0045_D0003,3,44.2596804205788,300,23.312999999999995,328.313,339.657,11.343999999999994,39.65699999999998,339.657,23,0.9966777408637874,0.0,3.1569999999999823
B0045,B0045_D0004,4,42.90505349739141,300,23.375,328.375,340.703,12.327999999999975,40.702999999999975,340.703,23,0.9966777408637874,0.0,4.0309999999999775
B0045,B0045_D0005,5,42.04676106728344,300,23.421,328.421,341.281,12.860000000000014,41.281000000000006,341.281,23,0.9900332225913622,0.0,4.578000000000003
B0045,B0045_D0006,6,41.227359714509554,300,23.563000000000002,328.563,329.438,0.875,29.437999999999988,329.438,23,0.9966777408637874,0.0,5.874999999999986
B0045,B0045_D0007,7,39.67980209401992,300,23.531,328.531,330.218,1.6870000000000118,30.218000000000018,330.218,23,0.9966777408637874,0.0,6.687000000000019
B0045,B0045_D0008,8,40.91838043579602,300,23.531,328.531,331.062,2.531000000000006,31.062000000000012,331.062,23,0.9933554817275747,0.0,7.531000000000013
B0045,B0045_D0009,9,39.88822138204706,300,23.5,328.5,331.422,2.9220000000000255,31.422000000000025,331.422,23,0.9966777408637874,0.0,7.9220000000000255
B0045,B0045_D0010,10,39.968887059158185,300,23.578000000000003,328.578,332.344,3.7660000000000196,32.343999999999994,332.344,23,0.9966777408637874,0.0,8.765999999999991
B0045,B0045_D0011,11,38.91553720314446,300,23.64,328.64,332.937,4.2970000000000255,32.93700000000001,332.937,23,0.9966777408637874,0.0,9.297000000000011
B0045,B0045_D0012,12,39.01869115619559,300,23.688,328.688,333.547,4.859000000000037,33.547000000000025,333.547,23,0.9933554817275747,0.0,9.859000000000027
B0045,B0045_D0013,13,38.565291228201474,300,23.766,328.766,334.625,5.8589999999999804,34.625,334.625,23,0.9966777408637874,0.0,10.859000000000002
B0045,B0045_D0014,14,39.7639508489513,300,23.656,328.656,335.765,7.1089999999999804,35.764999999999986,335.765,23,0.9933554817275747,0.0,12.108999999999988
B0045,B0045_D0015,15,39.12064084959624,300,23.782,328.782,336.219,7.437000000000012,36.218999999999994,336.219,23,0.9966777408637874,0.0,12.436999999999994
B0045,B0045_D0016,16,38.24707496115591,300,23.703000000000003,328.703,336.797,8.094000000000051,36.797000000000025,336.797,23,0.9933554817275747,0.0,13.094000000000023
B0045,B0045_D0017,17,37.72449713389688,300,23.765000000000004,328.765,337.109,8.343999999999994,37.10899999999998,337.109,23,0.9966777408637874,0.0,13.343999999999976
B0045,B0045_D0018,18,37.52024489157147,300,23.813000000000002,328.813,338.531,9.718000000000018,38.531000000000006,338.531,22,0.9933554817275747,0.0,0.9680000000000035
B0045,B0045_D0019,19,37.03629054810128,300,23.906,328.906,339.453,10.546999999999969,39.452999999999975,339.453,22,0.9966777408637874,0.0,1.859999999999971
B0045,B0045_D0021,21,36.54262796896813,300,23.906,328.906,340.203,11.296999999999969,40.202999999999975,340.203,22,0.9900332225913622,0.0,2.5779999999999745
B0045,B0045_D0022,22,36.43627925588952,300,23.906000000000006,328.906,341.078,12.171999999999969,41.077999999999975,341.078,22,0.9966777408637874,0.0,3.2809999999999704
B0045,B0045_D0023,23,35.80511688518131,300,23.984,328.984,341.719,12.735000000000014,41.718999999999994,341.719,22,0.9933554817275747,0.0,3.8279999999999887
B0045,B0045_D0024,24,35.64602417494008,300,24.016,329.016,342.375,13.35899999999998,42.375,342.375,22,0.9933554817275747,0.0,4.5
B0045,B0045_D0025,25,35.70995914749809,300,24.015,329.015,329.5,0.48500000000001364,29.5,329.5,22,0.9966777408637874,0.0,5.484999999999999
B0045,B0045_D0026,26,35.95285409922111,300,24.063000000000002,329.063,330.016,0.9530000000000314,30.01600000000002,330.016,22,0.9966777408637874,0.0,5.953000000000017
B0045,B0045_D0027,27,35.869877143879584,300,24.061999999999998,329.062,330.547,1.4850000000000136,30.547000000000025,330.547,22,0.9966777408637874,0.0,6.485000000000028
B0045,B0045_D0028,28,35.35513748231973,300,24.25,329.25,331.39,2.1399999999999864,31.389999999999986,331.39,22,0.9966777408637874,0.0,7.139999999999986
B0045,B0045_D0029,29,35.1765603252771,300,24.171999999999997,329.172,331.61,2.437999999999988,31.610000000000014,331.61,22,0.9966777408637874,0.0,7.438000000000017
B0045,B0045_D0030,30,34.70554139479431,300,24.234,329.234,333.016,3.782000000000039,33.01600000000002,333.016,22,0.9867109634551495,0.0,8.782000000000018
B0045,B0045_D0031,31,34.57057194434804,300,24.296999999999997,329.297,333.047,3.75,33.047000000000025,333.047,22,0.9900332225913622,0.0,8.750000000000028
B0045,B0045_D0032,32,34.85775899252752,300,24.188,329.188,333.891,4.703000000000031,33.89100000000002,333.891,22,0.9966777408637874,0.0,9.70300000000002
B0045,B0045_D0033,33,34.16230108716361,300,24.281999999999996,329.282,335.172,5.890000000000043,35.172000000000025,335.172,22,0.9966777408637874,0.0,10.890000000000029
B0045,B0045_D0034,34,34.11014658746646,300,24.250000000000004,329.25,335.36,6.110000000000014,35.360000000000014,335.36,22,0.9966777408637874,0.0,11.11000000000001
B0045,B0045_D0035,35,36.447646066066895,300,24.343000000000004,329.343,335.703,6.359999999999957,35.702999999999975,335.703,22,0.9933554817275747,0.0,11.359999999999971
B0045,B0045_D0036,36,35.69660879143502,300,24.359,329.359,336.234,6.875,36.23399999999998,336.234,22,0.9966777408637874,0.0,11.874999999999979
B0045,B0045_D0037,37,34.78865873727741,300,24.360000000000003,329.36,337.219,7.8589999999999804,37.218999999999994,337.219,22,0.9966777408637874,0.0,12.858999999999991
B0045,B0045_D0038,38,35.09156481158547,300,24.406000000000002,329.406,337.969,8.562999999999988,37.968999999999994,337.969,22,0.9966777408637874,0.0,13.562999999999992
B0045,B0045_D0039,39,34.55904122189244,300,24.438,329.438,338.578,9.139999999999986,38.577999999999975,338.578,22,0.9900332225913622,0.0,14.139999999999976
B0045,B0045_D0040,40,34.21639876427514,300,24.406000000000002,329.406,338.953,9.546999999999969,38.952999999999975,338.953,21,0.9966777408637874,0.0,0.20299999999997453
B0045,B0045_D0041,41,33.706974544062426,300,24.516,329.516,339.891,10.375,39.89100000000002,339.891,21,0.9966777408637874,0.0,1.0000000000000213
B0045,B0045_D0042,42,33.350350871508695,300,24.452999999999996,329.453,340.375,10.922000000000025,40.375,340.375,21,0.9966777408637874,0.0,1.5470000000000041
B0045,B0045_D0043,43,34.020425586874275,300,24.547,329.547,341.047,11.5,41.047000000000025,341.047,21,0.9966777408637874,0.0,2.0780000000000243
B0045,B0045_D0044,44,33.08932031617742,300,24.593,329.593,341.797,12.204000000000008,41.797000000000025,341.797,21,0.9933554817275747,0.0,2.813000000000031
B0045,B0045_D0045,45,33.11584366746169,300,24.594,329.594,342.328,12.73399999999998,42.327999999999975,342.328,21,0.9966777408637874,0.0,3.2809999999999775
B0045,B0045_D0046,46,33.39679178590889,300,24.546999999999997,329.547,342.81299999999464,13.26599999999462,42.812999999994645,342.81299999999464,21,0.9966777408637874,0.0,3.765999999994648
B0045,B0045_D0047,47,32.44495442635344,300,24.735,329.735,343.641,13.906000000000006,43.64100000000002,343.641,21,0.9966777408637874,0.0,4.313000000000017
B0045,B0045_D0048,48,32.51819564812764,300,24.75,329.75,329.969,0.2189999999999941,29.968999999999994,329.969,21,0.9966777408637874,0.0,5.218999999999994
B0045,B0045_D0049,49,32.860388451014,300,24.735,329.735,330.657,0.9219999999999686,30.656999999999982,330.657,21,0.9933554817275747,0.0,5.921999999999983
B0045,B0045_D0050,50,31.81758729238108,300,24.812000000000005,329.812,331.422,1.6100000000000136,31.422000000000025,331.422,21,0.9933554817275747,0.0,6.610000000000021
B0045,B0045_D0051,51,32.68224680474294,300,24.718999999999998,329.719,331.156,1.4370000000000118,31.156000000000006,331.156,21,0.9933554817275747,0.0,6.437000000000008
B0045,B0045_D0052,52,31.95714136075444,300,24.781,329.781,332.359,2.5779999999999745,32.35899999999998,332.359,21,0.9966777408637874,0.0,7.577999999999982
B0045,B0045_D0053,53,32.41103024748118,300,24.811999999999998,329.812,332.453,2.6409999999999627,32.452999999999975,332.453,21,0.9933554817275747,0.0,7.640999999999977
B0045,B0045_D0054,54,31.439787359613646,300,24.844,329.844,333.422,3.5780000000000314,33.422000000000025,333.422,21,0.9966777408637874,0.0,8.578000000000024
B0045,B0045_D0055,55,31.902859250967,300,24.936999999999998,329.937,333.859,3.9219999999999686,33.85899999999998,333.859,21,0.9966777408637874,0.0,8.921999999999983
B0045,B0045_D0056,56,32.77412523916453,300,24.906,329.906,334.547,4.6410000000000196,34.547000000000025,334.547,21,0.9966777408637874,0.0,9.641000000000027
B0045,B0045_D0057,57,32.424674176985164,300,24.89,329.89,335.14,5.25,35.139999999999986,335.14,21,0.9966777408637874,0.0,10.249999999999986
B0045,B0045_D0058,58,32.27035843922461,300,25.000000000000004,330.0,335.844,5.843999999999994,35.843999999999994,335.844,21,0.9933554817275747,0.0,10.84399999999999
B0045,B0045_D0059,59,32.135040159228225,300,24.953000000000003,329.953,336.469,6.5160000000000196,36.468999999999994,336.469,21,0.9900332225913622,0.0,11.515999999999991
B0045,B0045_D0060,60,31.762274404012388,300,25.063,330.063,336.75,6.687000000000012,36.75,336.75,21,0.9966777408637874,0.0,11.687000000000001
B0045,B0045_D0061,61,30.783800097939345,300,25.015,330.015,337.359,7.343999999999994,37.35899999999998,337.359,21,0.9966777408637874,0.0,12.34399999999998
B0045,B0045_D0062,62,30.854168414035115,300,25.172,330.172,338.188,8.015999999999963,38.18799999999999,338.188,21,0.9966777408637874,0.0,13.015999999999988
B0045,B0045_D0063,63,32.17113695429336,300,25.094,330.094,338.578,8.48399999999998,38.577999999999975,338.578,21,0.9933554817275747,0.0,13.483999999999973
B0045,B0045_D0064,64,31.39062216871376,300,25.203000000000003,330.203,339.578,9.375,39.577999999999975,339.578,21,0.9966777408637874,0.0,14.374999999999972
B0045,B0045_D0065,65,31.450391576266863,300,25.094,330.094,339.875,9.781000000000006,39.875,339.875,21,0.9966777408637874,0.0,14.780999999999999
B0045,B0045_D0067,67,31.331777841461307,300,25.266,330.266,341.422,11.156000000000006,41.422000000000025,341.422,20,0.9900332225913622,0.0,0.9850000000000279
B0045,B0045_D0068,68,32.479067583582975,300,25.375000000000004,330.375,342.125,11.75,42.125,342.125,20,0.9966777408637874,0.0,1.5930000000000035
B0045,B0045_D0069,69,31.687425889831527,300,25.343999999999998,330.344,342.625,12.281000000000006,42.625,342.625,20,0.9966777408637874,0.0,2.125
B0045,B0045_D0070,70,31.49275464542822,300,25.297,330.297,342.39,12.092999999999961,42.389999999999986,342.39,20,0.9966777408637874,0.0,1.9679999999999893
B0045,B0045_D0071,71,30.91531889193368,300,25.311999999999998,330.312,342.906,12.593999999999994,42.906000000000006,342.906,20,0.9966777408637874,0.0,2.4220000000000113
B0045,B0045_D0072,72,30.34738084253889,300,25.312999999999995,330.313,343.688,13.375,43.68799999999999,343.688,20,0.9966777408637874,0.0,3.1559999999999917
B0046,B0046_D0001,1,86.41196161799124,300,23.281,328.281,338.172,9.89100000000002,38.172000000000025,338.172,23,0.9966777408637874,0.0,1.7660000000000267
B0046,B0046_D0002,2,75.80744233961572,300,23.265,328.265,339.687,11.422000000000025,39.68700000000001,339.687,23,0.9966777408637874,0.0,3.250000000000014
B0046,B0046_D0003,3,75.15605953519885,300,23.312999999999995,328.313,339.657,11.343999999999994,39.65699999999998,339.657,23,0.9966777408637874,0.0,3.1569999999999823
B0046,B0046_D0004,4,74.29328305141199,300,23.375,328.375,340.703,12.327999999999975,40.702999999999975,340.703,23,0.9966777408637874,0.0,4.0309999999999775
B0046,B0046_D0005,5,73.47281158196358,300,23.421,328.421,341.281,12.860000000000014,41.281000000000006,341.281,23,0.9900332225913622,0.0,4.578000000000003
B0046,B0046_D0006,6,72.94777296322404,300,23.563000000000002,328.563,329.438,0.875,29.437999999999988,329.438,23,0.9966777408637874,0.0,5.874999999999986
B0046,B0046_D0007,7,72.78426777549149,300,23.531,328.531,330.218,1.6870000000000118,30.218000000000018,330.218,23,0.9966777408637874,0.0,6.687000000000019
B0046,B0046_D0008,8,72.81161311901604,300,23.531,328.531,331.062,2.531000000000006,31.062000000000012,331.062,23,0.9933554817275747,0.0,7.531000000000013
B0046,B0046_D0009,9,72.20296118337569,300,23.5,328.5,331.422,2.9220000000000255,31.422000000000025,331.422,23,0.9966777408637874,0.0,7.9220000000000255
B0046,B0046_D0010,10,71.4147132382934,300,23.578000000000003,328.578,332.344,3.7660000000000196,32.343999999999994,332.344,23,0.9966777408637874,0.0,8.765999999999991
B0046,B0046_D0011,11,70.99924474017334,300,23.64,328.64,332.937,4.2970000000000255,32.93700000000001,332.937,23,0.9966777408637874,0.0,9.297000000000011
B0046,B0046_D0012,12,70.21613009258284,300,23.688,328.688,333.547,4.859000000000037,33.547000000000025,333.547,23,0.9933554817275747,0.0,9.859000000000027
B0046,B0046_D0013,13,71.17175650807994,300,23.766,328.766,334.625,5.8589999999999804,34.625,334.625,23,0.9966777408637874,0.0,10.859000000000002
B0046,B0046_D0014,14,71.69974428983647,300,23.656,328.656,335.765,7.1089999999999804,35.764999999999986,335.765,23,0.9933554817275747,0.0,12.108999999999988
B0046,B0046_D0015,15,70.92588523878285,300,23.782,328.782,336.219,7.437000000000012,36.218999999999994,336.219,23,0.9966777408637874,0.0,12.436999999999994
B0046,B0046_D0016,16,70.28156668914711,300,23.703000000000003,328.703,336.797,8.094000000000051,36.797000000000025,336.797,23,0.9933554817275747,0.0,13.094000000000023
B0046,B0046_D0017,17,69.45107012577809,300,23.765000000000004,328.765,337.109,8.343999999999994,37.10899999999998,337.109,23,0.9966777408637874,0.0,13.343999999999976
B0046,B0046_D0018,18,68.61669541368683,300,23.813000000000002,328.813,338.531,9.718000000000018,38.531000000000006,338.531,22,0.9933554817275747,0.0,0.9680000000000035
B0046,B0046_D0019,19,68.07889452995282,300,23.906,328.906,339.453,10.546999999999969,39.452999999999975,339.453,22,0.9966777408637874,0.0,1.859999999999971
B0046,B0046_D0021,21,70.50141008118715,300,23.906,328.906,340.203,11.296999999999969,40.202999999999975,340.203,22,0.9900332225913622,0.0,2.5779999999999745
B0046,B0046_D0022,22,66.97835687463244,300,23.906000000000006,328.906,341.078,12.171999999999969,41.077999999999975,341.078,22,0.9966777408637874,0.0,3.2809999999999704
B0046,B0046_D0023,23,66.4575774355874,300,23.984,328.984,341.719,12.735000000000014,41.718999999999994,341.719,22,0.9933554817275747,0.0,3.8279999999999887
B0046,B0046_D0024,24,65.90843516952859,300,24.016,329.016,342.375,13.35899999999998,42.375,342.375,22,0.9933554817275747,0.0,4.5
B0046,B0046_D0025,25,65.62118542330505,300,24.015,329.015,329.5,0.48500000000001364,29.5,329.5,22,0.9966777408637874,0.0,5.484999999999999
B0046,B0046_D0026,26,64.96618766081244,300,24.063000000000002,329.063,330.016,0.9530000000000314,30.01600000000002,330.016,22,0.9966777408637874,0.0,5.953000000000017
B0046,B0046_D0027,27,64.38741521087296,300,24.061999999999998,329.062,330.547,1.4850000000000136,30.547000000000025,330.547,22,0.9966777408637874,0.0,6.485000000000028
B0046,B0046_D0028,28,64.32641369874561,300,24.25,329.25,331.39,2.1399999999999864,31.389999999999986,331.39,22,0.9966777408637874,0.0,7.139999999999986
B0046,B0046_D0029,29,63.59818193493592,300,24.171999999999997,329.172,331.61,2.437999999999988,31.610000000000014,331.61,22,0.9966777408637874,0.0,7.438000000000017
B0046,B0046_D0030,30,63.57247672708596,300,24.234,329.234,333.016,3.782000000000039,33.01600000000002,333.016,22,0.9867109634551495,0.0,8.782000000000018
B0046,B0046_D0031,31,63.07711942329537,300,24.296999999999997,329.297,333.047,3.75,33.047000000000025,333.047,22,0.9900332225913622,0.0,8.750000000000028
B0046,B0046_D0032,32,62.10600809602066,300,24.188,329.188,333.891,4.703000000000031,33.89100000000002,333.891,22,0.9966777408637874,0.0,9.70300000000002
B0046,B0046_D0033,33,62.01268720834898,300,24.281999999999996,329.282,335.172,5.890000000000043,35.172000000000025,335.172,22,0.9966777408637874,0.0,10.890000000000029
B0046,B0046_D0034,34,64.25565006121442,300,24.250000000000004,329.25,335.36,6.110000000000014,35.360000000000014,335.36,22,0.9966777408637874,0.0,11.11000000000001
B0046,B0046_D0035,35,65.21663920849596,300,24.343000000000004,329.343,335.703,6.359999999999957,35.702999999999975,335.703,22,0.9933554817275747,0.0,11.359999999999971
B0046,B0046_D0036,36,63.89319520809978,300,24.359,329.359,336.234,6.875,36.23399999999998,336.234,22,0.9966777408637874,0.0,11.874999999999979
B0046,B0046_D0037,37,63.6173229582577,300,24.360000000000003,329.36,337.219,7.8589999999999804,37.218999999999994,337.219,22,0.9966777408637874,0.0,12.858999999999991
B0046,B0046_D0038,38,62.38941976384381,300,24.406000000000002,329.406,337.969,8.562999999999988,37.968999999999994,337.969,22,0.9966777408637874,0.0,13.562999999999992
B0046,B0046_D0039,39,61.76249598327763,300,24.438,329.438,338.578,9.139999999999986,38.577999999999975,338.578,22,0.9900332225913622,0.0,14.139999999999976
B0046,B0046_D0040,40,61.462564592597445,300,24.406000000000002,329.406,338.953,9.546999999999969,38.952999999999975,338.953,21,0.9966777408637874,0.0,0.20299999999997453
B0046,B0046_D0041,41,61.1945455250817,300,24.516,329.516,339.891,10.375,39.89100000000002,339.891,21,0.9966777408637874,0.0,1.0000000000000213
B0046,B0046_D0042,42,60.27116617856865,300,24.452999999999996,329.453,340.375,10.922000000000025,40.375,340.375,21,0.9966777408637874,0.0,1.5470000000000041
B0046,B0046_D0043,43,59.78912045004076,300,24.547,329.547,341.047,11.5,41.047000000000025,341.047,21,0.9966777408637874,0.0,2.0780000000000243
B0046,B0046_D0044,44,59.50364748349229,300,24.593,329.593,341.797,12.204000000000008,41.797000000000025,341.797,21,0.9933554817275747,0.0,2.813000000000031
B0046,B0046_D0045,45,58.9600881616826,300,24.594,329.594,342.328,12.73399999999998,42.327999999999975,342.328,21,0.9966777408637874,0.0,3.2809999999999775
B0046,B0046_D0046,46,58.4752016257277,300,24.546999999999997,329.547,342.81299999999464,13.26599999999462,42.812999999994645,342.81299999999464,21,0.9966777408637874,0.0,3.765999999994648
B0046,B0046_D0047,47,58.386188424959,300,24.735,329.735,343.641,13.906000000000006,43.64100000000002,343.641,21,0.9966777408637874,0.0,4.313000000000017
B0046,B0046_D0048,48,57.89628072914521,300,24.75,329.75,329.969,0.2189999999999941,29.968999999999994,329.969,21,0.9966777408637874,0.0,5.218999999999994
B0046,B0046_D0049,49,57.499064066884905,300,24.735,329.735,330.657,0.9219999999999686,30.656999999999982,330.657,21,0.9933554817275747,0.0,5.921999999999983
B0046,B0046_D0050,50,57.5142951111517,300,24.812000000000005,329.812,331.422,1.6100000000000136,31.422000000000025,331.422,21,0.9933554817275747,0.0,6.610000000000021
B0046,B0046_D0051,51,56.74726137042624,300,24.718999999999998,329.719,331.156,1.4370000000000118,31.156000000000006,331.156,21,0.9933554817275747,0.0,6.437000000000008
B0046,B0046_D0052,52,56.90480481756804,300,24.781,329.781,332.359,2.5779999999999745,32.35899999999998,332.359,21,0.9966777408637874,0.0,7.577999999999982
B0046,B0046_D0053,53,56.18555860752736,300,24.811999999999998,329.812,332.453,2.6409999999999627,32.452999999999975,332.453,21,0.9933554817275747,0.0,7.640999999999977
B0046,B0046_D0055,55,60.7059605677049,300,24.936999999999998,329.937,333.859,3.9219999999999686,33.85899999999998,333.859,21,0.9966777408637874,0.0,8.921999999999983
B0046,B0046_D0056,56,60.59723987614096,300,24.906,329.906,334.547,4.6410000000000196,34.547000000000025,334.547,21,0.9966777408637874,0.0,9.641000000000027
B0046,B0046_D0057,57,59.85624339665962,300,24.89,329.89,335.14,5.25,35.139999999999986,335.14,21,0.9966777408637874,0.0,10.249999999999986
B0046,B0046_D0058,58,59.11446075935493,300,25.000000000000004,330.0,335.844,5.843999999999994,35.843999999999994,335.844,21,0.9933554817275747,0.0,10.84399999999999
B0046,B0046_D0059,59,58.22668338389197,300,24.953000000000003,329.953,336.469,6.5160000000000196,36.468999999999994,336.469,21,0.9900332225913622,0.0,11.515999999999991
B0046,B0046_D0060,60,57.67779783759324,300,25.063,330.063,336.75,6.687000000000012,36.75,336.75,21,0.9966777408637874,0.0,11.687000000000001
B0046,B0046_D0061,61,58.00993550641032,300,25.015,330.015,337.359,7.343999999999994,37.35899999999998,337.359,21,0.9966777408637874,0.0,12.34399999999998
B0046,B0046_D0062,62,58.55858154103041,300,25.172,330.172,338.188,8.015999999999963,38.18799999999999,338.188,21,0.9966777408637874,0.0,13.015999999999988
B0046,B0046_D0063,63,57.817051353916085,300,25.094,330.094,338.578,8.48399999999998,38.577999999999975,338.578,21,0.9933554817275747,0.0,13.483999999999973
B0046,B0046_D0064,64,57.0541228096758,300,25.203000000000003,330.203,339.578,9.375,39.577999999999975,339.578,21,0.9966777408637874,0.0,14.374999999999972
B0046,B0046_D0065,65,56.76191798059062,300,25.094,330.094,339.875,9.781000000000006,39.875,339.875,21,0.9966777408637874,0.0,14.780999999999999
B0046,B0046_D0067,67,62.654239291414015,300,25.266,330.266,341.422,11.156000000000006,41.422000000000025,341.422,20,0.9900332225913622,0.0,0.9850000000000279
B0046,B0046_D0068,68,60.25226795178259,300,25.375000000000004,330.375,342.125,11.75,42.125,342.125,20,0.9966777408637874,0.0,1.5930000000000035
B0046,B0046_D0069,69,59.559930098136505,300,25.343999999999998,330.344,342.625,12.281000000000006,42.625,342.625,20,0.9966777408637874,0.0,2.125
B0046,B0046_D0070,70,58.731908687269,300,25.297,330.297,342.39,12.092999999999961,42.389999999999986,342.39,20,0.9966777408637874,0.0,1.9679999999999893
B0046,B0046_D0071,71,57.77716024117756,300,25.311999999999998,330.312,342.906,12.593999999999994,42.906000000000006,342.906,20,0.9966777408637874,0.0,2.4220000000000113
B0046,B0046_D0072,72,57.69020585114733,300,25.312999999999995,330.313,343.688,13.375,43.68799999999999,343.688,20,0.9966777408637874,0.0,3.1559999999999917
B0047,B0047_D0001,1,83.71523723487604,300,23.281,328.281,338.172,9.89100000000002,38.172000000000025,338.172,23,0.9966777408637874,0.0,1.7660000000000267
B0047,B0047_D0002,2,76.21831052549513,300,23.265,328.265,339.687,11.422000000000025,39.68700000000001,339.687,23,0.9966777408637874,0.0,3.250000000000014
B0047,B0047_D0003,3,75.40381484986712,300,23.312999999999995,328.313,339.657,11.343999999999994,39.65699999999998,339.657,23,0.9966777408637874,0.0,3.1569999999999823
B0047,B0047_D0004,4,74.17788980033848,300,23.375,328.375,340.703,12.327999999999975,40.702999999999975,340.703,23,0.9966777408637874,0.0,4.0309999999999775
B0047,B0047_D0005,5,73.35695833073262,300,23.421,328.421,341.281,12.860000000000014,41.281000000000006,341.281,23,0.9900332225913622,0.0,4.578000000000003
B0047,B0047_D0006,6,72.44290784911335,300,23.563000000000002,328.563,329.438,0.875,29.437999999999988,329.438,23,0.9966777408637874,0.0,5.874999999999986
B0047,B0047_D0007,7,72.29267090474663,300,23.531,328.531,330.218,1.6870000000000118,30.218000000000018,330.218,23,0.9966777408637874,0.0,6.687000000000019
B0047,B0047_D0008,8,71.55591330891416,300,23.531,328.531,331.062,2.531000000000006,31.062000000000012,331.062,23,0.9933554817275747,0.0,7.531000000000013
B0047,B0047_D0009,9,70.96372758289266,300,23.5,328.5,331.422,2.9220000000000255,31.422000000000025,331.422,23,0.9966777408637874,0.0,7.9220000000000255
B0047,B0047_D0010,10,69.99987110904135,300,23.578000000000003,328.578,332.344,3.7660000000000196,32.343999999999994,332.344,23,0.9966777408637874,0.0,8.765999999999991
B0047,B0047_D0011,11,69.42578343057218,300,23.64,328.64,332.937,4.2970000000000255,32.93700000000001,332.937,23,0.9966777408637874,0.0,9.297000000000011
B0047,B0047_D0012,12,68.26117334764483,300,23.688,328.688,333.547,4.859000000000037,33.547000000000025,333.547,23,0.9933554817275747,0.0,9.859000000000027
B0047,B0047_D0013,13,70.30221136485481,300,23.766,328.766,334.625,5.8589999999999804,34.625,334.625,23,0.9966777408637874,0.0,10.859000000000002
B0047,B0047_D0014,14,70.2877080676289,300,23.656,328.656,335.765,7.1089999999999804,35.764999999999986,335.765,23,0.9933554817275747,0.0,12.108999999999988
B0047,B0047_D0015,15,69.33831440863939,300,23.782,328.782,336.219,7.437000000000012,36.218999999999994,336.219,23,0.9966777408637874,0.0,12.436999999999994
B0047,B0047_D0016,16,68.52526530710112,300,23.703000000000003,328.703,336.797,8.094000000000051,36.797000000000025,336.797,23,0.9933554817275747,0.0,13.094000000000023
B0047,B0047_D0017,17,67.48715557411799,300,23.765000000000004,328.765,337.109,8.343999999999994,37.10899999999998,337.109,23,0.9966777408637874,0.0,13.343999999999976
B0047,B0047_D0018,18,66.25766683969893,300,23.813000000000002,328.813,338.531,9.718000000000018,38.531000000000006,338.531,22,0.9933554817275747,0.0,0.9680000000000035
B0047,B0047_D0019,19,65.55971934817903,300,23.906,328.906,339.453,10.546999999999969,39.452999999999975,339.453,22,0.9966777408637874,0.0,1.859999999999971
B0047,B0047_D0021,21,66.97117202966446,300,23.906,328.906,340.203,11.296999999999969,40.202999999999975,340.203,22,0.9900332225913622,0.0,2.5779999999999745
B0047,B0047_D0022,22,64.24578571280361,300,23.906000000000006,328.906,341.078,12.171999999999969,41.077999999999975,341.078,22,0.9966777408637874,0.0,3.2809999999999704
B0047,B0047_D0023,23,64.08595796639035,300,23.984,328.984,341.719,12.735000000000014,41.718999999999994,341.719,22,0.9933554817275747,0.0,3.8279999999999887
B0047,B0047_D0024,24,63.000258214714144,300,24.016,329.016,342.375,13.35899999999998,42.375,342.375,22,0.9933554817275747,0.0,4.5
B0047,B0047_D0025,25,63.30351929965629,300,24.015,329.015,329.5,0.48500000000001364,29.5,329.5,22,0.9966777408637874,0.0,5.484999999999999
B0047,B0047_D0026,26,62.067951471404015,300,24.063000000000002,329.063,330.016,0.9530000000000314,30.01600000000002,330.016,22,0.9966777408637874,0.0,5.953000000000017
B0047,B0047_D0027,27,61.49436851742656,300,24.061999999999998,329.062,330.547,1.4850000000000136,30.547000000000025,330.547,22,0.9966777408637874,0.0,6.485000000000028
B0047,B0047_D0028,28,61.404430725334805,300,24.25,329.25,331.39,2.1399999999999864,31.389999999999986,331.39,22,0.9966777408637874,0.0,7.139999999999986
B0047,B0047_D0029,29,60.69928594535021,300,24.171999999999997,329.172,331.61,2.437999999999988,31.610000000000014,331.61,22,0.9966777408637874,0.0,7.438000000000017
B0047,B0047_D0030,30,60.86717532282094,300,24.234,329.234,333.016,3.782000000000039,33.01600000000002,333.016,22,0.9867109634551495,0.0,8.782000000000018
B0047,B0047_D0031,31,60.36722972257959,300,24.296999999999997,329.297,333.047,3.75,33.047000000000025,333.047,22,0.9900332225913622,0.0,8.750000000000028
B0047,B0047_D0032,32,59.4020246135225,300,24.188,329.188,333.891,4.703000000000031,33.89100000000002,333.891,22,0.9966777408637874,0.0,9.70300000000002
B0047,B0047_D0033,33,59.3152374943271,300,24.281999999999996,329.282,335.172,5.890000000000043,35.172000000000025,335.172,22,0.9966777408637874,0.0,10.890000000000029
B0047,B0047_D0034,34,63.06967735514253,300,24.250000000000004,329.25,335.36,6.110000000000014,35.360000000000014,335.36,22,0.9966777408637874,0.0,11.11000000000001
B0047,B0047_D0035,35,63.241230794253255,300,24.343000000000004,329.343,335.703,6.359999999999957,35.702999999999975,335.703,22,0.9933554817275747,0.0,11.359999999999971
B0047,B0047_D0036,36,62.332472744911,300,24.359,329.359,336.234,6.875,36.23399999999998,336.234,22,0.9966777408637874,0.0,11.874999999999979
B0047,B0047_D0037,37,61.66962076397541,300,24.360000000000003,329.36,337.219,7.8589999999999804,37.218999999999994,337.219,22,0.9966777408637874,0.0,12.858999999999991
B0047,B0047_D0038,38,60.64625036018846,300,24.406000000000002,329.406,337.969,8.562999999999988,37.968999999999994,337.969,22,0.9966777408637874,0.0,13.562999999999992
B0047,B0047_D0039,39,59.99553298971824,300,24.438,329.438,338.578,9.139999999999986,38.577999999999975,338.578,22,0.9900332225913622,0.0,14.139999999999976
B0047,B0047_D0040,40,59.51279519196692,300,24.406000000000002,329.406,338.953,9.546999999999969,38.952999999999975,338.953,21,0.9966777408637874,0.0,0.20299999999997453
B0047,B0047_D0041,41,59.46281897727926,300,24.516,329.516,339.891,10.375,39.89100000000002,339.891,21,0.9966777408637874,0.0,1.0000000000000213
B0047,B0047_D0042,42,58.35348425629695,300,24.452999999999996,329.453,340.375,10.922000000000025,40.375,340.375,21,0.9966777408637874,0.0,1.5470000000000041
B0047,B0047_D0043,43,58.07674201545184,300,24.547,329.547,341.047,11.5,41.047000000000025,341.047,21,0.9966777408637874,0.0,2.0780000000000243
B0047,B0047_D0044,44,57.77781922174994,300,24.593,329.593,341.797,12.204000000000008,41.797000000000025,341.797,21,0.9933554817275747,0.0,2.813000000000031
B0047,B0047_D0045,45,57.442623330488566,300,24.594,329.594,342.328,12.73399999999998,42.327999999999975,342.328,21,0.9966777408637874,0.0,3.2809999999999775
B0047,B0047_D0046,46,57.17864933943895,300,24.546999999999997,329.547,342.81299999999464,13.26599999999462,42.812999999994645,342.81299999999464,21,0.9966777408637874,0.0,3.765999999994648
B0047,B0047_D0047,47,57.09007689714268,300,24.735,329.735,343.641,13.906000000000006,43.64100000000002,343.641,21,0.9966777408637874,0.0,4.313000000000017
B0047,B0047_D0048,48,56.802932375112746,300,24.75,329.75,329.969,0.2189999999999941,29.968999999999994,329.969,21,0.9966777408637874,0.0,5.218999999999994
B0047,B0047_D0049,49,56.18182340484643,300,24.735,329.735,330.657,0.9219999999999686,30.656999999999982,330.657,21,0.9933554817275747,0.0,5.921999999999983
B0047,B0047_D0050,50,56.60249450164472,300,24.812000000000005,329.812,331.422,1.6100000000000136,31.422000000000025,331.422,21,0.9933554817275747,0.0,6.610000000000021
B0047,B0047_D0051,51,55.85050881079076,300,24.718999999999998,329.719,331.156,1.4370000000000118,31.156000000000006,331.156,21,0.9933554817275747,0.0,6.437000000000008
B0047,B0047_D0052,52,56.0021519860991,300,24.781,329.781,332.359,2.5779999999999745,32.35899999999998,332.359,21,0.9966777408637874,0.0,7.577999999999982
B0047,B0047_D0053,53,55.298867229585326,300,24.811999999999998,329.812,332.453,2.6409999999999627,32.452999999999975,332.453,21,0.9933554817275747,0.0,7.640999999999977
B0047,B0047_D0055,55,59.53951187381008,300,24.936999999999998,329.937,333.859,3.9219999999999686,33.85899999999998,333.859,21,0.9966777408637874,0.0,8.921999999999983
B0047,B0047_D0056,56,60.06193544227011,300,24.906,329.906,334.547,4.6410000000000196,34.547000000000025,334.547,21,0.9966777408637874,0.0,9.641000000000027
B0047,B0047_D0057,57,59.53454774512401,300,24.89,329.89,335.14,5.25,35.139999999999986,335.14,21,0.9966777408637874,0.0,10.249999999999986
B0047,B0047_D0058,58,58.82187865154172,300,25.000000000000004,330.0,335.844,5.843999999999994,35.843999999999994,335.844,21,0.9933554817275747,0.0,10.84399999999999
B0047,B0047_D0059,59,58.14055186396176,300,24.953000000000003,329.953,336.469,6.5160000000000196,36.468999999999994,336.469,21,0.9900332225913622,0.0,11.515999999999991
B0047,B0047_D0060,60,57.58076420291292,300,25.063,330.063,336.75,6.687000000000012,36.75,336.75,21,0.9966777408637874,0.0,11.687000000000001
B0047,B0047_D0061,61,57.91836749174312,300,25.015,330.015,337.359,7.343999999999994,37.35899999999998,337.359,21,0.9966777408637874,0.0,12.34399999999998
B0047,B0047_D0062,62,58.46142644193103,300,25.172,330.172,338.188,8.015999999999963,38.18799999999999,338.188,21,0.9966777408637874,0.0,13.015999999999988
B0047,B0047_D0063,63,57.94074238109233,300,25.094,330.094,338.578,8.48399999999998,38.577999999999975,338.578,21,0.9933554817275747,0.0,13.483999999999973
B0047,B0047_D0064,64,57.19794073852727,300,25.203000000000003,330.203,339.578,9.375,39.577999999999975,339.578,21,0.9966777408637874,0.0,14.374999999999972
B0047,B0047_D0065,65,56.91970534079699,300,25.094,330.094,339.875,9.781000000000006,39.875,339.875,21,0.9966777408637874,0.0,14.780999999999999
B0047,B0047_D0067,67,61.065514251978335,300,25.266,330.266,341.422,11.156000000000006,41.422000000000025,341.422,20,0.9900332225913622,0.0,0.9850000000000279
B0047,B0047_D0068,68,60.15531489444531,300,25.375000000000004,330.375,342.125,11.75,42.125,342.125,20,0.9966777408637874,0.0,1.5930000000000035
B0047,B0047_D0069,69,59.48573556098842,300,25.343999999999998,330.344,342.625,12.281000000000006,42.625,342.625,20,0.9966777408637874,0.0,2.125
B0047,B0047_D0070,70,58.8711284421007,300,25.297,330.297,342.39,12.092999999999961,42.389999999999986,342.39,20,0.9966777408637874,0.0,1.9679999999999893
B0047,B0047_D0071,71,57.9221513646909,300,25.311999999999998,330.312,342.906,12.593999999999994,42.906000000000006,342.906,20,0.9966777408637874,0.0,2.4220000000000113
B0047,B0047_D0072,72,57.83543758420898,300,25.312999999999995,330.313,343.688,13.375,43.68799999999999,343.688,20,0.9966777408637874,0.0,3.1559999999999917
B0048,B0048_D0001,1,82.89977896838803,300,23.281,328.281,338.172,9.89100000000002,38.172000000000025,338.172,23,0.9966777408637874,0.0,1.7660000000000267
B0048,B0048_D0002,2,75.38466738049388,300,23.265,328.265,339.687,11.422000000000025,39.68700000000001,339.687,23,0.9966777408637874,0.0,3.250000000000014
B0048,B0048_D0003,3,74.94611671804016,300,23.312999999999995,328.313,339.657,11.343999999999994,39.65699999999998,339.657,23,0.9966777408637874,0.0,3.1569999999999823
B0048,B0048_D0004,4,73.91459751248894,300,23.375,328.375,340.703,12.327999999999975,40.702999999999975,340.703,23,0.9966777408637874,0.0,4.0309999999999775
B0048,B0048_D0005,5,73.09284456953054,300,23.421,328.421,341.281,12.860000000000014,41.281000000000006,341.281,23,0.9900332225913622,0.0,4.578000000000003
B0048,B0048_D0006,6,72.54796353236738,300,23.563000000000002,328.563,329.438,0.875,29.437999999999988,329.438,23,0.9966777408637874,0.0,5.874999999999986
B0048,B0048_D0007,7,72.5873498573554,300,23.531,328.531,330.218,1.6870000000000118,30.218000000000018,330.218,23,0.9966777408637874,0.0,6.687000000000019
B0048,B0048_D0008,8,72.2196433143738,300,23.531,328.531,331.062,2.531000000000006,31.062000000000012,331.062,23,0.9933554817275747,0.0,7.531000000000013
B0048,B0048_D0009,9,71.63691619826879,300,23.5,328.5,331.422,2.9220000000000255,31.422000000000025,331.422,23,0.9966777408637874,0.0,7.9220000000000255
B0048,B0048_D0010,10,70.8620600719331,300,23.578000000000003,328.578,332.344,3.7660000000000196,32.343999999999994,332.344,23,0.9966777408637874,0.0,8.765999999999991
B0048,B0048_D0011,11,70.28779972286726,300,23.64,328.64,332.937,4.2970000000000255,32.93700000000001,332.937,23,0.9966777408637874,0.0,9.297000000000011
B0048,B0048_D0012,12,69.51353134948532,300,23.688,328.688,333.547,4.859000000000037,33.547000000000025,333.547,23,0.9933554817275747,0.0,9.859000000000027
B0048,B0048_D0013,13,70.98329653940164,300,23.766,328.766,334.625,5.8589999999999804,34.625,334.625,23,0.9966777408637874,0.0,10.859000000000002
B0048,B0048_D0014,14,70.95281992616135,300,23.656,328.656,335.765,7.1089999999999804,35.764999999999986,335.765,23,0.9933554817275747,0.0,12.108999999999988
B0048,B0048_D0015,15,70.2136178352028,300,23.782,328.782,336.219,7.437000000000012,36.218999999999994,336.219,23,0.9966777408637874,0.0,12.436999999999994
B0048,B0048_D0016,16,69.5807024547917,300,23.703000000000003,328.703,336.797,8.094000000000051,36.797000000000025,336.797,23,0.9933554817275747,0.0,13.094000000000023
B0048,B0048_D0017,17,68.74809175147367,300,23.765000000000004,328.765,337.109,8.343999999999994,37.10899999999998,337.109,23,0.9966777408637874,0.0,13.343999999999976
B0048,B0048_D0018,18,67.72577856535582,300,23.813000000000002,328.813,338.531,9.718000000000018,38.531000000000006,338.531,22,0.9933554817275747,0.0,0.9680000000000035
B0048,B0048_D0019,19,67.20111536657993,300,23.906,328.906,339.453,10.546999999999969,39.452999999999975,339.453,22,0.9966777408637874,0.0,1.859999999999971
B0048,B0048_D0021,21,68.61922379302861,300,23.906,328.906,340.203,11.296999999999969,40.202999999999975,340.203,22,0.9900332225913622,0.0,2.5779999999999745
B0048,B0048_D0022,22,65.92052876337206,300,23.906000000000006,328.906,341.078,12.171999999999969,41.077999999999975,341.078,22,0.9966777408637874,0.0,3.2809999999999704
B0048,B0048_D0023,23,65.56363799789303,300,23.984,328.984,341.719,12.735000000000014,41.718999999999994,341.719,22,0.9933554817275747,0.0,3.8279999999999887
B0048,B0048_D0024,24,64.85086209500594,300,24.016,329.016,342.375,13.35899999999998,42.375,342.375,22,0.9933554817275747,0.0,4.5
B0048,B0048_D0025,25,64.97609763315859,300,24.015,329.015,329.5,0.48500000000001364,29.5,329.5,22,0.9966777408637874,0.0,5.484999999999999
B0048,B0048_D0026,26,64.13077033364786,300,24.063000000000002,329.063,330.016,0.9530000000000314,30.01600000000002,330.016,22,0.9966777408637874,0.0,5.953000000000017
B0048,B0048_D0027,27,63.764450762035,300,24.061999999999998,329.062,330.547,1.4850000000000136,30.547000000000025,330.547,22,0.9966777408637874,0.0,6.485000000000028
B0048,B0048_D0028,28,63.67786236632036,300,24.25,329.25,331.39,2.1399999999999864,31.389999999999986,331.39,22,0.9966777408637874,0.0,7.139999999999986
B0048,B0048_D0029,29,62.970571669692674,300,24.171999999999997,329.172,331.61,2.437999999999988,31.610000000000014,331.61,22,0.9966777408637874,0.0,7.438000000000017
B0048,B0048_D0030,30,63.15816292747938,300,24.234,329.234,333.016,3.782000000000039,33.01600000000002,333.016,22,0.9867109634551495,0.0,8.782000000000018
B0048,B0048_D0031,31,62.458586550681815,300,24.296999999999997,329.297,333.047,3.75,33.047000000000025,333.047,22,0.9900332225913622,0.0,8.750000000000028
B0048,B0048_D0032,32,61.69921739176535,300,24.188,329.188,333.891,4.703000000000031,33.89100000000002,333.891,22,0.9966777408637874,0.0,9.70300000000002
B0048,B0048_D0033,33,62.0015996014434,300,24.281999999999996,329.282,335.172,5.890000000000043,35.172000000000025,335.172,22,0.9966777408637874,0.0,10.890000000000029
B0048,B0048_D0034,34,65.1854285990355,300,24.250000000000004,329.25,335.36,6.110000000000014,35.360000000000014,335.36,22,0.9966777408637874,0.0,11.11000000000001
B0048,B0048_D0035,35,65.75279817352691,300,24.343000000000004,329.343,335.703,6.359999999999957,35.702999999999975,335.703,22,0.9933554817275747,0.0,11.359999999999971
B0048,B0048_D0036,36,64.44369150491038,300,24.359,329.359,336.234,6.875,36.23399999999998,336.234,22,0.9966777408637874,0.0,11.874999999999979
B0048,B0048_D0037,37,64.38568797942597,300,24.360000000000003,329.36,337.219,7.8589999999999804,37.218999999999994,337.219,22,0.9966777408637874,0.0,12.858999999999991
B0048,B0048_D0038,38,63.366899926577325,300,24.406000000000002,329.406,337.969,8.562999999999988,37.968999999999994,337.969,22,0.9966777408637874,0.0,13.562999999999992
B0048,B0048_D0039,39,62.529717284865306,300,24.438,329.438,338.578,9.139999999999986,38.577999999999975,338.578,22,0.9900332225913622,0.0,14.139999999999976
B0048,B0048_D0040,40,62.43565589697939,300,24.406000000000002,329.406,338.953,9.546999999999969,38.952999999999975,338.953,21,0.9966777408637874,0.0,0.20299999999997453
B0048,B0048_D0041,41,62.40011630414665,300,24.516,329.516,339.891,10.375,39.89100000000002,339.891,21,0.9966777408637874,0.0,1.0000000000000213
B0048,B0048_D0042,42,61.50447622299793,300,24.452999999999996,329.453,340.375,10.922000000000025,40.375,340.375,21,0.9966777408637874,0.0,1.5470000000000041
B0048,B0048_D0043,43,61.22098560750469,300,24.547,329.547,341.047,11.5,41.047000000000025,341.047,21,0.9966777408637874,0.0,2.0780000000000243
B0048,B0048_D0044,44,60.93341422558193,300,24.593,329.593,341.797,12.204000000000008,41.797000000000025,341.797,21,0.9933554817275747,0.0,2.813000000000031
B0048,B0048_D0045,45,60.18932618016808,300,24.594,329.594,342.328,12.73399999999998,42.327999999999975,342.328,21,0.9966777408637874,0.0,3.2809999999999775
B0048,B0048_D0046,46,59.73821150416113,300,24.546999999999997,329.547,342.81299999999464,13.26599999999462,42.812999999994645,342.81299999999464,21,0.9966777408637874,0.0,3.765999999994648
B0048,B0048_D0047,47,60.26045946935747,300,24.735,329.735,343.641,13.906000000000006,43.64100000000002,343.641,21,0.9966777408637874,0.0,4.313000000000017
B0048,B0048_D0048,48,59.77873296814232,300,24.75,329.75,329.969,0.2189999999999941,29.968999999999994,329.969,21,0.9966777408637874,0.0,5.218999999999994
B0048,B0048_D0049,49,59.44248551074942,300,24.735,329.735,330.657,0.9219999999999686,30.656999999999982,330.657,21,0.9933554817275747,0.0,5.921999999999983
B0048,B0048_D0050,50,59.57802625403703,300,24.812000000000005,329.812,331.422,1.6100000000000136,31.422000000000025,331.422,21,0.9933554817275747,0.0,6.610000000000021
B0048,B0048_D0051,51,58.63293576554828,300,24.718999999999998,329.719,331.156,1.4370000000000118,31.156000000000006,331.156,21,0.9933554817275747,0.0,6.437000000000008
B0048,B0048_D0052,52,59.20566936247078,300,24.781,329.781,332.359,2.5779999999999745,32.35899999999998,332.359,21,0.9966777408637874,0.0,7.577999999999982
B0048,B0048_D0053,53,57.88412561158884,300,24.811999999999998,329.812,332.453,2.6409999999999627,32.452999999999975,332.453,21,0.9933554817275747,0.0,7.640999999999977
B0048,B0048_D0055,55,62.96779255842991,300,24.936999999999998,329.937,333.859,3.9219999999999686,33.85899999999998,333.859,21,0.9966777408637874,0.0,8.921999999999983
B0048,B0048_D0056,56,63.2941687639013,300,24.906,329.906,334.547,4.6410000000000196,34.547000000000025,334.547,21,0.9966777408637874,0.0,9.641000000000027
B0048,B0048_D0057,57,62.3629933659206,300,24.89,329.89,335.14,5.25,35.139999999999986,335.14,21,0.9966777408637874,0.0,10.249999999999986
B0048,B0048_D0058,58,61.64043736281089,300,25.000000000000004,330.0,335.844,5.843999999999994,35.843999999999994,335.844,21,0.9933554817275747,0.0,10.84399999999999
B0048,B0048_D0059,59,61.59796391520952,300,24.953000000000003,329.953,336.469,6.5160000000000196,36.468999999999994,336.469,21,0.9900332225913622,0.0,11.515999999999991
B0048,B0048_D0060,60,61.0392893131389,300,25.063,330.063,336.75,6.687000000000012,36.75,336.75,21,0.9966777408637874,0.0,11.687000000000001
B0048,B0048_D0061,61,61.37720651633392,300,25.015,330.015,337.359,7.343999999999994,37.35899999999998,337.359,21,0.9966777408637874,0.0,12.34399999999998
B0048,B0048_D0062,62,61.933942071451774,300,25.172,330.172,338.188,8.015999999999963,38.18799999999999,338.188,21,0.9966777408637874,0.0,13.015999999999988
B0048,B0048_D0063,63,61.41788877703529,300,25.094,330.094,338.578,8.48399999999998,38.577999999999975,338.578,21,0.9933554817275747,0.0,13.483999999999973
B0048,B0048_D0064,64,60.47740753785226,300,25.203000000000003,330.203,339.578,9.375,39.577999999999975,339.578,21,0.9966777408637874,0.0,14.374999999999972
B0048,B0048_D0065,65,60.41071035340524,300,25.094,330.094,339.875,9.781000000000006,39.875,339.875,21,0.9966777408637874,0.0,14.780999999999999
B0048,B0048_D0067,67,64.99367271416074,300,25.266,330.266,341.422,11.156000000000006,41.422000000000025,341.422,20,0.9900332225913622,0.0,0.9850000000000279
B0048,B0048_D0068,68,63.45610325871889,300,25.375000000000004,330.375,342.125,11.75,42.125,342.125,20,0.9966777408637874,0.0,1.5930000000000035
B0048,B0048_D0069,69,62.775723173453926,300,25.343999999999998,330.344,342.625,12.281000000000006,42.625,342.625,20,0.9966777408637874,0.0,2.125
B0048,B0048_D0070,70,62.599384634488274,300,25.297,330.297,342.39,12.092999999999961,42.389999999999986,342.39,20,0.9966777408637874,0.0,1.9679999999999893
B0048,B0048_D0071,71,61.87491001509999,300,25.311999999999998,330.312,342.906,12.593999999999994,42.906000000000006,342.906,20,0.9966777408637874,0.0,2.4220000000000113
B0048,B0048_D0072,72,61.156369849394935,300,25.312999999999995,330.313,343.688,13.375,43.68799999999999,343.688,20,0.9966777408637874,0.0,3.1559999999999917
B0049,B0049_D0002,2,71.04528574708688,300,19.531,324.531,330.453,5.921999999999969,30.452999999999975,330.453,32,0.9933554817275747,0.0,1.5309999999999775
B0049,B0049_D0003,3,68.64260666946315,300,19.594,324.594,332.734,8.139999999999986,32.73399999999998,332.734,32,0.9966777408637874,0.0,3.6559999999999775
B0049,B0049_D0004,4,68.21871243714573,300,19.719,324.719,324.875,0.1560000000000059,24.875,324.875,32,0.9933554817275747,0.0,5.155999999999999
B0049,B0049_D0006,6,53.02678982835608,300,19.561999999999998,324.562,331.125,6.562999999999988,31.125,331.125,31,0.9966777408637874,0.0,1.953000000000003
B0049,B0049_D0007,7,50.34966188329748,300,19.594,324.594,333.094,8.5,33.093999999999994,333.094,31,0.9933554817275747,0.0,3.859999999999996
B0049,B0049_D0008,8,46.49387667179768,300,19.657000000000004,324.657,325.5,0.8430000000000177,25.5,325.5,31,0.9933554817275747,0.0,5.842999999999996
B0049,B0049_D0009,9,46.16188514741904,300,19.608999999999995,324.609,326.687,2.0780000000000314,26.687000000000012,326.687,31,0.9966777408637874,0.0,7.078000000000017
B0049,B0049_D0010,10,45.26639560586858,300,19.796999999999997,324.797,328.656,3.8589999999999804,28.656000000000006,328.656,31,0.9966777408637874,0.0,8.859000000000009
B0049,B0049_D0011,11,42.97924180319936,300,19.844,324.844,330.453,5.6089999999999804,30.452999999999975,330.453,30,0.9966777408637874,0.0,0.7189999999999728
B0049,B0049_D0012,12,41.84807147410353,300,19.906,324.906,332.343,7.437000000000012,32.34300000000002,332.343,30,0.9966777408637874,0.0,2.5470000000000184
B0049,B0049_D0013,13,42.28412093826567,300,19.796999999999997,324.797,333.265,8.467999999999961,33.264999999999986,333.265,30,0.9933554817275747,0.0,3.51499999999999
B0049,B0049_D0014,14,40.35607003788769,300,19.906,324.906,326.375,1.468999999999994,26.375,326.375,30,0.9966777408637874,0.0,6.469000000000001
B0049,B0049_D0015,15,39.10372180373367,300,20.046999999999997,325.047,326.454,1.4069999999999823,26.454000000000008,326.454,30,0.9966777408637874,0.0,6.407000000000011
B0049,B0049_D0016,16,39.765097220666746,300,20.094,325.094,328.157,3.062999999999988,28.156999999999982,328.157,30,0.9966777408637874,0.0,8.062999999999981
B0049,B0049_D0018,18,38.76025577359998,300,20.093,325.093,330.812,5.718999999999994,30.812000000000012,330.812,29,0.9933554817275747,0.0,0.4690000000000083
B0049,B0049_D0019,19,38.55932951922579,300,20.265000000000004,325.265,332.656,7.3910000000000196,32.656000000000006,332.656,29,0.9933554817275747,0.0,2.0940000000000047
B0049,B0049_D0020,20,37.92549457258973,300,20.235,325.235,334.657,9.421999999999969,34.65699999999998,334.657,29,0.9933554817275747,0.0,4.109999999999978
B0049,B0049_D0021,21,36.746932452495045,300,20.265,325.265,334.64,9.375,34.639999999999986,334.64,29,0.9966777408637874,0.0,4.061999999999987
B0049,B0049_D0022,22,36.83379016845378,300,20.156,325.156,329.422,4.2660000000000196,29.422000000000025,329.422,29,0.9966777408637874,0.0,9.266000000000027
B0049,B0049_D0023,23,35.46973299601819,300,20.125,325.125,330.297,5.1720000000000255,30.297000000000025,330.297,29,0.9966777408637874,0.0,10.172000000000025
B0049,B0049_D0024,24,35.932325046101546,300,20.234,325.234,332.219,6.985000000000014,32.218999999999994,332.219,28,0.9966777408637874,0.0,1.546999999999997
B0049,B0049_D0025,25,34.569426155233195,300,20.204,325.204,333.594,8.389999999999986,33.593999999999994,333.594,28,0.9933554817275747,0.0,2.8899999999999935
B0050,B0050_D0002,2,82.4394803888246,300,19.531,324.531,330.453,5.921999999999969,30.452999999999975,330.453,32,0.9933554817275747,0.0,1.5309999999999775
B0050,B0050_D0003,3,80.0818242698902,300,19.594,324.594,332.734,8.139999999999986,32.73399999999998,332.734,32,0.9966777408637874,0.0,3.6559999999999775
B0050,B0050_D0004,4,77.58782398713508,300,19.719,324.719,324.875,0.1560000000000059,24.875,324.875,32,0.9933554817275747,0.0,5.155999999999999
B0050,B0050_D0007,7,67.9513829445816,300,19.594,324.594,333.094,8.5,33.093999999999994,333.094,31,0.9933554817275747,0.0,3.859999999999996
B0050,B0050_D0008,8,68.71086346119128,300,19.657000000000004,324.657,325.5,0.8430000000000177,25.5,325.5,31,0.9933554817275747,0.0,5.842999999999996
B0050,B0050_D0009,9,67.64015215410988,300,19.608999999999995,324.609,326.687,2.0780000000000314,26.687000000000012,326.687,31,0.9966777408637874,0.0,7.078000000000017
B0050,B0050_D0010,10,68.03703096729215,300,19.796999999999997,324.797,328.656,3.8589999999999804,28.656000000000006,328.656,31,0.9966777408637874,0.0,8.859000000000009
B0050,B0050_D0012,12,70.01357123082208,300,19.906,324.906,332.343,7.437000000000012,32.34300000000002,332.343,30,0.9966777408637874,0.0,2.5470000000000184
B0050,B0050_D0013,13,71.44637377635415,300,19.796999999999997,324.797,333.265,8.467999999999961,33.264999999999986,333.265,30,0.9933554817275747,0.0,3.51499999999999
B0050,B0050_D0015,15,28.68466693784524,300,20.046999999999997,325.047,326.454,1.4069999999999823,26.454000000000008,326.454,30,0.9966777408637874,0.0,6.407000000000011
B0051,B0051_D0002,2,64.65902309991391,300,19.531,324.531,330.453,5.921999999999969,30.452999999999975,330.453,32,0.9933554817275747,0.0,1.5309999999999775
B0051,B0051_D0003,3,61.44470130595828,300,19.594,324.594,332.734,8.139999999999986,32.73399999999998,332.734,32,0.9966777408637874,0.0,3.6559999999999775
B0051,B0051_D0004,4,60.19515894858974,300,19.719,324.719,324.875,0.1560000000000059,24.875,324.875,32,0.9933554817275747,0.0,5.155999999999999
B0051,B0051_D0006,6,50.46404409563006,300,19.561999999999998,324.562,331.125,6.562999999999988,31.125,331.125,31,0.9966777408637874,0.0,1.953000000000003
B0051,B0051_D0007,7,47.828299475626615,300,19.594,324.594,333.094,8.5,33.093999999999994,333.094,31,0.9933554817275747,0.0,3.859999999999996
B0051,B0051_D0008,8,45.0978145682702,300,19.657000000000004,324.657,325.5,0.8430000000000177,25.5,325.5,31,0.9933554817275747,0.0,5.842999999999996
B0051,B0051_D0009,9,44.48953333069081,300,19.608999999999995,324.609,326.687,2.0780000000000314,26.687000000000012,326.687,31,0.9966777408637874,0.0,7.078000000000017
B0051,B0051_D0010,10,44.1535851831728,300,19.796999999999997,324.797,328.656,3.8589999999999804,28.656000000000006,328.656,31,0.9966777408637874,0.0,8.859000000000009
B0051,B0051_D0011,11,42.15635177240878,300,19.844,324.844,330.453,5.6089999999999804,30.452999999999975,330.453,30,0.9966777408637874,0.0,0.7189999999999728
B0051,B0051_D0012,12,41.32795517248315,300,19.906,324.906,332.343,7.437000000000012,32.34300000000002,332.343,30,0.9966777408637874,0.0,2.5470000000000184
B0051,B0051_D0013,13,41.76340773418982,300,19.796999999999997,324.797,333.265,8.467999999999961,33.264999999999986,333.265,30,0.9933554817275747,0.0,3.51499999999999
B0051,B0051_D0014,14,40.12859732493937,300,19.906,324.906,326.375,1.468999999999994,26.375,326.375,30,0.9966777408637874,0.0,6.469000000000001
B0051,B0051_D0015,15,39.19609392349757,300,20.046999999999997,325.047,326.454,1.4069999999999823,26.454000000000008,326.454,30,0.9966777408637874,0.0,6.407000000000011
B0051,B0051_D0016,16,39.55381746518001,300,20.094,325.094,328.157,3.062999999999988,28.156999999999982,328.157,30,0.9966777408637874,0.0,8.062999999999981
B0051,B0051_D0018,18,38.27269134740118,300,20.093,325.093,330.812,5.718999999999994,30.812000000000012,330.812,29,0.9933554817275747,0.0,0.4690000000000083
B0051,B0051_D0019,19,38.65886738169735,300,20.265000000000004,325.265,332.656,7.3910000000000196,32.656000000000006,332.656,29,0.9933554817275747,0.0,2.0940000000000047
B0051,B0051_D0020,20,38.026468882082426,300,20.235,325.235,334.657,9.421999999999969,34.65699999999998,334.657,29,0.9933554817275747,0.0,4.109999999999978
B0051,B0051_D0021,21,36.88215159623502,300,20.265,325.265,334.64,9.375,34.639999999999986,334.64,29,0.9966777408637874,0.0,4.061999999999987
B0051,B0051_D0022,22,36.95897501289535,300,20.156,325.156,329.422,4.2660000000000196,29.422000000000025,329.422,29,0.9966777408637874,0.0,9.266000000000027
B0051,B0051_D0023,23,35.07287714921297,300,20.125,325.125,330.297,5.1720000000000255,30.297000000000025,330.297,29,0.9966777408637874,0.0,10.172000000000025
B0051,B0051_D0024,24,35.23674740270891,300,20.234,325.234,332.219,6.985000000000014,32.218999999999994,332.219,28,0.9966777408637874,0.0,1.546999999999997
B0051,B0051_D0025,25,33.89244467852115,300,20.204,325.204,333.594,8.389999999999986,33.593999999999994,333.594,28,0.9933554817275747,0.0,2.8899999999999935
B0052,B0052_D0002,2,70.91547557180161,300,19.531,324.531,330.453,5.921999999999969,30.452999999999975,330.453,32,0.9933554817275747,0.0,1.5309999999999775
B0052,B0052_D0003,3,68.53561514346582,300,19.594,324.594,332.734,8.139999999999986,32.73399999999998,332.734,32,0.9966777408637874,0.0,3.6559999999999775
B0052,B0052_D0004,4,67.57823676313247,300,19.719,324.719,324.875,0.1560000000000059,24.875,324.875,32,0.9933554817275747,0.0,5.155999999999999
B0053,B0053_D0001,1,53.45708943097151,300,21.265000000000004,326.265,328.093,1.8280000000000314,28.093000000000018,328.093,28,0.9966777408637874,0.0,6.828000000000014
B0053,B0053_D0002,2,57.703639672161145,300,21.204,326.204,329.563,3.3589999999999804,29.562999999999988,329.563,28,0.9966777408637874,0.0,8.358999999999988
B0053,B0053_D0003,3,57.50762706913491,300,21.156,326.156,329.70299999999406,3.546999999994057,29.702999999994063,329.70299999999406,28,0.9933554817275747,0.0,8.546999999994064
B0053,B0053_D0004,4,56.52931926968383,300,21.281,326.281,331.578,5.296999999999969,31.577999999999975,331.578,28,0.9933554817275747,0.0,10.296999999999976
B0053,B0053_D0005,5,56.0895136178781,300,21.281000000000002,326.281,332.656,6.375,32.656000000000006,332.656,27,0.9966777408637874,0.0,0.2810000000000059
B0053,B0053_D0006,6,55.67991200721928,300,21.344,326.344,333.969,7.625,33.968999999999994,333.969,27,0.9966777408637874,0.0,1.4379999999999882
B0053,B0053_D0007,7,54.32327028547531,300,21.282,326.282,335.0,8.718000000000018,35.0,335.0,27,0.9966777408637874,0.0,2.546999999999997
B0053,B0053_D0008,8,53.237467844965735,300,21.358999999999995,326.359,335.953,9.593999999999994,35.952999999999975,335.953,27,0.9966777408637874,0.0,3.390999999999977
B0053,B0053_D0009,9,54.04644047479822,300,21.436999999999998,326.437,337.484,11.046999999999969,37.48399999999998,337.484,27,0.9966777408637874,0.0,4.749999999999986
B0053,B0053_D0010,10,54.26376020923232,300,21.5,326.5,326.89,0.38999999999998636,26.889999999999986,326.89,27,0.9966777408637874,0.0,5.389999999999986
B0053,B0053_D0011,11,52.52399966870447,300,21.562,326.562,328.109,1.5469999999999686,28.10899999999998,328.109,27,0.9933554817275747,0.0,6.546999999999979
B0053,B0053_D0012,12,54.26775088527152,300,21.562000000000005,326.562,328.781,2.218999999999994,28.781000000000006,328.781,27,0.9966777408637874,0.0,7.219000000000001
B0053,B0053_D0013,13,52.54197845395361,300,21.61,326.61,330.047,3.437000000000012,30.047000000000025,330.047,27,0.9900332225913622,0.0,8.437000000000026
B0053,B0053_D0014,14,53.0453394166559,300,21.546,326.546,331.343,4.7970000000000255,31.343000000000018,331.343,27,0.9966777408637874,0.0,9.797000000000018
B0053,B0053_D0015,15,53.529123053190695,300,21.609,326.609,332.219,5.610000000000014,32.218999999999994,332.219,27,0.9933554817275747,0.0,10.609999999999992
B0053,B0053_D0016,16,51.20183328318485,300,21.75,326.75,333.937,7.187000000000012,33.93700000000001,333.937,26,0.9966777408637874,0.0,0.656000000000013
B0053,B0053_D0017,17,53.35478626716929,300,21.766000000000002,326.766,335.391,8.625,35.39100000000002,335.391,26,0.9966777408637874,0.0,2.0160000000000196
B0053,B0053_D0018,18,51.39618925223749,300,21.735,326.735,335.063,8.327999999999975,35.06299999999999,335.063,26,0.9966777408637874,0.0,1.7029999999999887
B0053,B0053_D0019,19,51.62713199850504,300,21.781,326.781,336.203,9.421999999999969,36.202999999999975,336.203,26,0.9966777408637874,0.0,2.7339999999999733
B0053,B0053_D0020,20,52.79743923268525,300,21.859,326.859,337.297,10.438000000000045,37.297000000000025,337.297,26,0.9933554817275747,0.0,3.735000000000028
B0053,B0053_D0021,21,52.22656915654359,300,21.891,326.891,338.5,11.60899999999998,38.5,338.5,26,0.9966777408637874,0.0,4.875
B0053,B0053_D0022,22,51.76569534060916,300,21.843999999999998,326.844,327.531,0.6870000000000118,27.531000000000006,327.531,26,0.9966777408637874,0.0,5.687000000000008
B0053,B0053_D0023,23,53.8170526550991,300,21.938000000000002,326.938,328.328,1.3899999999999864,28.327999999999975,328.328,26,0.9966777408637874,0.0,6.389999999999972
B0053,B0053_D0024,24,51.76111570211771,300,22.266,327.266,336.219,8.952999999999975,36.218999999999994,336.219,25,0.9966777408637874,0.0,1.843999999999994
B0053,B0053_D0025,25,52.57143528454128,300,22.047000000000004,327.047,330.844,3.7969999999999686,30.843999999999994,330.844,26,0.9933554817275747,0.0,8.79699999999999
B0053,B0053_D0026,26,53.016646731948406,300,22.047,327.047,331.437,4.389999999999986,31.437000000000012,331.437,26,0.9900332225913622,0.0,9.390000000000011
B0053,B0053_D0027,27,51.18483231374269,300,22.156,327.156,332.218,5.062000000000012,32.21800000000002,332.218,26,0.9966777408637874,0.0,10.062000000000019
B0053,B0053_D0028,28,52.32942334375444,300,22.203000000000003,327.203,333.172,5.969000000000051,33.172000000000025,333.172,26,0.9933554817275747,0.0,10.969000000000023
B0053,B0053_D0029,29,50.15560842406116,300,22.125,327.125,333.89,6.764999999999986,33.889999999999986,333.89,26,0.9966777408637874,0.0,11.764999999999986
B0053,B0053_D0030,30,52.30789467807804,300,22.171999999999997,327.172,335.407,8.234999999999957,35.40699999999998,335.407,25,0.9966777408637874,0.0,1.2349999999999852
B0053,B0053_D0031,31,50.781317567628015,300,22.218000000000004,327.218,336.468,9.25,36.46800000000002,336.468,25,0.9966777408637874,0.0,2.140000000000015
B0053,B0053_D0032,32,51.25027446564726,300,22.219,327.219,337.031,9.812000000000012,37.031000000000006,337.031,25,0.9966777408637874,0.0,2.7190000000000083
B0053,B0053_D0033,33,49.00665812796456,300,22.203000000000003,327.203,337.703,10.5,37.702999999999975,337.703,25,0.9966777408637874,0.0,3.389999999999972
B0053,B0053_D0034,34,51.83888882101815,300,22.281999999999996,327.282,338.547,11.265000000000043,38.547000000000025,338.547,25,0.9966777408637874,0.0,4.10900000000003
B0053,B0053_D0035,35,51.3415031029361,300,22.437,327.437,327.64,0.20299999999997453,27.639999999999986,327.64,25,0.9966777408637874,0.0,5.202999999999985
B0053,B0053_D0036,36,50.75189831402551,300,22.422000000000004,327.422,328.313,0.8909999999999627,28.312999999999988,328.313,25,0.9966777408637874,0.0,5.890999999999984
B0053,B0053_D0037,37,49.52307369743088,300,22.484,327.484,329.156,1.6720000000000255,29.156000000000006,329.156,25,0.9933554817275747,0.0,6.672000000000004
B0053,B0053_D0038,38,50.72882587291379,300,22.5,327.5,330.172,2.6720000000000255,30.172000000000025,330.172,25,0.9966777408637874,0.0,7.6720000000000255
B0053,B0053_D0039,39,49.05654472040194,300,22.453,327.453,330.578,3.125,30.577999999999975,330.578,25,0.9966777408637874,0.0,8.124999999999975
B0053,B0053_D0040,40,50.20843714693218,300,22.5,327.5,331.094,3.593999999999994,31.093999999999994,331.094,25,0.9966777408637874,0.0,8.593999999999994
B0053,B0053_D0041,41,50.39102439803935,300,22.608999999999995,327.609,332.781,5.1720000000000255,32.781000000000006,332.781,25,0.9933554817275747,0.0,10.172000000000011
B0053,B0053_D0042,42,49.1227066542282,300,22.782,327.782,340.453,12.670999999999992,40.452999999999975,340.453,24,0.9966777408637874,0.0,4.889999999999972
B0053,B0053_D0043,43,55.48387677769014,300,22.516,327.516,334.344,6.8279999999999745,34.343999999999994,334.344,25,0.9966777408637874,0.0,11.827999999999996
B0053,B0053_D0044,44,55.68400794957381,300,22.687999999999995,327.688,335.594,7.906000000000006,35.593999999999994,335.594,24,0.9933554817275747,0.0,0.4059999999999988
B0053,B0053_D0045,45,51.92504550286202,300,22.687,327.687,335.609,7.921999999999969,35.60899999999998,335.609,24,0.9966777408637874,0.0,0.42199999999997573
B0053,B0053_D0046,46,53.84407951090039,300,22.686999999999998,327.687,336.656,8.968999999999994,36.656000000000006,336.656,24,0.9966777408637874,0.0,1.3900000000000077
B0053,B0053_D0047,47,53.60852752918691,300,22.75,327.75,337.813,10.062999999999988,37.81299999999999,337.813,24,0.9933554817275747,0.0,2.4849999999999923
B0053,B0053_D0048,48,50.62294499925558,300,22.781,327.781,338.906,11.125,38.906000000000006,338.906,24,0.9933554817275747,0.0,3.4370000000000047
B0053,B0053_D0049,49,51.39972428774792,300,22.781,327.781,339.14,11.35899999999998,39.139999999999986,339.14,24,0.9933554817275747,0.0,3.671999999999983
B0053,B0053_D0050,50,51.52073639524999,300,22.75,327.75,339.578,11.827999999999975,39.577999999999975,339.578,24,0.9933554817275747,0.0,4.124999999999979
B0053,B0053_D0051,51,52.780816369975255,300,22.875,327.875,328.187,0.3120000000000118,28.187000000000012,328.187,24,0.9966777408637874,0.0,5.312000000000012
B0053,B0053_D0052,52,50.055577090813145,300,22.875000000000004,327.875,329.109,1.2339999999999804,29.10899999999998,329.109,24,0.9900332225913622,0.0,6.233999999999977
B0053,B0053_D0053,53,52.33419607749331,300,22.968999999999994,327.969,329.906,1.9370000000000118,29.906000000000006,329.906,24,0.9966777408637874,0.0,6.937000000000012
B0053,B0053_D0054,54,52.35908280092715,300,22.984,327.984,332.328,4.343999999999994,32.327999999999975,332.328,24,0.9966777408637874,0.0,9.343999999999973
B0053,B0053_D0055,55,50.51370039212889,300,23.061999999999998,328.062,332.015,3.9529999999999745,32.014999999999986,332.015,24,0.9966777408637874,0.0,8.952999999999989
B0054,B0054_D0002,2,58.32720119058048,300,19.516000000000002,324.516,330.547,6.031000000000006,30.547000000000025,330.547,32,0.9966777408637874,0.0,1.5780000000000243
B0054,B0054_D0003,3,55.262607280693175,300,19.688000000000002,324.688,332.703,8.014999999999986,32.702999999999975,332.703,32,0.9966777408637874,0.0,3.4529999999999745
B0054,B0054_D0004,4,54.80151128592938,300,19.765,324.765,334.219,9.454000000000008,34.218999999999994,334.219,32,0.9900332225913622,0.0,4.92199999999999
B0054,B0054_D0005,5,53.77225342804872,300,19.766,324.766,326.719,1.9529999999999745,26.718999999999994,326.719,32,0.9966777408637874,0.0,6.952999999999996
B0054,B0054_D0006,6,53.27746764011898,300,19.717999999999996,324.718,328.828,4.109999999999957,28.827999999999975,328.828,32,0.9966777408637874,0.0,9.109999999999978
B0054,B0054_D0007,7,52.84184289986198,300,19.891,324.891,330.641,5.75,30.64100000000002,330.641,31,0.9966777408637874,0.0,1.0470000000000184
B0054,B0054_D0008,8,52.24532222682421,300,19.858999999999995,324.859,332.5,7.6410000000000196,32.5,332.5,31,0.9933554817275747,0.0,2.9070000000000036
B0054,B0054_D0009,9,52.291819884684834,300,19.859,324.859,334.046,9.187000000000012,34.04599999999999,334.046,31,0.9966777408637874,0.0,4.327999999999989
B0054,B0054_D0010,10,50.90939604390074,300,19.969,324.969,325.859,0.8899999999999864,25.85899999999998,325.859,31,0.9966777408637874,0.0,5.889999999999979
B0054,B0054_D0011,11,51.13204616836116,300,20.031000000000006,325.031,327.469,2.437999999999988,27.468999999999994,327.469,31,0.9966777408637874,0.0,7.437999999999988
B0054,B0054_D0012,12,51.94548093075449,300,20.171999999999997,325.172,329.11,3.937999999999988,29.110000000000014,329.11,31,0.9933554817275747,0.0,8.938000000000017
B0054,B0054_D0013,13,50.86625177175037,300,20.109,325.109,331.109,6.0,31.10899999999998,331.109,30,0.9966777408637874,0.0,0.9839999999999769
B0054,B0054_D0014,14,51.65919559972741,300,20.235,325.235,332.266,7.031000000000006,32.26600000000002,332.266,30,0.9933554817275747,0.0,1.922000000000022
B0054,B0054_D0015,15,50.47616059869798,300,20.234,325.234,333.922,8.688000000000045,33.922000000000025,333.922,30,0.9933554817275747,0.0,3.500000000000025
B0054,B0054_D0016,16,49.312416298132376,300,20.233999999999995,325.234,335.343,10.109000000000037,35.34300000000002,335.343,30,0.9966777408637874,0.0,4.953000000000021
B0054,B0054_D0017,17,50.40024160000218,300,20.296,325.296,326.718,1.4220000000000255,26.718000000000018,326.718,30,0.9966777408637874,0.0,6.422000000000018
B0054,B0054_D0018,18,50.76693880627098,300,20.563000000000002,325.563,334.672,9.109000000000037,34.672000000000025,334.672,29,0.9966777408637874,0.0,3.625000000000025
B0054,B0054_D0019,19,50.53393426677978,300,20.531,325.531,329.437,3.906000000000006,29.437000000000012,329.437,30,0.9933554817275747,0.0,8.906000000000013
B0054,B0054_D0020,20,50.5204828292668,300,20.469,325.469,331.11,5.6410000000000196,31.110000000000014,331.11,29,0.9966777408637874,0.0,0.31300000000001305
B0054,B0054_D0021,21,49.00716661981741,300,20.500000000000004,325.5,333.157,7.656999999999982,33.15699999999998,333.157,29,0.9933554817275747,0.0,2.2189999999999834
B0054,B0054_D0022,22,55.08320861812192,300,20.593999999999998,325.594,334.234,8.639999999999986,34.23399999999998,334.234,29,0.9933554817275747,0.0,3.1249999999999822
B0054,B0054_D0023,23,54.13256119500636,300,20.609,325.609,335.391,9.782000000000039,35.39100000000002,335.391,29,0.9933554817275747,0.0,4.360000000000021
B0054,B0054_D0024,24,52.87504193934171,300,20.686999999999998,325.687,326.531,0.8439999999999941,26.531000000000006,326.531,29,0.9933554817275747,0.0,5.844000000000008
B0054,B0054_D0025,25,51.927586658076606,300,20.781000000000002,325.781,327.906,2.125,27.906000000000006,327.906,29,0.9900332225913622,0.0,7.1250000000000036
B0054,B0054_D0026,26,50.36647450645566,300,20.765000000000004,325.765,329.672,3.907000000000039,29.672000000000025,329.672,29,0.9966777408637874,0.0,8.907000000000021
B0054,B0054_D0027,27,50.80200154270174,300,20.781000000000002,325.781,330.031,4.25,30.031000000000006,330.031,29,0.9966777408637874,0.0,9.250000000000004
B0054,B0054_D0028,28,50.79159818220476,300,20.86,325.86,331.797,5.937000000000012,31.797000000000025,331.797,28,0.9933554817275747,0.0,0.21900000000002606
B0054,B0054_D0029,29,50.07691901608136,300,20.952999999999996,325.953,333.422,7.469000000000051,33.422000000000025,333.422,28,0.9933554817275747,0.0,1.7190000000000296
B0054,B0054_D0030,30,49.0624430795912,300,20.952999999999996,325.953,334.484,8.531000000000006,34.48399999999998,334.484,28,0.9966777408637874,0.0,2.733999999999984
B0054,B0054_D0031,31,49.93708015055067,300,20.968999999999998,325.969,336.266,10.297000000000025,36.26600000000002,336.266,28,0.9933554817275747,0.0,4.3590000000000195
B0054,B0054_D0032,32,47.92007115474821,300,20.954,325.954,326.469,0.5149999999999864,26.468999999999994,326.469,28,0.9966777408637874,0.0,5.5149999999999935
B0054,B0054_D0033,33,49.00423066947312,300,21.188000000000002,326.188,327.266,1.0780000000000314,27.26600000000002,327.266,28,0.9966777408637874,0.0,6.078000000000017
B0054,B0054_D0034,34,48.60186099481383,300,21.141,326.141,328.5,2.3589999999999804,28.5,328.5,28,0.9966777408637874,0.0,7.359000000000002
B0054,B0054_D0035,35,48.46601403759206,300,21.172000000000004,326.172,329.594,3.4219999999999686,29.593999999999994,329.594,28,0.9900332225913622,0.0,8.42199999999999
B0054,B0054_D0036,36,47.39893194253132,300,21.14,326.14,330.468,4.328000000000031,30.468000000000018,330.468,28,0.9966777408637874,0.0,9.328000000000017
B0054,B0054_D0037,37,48.19259784535614,300,21.266,326.266,332.11,5.843999999999994,32.110000000000014,332.11,28,0.9966777408637874,0.0,10.844000000000015
B0054,B0054_D0038,38,48.41168347742348,300,21.249999999999996,326.25,333.578,7.3279999999999745,33.577999999999975,333.578,27,0.9933554817275747,0.0,1.2189999999999799
B0054,B0054_D0039,39,47.03510432301882,300,21.328000000000003,326.328,334.453,8.125,34.452999999999975,334.453,27,0.9966777408637874,0.0,1.9529999999999745
B0054,B0054_D0040,40,48.092210385194825,300,21.313000000000002,326.313,335.234,8.920999999999992,35.23399999999998,335.234,27,0.9966777408637874,0.0,2.7339999999999804
B0054,B0054_D0041,41,46.661700720998525,300,21.39,326.39,336.5,10.110000000000014,36.5,336.5,27,0.9966777408637874,0.0,3.8599999999999994
B0054,B0054_D0042,42,46.56727368572608,300,21.531999999999996,326.532,326.828,0.29599999999999227,26.827999999999975,326.828,27,0.9966777408637874,0.0,5.295999999999978
B0054,B0054_D0043,43,49.88214549558352,300,21.593,326.593,328.297,1.7040000000000077,28.297000000000025,328.297,27,0.9966777408637874,0.0,6.7040000000000255
B0054,B0054_D0044,44,49.16657631486018,300,21.609,326.609,329.656,3.0470000000000255,29.656000000000006,329.656,27,0.9966777408637874,0.0,8.047000000000004
B0054,B0054_D0045,45,49.521850313887214,300,21.485,326.485,329.781,3.2959999999999923,29.781000000000006,329.781,27,0.9933554817275747,0.0,8.296000000000006
B0054,B0054_D0046,46,47.49935670218147,300,21.563,326.563,330.797,4.234000000000037,30.797000000000025,330.797,27,0.9966777408637874,0.0,9.234000000000027
B0054,B0054_D0047,47,47.63013920450438,300,21.578000000000003,326.578,331.578,5.0,31.577999999999975,331.578,27,0.9966777408637874,0.0,9.999999999999972
B0054,B0054_D0048,48,44.250875877328575,300,21.265000000000004,326.265,328.093,1.8280000000000314,28.093000000000018,328.093,28,0.9966777408637874,0.0,6.828000000000014
B0054,B0054_D0049,49,49.687013751208845,300,21.204,326.204,329.563,3.3589999999999804,29.562999999999988,329.563,28,0.9966777408637874,0.0,8.358999999999988
B0054,B0054_D0050,50,49.775366525963946,300,21.156,326.156,329.70299999999406,3.546999999994057,29.702999999994063,329.70299999999406,28,0.9933554817275747,0.0,8.546999999994064
B0054,B0054_D0051,51,48.7703935484058,300,21.281,326.281,331.578,5.296999999999969,31.577999999999975,331.578,28,0.9933554817275747,0.0,10.296999999999976
B0054,B0054_D0052,52,48.2980279186961,300,21.281000000000002,326.281,332.656,6.375,32.656000000000006,332.656,27,0.9966777408637874,0.0,0.2810000000000059
B0054,B0054_D0053,53,47.86851310844377,300,21.344,326.344,333.969,7.625,33.968999999999994,333.969,27,0.9966777408637874,0.0,1.4379999999999882
B0054,B0054_D0054,54,46.47378295982466,300,21.282,326.282,335.0,8.718000000000018,35.0,335.0,27,0.9966777408637874,0.0,2.546999999999997
B0054,B0054_D0055,55,46.61776939911973,300,21.358999999999995,326.359,335.953,9.593999999999994,35.952999999999975,335.953,27,0.9966777408637874,0.0,3.390999999999977
B0054,B0054_D0056,56,47.72841892024845,300,21.436999999999998,326.437,337.484,11.046999999999969,37.48399999999998,337.484,27,0.9966777408637874,0.0,4.749999999999986
B0054,B0054_D0057,57,46.65121052186468,300,21.5,326.5,326.89,0.38999999999998636,26.889999999999986,326.89,27,0.9966777408637874,0.0,5.389999999999986
B0054,B0054_D0058,58,46.16470920004795,300,21.562,326.562,328.109,1.5469999999999686,28.10899999999998,328.109,27,0.9933554817275747,0.0,6.546999999999979
B0054,B0054_D0059,59,46.28899582131488,300,21.562000000000005,326.562,328.781,2.218999999999994,28.781000000000006,328.781,27,0.9966777408637874,0.0,7.219000000000001
B0054,B0054_D0060,60,45.81382896640042,300,21.61,326.61,330.047,3.437000000000012,30.047000000000025,330.047,27,0.9900332225913622,0.0,8.437000000000026
B0054,B0054_D0061,61,46.93505839556234,300,21.546,326.546,331.343,4.7970000000000255,31.343000000000018,331.343,27,0.9966777408637874,0.0,9.797000000000018
B0054,B0054_D0062,62,45.794952934385854,300,21.609,326.609,332.219,5.610000000000014,32.218999999999994,332.219,27,0.9933554817275747,0.0,10.609999999999992
B0054,B0054_D0063,63,46.01304495216894,300,21.75,326.75,333.937,7.187000000000012,33.93700000000001,333.937,26,0.9966777408637874,0.0,0.656000000000013
B0054,B0054_D0064,64,45.55626958680444,300,21.766000000000002,326.766,335.391,8.625,35.39100000000002,335.391,26,0.9966777408637874,0.0,2.0160000000000196
B0054,B0054_D0065,65,44.90253521847672,300,21.735,326.735,335.063,8.327999999999975,35.06299999999999,335.063,26,0.9966777408637874,0.0,1.7029999999999887
B0054,B0054_D0066,66,46.39432312008186,300,21.781,326.781,336.203,9.421999999999969,36.202999999999975,336.203,26,0.9966777408637874,0.0,2.7339999999999733
B0054,B0054_D0067,67,45.59207698493612,300,21.859,326.859,337.297,10.438000000000045,37.297000000000025,337.297,26,0.9933554817275747,0.0,3.735000000000028
B0054,B0054_D0068,68,44.68245824664734,300,21.891,326.891,338.5,11.60899999999998,38.5,338.5,26,0.9966777408637874,0.0,4.875
B0054,B0054_D0069,69,45.50432246302128,300,21.843999999999998,326.844,327.531,0.6870000000000118,27.531000000000006,327.531,26,0.9966777408637874,0.0,5.687000000000008
B0054,B0054_D0070,70,45.5745236573047,300,21.938000000000002,326.938,328.328,1.3899999999999864,28.327999999999975,328.328,26,0.9966777408637874,0.0,6.389999999999972
B0054,B0054_D0071,71,46.68586405819098,300,22.266,327.266,336.219,8.952999999999975,36.218999999999994,336.219,25,0.9966777408637874,0.0,1.843999999999994
B0054,B0054_D0072,72,44.90758878034388,300,22.047000000000004,327.047,330.844,3.7969999999999686,30.843999999999994,330.844,26,0.9933554817275747,0.0,8.79699999999999
B0054,B0054_D0073,73,45.69683567685627,300,22.047,327.047,331.437,4.389999999999986,31.437000000000012,331.437,26,0.9900332225913622,0.0,9.390000000000011
B0054,B0054_D0074,74,43.8242430857714,300,22.156,327.156,332.218,5.062000000000012,32.21800000000002,332.218,26,0.9966777408637874,0.0,10.062000000000019
B0054,B0054_D0075,75,44.27458979290982,300,22.203000000000003,327.203,333.172,5.969000000000051,33.172000000000025,333.172,26,0.9933554817275747,0.0,10.969000000000023
B0054,B0054_D0076,76,44.09537311423354,300,22.125,327.125,333.89,6.764999999999986,33.889999999999986,333.89,26,0.9966777408637874,0.0,11.764999999999986
B0054,B0054_D0077,77,45.22904552972398,300,22.171999999999997,327.172,335.407,8.234999999999957,35.40699999999998,335.407,25,0.9966777408637874,0.0,1.2349999999999852
B0054,B0054_D0078,78,43.67303174727998,300,22.218000000000004,327.218,336.468,9.25,36.46800000000002,336.468,25,0.9966777408637874,0.0,2.140000000000015
B0054,B0054_D0079,79,45.1565595493414,300,22.219,327.219,337.031,9.812000000000012,37.031000000000006,337.031,25,0.9966777408637874,0.0,2.7190000000000083
B0054,B0054_D0080,80,43.56108877030062,300,22.203000000000003,327.203,337.703,10.5,37.702999999999975,337.703,25,0.9966777408637874,0.0,3.389999999999972
B0054,B0054_D0081,81,44.682495217383085,300,22.281999999999996,327.282,338.547,11.265000000000043,38.547000000000025,338.547,25,0.9966777408637874,0.0,4.10900000000003
B0054,B0054_D0082,82,44.17532007343946,300,22.437,327.437,327.64,0.20299999999997453,27.639999999999986,327.64,25,0.9966777408637874,0.0,5.202999999999985
B0054,B0054_D0083,83,43.89701852683957,300,22.422000000000004,327.422,328.313,0.8909999999999627,28.312999999999988,328.313,25,0.9966777408637874,0.0,5.890999999999984
B0054,B0054_D0084,84,42.99694554682547,300,22.484,327.484,329.156,1.6720000000000255,29.156000000000006,329.156,25,0.9933554817275747,0.0,6.672000000000004
B0054,B0054_D0085,85,43.48679059804783,300,22.5,327.5,330.172,2.6720000000000255,30.172000000000025,330.172,25,0.9966777408637874,0.0,7.6720000000000255
B0054,B0054_D0086,86,43.191359074063385,300,22.453,327.453,330.578,3.125,30.577999999999975,330.578,25,0.9966777408637874,0.0,8.124999999999975
B0054,B0054_D0087,87,44.32847268894572,300,22.5,327.5,331.094,3.593999999999994,31.093999999999994,331.094,25,0.9966777408637874,0.0,8.593999999999994
B0054,B0054_D0088,88,43.45039286156664,300,22.608999999999995,327.609,332.781,5.1720000000000255,32.781000000000006,332.781,25,0.9933554817275747,0.0,10.172000000000011
B0054,B0054_D0089,89,42.372230441888256,300,22.782,327.782,340.453,12.670999999999992,40.452999999999975,340.453,24,0.9966777408637874,0.0,4.889999999999972
B0054,B0054_D0090,90,43.99863860790351,300,22.516,327.516,334.344,6.8279999999999745,34.343999999999994,334.344,25,0.9966777408637874,0.0,11.827999999999996
B0054,B0054_D0091,91,45.55222291384254,300,22.687999999999995,327.688,335.594,7.906000000000006,35.593999999999994,335.594,24,0.9933554817275747,0.0,0.4059999999999988
B0054,B0054_D0092,92,45.6086214667753,300,22.687,327.687,335.609,7.921999999999969,35.60899999999998,335.609,24,0.9966777408637874,0.0,0.42199999999997573
B0054,B0054_D0093,93,44.360219879424,300,22.686999999999998,327.687,336.656,8.968999999999994,36.656000000000006,336.656,24,0.9966777408637874,0.0,1.3900000000000077
B0054,B0054_D0094,94,44.80618383979608,300,22.75,327.75,337.813,10.062999999999988,37.81299999999999,337.813,24,0.9933554817275747,0.0,2.4849999999999923
B0054,B0054_D0095,95,44.25667000564226,300,22.781,327.781,338.906,11.125,38.906000000000006,338.906,24,0.9933554817275747,0.0,3.4370000000000047
B0054,B0054_D0096,96,43.96693322718059,300,22.781,327.781,339.14,11.35899999999998,39.139999999999986,339.14,24,0.9933554817275747,0.0,3.671999999999983
B0054,B0054_D0097,97,42.30612119225313,300,22.75,327.75,339.578,11.827999999999975,39.577999999999975,339.578,24,0.9933554817275747,0.0,4.124999999999979
B0054,B0054_D0098,98,43.52966576484671,300,22.875,327.875,328.187,0.3120000000000118,28.187000000000012,328.187,24,0.9966777408637874,0.0,5.312000000000012
B0054,B0054_D0099,99,42.20260454804552,300,22.875000000000004,327.875,329.109,1.2339999999999804,29.10899999999998,329.109,24,0.9900332225913622,0.0,6.233999999999977
B0054,B0054_D0100,100,42.68122339201789,300,22.968999999999994,327.969,329.906,1.9370000000000118,29.906000000000006,329.906,24,0.9966777408637874,0.0,6.937000000000012
B0054,B0054_D0101,101,42.62259668979069,300,22.984,327.984,332.328,4.343999999999994,32.327999999999975,332.328,24,0.9966777408637874,0.0,9.343999999999973
B0054,B0054_D0102,102,41.86959500896507,300,23.061999999999998,328.062,332.015,3.9529999999999745,32.014999999999986,332.015,24,0.9966777408637874,0.0,8.952999999999989
B0055,B0055_D0002,2,65.99460782314391,300,19.516000000000002,324.516,330.547,6.031000000000006,30.547000000000025,330.547,32,0.9966777408637874,0.0,1.5780000000000243
B0055,B0055_D0003,3,63.84916400566007,300,19.688000000000002,324.688,332.703,8.014999999999986,32.702999999999975,332.703,32,0.9966777408637874,0.0,3.4529999999999745
B0055,B0055_D0004,4,62.86295656115431,300,19.765,324.765,334.219,9.454000000000008,34.218999999999994,334.219,32,0.9900332225913622,0.0,4.92199999999999
B0055,B0055_D0005,5,60.3381875649706,300,19.766,324.766,326.719,1.9529999999999745,26.718999999999994,326.719,32,0.9966777408637874,0.0,6.952999999999996
B0055,B0055_D0006,6,60.38661268051598,300,19.717999999999996,324.718,328.828,4.109999999999957,28.827999999999975,328.828,32,0.9966777408637874,0.0,9.109999999999978
B0055,B0055_D0007,7,60.04807145046917,300,19.891,324.891,330.641,5.75,30.64100000000002,330.641,31,0.9966777408637874,0.0,1.0470000000000184
B0055,B0055_D0008,8,59.45295432749865,300,19.858999999999995,324.859,332.5,7.6410000000000196,32.5,332.5,31,0.9933554817275747,0.0,2.9070000000000036
B0055,B0055_D0009,9,58.48543913022165,300,19.859,324.859,334.046,9.187000000000012,34.04599999999999,334.046,31,0.9966777408637874,0.0,4.327999999999989
B0055,B0055_D0010,10,57.41823597306712,300,19.969,324.969,325.859,0.8899999999999864,25.85899999999998,325.859,31,0.9966777408637874,0.0,5.889999999999979
B0055,B0055_D0011,11,57.63863030486148,300,20.031000000000006,325.031,327.469,2.437999999999988,27.468999999999994,327.469,31,0.9966777408637874,0.0,7.437999999999988
B0055,B0055_D0012,12,56.59185235863614,300,20.171999999999997,325.172,329.11,3.937999999999988,29.110000000000014,329.11,31,0.9933554817275747,0.0,8.938000000000017
B0055,B0055_D0013,13,56.63262901691674,300,20.109,325.109,331.109,6.0,31.10899999999998,331.109,30,0.9966777408637874,0.0,0.9839999999999769
B0055,B0055_D0014,14,55.80282858287292,300,20.235,325.235,332.266,7.031000000000006,32.26600000000002,332.266,30,0.9933554817275747,0.0,1.922000000000022
B0055,B0055_D0015,15,54.923209125344265,300,20.234,325.234,333.922,8.688000000000045,33.922000000000025,333.922,30,0.9933554817275747,0.0,3.500000000000025
B0055,B0055_D0016,16,54.62847051548339,300,20.233999999999995,325.234,335.343,10.109000000000037,35.34300000000002,335.343,30,0.9966777408637874,0.0,4.953000000000021
B0055,B0055_D0017,17,55.45838403560155,300,20.296,325.296,326.718,1.4220000000000255,26.718000000000018,326.718,30,0.9966777408637874,0.0,6.422000000000018
B0055,B0055_D0018,18,55.37517514452856,300,20.563000000000002,325.563,334.672,9.109000000000037,34.672000000000025,334.672,29,0.9966777408637874,0.0,3.625000000000025
B0055,B0055_D0019,19,55.33758377122655,300,20.531,325.531,329.437,3.906000000000006,29.437000000000012,329.437,30,0.9933554817275747,0.0,8.906000000000013
B0055,B0055_D0020,20,53.63347062291412,300,20.469,325.469,331.11,5.6410000000000196,31.110000000000014,331.11,29,0.9966777408637874,0.0,0.31300000000001305
B0055,B0055_D0021,21,53.884220107533466,300,20.500000000000004,325.5,333.157,7.656999999999982,33.15699999999998,333.157,29,0.9933554817275747,0.0,2.2189999999999834
B0055,B0055_D0022,22,59.908573672679545,300,20.593999999999998,325.594,334.234,8.639999999999986,34.23399999999998,334.234,29,0.9933554817275747,0.0,3.1249999999999822
B0055,B0055_D0023,23,58.126907763404645,300,20.609,325.609,335.391,9.782000000000039,35.39100000000002,335.391,29,0.9933554817275747,0.0,4.360000000000021
B0055,B0055_D0024,24,57.78413732922112,300,20.686999999999998,325.687,326.531,0.8439999999999941,26.531000000000006,326.531,29,0.9933554817275747,0.0,5.844000000000008
B0055,B0055_D0025,25,56.8722049211178,300,20.781000000000002,325.781,327.906,2.125,27.906000000000006,327.906,29,0.9900332225913622,0.0,7.1250000000000036
B0055,B0055_D0026,26,55.63187676062746,300,20.765000000000004,325.765,329.672,3.907000000000039,29.672000000000025,329.672,29,0.9966777408637874,0.0,8.907000000000021
B0055,B0055_D0027,27,54.93280339229904,300,20.781000000000002,325.781,330.031,4.25,30.031000000000006,330.031,29,0.9966777408637874,0.0,9.250000000000004
B0055,B0055_D0028,28,54.9265137944232,300,20.86,325.86,331.797,5.937000000000012,31.797000000000025,331.797,28,0.9933554817275747,0.0,0.21900000000002606
B0055,B0055_D0029,29,55.146852004842685,300,20.952999999999996,325.953,333.422,7.469000000000051,33.422000000000025,333.422,28,0.9933554817275747,0.0,1.7190000000000296
B0055,B0055_D0030,30,54.74822461367659,300,20.952999999999996,325.953,334.484,8.531000000000006,34.48399999999998,334.484,28,0.9966777408637874,0.0,2.733999999999984
B0055,B0055_D0031,31,54.45339857415499,300,20.968999999999998,325.969,336.266,10.297000000000025,36.26600000000002,336.266,28,0.9933554817275747,0.0,4.3590000000000195
B0055,B0055_D0032,32,53.66616958180265,300,20.954,325.954,326.469,0.5149999999999864,26.468999999999994,326.469,28,0.9966777408637874,0.0,5.5149999999999935
B0055,B0055_D0033,33,54.768692837265455,300,21.188000000000002,326.188,327.266,1.0780000000000314,27.26600000000002,327.266,28,0.9966777408637874,0.0,6.078000000000017
B0055,B0055_D0034,34,53.19758733121562,300,21.141,326.141,328.5,2.3589999999999804,28.5,328.5,28,0.9966777408637874,0.0,7.359000000000002
B0055,B0055_D0035,35,54.28990362038515,300,21.172000000000004,326.172,329.594,3.4219999999999686,29.593999999999994,329.594,28,0.9900332225913622,0.0,8.42199999999999
B0055,B0055_D0036,36,52.94374482753778,300,21.14,326.14,330.468,4.328000000000031,30.468000000000018,330.468,28,0.9966777408637874,0.0,9.328000000000017
B0055,B0055_D0037,37,54.06630017595644,300,21.266,326.266,332.11,5.843999999999994,32.110000000000014,332.11,28,0.9966777408637874,0.0,10.844000000000015
B0055,B0055_D0038,38,53.08009312941615,300,21.249999999999996,326.25,333.578,7.3279999999999745,33.577999999999975,333.578,27,0.9933554817275747,0.0,1.2189999999999799
B0055,B0055_D0039,39,52.96960335290564,300,21.328000000000003,326.328,334.453,8.125,34.452999999999975,334.453,27,0.9966777408637874,0.0,1.9529999999999745
B0055,B0055_D0040,40,53.712565707123616,300,21.313000000000002,326.313,335.234,8.920999999999992,35.23399999999998,335.234,27,0.9966777408637874,0.0,2.7339999999999804
B0055,B0055_D0041,41,52.02807367065751,300,21.39,326.39,336.5,10.110000000000014,36.5,336.5,27,0.9966777408637874,0.0,3.8599999999999994
B0055,B0055_D0042,42,52.87828267662448,300,21.531999999999996,326.532,326.828,0.29599999999999227,26.827999999999975,326.828,27,0.9966777408637874,0.0,5.295999999999978
B0055,B0055_D0043,43,54.91764485457311,300,21.593,326.593,328.297,1.7040000000000077,28.297000000000025,328.297,27,0.9966777408637874,0.0,6.7040000000000255
B0055,B0055_D0044,44,55.48794968698685,300,21.609,326.609,329.656,3.0470000000000255,29.656000000000006,329.656,27,0.9966777408637874,0.0,8.047000000000004
B0055,B0055_D0045,45,53.96657889603436,300,21.485,326.485,329.781,3.2959999999999923,29.781000000000006,329.781,27,0.9933554817275747,0.0,8.296000000000006
B0055,B0055_D0046,46,53.58079547378074,300,21.563,326.563,330.797,4.234000000000037,30.797000000000025,330.797,27,0.9966777408637874,0.0,9.234000000000027
B0055,B0055_D0047,47,53.73232105509898,300,21.578000000000003,326.578,331.578,5.0,31.577999999999975,331.578,27,0.9966777408637874,0.0,9.999999999999972
B0055,B0055_D0048,48,54.3218415325895,300,21.265000000000004,326.265,328.093,1.8280000000000314,28.093000000000018,328.093,28,0.9966777408637874,0.0,6.828000000000014
B0055,B0055_D0049,49,56.70069173693979,300,21.204,326.204,329.563,3.3589999999999804,29.562999999999988,329.563,28,0.9966777408637874,0.0,8.358999999999988
B0055,B0055_D0050,50,55.884823589757936,300,21.156,326.156,329.70299999999406,3.546999999994057,29.702999999994063,329.70299999999406,28,0.9933554817275747,0.0,8.546999999994064
B0055,B0055_D0051,51,55.23234264822145,300,21.281,326.281,331.578,5.296999999999969,31.577999999999975,331.578,28,0.9933554817275747,0.0,10.296999999999976
B0055,B0055_D0052,52,54.4850074203713,300,21.281000000000002,326.281,332.656,6.375,32.656000000000006,332.656,27,0.9966777408637874,0.0,0.2810000000000059
B0055,B0055_D0053,53,53.7766773769086,300,21.344,326.344,333.969,7.625,33.968999999999994,333.969,27,0.9966777408637874,0.0,1.4379999999999882
B0055,B0055_D0054,54,53.04933388072184,300,21.282,326.282,335.0,8.718000000000018,35.0,335.0,27,0.9966777408637874,0.0,2.546999999999997
B0055,B0055_D0055,55,52.59109020807784,300,21.358999999999995,326.359,335.953,9.593999999999994,35.952999999999975,335.953,27,0.9966777408637874,0.0,3.390999999999977
B0055,B0055_D0056,56,52.76928949066379,300,21.436999999999998,326.437,337.484,11.046999999999969,37.48399999999998,337.484,27,0.9966777408637874,0.0,4.749999999999986
B0055,B0055_D0057,57,52.66551166845894,300,21.5,326.5,326.89,0.38999999999998636,26.889999999999986,326.89,27,0.9966777408637874,0.0,5.389999999999986
B0055,B0055_D0058,58,51.57682630042174,300,21.562,326.562,328.109,1.5469999999999686,28.10899999999998,328.109,27,0.9933554817275747,0.0,6.546999999999979
B0055,B0055_D0059,59,52.66700526629708,300,21.562000000000005,326.562,328.781,2.218999999999994,28.781000000000006,328.781,27,0.9966777408637874,0.0,7.219000000000001
B0055,B0055_D0060,60,51.58938399405394,300,21.61,326.61,330.047,3.437000000000012,30.047000000000025,330.047,27,0.9900332225913622,0.0,8.437000000000026
B0055,B0055_D0061,61,51.77103956078648,300,21.546,326.546,331.343,4.7970000000000255,31.343000000000018,331.343,27,0.9966777408637874,0.0,9.797000000000018
B0055,B0055_D0062,62,51.61125895655304,300,21.609,326.609,332.219,5.610000000000014,32.218999999999994,332.219,27,0.9933554817275747,0.0,10.609999999999992
B0055,B0055_D0063,63,50.5771698651736,300,21.75,326.75,333.937,7.187000000000012,33.93700000000001,333.937,26,0.9966777408637874,0.0,0.656000000000013
B0055,B0055_D0064,64,52.06880284075114,300,21.766000000000002,326.766,335.391,8.625,35.39100000000002,335.391,26,0.9966777408637874,0.0,2.0160000000000196
B0055,B0055_D0065,65,51.0870966934405,300,21.735,326.735,335.063,8.327999999999975,35.06299999999999,335.063,26,0.9966777408637874,0.0,1.7029999999999887
B0055,B0055_D0066,66,50.665677739846416,300,21.781,326.781,336.203,9.421999999999969,36.202999999999975,336.203,26,0.9966777408637874,0.0,2.7339999999999733
B0055,B0055_D0067,67,51.49971279813455,300,21.859,326.859,337.297,10.438000000000045,37.297000000000025,337.297,26,0.9933554817275747,0.0,3.735000000000028
B0055,B0055_D0068,68,50.94674903907163,300,21.891,326.891,338.5,11.60899999999998,38.5,338.5,26,0.9966777408637874,0.0,4.875
B0055,B0055_D0069,69,51.45439760427008,300,21.843999999999998,326.844,327.531,0.6870000000000118,27.531000000000006,327.531,26,0.9966777408637874,0.0,5.687000000000008
B0055,B0055_D0070,70,52.83814620950022,300,21.938000000000002,326.938,328.328,1.3899999999999864,28.327999999999975,328.328,26,0.9966777408637874,0.0,6.389999999999972
B0055,B0055_D0071,71,51.45834268158323,300,22.266,327.266,336.219,8.952999999999975,36.218999999999994,336.219,25,0.9966777408637874,0.0,1.843999999999994
B0055,B0055_D0072,72,51.6064922245051,300,22.047000000000004,327.047,330.844,3.7969999999999686,30.843999999999994,330.844,26,0.9933554817275747,0.0,8.79699999999999
B0055,B0055_D0073,73,52.046151419756384,300,22.047,327.047,331.437,4.389999999999986,31.437000000000012,331.437,26,0.9900332225913622,0.0,9.390000000000011
B0055,B0055_D0074,74,50.55805493834935,300,22.156,327.156,332.218,5.062000000000012,32.21800000000002,332.218,26,0.9966777408637874,0.0,10.062000000000019
B0055,B0055_D0075,75,51.68938056455892,300,22.203000000000003,327.203,333.172,5.969000000000051,33.172000000000025,333.172,26,0.9933554817275747,0.0,10.969000000000023
B0055,B0055_D0076,76,50.19971120101915,300,22.125,327.125,333.89,6.764999999999986,33.889999999999986,333.89,26,0.9966777408637874,0.0,11.764999999999986
B0055,B0055_D0077,77,51.67097739977502,300,22.171999999999997,327.172,335.407,8.234999999999957,35.40699999999998,335.407,25,0.9966777408637874,0.0,1.2349999999999852
B0055,B0055_D0078,78,50.49468282058231,300,22.218000000000004,327.218,336.468,9.25,36.46800000000002,336.468,25,0.9966777408637874,0.0,2.140000000000015
B0055,B0055_D0079,79,50.63131223970314,300,22.219,327.219,337.031,9.812000000000012,37.031000000000006,337.031,25,0.9966777408637874,0.0,2.7190000000000083
B0055,B0055_D0080,80,49.74371027863847,300,22.203000000000003,327.203,337.703,10.5,37.702999999999975,337.703,25,0.9966777408637874,0.0,3.389999999999972
B0055,B0055_D0081,81,51.20399778089666,300,22.281999999999996,327.282,338.547,11.265000000000043,38.547000000000025,338.547,25,0.9966777408637874,0.0,4.10900000000003
B0055,B0055_D0082,82,51.044447550215146,300,22.437,327.437,327.64,0.20299999999997453,27.639999999999986,327.64,25,0.9966777408637874,0.0,5.202999999999985
B0055,B0055_D0083,83,50.805040797205706,300,22.422000000000004,327.422,328.313,0.8909999999999627,28.312999999999988,328.313,25,0.9966777408637874,0.0,5.890999999999984
B0055,B0055_D0084,84,49.93937672553138,300,22.484,327.484,329.156,1.6720000000000255,29.156000000000006,329.156,25,0.9933554817275747,0.0,6.672000000000004
B0055,B0055_D0085,85,50.79434147461892,300,22.5,327.5,330.172,2.6720000000000255,30.172000000000025,330.172,25,0.9966777408637874,0.0,7.6720000000000255
B0055,B0055_D0086,86,49.81718758881297,300,22.453,327.453,330.578,3.125,30.577999999999975,330.578,25,0.9966777408637874,0.0,8.124999999999975
B0055,B0055_D0087,87,50.268886907097645,300,22.5,327.5,331.094,3.593999999999994,31.093999999999994,331.094,25,0.9966777408637874,0.0,8.593999999999994
B0055,B0055_D0088,88,50.45661455013955,300,22.608999999999995,327.609,332.781,5.1720000000000255,32.781000000000006,332.781,25,0.9933554817275747,0.0,10.172000000000011
B0055,B0055_D0089,89,49.922906203921016,300,22.782,327.782,340.453,12.670999999999992,40.452999999999975,340.453,24,0.9966777408637874,0.0,4.889999999999972
B0055,B0055_D0090,90,54.461946620570686,300,22.516,327.516,334.344,6.8279999999999745,34.343999999999994,334.344,25,0.9966777408637874,0.0,11.827999999999996
B0055,B0055_D0091,91,53.96968015851762,300,22.687999999999995,327.688,335.594,7.906000000000006,35.593999999999994,335.594,24,0.9933554817275747,0.0,0.4059999999999988
B0055,B0055_D0092,92,51.6307147657112,300,22.687,327.687,335.609,7.921999999999969,35.60899999999998,335.609,24,0.9966777408637874,0.0,0.42199999999997573
B0055,B0055_D0093,93,52.4928632451332,300,22.686999999999998,327.687,336.656,8.968999999999994,36.656000000000006,336.656,24,0.9966777408637874,0.0,1.3900000000000077
B0055,B0055_D0094,94,52.26951348624282,300,22.75,327.75,337.813,10.062999999999988,37.81299999999999,337.813,24,0.9933554817275747,0.0,2.4849999999999923
B0055,B0055_D0095,95,50.00803868356757,300,22.781,327.781,338.906,11.125,38.906000000000006,338.906,24,0.9933554817275747,0.0,3.4370000000000047
B0055,B0055_D0096,96,50.42047393439078,300,22.781,327.781,339.14,11.35899999999998,39.139999999999986,339.14,24,0.9933554817275747,0.0,3.671999999999983
B0055,B0055_D0097,97,50.18275790410195,300,22.75,327.75,339.578,11.827999999999975,39.577999999999975,339.578,24,0.9933554817275747,0.0,4.124999999999979
B0055,B0055_D0098,98,51.426348382976606,300,22.875,327.875,328.187,0.3120000000000118,28.187000000000012,328.187,24,0.9966777408637874,0.0,5.312000000000012
B0055,B0055_D0099,99,49.08422179493511,300,22.875000000000004,327.875,329.109,1.2339999999999804,29.10899999999998,329.109,24,0.9900332225913622,0.0,6.233999999999977
B0055,B0055_D0100,100,50.63560717085566,300,22.968999999999994,327.969,329.906,1.9370000000000118,29.906000000000006,329.906,24,0.9966777408637874,0.0,6.937000000000012
B0055,B0055_D0101,101,51.00689998074628,300,22.984,327.984,332.328,4.343999999999994,32.327999999999975,332.328,24,0.9966777408637874,0.0,9.343999999999973
B0055,B0055_D0102,102,49.53795831686582,300,23.061999999999998,328.062,332.015,3.9529999999999745,32.014999999999986,332.015,24,0.9966777408637874,0.0,8.952999999999989
B0056,B0056_D0002,2,67.21777776508684,300,19.516000000000002,324.516,330.547,6.031000000000006,30.547000000000025,330.547,32,0.9966777408637874,0.0,1.5780000000000243
B0056,B0056_D0003,3,65.87513553673759,300,19.688000000000002,324.688,332.703,8.014999999999986,32.702999999999975,332.703,32,0.9966777408637874,0.0,3.4529999999999745
B0056,B0056_D0004,4,64.86827339738456,300,19.765,324.765,334.219,9.454000000000008,34.218999999999994,334.219,32,0.9900332225913622,0.0,4.92199999999999
B0056,B0056_D0005,5,63.1980207427449,300,19.766,324.766,326.719,1.9529999999999745,26.718999999999994,326.719,32,0.9966777408637874,0.0,6.952999999999996
B0056,B0056_D0006,6,62.94748093516069,300,19.717999999999996,324.718,328.828,4.109999999999957,28.827999999999975,328.828,32,0.9966777408637874,0.0,9.109999999999978
B0056,B0056_D0007,7,64.030988451013,300,19.891,324.891,330.641,5.75,30.64100000000002,330.641,31,0.9966777408637874,0.0,1.0470000000000184
B0056,B0056_D0008,8,62.863934343035474,300,19.858999999999995,324.859,332.5,7.6410000000000196,32.5,332.5,31,0.9933554817275747,0.0,2.9070000000000036
B0056,B0056_D0009,9,61.131300205244486,300,19.859,324.859,334.046,9.187000000000012,34.04599999999999,334.046,31,0.9966777408637874,0.0,4.327999999999989
B0056,B0056_D0010,10,61.46386124628748,300,19.969,324.969,325.859,0.8899999999999864,25.85899999999998,325.859,31,0.9966777408637874,0.0,5.889999999999979
B0056,B0056_D0011,11,61.37890067844728,300,20.031000000000006,325.031,327.469,2.437999999999988,27.468999999999994,327.469,31,0.9966777408637874,0.0,7.437999999999988
B0056,B0056_D0012,12,60.66936444148384,300,20.171999999999997,325.172,329.11,3.937999999999988,29.110000000000014,329.11,31,0.9933554817275747,0.0,8.938000000000017
B0056,B0056_D0013,13,61.51118072465405,300,20.109,325.109,331.109,6.0,31.10899999999998,331.109,30,0.9966777408637874,0.0,0.9839999999999769
B0056,B0056_D0014,14,59.6376505423134,300,20.235,325.235,332.266,7.031000000000006,32.26600000000002,332.266,30,0.9933554817275747,0.0,1.922000000000022
B0056,B0056_D0015,15,59.335533179939006,300,20.234,325.234,333.922,8.688000000000045,33.922000000000025,333.922,30,0.9933554817275747,0.0,3.500000000000025
B0056,B0056_D0016,16,59.57437570121083,300,20.233999999999995,325.234,335.343,10.109000000000037,35.34300000000002,335.343,30,0.9966777408637874,0.0,4.953000000000021
B0056,B0056_D0017,17,60.7089303008908,300,20.296,325.296,326.718,1.4220000000000255,26.718000000000018,326.718,30,0.9966777408637874,0.0,6.422000000000018
B0056,B0056_D0018,18,60.47193779360701,300,20.563000000000002,325.563,334.672,9.109000000000037,34.672000000000025,334.672,29,0.9966777408637874,0.0,3.625000000000025
B0056,B0056_D0019,19,60.353614997016045,300,20.531,325.531,329.437,3.906000000000006,29.437000000000012,329.437,30,0.9933554817275747,0.0,8.906000000000013
B0056,B0056_D0020,20,58.14806246959565,300,20.469,325.469,331.11,5.6410000000000196,31.110000000000014,331.11,29,0.9966777408637874,0.0,0.31300000000001305
B0056,B0056_D0021,21,58.94398435295199,300,20.500000000000004,325.5,333.157,7.656999999999982,33.15699999999998,333.157,29,0.9933554817275747,0.0,2.2189999999999834
B0056,B0056_D0022,22,64.72552073022216,300,20.593999999999998,325.594,334.234,8.639999999999986,34.23399999999998,334.234,29,0.9933554817275747,0.0,3.1249999999999822
B0056,B0056_D0023,23,63.01283781501736,300,20.609,325.609,335.391,9.782000000000039,35.39100000000002,335.391,29,0.9933554817275747,0.0,4.360000000000021
B0056,B0056_D0024,24,62.04360645782554,300,20.686999999999998,325.687,326.531,0.8439999999999941,26.531000000000006,326.531,29,0.9933554817275747,0.0,5.844000000000008
B0056,B0056_D0025,25,62.60986701365565,300,20.781000000000002,325.781,327.906,2.125,27.906000000000006,327.906,29,0.9900332225913622,0.0,7.1250000000000036
B0056,B0056_D0026,26,61.39512850238692,300,20.765000000000004,325.765,329.672,3.907000000000039,29.672000000000025,329.672,29,0.9966777408637874,0.0,8.907000000000021
B0056,B0056_D0027,27,59.58585154473497,300,20.781000000000002,325.781,330.031,4.25,30.031000000000006,330.031,29,0.9966777408637874,0.0,9.250000000000004
B0056,B0056_D0028,28,59.29285120005503,300,20.86,325.86,331.797,5.937000000000012,31.797000000000025,331.797,28,0.9933554817275747,0.0,0.21900000000002606
B0056,B0056_D0029,29,59.20469143305714,300,20.952999999999996,325.953,333.422,7.469000000000051,33.422000000000025,333.422,28,0.9933554817275747,0.0,1.7190000000000296
B0056,B0056_D0030,30,60.299145679588285,300,20.952999999999996,325.953,334.484,8.531000000000006,34.48399999999998,334.484,28,0.9966777408637874,0.0,2.733999999999984
B0056,B0056_D0031,31,58.271424683969656,300,20.968999999999998,325.969,336.266,10.297000000000025,36.26600000000002,336.266,28,0.9933554817275747,0.0,4.3590000000000195
B0056,B0056_D0032,32,58.95030306596929,300,20.954,325.954,326.469,0.5149999999999864,26.468999999999994,326.469,28,0.9966777408637874,0.0,5.5149999999999935
B0056,B0056_D0033,33,60.06556873591576,300,21.188000000000002,326.188,327.266,1.0780000000000314,27.26600000000002,327.266,28,0.9966777408637874,0.0,6.078000000000017
B0056,B0056_D0034,34,58.27989016587159,300,21.141,326.141,328.5,2.3589999999999804,28.5,328.5,28,0.9966777408637874,0.0,7.359000000000002
B0056,B0056_D0035,35,59.015166752750105,300,21.172000000000004,326.172,329.594,3.4219999999999686,29.593999999999994,329.594,28,0.9900332225913622,0.0,8.42199999999999
B0056,B0056_D0036,36,58.29067094847523,300,21.14,326.14,330.468,4.328000000000031,30.468000000000018,330.468,28,0.9966777408637874,0.0,9.328000000000017
B0056,B0056_D0037,37,58.8198025788688,300,21.266,326.266,332.11,5.843999999999994,32.110000000000014,332.11,28,0.9966777408637874,0.0,10.844000000000015
B0056,B0056_D0038,38,57.29162756470383,300,21.249999999999996,326.25,333.578,7.3279999999999745,33.577999999999975,333.578,27,0.9933554817275747,0.0,1.2189999999999799
B0056,B0056_D0039,39,58.3778879990148,300,21.328000000000003,326.328,334.453,8.125,34.452999999999975,334.453,27,0.9966777408637874,0.0,1.9529999999999745
B0056,B0056_D0040,40,57.28183273559579,300,21.313000000000002,326.313,335.234,8.920999999999992,35.23399999999998,335.234,27,0.9966777408637874,0.0,2.7339999999999804
B0056,B0056_D0041,41,57.21833501412223,300,21.39,326.39,336.5,10.110000000000014,36.5,336.5,27,0.9966777408637874,0.0,3.8599999999999994
B0056,B0056_D0042,42,58.02588843194047,300,21.531999999999996,326.532,326.828,0.29599999999999227,26.827999999999975,326.828,27,0.9966777408637874,0.0,5.295999999999978
B0056,B0056_D0043,43,61.360065213012405,300,21.593,326.593,328.297,1.7040000000000077,28.297000000000025,328.297,27,0.9966777408637874,0.0,6.7040000000000255
B0056,B0056_D0044,44,62.273986010227375,300,21.609,326.609,329.656,3.0470000000000255,29.656000000000006,329.656,27,0.9966777408637874,0.0,8.047000000000004
B0056,B0056_D0045,45,58.61144424518614,300,21.485,326.485,329.781,3.2959999999999923,29.781000000000006,329.781,27,0.9933554817275747,0.0,8.296000000000006
B0056,B0056_D0046,46,59.76757499972478,300,21.563,326.563,330.797,4.234000000000037,30.797000000000025,330.797,27,0.9966777408637874,0.0,9.234000000000027
B0056,B0056_D0047,47,59.59757358101962,300,21.578000000000003,326.578,331.578,5.0,31.577999999999975,331.578,27,0.9966777408637874,0.0,9.999999999999972
B0056,B0056_D0048,48,61.48111832626293,300,21.265000000000004,326.265,328.093,1.8280000000000314,28.093000000000018,328.093,28,0.9966777408637874,0.0,6.828000000000014
B0056,B0056_D0049,49,63.87259709698494,300,21.204,326.204,329.563,3.3589999999999804,29.562999999999988,329.563,28,0.9966777408637874,0.0,8.358999999999988
B0056,B0056_D0050,50,62.16939875834292,300,21.156,326.156,329.70299999999406,3.546999999994057,29.702999999994063,329.70299999999406,28,0.9933554817275747,0.0,8.546999999994064
B0056,B0056_D0051,51,61.5401271456296,300,21.281,326.281,331.578,5.296999999999969,31.577999999999975,331.578,28,0.9933554817275747,0.0,10.296999999999976
B0056,B0056_D0052,52,60.81179267047332,300,21.281000000000002,326.281,332.656,6.375,32.656000000000006,332.656,27,0.9966777408637874,0.0,0.2810000000000059
B0056,B0056_D0053,53,60.44167863249774,300,21.344,326.344,333.969,7.625,33.968999999999994,333.969,27,0.9966777408637874,0.0,1.4379999999999882
B0056,B0056_D0054,54,59.73090581120179,300,21.282,326.282,335.0,8.718000000000018,35.0,335.0,27,0.9966777408637874,0.0,2.546999999999997
B0056,B0056_D0055,55,58.67124067397496,300,21.358999999999995,326.359,335.953,9.593999999999994,35.952999999999975,335.953,27,0.9966777408637874,0.0,3.390999999999977
B0056,B0056_D0056,56,57.02298152956564,300,21.436999999999998,326.437,337.484,11.046999999999969,37.48399999999998,337.484,27,0.9966777408637874,0.0,4.749999999999986
B0056,B0056_D0057,57,59.10858203422994,300,21.5,326.5,326.89,0.38999999999998636,26.889999999999986,326.89,27,0.9966777408637874,0.0,5.389999999999986
B0056,B0056_D0058,58,57.40331691027587,300,21.562,326.562,328.109,1.5469999999999686,28.10899999999998,328.109,27,0.9933554817275747,0.0,6.546999999999979
B0056,B0056_D0059,59,59.12690967517076,300,21.562000000000005,326.562,328.781,2.218999999999994,28.781000000000006,328.781,27,0.9966777408637874,0.0,7.219000000000001
B0056,B0056_D0060,60,57.760464314233,300,21.61,326.61,330.047,3.437000000000012,30.047000000000025,330.047,27,0.9900332225913622,0.0,8.437000000000026
B0056,B0056_D0061,61,56.08408356335848,300,21.546,326.546,331.343,4.7970000000000255,31.343000000000018,331.343,27,0.9966777408637874,0.0,9.797000000000018
B0056,B0056_D0062,62,58.13331312807285,300,21.609,326.609,332.219,5.610000000000014,32.218999999999994,332.219,27,0.9933554817275747,0.0,10.609999999999992
B0056,B0056_D0063,63,56.23478078724629,300,21.75,326.75,333.937,7.187000000000012,33.93700000000001,333.937,26,0.9966777408637874,0.0,0.656000000000013
B0056,B0056_D0064,64,58.32088974398965,300,21.766000000000002,326.766,335.391,8.625,35.39100000000002,335.391,26,0.9966777408637874,0.0,2.0160000000000196
B0056,B0056_D0065,65,56.73372578189731,300,21.735,326.735,335.063,8.327999999999975,35.06299999999999,335.063,26,0.9966777408637874,0.0,1.7029999999999887
B0056,B0056_D0066,66,55.06115658546378,300,21.781,326.781,336.203,9.421999999999969,36.202999999999975,336.203,26,0.9966777408637874,0.0,2.7339999999999733
B0056,B0056_D0067,67,57.80366974236416,300,21.859,326.859,337.297,10.438000000000045,37.297000000000025,337.297,26,0.9933554817275747,0.0,3.735000000000028
B0056,B0056_D0068,68,56.92804949382001,300,21.891,326.891,338.5,11.60899999999998,38.5,338.5,26,0.9966777408637874,0.0,4.875
B0056,B0056_D0069,69,58.78632724386853,300,21.843999999999998,326.844,327.531,0.6870000000000118,27.531000000000006,327.531,26,0.9966777408637874,0.0,5.687000000000008
B0056,B0056_D0070,70,59.84692816226278,300,21.938000000000002,326.938,328.328,1.3899999999999864,28.327999999999975,328.328,26,0.9966777408637874,0.0,6.389999999999972
B0056,B0056_D0071,71,56.33728994363133,300,22.266,327.266,336.219,8.952999999999975,36.218999999999994,336.219,25,0.9966777408637874,0.0,1.843999999999994
B0056,B0056_D0072,72,58.00515684279765,300,22.047000000000004,327.047,330.844,3.7969999999999686,30.843999999999994,330.844,26,0.9933554817275747,0.0,8.79699999999999
B0056,B0056_D0073,73,56.807293648451385,300,22.047,327.047,331.437,4.389999999999986,31.437000000000012,331.437,26,0.9900332225913622,0.0,9.390000000000011
B0056,B0056_D0074,74,56.98626947130938,300,22.156,327.156,332.218,5.062000000000012,32.21800000000002,332.218,26,0.9966777408637874,0.0,10.062000000000019
B0056,B0056_D0075,75,57.80005012383788,300,22.203000000000003,327.203,333.172,5.969000000000051,33.172000000000025,333.172,26,0.9933554817275747,0.0,10.969000000000023
B0056,B0056_D0076,76,56.34093095134175,300,22.125,327.125,333.89,6.764999999999986,33.889999999999986,333.89,26,0.9966777408637874,0.0,11.764999999999986
B0056,B0056_D0077,77,55.8344177840197,300,22.171999999999997,327.172,335.407,8.234999999999957,35.40699999999998,335.407,25,0.9966777408637874,0.0,1.2349999999999852
B0056,B0056_D0078,78,56.65306598833423,300,22.218000000000004,327.218,336.468,9.25,36.46800000000002,336.468,25,0.9966777408637874,0.0,2.140000000000015
B0056,B0056_D0079,79,54.46919948997986,300,22.219,327.219,337.031,9.812000000000012,37.031000000000006,337.031,25,0.9966777408637874,0.0,2.7190000000000083
B0056,B0056_D0080,80,55.60418229629684,300,22.203000000000003,327.203,337.703,10.5,37.702999999999975,337.703,25,0.9966777408637874,0.0,3.389999999999972
B0056,B0056_D0081,81,56.39975127324168,300,22.281999999999996,327.282,338.547,11.265000000000043,38.547000000000025,338.547,25,0.9966777408637874,0.0,4.10900000000003
B0056,B0056_D0082,82,56.93387282512089,300,22.437,327.437,327.64,0.20299999999997453,27.639999999999986,327.64,25,0.9966777408637874,0.0,5.202999999999985
B0056,B0056_D0083,83,56.355684811003215,300,22.422000000000004,327.422,328.313,0.8909999999999627,28.312999999999988,328.313,25,0.9966777408637874,0.0,5.890999999999984
B0056,B0056_D0084,84,55.507544348268745,300,22.484,327.484,329.156,1.6720000000000255,29.156000000000006,329.156,25,0.9933554817275747,0.0,6.672000000000004
B0056,B0056_D0085,85,56.72316130211232,300,22.5,327.5,330.172,2.6720000000000255,30.172000000000025,330.172,25,0.9966777408637874,0.0,7.6720000000000255
B0056,B0056_D0086,86,55.42293781514315,300,22.453,327.453,330.578,3.125,30.577999999999975,330.578,25,0.9966777408637874,0.0,8.124999999999975
B0056,B0056_D0087,87,53.84110435107422,300,22.5,327.5,331.094,3.593999999999994,31.093999999999994,331.094,25,0.9966777408637874,0.0,8.593999999999994
B0056,B0056_D0088,88,56.419910645990846,300,22.608999999999995,327.609,332.781,5.1720000000000255,32.781000000000006,332.781,25,0.9933554817275747,0.0,10.172000000000011
B0056,B0056_D0089,89,55.33175173265684,300,22.782,327.782,340.453,12.670999999999992,40.452999999999975,340.453,24,0.9966777408637874,0.0,4.889999999999972
B0056,B0056_D0090,90,63.58045361086595,300,22.516,327.516,334.344,6.8279999999999745,34.343999999999994,334.344,25,0.9966777408637874,0.0,11.827999999999996
B0056,B0056_D0091,91,62.07883587688984,300,22.687999999999995,327.688,335.594,7.906000000000006,35.593999999999994,335.594,24,0.9933554817275747,0.0,0.4059999999999988
B0056,B0056_D0092,92,58.7326452211407,300,22.687,327.687,335.609,7.921999999999969,35.60899999999998,335.609,24,0.9966777408637874,0.0,0.42199999999997573
B0056,B0056_D0093,93,59.94694942593881,300,22.686999999999998,327.687,336.656,8.968999999999994,36.656000000000006,336.656,24,0.9966777408637874,0.0,1.3900000000000077
B0056,B0056_D0094,94,57.30699482594282,300,22.75,327.75,337.813,10.062999999999988,37.81299999999999,337.813,24,0.9933554817275747,0.0,2.4849999999999923
B0056,B0056_D0095,95,56.461218933594246,300,22.781,327.781,338.906,11.125,38.906000000000006,338.906,24,0.9933554817275747,0.0,3.4370000000000047
B0056,B0056_D0096,96,55.51716444009956,300,22.781,327.781,339.14,11.35899999999998,39.139999999999986,339.14,24,0.9933554817275747,0.0,3.671999999999983
B0056,B0056_D0097,97,57.69547364487375,300,22.75,327.75,339.578,11.827999999999975,39.577999999999975,339.578,24,0.9933554817275747,0.0,4.124999999999979
B0056,B0056_D0098,98,56.51095727670069,300,22.875,327.875,328.187,0.3120000000000118,28.187000000000012,328.187,24,0.9966777408637874,0.0,5.312000000000012
B0056,B0056_D0099,99,56.29359704017048,300,22.875000000000004,327.875,329.109,1.2339999999999804,29.10899999999998,329.109,24,0.9900332225913622,0.0,6.233999999999977
B0056,B0056_D0100,100,57.15054141960484,300,22.968999999999994,327.969,329.906,1.9370000000000118,29.906000000000006,329.906,24,0.9966777408637874,0.0,6.937000000000012
B0056,B0056_D0101,101,56.86365887655146,300,22.984,327.984,332.328,4.343999999999994,32.327999999999975,332.328,24,0.9966777408637874,0.0,9.343999999999973
B0056,B0056_D0102,102,56.45295068889752,300,23.061999999999998,328.062,332.015,3.9529999999999745,32.014999999999986,332.015,24,0.9966777408637874,0.0,8.952999999999989
