cycle_uid,battery_id,manifest_row,protocol_id,provenance_status,raw_source_file,raw_source_sha256,raw_cycle_array_index,discharge_sequence_index,decision_time_s,window_start_s,window_end_s,raw_samples_inside_nominal_interval,raw_sample_indices,raw_sample_count_used_for_interp,latest_used_timestamp_s,future_support_s,feature_max_abs_diff,feature_sha256_float32_le,target_source
B0005_D0001,B0005,0,ONLINE_FIXED_START_CAUSAL_10S_V1,PASS,B0005.mat,0eae4585baf3f200c09fe24c5ab884f1889679fc75206ca1aa19da704104f0b0,1,0,53.781,43.781,53.781,1,2;3,2,53.781,0.0,0.0,43e2ee8ff9a99b4bdc5b6fc2c9000a8a6dc42ad9f15ba258cbcf59c03bd8849a,final_online_training_manifest.csv::soh_rated_pct
B0005_D0002,B0005,1,ONLINE_FIXED_START_CAUSAL_10S_V1,PASS,B0005.mat,0eae4585baf3f200c09fe24c5ab884f1889679fc75206ca1aa19da704104f0b0,3,1,53.828,43.828,53.828,1,2;3,2,53.828,0.0,0.0,401ed5e7a0c4d7228bf57946ae3d480209661b09675925d6158f9eaeedc23aaf,final_online_training_manifest.csv::soh_rated_pct
B0005_D0003,B0005,2,ONLINE_FIXED_START_CAUSAL_10S_V1,PASS,B0005.mat,0eae4585baf3f200c09fe24c5ab884f1889679fc75206ca1aa19da704104f0b0,5,2,53.891,43.891,53.891,1,2;3,2,53.891,0.0,0.0,1f013f49e45cb7ed8226d16de6d0efc0c89b3a0f4adfbe60df612b3d7c2fbcd8,final_online_training_manifest.csv::soh_rated_pct
B0005_D0004,B0005,3,ONLINE_FIXED_START_CAUSAL_10S_V1,PASS,B0005.mat,0eae4585baf3f200c09fe24c5ab884f1889679fc75206ca1aa19da704104f0b0,7,3,53.813,43.813,53.813,1,2;3,2,53.813,0.0,0.0,b6cf63bcf97a842c3251637a78c2250653ec542873c68d0945d203dcc1732677,final_online_training_manifest.csv::soh_rated_pct
B0005_D0005,B0005,4,ONLINE_FIXED_START_CAUSAL_10S_V1,PASS,B0005.mat,0eae4585baf3f200c09fe24c5ab884f1889679fc75206ca1aa19da704104f0b0,9,4,53.859,43.859,53.859,1,2;3,2,53.859,0.0,0.0,d5aa9bf976bfb125cdd596de2f6279db7f4d0d646f3a5d0f3904d90290443ccf,final_online_training_manifest.csv::soh_rated_pct
B0005_D0006,B0005,5,ONLINE_FIXED_START_CAUSAL_10S_V1,PASS,B0005.mat,0eae4585baf3f200c09fe24c5ab884f1889679fc75206ca1aa19da704104f0b0,11,5,53.906,43.906,53.906,1,2;3,2,53.906,0.0,0.0,1adf8cf341471e3db326a5b8ae1cf6ebfd0f509c53896d6c72b82e10cf34fcd5,final_online_training_manifest.csv::soh_rated_pct
B0005_D0007,B0005,6,ONLINE_FIXED_START_CAUSAL_10S_V1,PASS,B0005.mat,0eae4585baf3f200c09fe24c5ab884f1889679fc75206ca1aa19da704104f0b0,13,6,53.687,43.687,53.687,1,2;3,2,53.687,0.0,0.0,fae7a7b28d42ad403a636521e5bad6bff0d0e35608f01892e26a326050eef6f5,final_online_training_manifest.csv::soh_rated_pct
B0005_D0008,B0005,7,ONLINE_FIXED_START_CAUSAL_10S_V1,PASS,B0005.mat,0eae4585baf3f200c09fe24c5ab884f1889679fc75206ca1aa19da704104f0b0,15,7,53.844,43.844,53.844,1,2;3,2,53.844,0.0,0.0,c9112ce49a67ff84d1aace7b2d927c1c2fc2f38fe01da9859fb5537ffc9cee8d,final_online_training_manifest.csv::soh_rated_pct
B0005_D0009,B0005,8,ONLINE_FIXED_START_CAUSAL_10S_V1,PASS,B0005.mat,0eae4585baf3f200c09fe24c5ab884f1889679fc75206ca1aa19da704104f0b0,17,8,53.719,43.719,53.719,1,2;3,2,53.719,0.0,0.0,7c948d13dbe9fd4c76003739e6ee78c8e87b08d4b74159756d862742977266f0,final_online_training_manifest.csv::soh_rated_pct
B0005_D0010,B0005,9,ONLINE_FIXED_START_CAUSAL_10S_V1,PASS,B0005.mat,0eae4585baf3f200c09fe24c5ab884f1889679fc75206ca1aa19da704104f0b0,19,9,53.735,43.735,53.735,1,2;3,2,53.735,0.0,0.0,bafa09e508abb8c3bc28773ff38b74b69e2907733d8c5ca2b2ab9aaa65a05dc3,final_online_training_manifest.csv::soh_rated_pct
B0005_D0011,B0005,10,ONLINE_FIXED_START_CAUSAL_10S_V1,PASS,B0005.mat,0eae4585baf3f200c09fe24c5ab884f1889679fc75206ca1aa19da704104f0b0,21,10,53.844,43.844,53.844,1,2;3,2,53.844,0.0,0.0,fbd4bd19009726a5c44783f14a9d312f8f3c293f6ca0288e4814ad415f862711,final_online_training_manifest.csv::soh_rated_pct
B0005_D0012,B0005,11,ONLINE_FIXED_START_CAUSAL_10S_V1,PASS,B0005.mat,0eae4585baf3f200c09fe24c5ab884f1889679fc75206ca1aa19da704104f0b0,24,11,53.922,43.922,53.922,1,2;3,2,53.922,0.0,0.0,6a64320977169e9e9b54aec422da2ec6c437db58d76ff8bed6b2b4ed0d5c6232,final_online_training_manifest.csv::soh_rated_pct
B0005_D0013,B0005,12,ONLINE_FIXED_START_CAUSAL_10S_V1,PASS,B0005.mat,0eae4585baf3f200c09fe24c5ab884f1889679fc75206ca1aa19da704104f0b0,26,12,53.844,43.844,53.844,1,2;3,2,53.843999999999994,0.0,0.0,341be75b0ea6f0e1aced687cb8748e19e5a6806ef0df7daa0d341fb1a76d8a76,final_online_training_manifest.csv::soh_rated_pct
B0005_D0014,B0005,13,ONLINE_FIXED_START_CAUSAL_10S_V1,PASS,B0005.mat,0eae4585baf3f200c09fe24c5ab884f1889679fc75206ca1aa19da704104f0b0,28,13,53.75,43.75,53.75,1,2;3,2,53.75,0.0,0.0,2f67803b6bba762b3e81ad1e3381203da8ba82f554ef2c833d1be222ef9dcb70,final_online_training_manifest.csv::soh_rated_pct
B0005_D0015,B0005,14,ONLINE_FIXED_START_CAUSAL_10S_V1,PASS,B0005.mat,0eae4585baf3f200c09fe24c5ab884f1889679fc75206ca1aa19da704104f0b0,30,14,53.969,43.969,53.969,1,2;3,2,53.969,0.0,0.0,793f3756d11be7cee277af4dfa8830275c69eb4274fe16186e742a4cbb34e3ef,final_online_training_manifest.csv::soh_rated_pct
B0005_D0016,B0005,15,ONLINE_FIXED_START_CAUSAL_10S_V1,PASS,B0005.mat,0eae4585baf3f200c09fe24c5ab884f1889679fc75206ca1aa19da704104f0b0,32,15,54.0,44.0,54.0,1,2;3,2,54.0,0.0,0.0,2c5a4590cedb83397ce2947b4149ffee6862442a7dc03e396842b9911ffc5216,final_online_training_manifest.csv::soh_rated_pct
B0005_D0017,B0005,16,ONLINE_FIXED_START_CAUSAL_10S_V1,PASS,B0005.mat,0eae4585baf3f200c09fe24c5ab884f1889679fc75206ca1aa19da704104f0b0,34,16,53.797,43.797,53.797,1,2;3,2,53.797,0.0,0.0,077203a3dcbdaad93770b7742d542d9a4fe5d0207de8d107421ca8c8d4b940dc,final_online_training_manifest.csv::soh_rated_pct
B0005_D0018,B0005,17,ONLINE_FIXED_START_CAUSAL_10S_V1,PASS,B0005.mat,0eae4585baf3f200c09fe24c5ab884f1889679fc75206ca1aa19da704104f0b0,36,17,53.781,43.781,53.781,1,2;3,2,53.781,0.0,0.0,d38baa932713e37c7d35e9a86b80867bed0e6481ba2c36549d54db3bab3b6156,final_online_training_manifest.csv::soh_rated_pct
B0005_D0019,B0005,18,ONLINE_FIXED_START_CAUSAL_10S_V1,PASS,B0005.mat,0eae4585baf3f200c09fe24c5ab884f1889679fc75206ca1aa19da704104f0b0,38,18,53.906000000000006,43.906000000000006,53.906000000000006,1,2;3,2,53.906000000000006,0.0,0.0,a180ea11585c0f47740860a5198244a80a9592ad181f5ee53e57cb3e3dd8a1ad,final_online_training_manifest.csv::soh_rated_pct
B0005_D0020,B0005,19,ONLINE_FIXED_START_CAUSAL_10S_V1,PASS,B0005.mat,0eae4585baf3f200c09fe24c5ab884f1889679fc75206ca1aa19da704104f0b0,41,19,53.875,43.875,53.875,1,2;3,2,53.875,0.0,0.0,beea632bdbfff7577852c0f197e53f729de976a338fae192bdf1e0f9021d71e9,final_online_training_manifest.csv::soh_rated_pct
B0005_D0021,B0005,20,ONLINE_FIXED_START_CAUSAL_10S_V1,PASS,B0005.mat,0eae4585baf3f200c09fe24c5ab884f1889679fc75206ca1aa19da704104f0b0,45,20,53.797,43.797,53.797,1,2;3,2,53.797,0.0,0.0,0d4de0de04e499d4a2f7c1572e2ab8523fce7e5958f55a6588f5b0e8f8df491d,final_online_training_manifest.csv::soh_rated_pct
B0005_D0022,B0005,21,ONLINE_FIXED_START_CAUSAL_10S_V1,PASS,B0005.mat,0eae4585baf3f200c09fe24c5ab884f1889679fc75206ca1aa19da704104f0b0,49,21,53.891,43.891,53.891,1,2;3,2,53.891,0.0,0.0,de7a5599775a9c0c8c714d5a9e5215723f2476ce65c3ef0fec3fccf98a024abe,final_online_training_manifest.csv::soh_rated_pct
B0005_D0023,B0005,22,ONLINE_FIXED_START_CAUSAL_10S_V1,PASS,B0005.mat,0eae4585baf3f200c09fe24c5ab884f1889679fc75206ca1aa19da704104f0b0,53,22,53.907,43.907,53.907,1,2;3,2,53.907,0.0,0.0,a641b9185d9d45683ec014ea1d3b730cbc6cf37d625e0e4bbf08643f81f600fe,final_online_training_manifest.csv::soh_rated_pct
B0005_D0024,B0005,23,ONLINE_FIXED_START_CAUSAL_10S_V1,PASS,B0005.mat,0eae4585baf3f200c09fe24c5ab884f1889679fc75206ca1aa19da704104f0b0,57,23,53.844,43.844,53.844,1,2;3,2,53.844,0.0,0.0,849c91263ac579285541b0894bae3635f0c4fac8c56ce57b374e39c59b174780,final_online_training_manifest.csv::soh_rated_pct
B0005_D0025,B0005,24,ONLINE_FIXED_START_CAUSAL_10S_V1,PASS,B0005.mat,0eae4585baf3f200c09fe24c5ab884f1889679fc75206ca1aa19da704104f0b0,61,24,53.875,43.875,53.875,1,2;3,2,53.875,0.0,0.0,e71822133ba2cd05806442f536f28c0344835f00c80a1f444fe998e0765789c3,final_online_training_manifest.csv::soh_rated_pct
B0005_D0026,B0005,25,ONLINE_FIXED_START_CAUSAL_10S_V1,PASS,B0005.mat,0eae4585baf3f200c09fe24c5ab884f1889679fc75206ca1aa19da704104f0b0,65,25,53.766,43.766,53.766,1,2;3,2,53.766,0.0,0.0,332ab2b0784bee3bcbac82fc6b3f04b8b602b0ff03dc45818a7b324fb6e85842,final_online_training_manifest.csv::soh_rated_pct
B0005_D0027,B0005,26,ONLINE_FIXED_START_CAUSAL_10S_V1,PASS,B0005.mat,0eae4585baf3f200c09fe24c5ab884f1889679fc75206ca1aa19da704104f0b0,69,26,53.656,43.656,53.656,1,2;3,2,53.656,0.0,0.0,ad394fb411e5c17dec155ee9d397275457d9f423e411a644cc6ac09ce0914211,final_online_training_manifest.csv::soh_rated_pct
B0005_D0028,B0005,27,ONLINE_FIXED_START_CAUSAL_10S_V1,PASS,B0005.mat,0eae4585baf3f200c09fe24c5ab884f1889679fc75206ca1aa19da704104f0b0,73,27,53.734,43.734,53.734,1,2;3,2,53.734,0.0,0.0,a21ecf88369bbbaff260182dd83fda91a3388bf9a5e76518046112477416f67d,final_online_training_manifest.csv::soh_rated_pct
B0005_D0029,B0005,28,ONLINE_FIXED_START_CAUSAL_10S_V1,PASS,B0005.mat,0eae4585baf3f200c09fe24c5ab884f1889679fc75206ca1aa19da704104f0b0,77,28,53.859,43.859,53.859,1,2;3,2,53.859,0.0,0.0,1a9fb8ab3eb4dc723596f9f40fe1e8adba2e8ba8b7c21782c901670915cdcb43,final_online_training_manifest.csv::soh_rated_pct
B0005_D0030,B0005,29,ONLINE_FIXED_START_CAUSAL_10S_V1,PASS,B0005.mat,0eae4585baf3f200c09fe24c5ab884f1889679fc75206ca1aa19da704104f0b0,81,29,53.844,43.844,53.844,1,2;3,2,53.843999999999994,0.0,0.0,3fef3510f3ab64b9f439a21da96579b81684789d148096d17d2161090d378629,final_online_training_manifest.csv::soh_rated_pct
B0005_D0031,B0005,30,ONLINE_FIXED_START_CAUSAL_10S_V1,PASS,B0005.mat,0eae4585baf3f200c09fe24c5ab884f1889679fc75206ca1aa19da704104f0b0,85,30,38.265,28.265,38.265,2,2;3;4,3,38.265,0.0,0.0,5fedb0c3599305f64e179799e49ca62a6321464e9e44f3650f048f9ceaa7dc81,final_online_training_manifest.csv::soh_rated_pct
B0005_D0032,B0005,31,ONLINE_FIXED_START_CAUSAL_10S_V1,PASS,B0005.mat,0eae4585baf3f200c09fe24c5ab884f1889679fc75206ca1aa19da704104f0b0,89,31,38.312,28.312,38.312,2,2;3;4,3,38.312,0.0,0.0,0feec3bbbdd2eb5d19671c66792e180c2e5360c0ca5354a8432711a0089f75a4,final_online_training_manifest.csv::soh_rated_pct
B0005_D0033,B0005,32,ONLINE_FIXED_START_CAUSAL_10S_V1,PASS,B0005.mat,0eae4585baf3f200c09fe24c5ab884f1889679fc75206ca1aa19da704104f0b0,93,32,38.453,28.453000000000003,38.453,2,2;3;4,3,38.453,0.0,0.0,6602ee455042a03c7b76d80130da8d84e2196bd9efabb7446bbf9726b0ed45af,final_online_training_manifest.csv::soh_rated_pct
B0005_D0034,B0005,33,ONLINE_FIXED_START_CAUSAL_10S_V1,PASS,B0005.mat,0eae4585baf3f200c09fe24c5ab884f1889679fc75206ca1aa19da704104f0b0,97,33,38.281,28.281,38.281,2,2;3;4,3,38.281,0.0,0.0,a31a7f8ee91a3003873f55a588d983ab47d37b80ae6728e43150ec084e63183a,final_online_training_manifest.csv::soh_rated_pct
B0005_D0035,B0005,34,ONLINE_FIXED_START_CAUSAL_10S_V1,PASS,B0005.mat,0eae4585baf3f200c09fe24c5ab884f1889679fc75206ca1aa19da704104f0b0,101,34,38.344,28.344,38.344,2,2;3;4,3,38.344,0.0,0.0,1ace74bee9b413430354129de9ee98621db665233d2547bef03802fa12ba13b2,final_online_training_manifest.csv::soh_rated_pct
B0005_D0036,B0005,35,ONLINE_FIXED_START_CAUSAL_10S_V1,PASS,B0005.mat,0eae4585baf3f200c09fe24c5ab884f1889679fc75206ca1aa19da704104f0b0,105,35,38.344,28.344,38.344,2,2;3;4,3,38.344,0.0,0.0,b124dc0e1502d01ad897b37dd699949b297b3f9217ed426169f20a1530f779fe,final_online_training_manifest.csv::soh_rated_pct
B0005_D0037,B0005,36,ONLINE_FIXED_START_CAUSAL_10S_V1,PASS,B0005.mat,0eae4585baf3f200c09fe24c5ab884f1889679fc75206ca1aa19da704104f0b0,109,36,38.188,28.188,38.188,2,2;3;4,3,38.188,0.0,0.0,01816841eb07ae46ae4b102e68a54835d70dffd9d2cbd1a9251082674f2371b1,final_online_training_manifest.csv::soh_rated_pct
B0005_D0038,B0005,37,ONLINE_FIXED_START_CAUSAL_10S_V1,PASS,B0005.mat,0eae4585baf3f200c09fe24c5ab884f1889679fc75206ca1aa19da704104f0b0,113,37,38.188,28.188,38.188,2,2;3;4,3,38.188,0.0,0.0,fe7da774fd13af1f3a67f4e314bb23ea80b8fe34e954b503ca38a6c63b78319b,final_online_training_manifest.csv::soh_rated_pct
B0005_D0039,B0005,38,ONLINE_FIXED_START_CAUSAL_10S_V1,PASS,B0005.mat,0eae4585baf3f200c09fe24c5ab884f1889679fc75206ca1aa19da704104f0b0,117,38,38.281,28.281,38.281,2,2;3;4,3,38.281,0.0,0.0,80d7f67e72e4fe10c0974a1f99e6e10a12a6fbcc0b8e1a340a6a39ef79191bcd,final_online_training_manifest.csv::soh_rated_pct
B0005_D0040,B0005,39,ONLINE_FIXED_START_CAUSAL_10S_V1,PASS,B0005.mat,0eae4585baf3f200c09fe24c5ab884f1889679fc75206ca1aa19da704104f0b0,121,39,38.359,28.359,38.359,2,2;3;4,3,38.359,0.0,0.0,d088c61324270925c4807d5dcb46b30681a64359c3e761fea48a22e2bb0adef5,final_online_training_manifest.csv::soh_rated_pct
B0005_D0041,B0005,40,ONLINE_FIXED_START_CAUSAL_10S_V1,PASS,B0005.mat,0eae4585baf3f200c09fe24c5ab884f1889679fc75206ca1aa19da704104f0b0,125,40,38.219,28.219,38.219,2,2;3;4,3,38.219,0.0,0.0,1796a01818ae357df967b8c0978e772e4484aba0c55547af5091d587e60c13fe,final_online_training_manifest.csv::soh_rated_pct
B0005_D0042,B0005,41,ONLINE_FIXED_START_CAUSAL_10S_V1,PASS,B0005.mat,0eae4585baf3f200c09fe24c5ab884f1889679fc75206ca1aa19da704104f0b0,129,41,38.187,28.187,38.187,2,2;3;4,3,38.187,0.0,0.0,75b389488e896b5f5730c578783c3bede5b2ed85a19e46f145366bec47500681,final_online_training_manifest.csv::soh_rated_pct
B0005_D0043,B0005,42,ONLINE_FIXED_START_CAUSAL_10S_V1,PASS,B0005.mat,0eae4585baf3f200c09fe24c5ab884f1889679fc75206ca1aa19da704104f0b0,133,42,53.5,43.5,53.5,1,2;3,2,53.5,0.0,0.0,7ef273966d9a59a4a55a0cbaf8912bd544397f2763731b0be2eaf55bd54fedbc,final_online_training_manifest.csv::soh_rated_pct
B0005_D0044,B0005,43,ONLINE_FIXED_START_CAUSAL_10S_V1,PASS,B0005.mat,0eae4585baf3f200c09fe24c5ab884f1889679fc75206ca1aa19da704104f0b0,135,43,38.14,28.14,38.14,2,2;3;4,3,38.14,0.0,0.0,dcbd386b1869c9a78c8582500abb90ce51a392a7b9a1c51fc443e125afc6e576,final_online_training_manifest.csv::soh_rated_pct
B0005_D0045,B0005,44,ONLINE_FIXED_START_CAUSAL_10S_V1,PASS,B0005.mat,0eae4585baf3f200c09fe24c5ab884f1889679fc75206ca1aa19da704104f0b0,139,44,38.312000000000005,28.312000000000005,38.312000000000005,2,2;3;4,3,38.312000000000005,0.0,0.0,43ece859324b6b47754b8e963f82305049940ad306d3d729e3a23c3c5497a44d,final_online_training_manifest.csv::soh_rated_pct
B0005_D0046,B0005,45,ONLINE_FIXED_START_CAUSAL_10S_V1,PASS,B0005.mat,0eae4585baf3f200c09fe24c5ab884f1889679fc75206ca1aa19da704104f0b0,143,45,38.25,28.25,38.25,2,2;3;4,3,38.25,0.0,0.0,3a38f8fb1fa2401804b3a6a1041036317a4e1e42089422e62b5135eb2fba92d2,final_online_training_manifest.csv::soh_rated_pct
B0005_D0047,B0005,46,ONLINE_FIXED_START_CAUSAL_10S_V1,PASS,B0005.mat,0eae4585baf3f200c09fe24c5ab884f1889679fc75206ca1aa19da704104f0b0,147,46,38.25,28.25,38.25,2,2;3;4,3,38.25,0.0,0.0,bd7bf077af3038e577f4f6b526ca0d8d626dbbdb61f5fc8a33708f8c03ed1507,final_online_training_manifest.csv::soh_rated_pct
B0005_D0048,B0005,47,ONLINE_FIXED_START_CAUSAL_10S_V1,PASS,B0005.mat,0eae4585baf3f200c09fe24c5ab884f1889679fc75206ca1aa19da704104f0b0,149,47,38.281,28.281,38.281,2,2;3;4,3,38.281,0.0,0.0,afaba6fe561b00d803ac2a2fee021b87982398374ba7213f74b2e0b6f8917e96,final_online_training_manifest.csv::soh_rated_pct
B0005_D0049,B0005,48,ONLINE_FIXED_START_CAUSAL_10S_V1,PASS,B0005.mat,0eae4585baf3f200c09fe24c5ab884f1889679fc75206ca1aa19da704104f0b0,153,48,38.219,28.219,38.219,2,2;3;4,3,38.218999999999994,0.0,0.0,4795d2dcdb238d34842d1186c0ab996751707a1cbea92222ff60174f3350df55,final_online_training_manifest.csv::soh_rated_pct
B0005_D0050,B0005,49,ONLINE_FIXED_START_CAUSAL_10S_V1,PASS,B0005.mat,0eae4585baf3f200c09fe24c5ab884f1889679fc75206ca1aa19da704104f0b0,157,49,38.36,28.36,38.36,2,2;3;4,3,38.36,0.0,0.0,ee2bfd0683bb0a71940999aba13e2d33ceba7462c03b45fb64da3598566a303a,final_online_training_manifest.csv::soh_rated_pct
B0005_D0051,B0005,50,ONLINE_FIXED_START_CAUSAL_10S_V1,PASS,B0005.mat,0eae4585baf3f200c09fe24c5ab884f1889679fc75206ca1aa19da704104f0b0,161,50,38.375,28.375,38.375,2,2;3;4,3,38.375,0.0,0.0,760e3e945ab3eaa8e49cacffde1b7cb0ac6e6898fb528d7a1308785d0e1ff44b,final_online_training_manifest.csv::soh_rated_pct
B0005_D0052,B0005,51,ONLINE_FIXED_START_CAUSAL_10S_V1,PASS,B0005.mat,0eae4585baf3f200c09fe24c5ab884f1889679fc75206ca1aa19da704104f0b0,165,51,38.375,28.375,38.375,2,2;3;4,3,38.375,0.0,0.0,52f39431488fe0211c5f3935251efda86f2919cb12355a6dd2901ddecc30d515,final_online_training_manifest.csv::soh_rated_pct
B0005_D0053,B0005,52,ONLINE_FIXED_START_CAUSAL_10S_V1,PASS,B0005.mat,0eae4585baf3f200c09fe24c5ab884f1889679fc75206ca1aa19da704104f0b0,169,52,38.234,28.234,38.234,2,2;3;4,3,38.234,0.0,0.0,ba43d39e18d3571a3ba1d1825d1036cc5fbcc889aa56d17c333490002541bb8f,final_online_training_manifest.csv::soh_rated_pct
B0005_D0054,B0005,53,ONLINE_FIXED_START_CAUSAL_10S_V1,PASS,B0005.mat,0eae4585baf3f200c09fe24c5ab884f1889679fc75206ca1aa19da704104f0b0,173,53,38.203,28.203000000000003,38.203,2,2;3;4,3,38.203,0.0,0.0,5a24bcfdad943c6f28a307f99ae2ca9222c475044bdd58a68ff96490d0bd4889,final_online_training_manifest.csv::soh_rated_pct
B0005_D0055,B0005,54,ONLINE_FIXED_START_CAUSAL_10S_V1,PASS,B0005.mat,0eae4585baf3f200c09fe24c5ab884f1889679fc75206ca1aa19da704104f0b0,177,54,38.391,28.391,38.391,2,2;3;4,3,38.391,0.0,0.0,3d72735859d176bc706c490f2e215c8e5e3155bc0dec0ceecd439267b38a3417,final_online_training_manifest.csv::soh_rated_pct
B0005_D0056,B0005,55,ONLINE_FIXED_START_CAUSAL_10S_V1,PASS,B0005.mat,0eae4585baf3f200c09fe24c5ab884f1889679fc75206ca1aa19da704104f0b0,181,55,38.218,28.218,38.218,2,2;3;4,3,38.217999999999996,0.0,0.0,841f73a5dc6d2f13601e2b2098ffa7b3e50c8f983ed9b941ed1e30af1623780d,final_online_training_manifest.csv::soh_rated_pct
B0005_D0057,B0005,56,ONLINE_FIXED_START_CAUSAL_10S_V1,PASS,B0005.mat,0eae4585baf3f200c09fe24c5ab884f1889679fc75206ca1aa19da704104f0b0,185,56,38.235,28.235,38.235,2,2;3;4,3,38.235,0.0,0.0,f4e8c6e5db333f659edd528c2e8e42748c7a5ab462cd8264d1570afc498039ad,final_online_training_manifest.csv::soh_rated_pct
B0005_D0058,B0005,57,ONLINE_FIXED_START_CAUSAL_10S_V1,PASS,B0005.mat,0eae4585baf3f200c09fe24c5ab884f1889679fc75206ca1aa19da704104f0b0,189,57,38.375,28.375,38.375,2,2;3;4,3,38.375,0.0,0.0,cc4115d2f81eb35b0bb822208974b533ab24926a9ecec2ebd992063c175191ed,final_online_training_manifest.csv::soh_rated_pct
B0005_D0059,B0005,58,ONLINE_FIXED_START_CAUSAL_10S_V1,PASS,B0005.mat,0eae4585baf3f200c09fe24c5ab884f1889679fc75206ca1aa19da704104f0b0,193,58,38.218,28.218000000000004,38.218,2,2;3;4,3,38.218,0.0,0.0,d6deb1643b2dfee2a4620ed269eeeea67a494ac04987ae4c1384900f8b203cfd,final_online_training_manifest.csv::soh_rated_pct
B0005_D0060,B0005,59,ONLINE_FIXED_START_CAUSAL_10S_V1,PASS,B0005.mat,0eae4585baf3f200c09fe24c5ab884f1889679fc75206ca1aa19da704104f0b0,197,59,38.359,28.359,38.359,2,2;3;4,3,38.359,0.0,0.0,4c6388dc64d4ad3bbd1ea89eaad50fa1e706fc813b929782ec243a468f229677,final_online_training_manifest.csv::soh_rated_pct
B0005_D0061,B0005,60,ONLINE_FIXED_START_CAUSAL_10S_V1,PASS,B0005.mat,0eae4585baf3f200c09fe24c5ab884f1889679fc75206ca1aa19da704104f0b0,201,60,38.266,28.266,38.266,2,2;3;4,3,38.266,0.0,0.0,8e88ab83a86d8489ca74fdf532f8609a8a673d531576c8e0090fc08331b7e49a,final_online_training_manifest.csv::soh_rated_pct
B0005_D0062,B0005,61,ONLINE_FIXED_START_CAUSAL_10S_V1,PASS,B0005.mat,0eae4585baf3f200c09fe24c5ab884f1889679fc75206ca1aa19da704104f0b0,205,61,38.391,28.391,38.391,2,2;3;4,3,38.391,0.0,0.0,0f699cb965ba23e0da0dd52f827da93f2f80529d9a02fc72d93bc094f474a8b6,final_online_training_manifest.csv::soh_rated_pct
B0005_D0063,B0005,62,ONLINE_FIXED_START_CAUSAL_10S_V1,PASS,B0005.mat,0eae4585baf3f200c09fe24c5ab884f1889679fc75206ca1aa19da704104f0b0,209,62,38.297,28.297,38.297,2,2;3;4,3,38.297,0.0,0.0,0255d28be8b198758560c67f7715568f624ed35b288f84a2ae410b115cf13b70,final_online_training_manifest.csv::soh_rated_pct
B0005_D0064,B0005,63,ONLINE_FIXED_START_CAUSAL_10S_V1,PASS,B0005.mat,0eae4585baf3f200c09fe24c5ab884f1889679fc75206ca1aa19da704104f0b0,213,63,38.375,28.375,38.375,2,2;3;4,3,38.375,0.0,0.0,7f55670c4e1f76d49a9b1034c293902c31ad950a97a240822a0255f579b73202,final_online_training_manifest.csv::soh_rated_pct
B0005_D0065,B0005,64,ONLINE_FIXED_START_CAUSAL_10S_V1,PASS,B0005.mat,0eae4585baf3f200c09fe24c5ab884f1889679fc75206ca1aa19da704104f0b0,215,64,38.188,28.188,38.188,2,2;3;4,3,38.188,0.0,0.0,b602567751e29d62fc33a5b927aa8890639f4d0089f8f965d1ca22eb0b8ca916,final_online_training_manifest.csv::soh_rated_pct
B0005_D0066,B0005,65,ONLINE_FIXED_START_CAUSAL_10S_V1,PASS,B0005.mat,0eae4585baf3f200c09fe24c5ab884f1889679fc75206ca1aa19da704104f0b0,219,65,38.36,28.36,38.36,2,2;3;4,3,38.36,0.0,0.0,544e3ed2d62f6684ae0a7d652151e641d6967d0449a79fa03edcbf3409e7e7ae,final_online_training_manifest.csv::soh_rated_pct
B0005_D0067,B0005,66,ONLINE_FIXED_START_CAUSAL_10S_V1,PASS,B0005.mat,0eae4585baf3f200c09fe24c5ab884f1889679fc75206ca1aa19da704104f0b0,223,66,38.313,28.313,38.313,2,2;3;4,3,38.313,0.0,0.0,1148974e8a7f5ba6f7e7d0a5f4408d3e7df010e201238d1508123b632eed018a,final_online_training_manifest.csv::soh_rated_pct
B0005_D0068,B0005,67,ONLINE_FIXED_START_CAUSAL_10S_V1,PASS,B0005.mat,0eae4585baf3f200c09fe24c5ab884f1889679fc75206ca1aa19da704104f0b0,227,67,38.437,28.437,38.437,2,2;3;4,3,38.437,0.0,0.0,0a1b3685ba1b5988c6e697d99e85be4d76d1fa9cfb762a5a33ddf61c32643b2b,final_online_training_manifest.csv::soh_rated_pct
B0005_D0069,B0005,68,ONLINE_FIXED_START_CAUSAL_10S_V1,PASS,B0005.mat,0eae4585baf3f200c09fe24c5ab884f1889679fc75206ca1aa19da704104f0b0,231,68,38.375,28.375,38.375,2,2;3;4,3,38.375,0.0,0.0,da9f73f9174ca71c9594f6961294d012621c4f886b67ad19520bc2f8b1917201,final_online_training_manifest.csv::soh_rated_pct
B0005_D0070,B0005,69,ONLINE_FIXED_START_CAUSAL_10S_V1,PASS,B0005.mat,0eae4585baf3f200c09fe24c5ab884f1889679fc75206ca1aa19da704104f0b0,235,69,38.344,28.344,38.344,2,2;3;4,3,38.344,0.0,0.0,86c019f3212713e3d86677e8280751f6de856bd935ae837db0c1de60fb90c02b,final_online_training_manifest.csv::soh_rated_pct
B0005_D0071,B0005,70,ONLINE_FIXED_START_CAUSAL_10S_V1,PASS,B0005.mat,0eae4585baf3f200c09fe24c5ab884f1889679fc75206ca1aa19da704104f0b0,239,70,38.219,28.219,38.219,2,2;3;4,3,38.219,0.0,0.0,0756ce0ee55d3e32a7227e63491159c82ff492c61156f607bfe7dc7779f47133,final_online_training_manifest.csv::soh_rated_pct
B0005_D0072,B0005,71,ONLINE_FIXED_START_CAUSAL_10S_V1,PASS,B0005.mat,0eae4585baf3f200c09fe24c5ab884f1889679fc75206ca1aa19da704104f0b0,243,71,38.235,28.235,38.235,2,2;3;4,3,38.235,0.0,0.0,0c4200fa908e435b0ac24fb95a5ec418fbf6f48802a21a74a6a7c7dc305b1603,final_online_training_manifest.csv::soh_rated_pct
B0005_D0073,B0005,72,ONLINE_FIXED_START_CAUSAL_10S_V1,PASS,B0005.mat,0eae4585baf3f200c09fe24c5ab884f1889679fc75206ca1aa19da704104f0b0,247,72,38.25,28.25,38.25,2,2;3;4,3,38.25,0.0,0.0,ef73df24bf70de3a4b9ea35269fedf29ca69e415b8e95ede6687a8cb60360d4b,final_online_training_manifest.csv::soh_rated_pct
B0005_D0074,B0005,73,ONLINE_FIXED_START_CAUSAL_10S_V1,PASS,B0005.mat,0eae4585baf3f200c09fe24c5ab884f1889679fc75206ca1aa19da704104f0b0,251,73,38.312,28.312,38.312,2,2;3;4,3,38.312,0.0,0.0,c4de4fa492c11495db9a5c5ba5d63a54902df355241019564004fd2016cd83a4,final_online_training_manifest.csv::soh_rated_pct
B0005_D0075,B0005,74,ONLINE_FIXED_START_CAUSAL_10S_V1,PASS,B0005.mat,0eae4585baf3f200c09fe24c5ab884f1889679fc75206ca1aa19da704104f0b0,255,74,38.422,28.422,38.422,2,2;3;4,3,38.422,0.0,0.0,891b1956c577b7d2b28539803c18be2037782e092bcfac9053e27952981d91cf,final_online_training_manifest.csv::soh_rated_pct
B0005_D0076,B0005,75,ONLINE_FIXED_START_CAUSAL_10S_V1,PASS,B0005.mat,0eae4585baf3f200c09fe24c5ab884f1889679fc75206ca1aa19da704104f0b0,259,75,38.14,28.14,38.14,2,2;3;4,3,38.14,0.0,0.0,b3e7986f83565707230b108b50d3ccb86c1e5ceae712074353df0b06a8664c7f,final_online_training_manifest.csv::soh_rated_pct
B0005_D0077,B0005,76,ONLINE_FIXED_START_CAUSAL_10S_V1,PASS,B0005.mat,0eae4585baf3f200c09fe24c5ab884f1889679fc75206ca1aa19da704104f0b0,263,76,38.219,28.219,38.219,2,2;3;4,3,38.219,0.0,0.0,4a985f13b035c60432a8c953cc819f37c431e769aa8e4bff78b4e4ac0b6eff4d,final_online_training_manifest.csv::soh_rated_pct
B0005_D0078,B0005,77,ONLINE_FIXED_START_CAUSAL_10S_V1,PASS,B0005.mat,0eae4585baf3f200c09fe24c5ab884f1889679fc75206ca1aa19da704104f0b0,265,77,38.219,28.219,38.219,2,2;3;4,3,38.218999999999994,0.0,0.0,f76de7d60f0e4e9ffe27c8f9b9f7469d20b344a653001af25fa0689a595796d8,final_online_training_manifest.csv::soh_rated_pct
B0005_D0079,B0005,78,ONLINE_FIXED_START_CAUSAL_10S_V1,PASS,B0005.mat,0eae4585baf3f200c09fe24c5ab884f1889679fc75206ca1aa19da704104f0b0,269,78,38.235,28.235,38.235,2,2;3;4,3,38.235,0.0,0.0,8d4dc612f838494ea120d5e45e5a788f807de071779b9b143bbb7fc50c6100c5,final_online_training_manifest.csv::soh_rated_pct
B0005_D0080,B0005,79,ONLINE_FIXED_START_CAUSAL_10S_V1,PASS,B0005.mat,0eae4585baf3f200c09fe24c5ab884f1889679fc75206ca1aa19da704104f0b0,273,79,38.25,28.25,38.25,2,2;3;4,3,38.25,0.0,0.0,07399e94353b62e994ac0c10050eda502faaf3d0d6069739caba8514ba3efd54,final_online_training_manifest.csv::soh_rated_pct
B0005_D0081,B0005,80,ONLINE_FIXED_START_CAUSAL_10S_V1,PASS,B0005.mat,0eae4585baf3f200c09fe24c5ab884f1889679fc75206ca1aa19da704104f0b0,277,80,38.203,28.203000000000003,38.203,2,2;3;4,3,38.203,0.0,0.0,8d68f23f932a1903acf2575f3913b27a07245930e08ef5aaef5c8c1c97a501eb,final_online_training_manifest.csv::soh_rated_pct
B0005_D0082,B0005,81,ONLINE_FIXED_START_CAUSAL_10S_V1,PASS,B0005.mat,0eae4585baf3f200c09fe24c5ab884f1889679fc75206ca1aa19da704104f0b0,281,81,38.391000000000005,28.391000000000005,38.391000000000005,2,2;3;4,3,38.391000000000005,0.0,0.0,b29b90c59101c7205c2dd5768ea6e32a79b0f05e9c86e3621a57498e51da4d6f,final_online_training_manifest.csv::soh_rated_pct
B0005_D0083,B0005,82,ONLINE_FIXED_START_CAUSAL_10S_V1,PASS,B0005.mat,0eae4585baf3f200c09fe24c5ab884f1889679fc75206ca1aa19da704104f0b0,285,82,38.266,28.266,38.266,2,2;3;4,3,38.266,0.0,0.0,32558faefda50e6cc71c93ad1bf37150833dbb0835d288cd47668f5d8345add6,final_online_training_manifest.csv::soh_rated_pct
B0005_D0084,B0005,83,ONLINE_FIXED_START_CAUSAL_10S_V1,PASS,B0005.mat,0eae4585baf3f200c09fe24c5ab884f1889679fc75206ca1aa19da704104f0b0,289,83,38.313,28.313,38.313,2,2;3;4,3,38.313,0.0,0.0,8435737b2dbaa6b87a353234e13ad922e1318fabb0a942faf74e2b76fb37fef3,final_online_training_manifest.csv::soh_rated_pct
B0005_D0085,B0005,84,ONLINE_FIXED_START_CAUSAL_10S_V1,PASS,B0005.mat,0eae4585baf3f200c09fe24c5ab884f1889679fc75206ca1aa19da704104f0b0,293,84,38.25,28.25,38.25,2,2;3;4,3,38.25,0.0,0.0,df4a00b96c8422741cab8e1e203ff9fa64ab9bc26386034c41a7ffdc73bfd4f3,final_online_training_manifest.csv::soh_rated_pct
B0005_D0086,B0005,85,ONLINE_FIXED_START_CAUSAL_10S_V1,PASS,B0005.mat,0eae4585baf3f200c09fe24c5ab884f1889679fc75206ca1aa19da704104f0b0,297,85,38.313,28.313,38.313,2,2;3;4,3,38.313,0.0,0.0,c5d1fec2511cc4695789d279156deb8bb081f963b26dedd8a07a6482f2d093b6,final_online_training_manifest.csv::soh_rated_pct
B0005_D0087,B0005,86,ONLINE_FIXED_START_CAUSAL_10S_V1,PASS,B0005.mat,0eae4585baf3f200c09fe24c5ab884f1889679fc75206ca1aa19da704104f0b0,301,86,38.265,28.265,38.265,2,2;3;4,3,38.265,0.0,0.0,4378e1a10a3f6b5854a11b8967e3ff777b348ac7866062384f501dfd065a008c,final_online_training_manifest.csv::soh_rated_pct
B0005_D0088,B0005,87,ONLINE_FIXED_START_CAUSAL_10S_V1,PASS,B0005.mat,0eae4585baf3f200c09fe24c5ab884f1889679fc75206ca1aa19da704104f0b0,305,87,38.219,28.219,38.219,2,2;3;4,3,38.219,0.0,0.0,dfb3222b68092c016ef632a6187dc5c912b0230393a3884c50062565b9c77dea,final_online_training_manifest.csv::soh_rated_pct
B0005_D0089,B0005,88,ONLINE_FIXED_START_CAUSAL_10S_V1,PASS,B0005.mat,0eae4585baf3f200c09fe24c5ab884f1889679fc75206ca1aa19da704104f0b0,309,88,38.156,28.156,38.156,2,2;3;4,3,38.156,0.0,0.0,1f7a7012a5f2fb6a602c8f179b0d07740381f5637f308650d6caa8745fa73c6e,final_online_training_manifest.csv::soh_rated_pct
B0005_D0090,B0005,89,ONLINE_FIXED_START_CAUSAL_10S_V1,PASS,B0005.mat,0eae4585baf3f200c09fe24c5ab884f1889679fc75206ca1aa19da704104f0b0,312,89,38.313,28.313,38.313,2,2;3;4,3,38.313,0.0,0.0,8b84880943a77ac11b50e37bb9b35fda801fe96b0049d4c4e27569e60e189066,final_online_training_manifest.csv::soh_rated_pct
B0005_D0091,B0005,90,ONLINE_FIXED_START_CAUSAL_10S_V1,PASS,B0005.mat,0eae4585baf3f200c09fe24c5ab884f1889679fc75206ca1aa19da704104f0b0,315,90,38.375,28.375,38.375,2,2;3;4,3,38.375,0.0,0.0,944fc10f33d84d08ed4e22fd14127cc22a5ab8bd0abb3c403ca319e1bea5c658,final_online_training_manifest.csv::soh_rated_pct
B0005_D0092,B0005,91,ONLINE_FIXED_START_CAUSAL_10S_V1,PASS,B0005.mat,0eae4585baf3f200c09fe24c5ab884f1889679fc75206ca1aa19da704104f0b0,319,91,38.359,28.358999999999995,38.359,2,2;3;4,3,38.358999999999995,0.0,0.0,d8a0b2166a2587787dff8934a4c9fb72ef0274c796fa5b559e6e1fbba2fa8562,final_online_training_manifest.csv::soh_rated_pct
B0005_D0093,B0005,92,ONLINE_FIXED_START_CAUSAL_10S_V1,PASS,B0005.mat,0eae4585baf3f200c09fe24c5ab884f1889679fc75206ca1aa19da704104f0b0,323,92,38.25,28.25,38.25,2,2;3;4,3,38.25,0.0,0.0,e96df496266ced2c9ca69d4abcacdfd2154025c7527b7f83f0b5ee4f39616993,final_online_training_manifest.csv::soh_rated_pct
B0005_D0094,B0005,93,ONLINE_FIXED_START_CAUSAL_10S_V1,PASS,B0005.mat,0eae4585baf3f200c09fe24c5ab884f1889679fc75206ca1aa19da704104f0b0,327,93,38.203,28.203000000000003,38.203,2,2;3;4,3,38.203,0.0,0.0,c928178ded94bb45b656a45dc6a473a3851d50a7a321ae4b0069fd5dfc0f2f75,final_online_training_manifest.csv::soh_rated_pct
B0005_D0095,B0005,94,ONLINE_FIXED_START_CAUSAL_10S_V1,PASS,B0005.mat,0eae4585baf3f200c09fe24c5ab884f1889679fc75206ca1aa19da704104f0b0,331,94,38.359,28.359,38.359,2,2;3;4,3,38.359,0.0,0.0,08dd3252bfc523c312fba021f429aa83a6a7730e03cf1d87473339a465cae902,final_online_training_manifest.csv::soh_rated_pct
B0005_D0096,B0005,95,ONLINE_FIXED_START_CAUSAL_10S_V1,PASS,B0005.mat,0eae4585baf3f200c09fe24c5ab884f1889679fc75206ca1aa19da704104f0b0,335,95,38.343,28.343000000000004,38.343,2,2;3;4,3,38.343,0.0,0.0,2f9dc8c5401fefb19a24d28c530da92682dc1104dfb4fec5bbaca10e337e7335,final_online_training_manifest.csv::soh_rated_pct
B0005_D0097,B0005,96,ONLINE_FIXED_START_CAUSAL_10S_V1,PASS,B0005.mat,0eae4585baf3f200c09fe24c5ab884f1889679fc75206ca1aa19da704104f0b0,339,96,38.203,28.203000000000003,38.203,2,2;3;4,3,38.203,0.0,0.0,a847b89f7b8d59229a9c07775c617ee06a696905fadf67638268fad4f4a71413,final_online_training_manifest.csv::soh_rated_pct
B0005_D0098,B0005,97,ONLINE_FIXED_START_CAUSAL_10S_V1,PASS,B0005.mat,0eae4585baf3f200c09fe24c5ab884f1889679fc75206ca1aa19da704104f0b0,343,97,38.297,28.297000000000004,38.297,2,2;3;4,3,38.297000000000004,0.0,0.0,ada42a4ea194bf8a7a53336c83efc18ddd86f67d3e596f050eb38592e8e78275,final_online_training_manifest.csv::soh_rated_pct
B0005_D0099,B0005,98,ONLINE_FIXED_START_CAUSAL_10S_V1,PASS,B0005.mat,0eae4585baf3f200c09fe24c5ab884f1889679fc75206ca1aa19da704104f0b0,347,98,38.36,28.36,38.36,2,2;3;4,3,38.36,0.0,0.0,88766c337f1a408adf4bac259b2b42d67280326edeede268e789cacd9e52d3bf,final_online_training_manifest.csv::soh_rated_pct
B0005_D0100,B0005,99,ONLINE_FIXED_START_CAUSAL_10S_V1,PASS,B0005.mat,0eae4585baf3f200c09fe24c5ab884f1889679fc75206ca1aa19da704104f0b0,351,99,38.343,28.343000000000004,38.343,2,2;3;4,3,38.343,0.0,0.0,d33304d97185fec7cd23172312038d5a0261dac0a90c491f15a01638e5f65384,final_online_training_manifest.csv::soh_rated_pct
B0005_D0101,B0005,100,ONLINE_FIXED_START_CAUSAL_10S_V1,PASS,B0005.mat,0eae4585baf3f200c09fe24c5ab884f1889679fc75206ca1aa19da704104f0b0,355,100,38.375,28.375,38.375,2,2;3;4,3,38.375,0.0,0.0,9f6897a7ca0724779be6463da7c888f295b6dc50f1b79b87a713e067ec24d56c,final_online_training_manifest.csv::soh_rated_pct
B0005_D0102,B0005,101,ONLINE_FIXED_START_CAUSAL_10S_V1,PASS,B0005.mat,0eae4585baf3f200c09fe24c5ab884f1889679fc75206ca1aa19da704104f0b0,359,101,38.297,28.297,38.297,2,2;3;4,3,38.297,0.0,0.0,a27dcdbbd83937838c1ca1f03c222bd4cea5995e67c7e66ab9054a7e92fdbf2b,final_online_training_manifest.csv::soh_rated_pct
B0005_D0103,B0005,102,ONLINE_FIXED_START_CAUSAL_10S_V1,PASS,B0005.mat,0eae4585baf3f200c09fe24c5ab884f1889679fc75206ca1aa19da704104f0b0,363,102,38.36,28.36,38.36,2,2;3;4,3,38.36,0.0,0.0,2a1efba6ec8557da3e32742cc59aa9fca900e4a4a5fa2763b7d5ef76c6eab2e6,final_online_training_manifest.csv::soh_rated_pct
B0005_D0104,B0005,103,ONLINE_FIXED_START_CAUSAL_10S_V1,PASS,B0005.mat,0eae4585baf3f200c09fe24c5ab884f1889679fc75206ca1aa19da704104f0b0,366,103,38.235,28.235,38.235,2,2;3;4,3,38.235,0.0,0.0,3508c5bf0a71b22a8ee97a96be388e3ae652e91ff0a343aaf0daf6eb27c068f1,final_online_training_manifest.csv::soh_rated_pct
B0005_D0105,B0005,104,ONLINE_FIXED_START_CAUSAL_10S_V1,PASS,B0005.mat,0eae4585baf3f200c09fe24c5ab884f1889679fc75206ca1aa19da704104f0b0,370,104,38.313,28.312999999999995,38.313,2,2;3;4,3,38.312999999999995,0.0,0.0,7e91eb44fe948f53fff732efd93899a33554f2f97431868eed6de9e7fbf6d953,final_online_training_manifest.csv::soh_rated_pct
B0005_D0106,B0005,105,ONLINE_FIXED_START_CAUSAL_10S_V1,PASS,B0005.mat,0eae4585baf3f200c09fe24c5ab884f1889679fc75206ca1aa19da704104f0b0,374,105,38.25,28.25,38.25,2,2;3;4,3,38.25,0.0,0.0,ad9dc57fc2819db9e2abee9a719743ffc4d1b0324016752f3ba1f3362a7da30b,final_online_training_manifest.csv::soh_rated_pct
B0005_D0107,B0005,106,ONLINE_FIXED_START_CAUSAL_10S_V1,PASS,B0005.mat,0eae4585baf3f200c09fe24c5ab884f1889679fc75206ca1aa19da704104f0b0,378,106,38.265,28.265,38.265,2,2;3;4,3,38.265,0.0,0.0,3f391a429cf645592479f4691a83f807ad6f70dfa7488053290dbc321acbf26a,final_online_training_manifest.csv::soh_rated_pct
B0005_D0108,B0005,107,ONLINE_FIXED_START_CAUSAL_10S_V1,PASS,B0005.mat,0eae4585baf3f200c09fe24c5ab884f1889679fc75206ca1aa19da704104f0b0,382,107,38.25,28.25,38.25,2,2;3;4,3,38.25,0.0,0.0,28f91167a3fca23e6c14ad79ee9741eb19df3c3b729b44cb74a2041e26b9d025,final_online_training_manifest.csv::soh_rated_pct
B0005_D0109,B0005,108,ONLINE_FIXED_START_CAUSAL_10S_V1,PASS,B0005.mat,0eae4585baf3f200c09fe24c5ab884f1889679fc75206ca1aa19da704104f0b0,386,108,38.281000000000006,28.28100000000001,38.281000000000006,2,2;3;4,3,38.281000000000006,0.0,0.0,6de4946cf579c4b08f3c201c5b0b662dd94637148ee335634db9a320aef4b149,final_online_training_manifest.csv::soh_rated_pct
B0005_D0110,B0005,109,ONLINE_FIXED_START_CAUSAL_10S_V1,PASS,B0005.mat,0eae4585baf3f200c09fe24c5ab884f1889679fc75206ca1aa19da704104f0b0,390,109,38.36000000000058,28.360000000000586,38.36000000000058,2,2;3;4,3,38.36000000000058,0.0,0.0,466d19f0e4efe440cf5d71d5c94d79dfcf475768974dcccd1cc8bb9d28b4fb3a,final_online_training_manifest.csv::soh_rated_pct
B0005_D0111,B0005,110,ONLINE_FIXED_START_CAUSAL_10S_V1,PASS,B0005.mat,0eae4585baf3f200c09fe24c5ab884f1889679fc75206ca1aa19da704104f0b0,394,110,38.329,28.329,38.329,2,2;3;4,3,38.329,0.0,0.0,1c4aaf4c45cdd339bd4ce259747fb7b3e4383cce0dd841109982895b0df86033,final_online_training_manifest.csv::soh_rated_pct
B0005_D0112,B0005,111,ONLINE_FIXED_START_CAUSAL_10S_V1,PASS,B0005.mat,0eae4585baf3f200c09fe24c5ab884f1889679fc75206ca1aa19da704104f0b0,398,111,38.234,28.234,38.234,2,2;3;4,3,38.234,0.0,0.0,29add97e2d18e5df09027e3af38b29cf7129636f4dcde275382b7d6b33f5d285,final_online_training_manifest.csv::soh_rated_pct
B0005_D0113,B0005,112,ONLINE_FIXED_START_CAUSAL_10S_V1,PASS,B0005.mat,0eae4585baf3f200c09fe24c5ab884f1889679fc75206ca1aa19da704104f0b0,402,112,38.266000000000005,28.266000000000005,38.266000000000005,2,2;3;4,3,38.266000000000005,0.0,0.0,996143ebbb11be80a8f47c3c3b58c431e522f1bf0c8bd7914e74c2f46ed0ca8f,final_online_training_manifest.csv::soh_rated_pct
B0005_D0114,B0005,113,ONLINE_FIXED_START_CAUSAL_10S_V1,PASS,B0005.mat,0eae4585baf3f200c09fe24c5ab884f1889679fc75206ca1aa19da704104f0b0,406,113,38.281,28.281,38.281,2,2;3;4,3,38.281,0.0,0.0,57f66ab0a5e1da8c68d5450aa602599ac924434ecccf52a6d94beaddc41d06c9,final_online_training_manifest.csv::soh_rated_pct
B0005_D0115,B0005,114,ONLINE_FIXED_START_CAUSAL_10S_V1,PASS,B0005.mat,0eae4585baf3f200c09fe24c5ab884f1889679fc75206ca1aa19da704104f0b0,410,114,38.391,28.391,38.391,2,2;3;4,3,38.391,0.0,0.0,9174a881f89bb5c4ffd3f25512b06840e60d95c47af4c77b65bdff113475e230,final_online_training_manifest.csv::soh_rated_pct
B0005_D0116,B0005,115,ONLINE_FIXED_START_CAUSAL_10S_V1,PASS,B0005.mat,0eae4585baf3f200c09fe24c5ab884f1889679fc75206ca1aa19da704104f0b0,414,115,38.219,28.219,38.219,2,2;3;4,3,38.218999999999994,0.0,0.0,41ad86fb85835e035a5eda105169998e37e9308eb3993109c2dd52f48589012a,final_online_training_manifest.csv::soh_rated_pct
B0005_D0117,B0005,116,ONLINE_FIXED_START_CAUSAL_10S_V1,PASS,B0005.mat,0eae4585baf3f200c09fe24c5ab884f1889679fc75206ca1aa19da704104f0b0,418,116,38.313,28.313,38.313,2,2;3;4,3,38.313,0.0,0.0,ff65b92e2dc2c588ebaeef0e1f35dff6819ea23ac7cb9af3bccf2fc43bdb15ed,final_online_training_manifest.csv::soh_rated_pct
B0005_D0118,B0005,117,ONLINE_FIXED_START_CAUSAL_10S_V1,PASS,B0005.mat,0eae4585baf3f200c09fe24c5ab884f1889679fc75206ca1aa19da704104f0b0,422,117,38.235,28.235,38.235,2,2;3;4,3,38.235,0.0,0.0,66f26baa2a47e9ef054eb7bc21394df9fdaf41a7e799d11f63dd7b3034e8ed13,final_online_training_manifest.csv::soh_rated_pct
B0005_D0119,B0005,118,ONLINE_FIXED_START_CAUSAL_10S_V1,PASS,B0005.mat,0eae4585baf3f200c09fe24c5ab884f1889679fc75206ca1aa19da704104f0b0,426,118,38.203,28.203000000000003,38.203,2,2;3;4,3,38.203,0.0,0.0,331198b7fb8400e73c4606c7411ca887e1e2a5101fb4d2d607573f68bd14a3b2,final_online_training_manifest.csv::soh_rated_pct
B0005_D0120,B0005,119,ONLINE_FIXED_START_CAUSAL_10S_V1,PASS,B0005.mat,0eae4585baf3f200c09fe24c5ab884f1889679fc75206ca1aa19da704104f0b0,430,119,38.313,28.313,38.313,2,2;3;4,3,38.313,0.0,0.0,3694815c6ad66f2441f8c4b921ff337f5c620a531f45fc9244774e65ab3241e8,final_online_training_manifest.csv::soh_rated_pct
B0005_D0121,B0005,120,ONLINE_FIXED_START_CAUSAL_10S_V1,PASS,B0005.mat,0eae4585baf3f200c09fe24c5ab884f1889679fc75206ca1aa19da704104f0b0,432,120,38.234,28.234,38.234,2,2;3;4,3,38.234,0.0,0.0,bb20f56d60db2635dc32cd176e5036101658a82ec5128bb52bec27b834eea06e,final_online_training_manifest.csv::soh_rated_pct
B0005_D0122,B0005,121,ONLINE_FIXED_START_CAUSAL_10S_V1,PASS,B0005.mat,0eae4585baf3f200c09fe24c5ab884f1889679fc75206ca1aa19da704104f0b0,436,121,38.422,28.422,38.422,2,2;3;4,3,38.422,0.0,0.0,cff914074273de3024762c17e0fc05d9d9f42b4a4e2ec1b18546826abfb20027,final_online_training_manifest.csv::soh_rated_pct
B0005_D0123,B0005,122,ONLINE_FIXED_START_CAUSAL_10S_V1,PASS,B0005.mat,0eae4585baf3f200c09fe24c5ab884f1889679fc75206ca1aa19da704104f0b0,440,122,38.266,28.266,38.266,2,2;3;4,3,38.266,0.0,0.0,4ae5bb440a05cdba3468dc25544068a28a6cc40de2431f548c38af93e50d6af8,final_online_training_manifest.csv::soh_rated_pct
B0005_D0124,B0005,123,ONLINE_FIXED_START_CAUSAL_10S_V1,PASS,B0005.mat,0eae4585baf3f200c09fe24c5ab884f1889679fc75206ca1aa19da704104f0b0,444,123,38.235,28.235,38.235,2,2;3;4,3,38.235,0.0,0.0,4773993f4b3d55d99288c234a88079fb17cc0eacb652f5a315651273747bbee6,final_online_training_manifest.csv::soh_rated_pct
B0005_D0125,B0005,124,ONLINE_FIXED_START_CAUSAL_10S_V1,PASS,B0005.mat,0eae4585baf3f200c09fe24c5ab884f1889679fc75206ca1aa19da704104f0b0,448,124,38.344,28.344,38.344,2,2;3;4,3,38.344,0.0,0.0,5a71aefe4241cfa10cec5bb1474a93c22b8bd0096f61e8abdc9620a8171e6b3b,final_online_training_manifest.csv::soh_rated_pct
B0005_D0126,B0005,125,ONLINE_FIXED_START_CAUSAL_10S_V1,PASS,B0005.mat,0eae4585baf3f200c09fe24c5ab884f1889679fc75206ca1aa19da704104f0b0,452,125,38.344,28.344,38.344,2,2;3;4,3,38.343999999999994,0.0,0.0,00ac935aa32defdabe5578d5d0e3bcd3815cd92206dfca18c0d0326f319c3c8a,final_online_training_manifest.csv::soh_rated_pct
B0005_D0127,B0005,126,ONLINE_FIXED_START_CAUSAL_10S_V1,PASS,B0005.mat,0eae4585baf3f200c09fe24c5ab884f1889679fc75206ca1aa19da704104f0b0,456,126,38.282,28.282,38.282,2,2;3;4,3,38.282,0.0,0.0,f1c6caf8b9e73980020c43acd70a1c0f224941ed68fa7c2d185ade669d9851da,final_online_training_manifest.csv::soh_rated_pct
B0005_D0128,B0005,127,ONLINE_FIXED_START_CAUSAL_10S_V1,PASS,B0005.mat,0eae4585baf3f200c09fe24c5ab884f1889679fc75206ca1aa19da704104f0b0,460,127,38.297,28.297,38.297,2,2;3;4,3,38.297,0.0,0.0,a820ad6f4e6d44bf9fb01117fed38aba2ef1b832d257be7955642710290b95de,final_online_training_manifest.csv::soh_rated_pct
B0005_D0129,B0005,128,ONLINE_FIXED_START_CAUSAL_10S_V1,PASS,B0005.mat,0eae4585baf3f200c09fe24c5ab884f1889679fc75206ca1aa19da704104f0b0,464,128,38.265,28.265,38.265,2,2;3;4,3,38.265,0.0,0.0,0ff93e144d704db4ad68baed6db85eae0cf401875eb1673f291e39f11d1c785e,final_online_training_manifest.csv::soh_rated_pct
B0005_D0130,B0005,129,ONLINE_FIXED_START_CAUSAL_10S_V1,PASS,B0005.mat,0eae4585baf3f200c09fe24c5ab884f1889679fc75206ca1aa19da704104f0b0,468,129,38.219,28.219,38.219,2,2;3;4,3,38.219,0.0,0.0,242777a121ec23506d2544fdd59a00b42ba49266c1406ecbba81b3f489bf606d,final_online_training_manifest.csv::soh_rated_pct
B0005_D0131,B0005,130,ONLINE_FIXED_START_CAUSAL_10S_V1,PASS,B0005.mat,0eae4585baf3f200c09fe24c5ab884f1889679fc75206ca1aa19da704104f0b0,472,130,38.328,28.328000000000003,38.328,2,2;3;4,3,38.328,0.0,0.0,3851a25cff4061e72529e16e9f2b3c9ffe466a3de7204e0ede2ac45e49dcb462,final_online_training_manifest.csv::soh_rated_pct
B0005_D0132,B0005,131,ONLINE_FIXED_START_CAUSAL_10S_V1,PASS,B0005.mat,0eae4585baf3f200c09fe24c5ab884f1889679fc75206ca1aa19da704104f0b0,476,131,38.265,28.265,38.265,2,2;3;4,3,38.265,0.0,0.0,f4911bc7fc0613f3a35669daad57117f3ab3dbfd544a02965c4912e59052ad2e,final_online_training_manifest.csv::soh_rated_pct
B0005_D0133,B0005,132,ONLINE_FIXED_START_CAUSAL_10S_V1,PASS,B0005.mat,0eae4585baf3f200c09fe24c5ab884f1889679fc75206ca1aa19da704104f0b0,480,132,38.406,28.406,38.406,2,2;3;4,3,38.406,0.0,0.0,1dab33e5d5da445f1216e26bfc17297947e55cbf12b035b478143c4898f472da,final_online_training_manifest.csv::soh_rated_pct
B0005_D0134,B0005,133,ONLINE_FIXED_START_CAUSAL_10S_V1,PASS,B0005.mat,0eae4585baf3f200c09fe24c5ab884f1889679fc75206ca1aa19da704104f0b0,482,133,38.359,28.359,38.359,2,2;3;4,3,38.359,0.0,0.0,6869642230c6d78878429389c65c3445906d2e24c23675082f8160d495d369c5,final_online_training_manifest.csv::soh_rated_pct
B0005_D0135,B0005,134,ONLINE_FIXED_START_CAUSAL_10S_V1,PASS,B0005.mat,0eae4585baf3f200c09fe24c5ab884f1889679fc75206ca1aa19da704104f0b0,484,134,38.375,28.375,38.375,2,2;3;4,3,38.375,0.0,0.0,ceb86643da1d7fe51ff8c5c02d6e6119ddbff18e3f9b6d0fe782842ae82fe414,final_online_training_manifest.csv::soh_rated_pct
B0005_D0136,B0005,135,ONLINE_FIXED_START_CAUSAL_10S_V1,PASS,B0005.mat,0eae4585baf3f200c09fe24c5ab884f1889679fc75206ca1aa19da704104f0b0,488,135,38.125,28.125,38.125,2,2;3;4,3,38.125,0.0,0.0,f061248823f88d6c6e87730c9d6c7cba2b71b3881a5edd9df0adac2d4da2d517,final_online_training_manifest.csv::soh_rated_pct
B0005_D0137,B0005,136,ONLINE_FIXED_START_CAUSAL_10S_V1,PASS,B0005.mat,0eae4585baf3f200c09fe24c5ab884f1889679fc75206ca1aa19da704104f0b0,492,136,38.156,28.156,38.156,2,2;3;4,3,38.156,0.0,0.0,13d818c0f89407aeecb0b3100598f18fc8c5bc7b690e119b3fcc755aa3d82d12,final_online_training_manifest.csv::soh_rated_pct
B0005_D0138,B0005,137,ONLINE_FIXED_START_CAUSAL_10S_V1,PASS,B0005.mat,0eae4585baf3f200c09fe24c5ab884f1889679fc75206ca1aa19da704104f0b0,496,137,38.219,28.219,38.219,2,2;3;4,3,38.219,0.0,0.0,1b36ad85fd4b146c64ae6043717a7a5375b07b806b5afacb77fd95f9b4429e25,final_online_training_manifest.csv::soh_rated_pct
B0005_D0139,B0005,138,ONLINE_FIXED_START_CAUSAL_10S_V1,PASS,B0005.mat,0eae4585baf3f200c09fe24c5ab884f1889679fc75206ca1aa19da704104f0b0,500,138,38.25,28.25,38.25,2,2;3;4,3,38.25,0.0,0.0,3fa9e5e0d299adbfe4319a19d82e282536d9e403633b08b96ecc103117f96526,final_online_training_manifest.csv::soh_rated_pct
B0005_D0140,B0005,139,ONLINE_FIXED_START_CAUSAL_10S_V1,PASS,B0005.mat,0eae4585baf3f200c09fe24c5ab884f1889679fc75206ca1aa19da704104f0b0,504,139,38.344,28.344,38.344,2,2;3;4,3,38.344,0.0,0.0,b090d277c91c67782b3cbafe5edcb41133fcee76760f949c0ce6421921b9a4c8,final_online_training_manifest.csv::soh_rated_pct
B0005_D0141,B0005,140,ONLINE_FIXED_START_CAUSAL_10S_V1,PASS,B0005.mat,0eae4585baf3f200c09fe24c5ab884f1889679fc75206ca1aa19da704104f0b0,508,140,38.515,28.515,38.515,2,2;3;4,3,38.515,0.0,0.0,88629c67616c5d5f7d7e3bdc16a16430c090fd5431ccdbeaa2fa4ee1a3805a5d,final_online_training_manifest.csv::soh_rated_pct
B0005_D0142,B0005,141,ONLINE_FIXED_START_CAUSAL_10S_V1,PASS,B0005.mat,0eae4585baf3f200c09fe24c5ab884f1889679fc75206ca1aa19da704104f0b0,512,141,38.25,28.25,38.25,2,2;3;4,3,38.25,0.0,0.0,dcc96244eb89c49f3c4948c3123c94a518cc8012b50c79d36931fc4c2c8ea745,final_online_training_manifest.csv::soh_rated_pct
B0005_D0143,B0005,142,ONLINE_FIXED_START_CAUSAL_10S_V1,PASS,B0005.mat,0eae4585baf3f200c09fe24c5ab884f1889679fc75206ca1aa19da704104f0b0,516,142,38.312,28.312,38.312,2,2;3;4,3,38.312,0.0,0.0,f7e3112ee97d3524d6f6ec00b424b86b9d2d23b18c11b2c7a91f0d34c08b27ca,final_online_training_manifest.csv::soh_rated_pct
B0005_D0144,B0005,143,ONLINE_FIXED_START_CAUSAL_10S_V1,PASS,B0005.mat,0eae4585baf3f200c09fe24c5ab884f1889679fc75206ca1aa19da704104f0b0,520,143,38.312,28.312,38.312,2,2;3;4,3,38.312,0.0,0.0,525805a0d31001c0d1820e092e0d008b5fdc7154999f91012f3b860808fd0232,final_online_training_manifest.csv::soh_rated_pct
B0005_D0145,B0005,144,ONLINE_FIXED_START_CAUSAL_10S_V1,PASS,B0005.mat,0eae4585baf3f200c09fe24c5ab884f1889679fc75206ca1aa19da704104f0b0,524,144,38.266,28.266,38.266,2,2;3;4,3,38.266,0.0,0.0,758785ef4f62cce36607279ab06eb08212e54daa5d5fbdb613d43642141644c7,final_online_training_manifest.csv::soh_rated_pct
B0005_D0146,B0005,145,ONLINE_FIXED_START_CAUSAL_10S_V1,PASS,B0005.mat,0eae4585baf3f200c09fe24c5ab884f1889679fc75206ca1aa19da704104f0b0,528,145,38.375,28.375,38.375,2,2;3;4,3,38.375,0.0,0.0,b870f069d98bd6c4fac980dc39f41a0377434218a92551a3c9b49bc5ec09d029,final_online_training_manifest.csv::soh_rated_pct
B0005_D0147,B0005,146,ONLINE_FIXED_START_CAUSAL_10S_V1,PASS,B0005.mat,0eae4585baf3f200c09fe24c5ab884f1889679fc75206ca1aa19da704104f0b0,532,146,38.281,28.281,38.281,2,2;3;4,3,38.281,0.0,0.0,b17ad72505135df1e1d107d5266f8ae6d901daf4d85eb9de7dac034ff1faecd9,final_online_training_manifest.csv::soh_rated_pct
B0005_D0148,B0005,147,ONLINE_FIXED_START_CAUSAL_10S_V1,PASS,B0005.mat,0eae4585baf3f200c09fe24c5ab884f1889679fc75206ca1aa19da704104f0b0,536,147,38.25,28.25,38.25,2,2;3;4,3,38.25,0.0,0.0,c51c728874df8c4208fbb772f4504d6f1e172f93e2866404560b8fa643829649,final_online_training_manifest.csv::soh_rated_pct
B0005_D0149,B0005,148,ONLINE_FIXED_START_CAUSAL_10S_V1,PASS,B0005.mat,0eae4585baf3f200c09fe24c5ab884f1889679fc75206ca1aa19da704104f0b0,540,148,38.359,28.359,38.359,2,2;3;4,3,38.359,0.0,0.0,0192ec488dcb823db3128bbefe112ac7355d043bf9394951342ea8945a345e7a,final_online_training_manifest.csv::soh_rated_pct
B0005_D0150,B0005,149,ONLINE_FIXED_START_CAUSAL_10S_V1,PASS,B0005.mat,0eae4585baf3f200c09fe24c5ab884f1889679fc75206ca1aa19da704104f0b0,544,149,38.312,28.312,38.312,2,2;3;4,3,38.312,0.0,0.0,90ae471392ff9065000e6f7da51741b38a70b0beca1c3a4d17c0e130b4568e3a,final_online_training_manifest.csv::soh_rated_pct
B0005_D0151,B0005,150,ONLINE_FIXED_START_CAUSAL_10S_V1,PASS,B0005.mat,0eae4585baf3f200c09fe24c5ab884f1889679fc75206ca1aa19da704104f0b0,547,150,38.219,28.219,38.219,2,2;3;4,3,38.219,0.0,0.0,d64a6d01a29a53e495192b0198fd7566dcb82575da88a2c2ea5ffc8ebaf00fa2,final_online_training_manifest.csv::soh_rated_pct
B0005_D0152,B0005,151,ONLINE_FIXED_START_CAUSAL_10S_V1,PASS,B0005.mat,0eae4585baf3f200c09fe24c5ab884f1889679fc75206ca1aa19da704104f0b0,551,151,38.25,28.25,38.25,2,2;3;4,3,38.25,0.0,0.0,60ea5b9b021d57ff6a4e8f469a5e52c8871eec41156fd45359649b41a7c3bf4b,final_online_training_manifest.csv::soh_rated_pct
B0005_D0153,B0005,152,ONLINE_FIXED_START_CAUSAL_10S_V1,PASS,B0005.mat,0eae4585baf3f200c09fe24c5ab884f1889679fc75206ca1aa19da704104f0b0,555,152,38.266,28.266,38.266,2,2;3;4,3,38.266,0.0,0.0,e1c9fac2dd0c4c3755b1b520f899ce5952589b19785e8747fecb15c474d6907a,final_online_training_manifest.csv::soh_rated_pct
B0005_D0154,B0005,153,ONLINE_FIXED_START_CAUSAL_10S_V1,PASS,B0005.mat,0eae4585baf3f200c09fe24c5ab884f1889679fc75206ca1aa19da704104f0b0,559,153,38.188,28.188,38.188,2,2;3;4,3,38.188,0.0,0.0,037124b4180355c8c5744211e85ecb44f8ad504cf72bcd2ac9e27f069989e77e,final_online_training_manifest.csv::soh_rated_pct
B0005_D0155,B0005,154,ONLINE_FIXED_START_CAUSAL_10S_V1,PASS,B0005.mat,0eae4585baf3f200c09fe24c5ab884f1889679fc75206ca1aa19da704104f0b0,563,154,38.14,28.14,38.14,2,2;3;4,3,38.14,0.0,0.0,2da3172348d89f40b559e3a148245fae6fc2864c0bcf0ee0d4559807341ff6b1,final_online_training_manifest.csv::soh_rated_pct
B0005_D0156,B0005,155,ONLINE_FIXED_START_CAUSAL_10S_V1,PASS,B0005.mat,0eae4585baf3f200c09fe24c5ab884f1889679fc75206ca1aa19da704104f0b0,567,155,38.375,28.375,38.375,2,2;3;4,3,38.375,0.0,0.0,5fc4bdcfb075e770c7b2ba2c4435a50ae0b0a958f0231ad8475a147ad1bd00f9,final_online_training_manifest.csv::soh_rated_pct
B0005_D0157,B0005,156,ONLINE_FIXED_START_CAUSAL_10S_V1,PASS,B0005.mat,0eae4585baf3f200c09fe24c5ab884f1889679fc75206ca1aa19da704104f0b0,571,156,38.281,28.281,38.281,2,2;3;4,3,38.281,0.0,0.0,272fb2e56fd20a43e0f1d5ee10ce21e8983f2d145c0d57644b2768689b3ceb2f,final_online_training_manifest.csv::soh_rated_pct
B0005_D0158,B0005,157,ONLINE_FIXED_START_CAUSAL_10S_V1,PASS,B0005.mat,0eae4585baf3f200c09fe24c5ab884f1889679fc75206ca1aa19da704104f0b0,575,157,38.235,28.235,38.235,2,2;3;4,3,38.235,0.0,0.0,85f559585fc6d766fdc37062d83e5a1f131a083d04cd13fe4bd4f604861912d3,final_online_training_manifest.csv::soh_rated_pct
B0005_D0159,B0005,158,ONLINE_FIXED_START_CAUSAL_10S_V1,PASS,B0005.mat,0eae4585baf3f200c09fe24c5ab884f1889679fc75206ca1aa19da704104f0b0,579,158,38.328,28.328000000000003,38.328,2,2;3;4,3,38.328,0.0,0.0,b4af72daac550289144da1bb3e7a645564385ccd18d9bf289ac06fcaf4e932ba,final_online_training_manifest.csv::soh_rated_pct
B0005_D0160,B0005,159,ONLINE_FIXED_START_CAUSAL_10S_V1,PASS,B0005.mat,0eae4585baf3f200c09fe24c5ab884f1889679fc75206ca1aa19da704104f0b0,583,159,38.297,28.297,38.297,2,2;3;4,3,38.297,0.0,0.0,29fe7e6ce58cd7250e5e3a237847fb333444ac17f14f444472bb9113ef97b31b,final_online_training_manifest.csv::soh_rated_pct
B0005_D0161,B0005,160,ONLINE_FIXED_START_CAUSAL_10S_V1,PASS,B0005.mat,0eae4585baf3f200c09fe24c5ab884f1889679fc75206ca1aa19da704104f0b0,587,160,38.25,28.25,38.25,2,2;3;4,3,38.25,0.0,0.0,66f6cc215f77875e5ed7e04c5b2d4948e55ec3049f0b710c86f2eeddf5f6db41,final_online_training_manifest.csv::soh_rated_pct
B0005_D0162,B0005,161,ONLINE_FIXED_START_CAUSAL_10S_V1,PASS,B0005.mat,0eae4585baf3f200c09fe24c5ab884f1889679fc75206ca1aa19da704104f0b0,591,161,38.203,28.203000000000003,38.203,2,2;3;4,3,38.203,0.0,0.0,904c388e9bcbfb96cfd8b43346d1b510b0cb056ca514484966305b42186aa70a,final_online_training_manifest.csv::soh_rated_pct
B0005_D0163,B0005,162,ONLINE_FIXED_START_CAUSAL_10S_V1,PASS,B0005.mat,0eae4585baf3f200c09fe24c5ab884f1889679fc75206ca1aa19da704104f0b0,595,162,38.375,28.375,38.375,2,2;3;4,3,38.375,0.0,0.0,864ac165801c92a35a21f8b72181595978b37ce9815163d3a5eb323d9d28e21b,final_online_training_manifest.csv::soh_rated_pct
B0005_D0164,B0005,163,ONLINE_FIXED_START_CAUSAL_10S_V1,PASS,B0005.mat,0eae4585baf3f200c09fe24c5ab884f1889679fc75206ca1aa19da704104f0b0,599,163,38.078,28.078000000000003,38.078,2,2;3;4,3,38.078,0.0,0.0,b007ff3b890e849056ebfb8d511e7a14a0c39c711fd97bb35c83f43ccb8efcc0,final_online_training_manifest.csv::soh_rated_pct
B0005_D0165,B0005,164,ONLINE_FIXED_START_CAUSAL_10S_V1,PASS,B0005.mat,0eae4585baf3f200c09fe24c5ab884f1889679fc75206ca1aa19da704104f0b0,603,164,38.312000000000005,28.312000000000005,38.312000000000005,2,2;3;4,3,38.312000000000005,0.0,0.0,297b84adfaa5c48a2320fe098f65631517e9b1c3a82fdc4bcfd0764d2c09b537,final_online_training_manifest.csv::soh_rated_pct
B0005_D0166,B0005,165,ONLINE_FIXED_START_CAUSAL_10S_V1,PASS,B0005.mat,0eae4585baf3f200c09fe24c5ab884f1889679fc75206ca1aa19da704104f0b0,607,165,38.141000000000005,28.141000000000005,38.141000000000005,2,2;3;4,3,38.141000000000005,0.0,0.0,0c0237ab65de8bab6ad6302c963b016639a88a8d53002446a1ad4c176d899137,final_online_training_manifest.csv::soh_rated_pct
B0005_D0167,B0005,166,ONLINE_FIXED_START_CAUSAL_10S_V1,PASS,B0005.mat,0eae4585baf3f200c09fe24c5ab884f1889679fc75206ca1aa19da704104f0b0,611,166,38.344,28.344,38.344,2,2;3;4,3,38.343999999999994,0.0,0.0,ae9a46c8fa68ee43fafbc31ea9d3e2904256f1c114f486ebd4d1f328fd525344,final_online_training_manifest.csv::soh_rated_pct
B0005_D0168,B0005,167,ONLINE_FIXED_START_CAUSAL_10S_V1,PASS,B0005.mat,0eae4585baf3f200c09fe24c5ab884f1889679fc75206ca1aa19da704104f0b0,613,167,38.312,28.312,38.312,2,2;3;4,3,38.312,0.0,0.0,e8d08c0a764f7c829810e754ce6a79413af67fe023fe7eae01df3ca078573b59,final_online_training_manifest.csv::soh_rated_pct
B0006_D0001,B0006,168,ONLINE_FIXED_START_CAUSAL_10S_V1,PASS,B0006.mat,fa818ab4db5db8ab21e910b6dd6c3e20d3761bb9672089e1a4de8f96074616c5,1,0,53.781,43.781,53.781,1,2;3,2,53.781,0.0,0.0,fecf956ce521720ae25762a40946ab1340126e50cd0bcbb4ddff6949325089d7,final_online_training_manifest.csv::soh_rated_pct
B0006_D0002,B0006,169,ONLINE_FIXED_START_CAUSAL_10S_V1,PASS,B0006.mat,fa818ab4db5db8ab21e910b6dd6c3e20d3761bb9672089e1a4de8f96074616c5,3,1,53.828,43.828,53.828,1,2;3,2,53.828,0.0,0.0,443d11f281db91160b1ae542d9ca78698da8cccfb1612f2923a2977a08f186d7,final_online_training_manifest.csv::soh_rated_pct
B0006_D0003,B0006,170,ONLINE_FIXED_START_CAUSAL_10S_V1,PASS,B0006.mat,fa818ab4db5db8ab21e910b6dd6c3e20d3761bb9672089e1a4de8f96074616c5,5,2,53.891,43.891,53.891,1,2;3,2,53.891,0.0,0.0,5e5c2d5b2dc9fd4d7cd312b368afc319d211796ddd62b488556b0c3fd817752e,final_online_training_manifest.csv::soh_rated_pct
B0006_D0004,B0006,171,ONLINE_FIXED_START_CAUSAL_10S_V1,PASS,B0006.mat,fa818ab4db5db8ab21e910b6dd6c3e20d3761bb9672089e1a4de8f96074616c5,7,3,53.813,43.813,53.813,1,2;3,2,53.813,0.0,0.0,027f9e3e8833141118fa802692cdc001e1923546ff9ae6fbb77c85f5b848ec01,final_online_training_manifest.csv::soh_rated_pct
B0006_D0005,B0006,172,ONLINE_FIXED_START_CAUSAL_10S_V1,PASS,B0006.mat,fa818ab4db5db8ab21e910b6dd6c3e20d3761bb9672089e1a4de8f96074616c5,9,4,53.859,43.859,53.859,1,2;3,2,53.859,0.0,0.0,8d22c64c7ba7102bba640b12426bf0bf94ef01afbe0adbbd87eccd99d9009f42,final_online_training_manifest.csv::soh_rated_pct
B0006_D0006,B0006,173,ONLINE_FIXED_START_CAUSAL_10S_V1,PASS,B0006.mat,fa818ab4db5db8ab21e910b6dd6c3e20d3761bb9672089e1a4de8f96074616c5,11,5,53.906,43.906,53.906,1,2;3,2,53.906,0.0,0.0,67730e0356669f3237a77c2a327d1d4b14986b9c751c66921f340a7c5b5baf6a,final_online_training_manifest.csv::soh_rated_pct
B0006_D0007,B0006,174,ONLINE_FIXED_START_CAUSAL_10S_V1,PASS,B0006.mat,fa818ab4db5db8ab21e910b6dd6c3e20d3761bb9672089e1a4de8f96074616c5,13,6,53.687,43.687,53.687,1,2;3,2,53.687,0.0,0.0,116e8f5adcd494b5bf8dad2071c38ff0e58702e7e210b6ae481c8b5c2a244673,final_online_training_manifest.csv::soh_rated_pct
B0006_D0008,B0006,175,ONLINE_FIXED_START_CAUSAL_10S_V1,PASS,B0006.mat,fa818ab4db5db8ab21e910b6dd6c3e20d3761bb9672089e1a4de8f96074616c5,15,7,53.844,43.844,53.844,1,2;3,2,53.844,0.0,0.0,b57b83186bfd853499650062969d83e7ef82280ad6c7c46a486185925f31e998,final_online_training_manifest.csv::soh_rated_pct
B0006_D0009,B0006,176,ONLINE_FIXED_START_CAUSAL_10S_V1,PASS,B0006.mat,fa818ab4db5db8ab21e910b6dd6c3e20d3761bb9672089e1a4de8f96074616c5,17,8,53.719,43.719,53.719,1,2;3,2,53.719,0.0,0.0,880cbcc331bc00f24a82af8a1bb985d8ae85e8f93197900636b9b91c1879b99c,final_online_training_manifest.csv::soh_rated_pct
B0006_D0010,B0006,177,ONLINE_FIXED_START_CAUSAL_10S_V1,PASS,B0006.mat,fa818ab4db5db8ab21e910b6dd6c3e20d3761bb9672089e1a4de8f96074616c5,19,9,53.735,43.735,53.735,1,2;3,2,53.735,0.0,0.0,95475b429af6fe4944a3aea6c9c9e6170f697f01dba5b2e86b858f0e52d0502b,final_online_training_manifest.csv::soh_rated_pct
B0006_D0011,B0006,178,ONLINE_FIXED_START_CAUSAL_10S_V1,PASS,B0006.mat,fa818ab4db5db8ab21e910b6dd6c3e20d3761bb9672089e1a4de8f96074616c5,21,10,53.844,43.844,53.844,1,2;3,2,53.844,0.0,0.0,e953667581de44eb3d83e8eb747556c3998aa1acb682dbba9384604680a79af7,final_online_training_manifest.csv::soh_rated_pct
B0006_D0012,B0006,179,ONLINE_FIXED_START_CAUSAL_10S_V1,PASS,B0006.mat,fa818ab4db5db8ab21e910b6dd6c3e20d3761bb9672089e1a4de8f96074616c5,24,11,53.922,43.922,53.922,1,2;3,2,53.922,0.0,0.0,eb4c09b25f1dfa4e8bd2ecbcfa62c845a0ac18db2be830bc8107f941dbd080b7,final_online_training_manifest.csv::soh_rated_pct
B0006_D0013,B0006,180,ONLINE_FIXED_START_CAUSAL_10S_V1,PASS,B0006.mat,fa818ab4db5db8ab21e910b6dd6c3e20d3761bb9672089e1a4de8f96074616c5,26,12,53.844,43.844,53.844,1,2;3,2,53.843999999999994,0.0,0.0,c7f97379de0d2f2a5a208e199e16261b54aadf04d0323cdad6a63f362eead657,final_online_training_manifest.csv::soh_rated_pct
B0006_D0014,B0006,181,ONLINE_FIXED_START_CAUSAL_10S_V1,PASS,B0006.mat,fa818ab4db5db8ab21e910b6dd6c3e20d3761bb9672089e1a4de8f96074616c5,28,13,53.75,43.75,53.75,1,2;3,2,53.75,0.0,0.0,66aa12429b914504d6da21173307866bf42ccd1de5bb8ed7db0d1ef8e5786fdb,final_online_training_manifest.csv::soh_rated_pct
B0006_D0015,B0006,182,ONLINE_FIXED_START_CAUSAL_10S_V1,PASS,B0006.mat,fa818ab4db5db8ab21e910b6dd6c3e20d3761bb9672089e1a4de8f96074616c5,30,14,53.969,43.969,53.969,1,2;3,2,53.969,0.0,0.0,0c46ada730f9d81af30802f835d784023e631ce4e7f27d34b002c7827c423387,final_online_training_manifest.csv::soh_rated_pct
B0006_D0016,B0006,183,ONLINE_FIXED_START_CAUSAL_10S_V1,PASS,B0006.mat,fa818ab4db5db8ab21e910b6dd6c3e20d3761bb9672089e1a4de8f96074616c5,32,15,54.0,44.0,54.0,1,2;3,2,54.0,0.0,0.0,c706d26feb6981a68b8ac3205aa0000bcda0efdf44e7a269f7e04c3f3502fb30,final_online_training_manifest.csv::soh_rated_pct
B0006_D0017,B0006,184,ONLINE_FIXED_START_CAUSAL_10S_V1,PASS,B0006.mat,fa818ab4db5db8ab21e910b6dd6c3e20d3761bb9672089e1a4de8f96074616c5,34,16,53.797,43.797,53.797,1,2;3,2,53.797,0.0,0.0,c9f05f5896ef9a52f793732e444e17c22ef34e6a1d9b0e3c96232a6c69ff713a,final_online_training_manifest.csv::soh_rated_pct
B0006_D0018,B0006,185,ONLINE_FIXED_START_CAUSAL_10S_V1,PASS,B0006.mat,fa818ab4db5db8ab21e910b6dd6c3e20d3761bb9672089e1a4de8f96074616c5,36,17,53.781,43.781,53.781,1,2;3,2,53.781,0.0,0.0,b18b11dfcb07ad41cdefadd8ad5dc2090427dbdee6ba2ab418f42305e893b41b,final_online_training_manifest.csv::soh_rated_pct
B0006_D0019,B0006,186,ONLINE_FIXED_START_CAUSAL_10S_V1,PASS,B0006.mat,fa818ab4db5db8ab21e910b6dd6c3e20d3761bb9672089e1a4de8f96074616c5,38,18,53.906000000000006,43.906000000000006,53.906000000000006,1,2;3,2,53.906000000000006,0.0,0.0,42a712eccc115cc6172d99a7b09e0eab1657460d9479643b5a3912ff3d7c58e2,final_online_training_manifest.csv::soh_rated_pct
B0006_D0020,B0006,187,ONLINE_FIXED_START_CAUSAL_10S_V1,PASS,B0006.mat,fa818ab4db5db8ab21e910b6dd6c3e20d3761bb9672089e1a4de8f96074616c5,41,19,53.875,43.875,53.875,1,2;3,2,53.875,0.0,0.0,b6d5b8ea0a74c0fa49b3917faac8c92d8928f061b5c4d5de91a5a19bb551b59c,final_online_training_manifest.csv::soh_rated_pct
B0006_D0021,B0006,188,ONLINE_FIXED_START_CAUSAL_10S_V1,PASS,B0006.mat,fa818ab4db5db8ab21e910b6dd6c3e20d3761bb9672089e1a4de8f96074616c5,45,20,53.797,43.797,53.797,1,2;3,2,53.797,0.0,0.0,d5941719be7e31ee813e0eeb5f320e4deddc9c0632b23f3acce6ba0776605d1b,final_online_training_manifest.csv::soh_rated_pct
B0006_D0022,B0006,189,ONLINE_FIXED_START_CAUSAL_10S_V1,PASS,B0006.mat,fa818ab4db5db8ab21e910b6dd6c3e20d3761bb9672089e1a4de8f96074616c5,49,21,53.891,43.891,53.891,1,2;3,2,53.891,0.0,0.0,7f7c0a796fa7747c36f7a12512946937ea7a9678cd1e731fee23f06f5695cc2f,final_online_training_manifest.csv::soh_rated_pct
B0006_D0023,B0006,190,ONLINE_FIXED_START_CAUSAL_10S_V1,PASS,B0006.mat,fa818ab4db5db8ab21e910b6dd6c3e20d3761bb9672089e1a4de8f96074616c5,53,22,53.907,43.907,53.907,1,2;3,2,53.907,0.0,0.0,fef6af13f1816d51435f02f2437365087009d962f9da3603d2369f8c75b29d98,final_online_training_manifest.csv::soh_rated_pct
B0006_D0024,B0006,191,ONLINE_FIXED_START_CAUSAL_10S_V1,PASS,B0006.mat,fa818ab4db5db8ab21e910b6dd6c3e20d3761bb9672089e1a4de8f96074616c5,57,23,53.844,43.844,53.844,1,2;3,2,53.844,0.0,0.0,86659d75b19f26aa6a1e2ce11a9c3a4e64245dd6871a169a1d924d94bedf4496,final_online_training_manifest.csv::soh_rated_pct
B0006_D0025,B0006,192,ONLINE_FIXED_START_CAUSAL_10S_V1,PASS,B0006.mat,fa818ab4db5db8ab21e910b6dd6c3e20d3761bb9672089e1a4de8f96074616c5,61,24,53.875,43.875,53.875,1,2;3,2,53.875,0.0,0.0,8724bab330666893023c2349eafa1ba4fbfaeaa1c43bbe4170accdf0d70f65fa,final_online_training_manifest.csv::soh_rated_pct
B0006_D0026,B0006,193,ONLINE_FIXED_START_CAUSAL_10S_V1,PASS,B0006.mat,fa818ab4db5db8ab21e910b6dd6c3e20d3761bb9672089e1a4de8f96074616c5,65,25,53.766,43.766,53.766,1,2;3,2,53.766,0.0,0.0,403425ff31e4acceb19f0ef23500d35971ea15f454fe080a371388b5a6fc7206,final_online_training_manifest.csv::soh_rated_pct
B0006_D0027,B0006,194,ONLINE_FIXED_START_CAUSAL_10S_V1,PASS,B0006.mat,fa818ab4db5db8ab21e910b6dd6c3e20d3761bb9672089e1a4de8f96074616c5,69,26,53.656,43.656,53.656,1,2;3,2,53.656,0.0,0.0,656fc9f650f59ccfad841853cbb9ce7383913d6a9b8b0f9b4ade0c5696f76cef,final_online_training_manifest.csv::soh_rated_pct
B0006_D0028,B0006,195,ONLINE_FIXED_START_CAUSAL_10S_V1,PASS,B0006.mat,fa818ab4db5db8ab21e910b6dd6c3e20d3761bb9672089e1a4de8f96074616c5,73,27,53.734,43.734,53.734,1,2;3,2,53.734,0.0,0.0,d3bb0c5b8b9bdb946f9c7a5738b42a92469c28963c1f7af92d8e79b82653b0fd,final_online_training_manifest.csv::soh_rated_pct
B0006_D0029,B0006,196,ONLINE_FIXED_START_CAUSAL_10S_V1,PASS,B0006.mat,fa818ab4db5db8ab21e910b6dd6c3e20d3761bb9672089e1a4de8f96074616c5,77,28,53.859,43.859,53.859,1,2;3,2,53.859,0.0,0.0,43a8ecba6012ced798792ddf4beb4ed1294561225903e45386d9e8ed4ebae897,final_online_training_manifest.csv::soh_rated_pct
B0006_D0030,B0006,197,ONLINE_FIXED_START_CAUSAL_10S_V1,PASS,B0006.mat,fa818ab4db5db8ab21e910b6dd6c3e20d3761bb9672089e1a4de8f96074616c5,81,29,53.844,43.844,53.844,1,2;3,2,53.843999999999994,0.0,0.0,f89dc2069220f4c68000f51bf5c5d63c1a2dc40b3556c014eda6a39820eb88fd,final_online_training_manifest.csv::soh_rated_pct
B0006_D0031,B0006,198,ONLINE_FIXED_START_CAUSAL_10S_V1,PASS,B0006.mat,fa818ab4db5db8ab21e910b6dd6c3e20d3761bb9672089e1a4de8f96074616c5,85,30,38.265,28.265,38.265,2,2;3;4,3,38.265,0.0,0.0,24ea4f5aaaa6a6c79249da1d6a2c2a723c4fc76f4967dc12675a1c91af9286a8,final_online_training_manifest.csv::soh_rated_pct
B0006_D0032,B0006,199,ONLINE_FIXED_START_CAUSAL_10S_V1,PASS,B0006.mat,fa818ab4db5db8ab21e910b6dd6c3e20d3761bb9672089e1a4de8f96074616c5,89,31,38.312,28.312,38.312,2,2;3;4,3,38.312,0.0,0.0,48eea807887af43e862557d836515bb119bbe79ba07053ed7e0a8283e2802e0d,final_online_training_manifest.csv::soh_rated_pct
B0006_D0033,B0006,200,ONLINE_FIXED_START_CAUSAL_10S_V1,PASS,B0006.mat,fa818ab4db5db8ab21e910b6dd6c3e20d3761bb9672089e1a4de8f96074616c5,93,32,38.453,28.453000000000003,38.453,2,2;3;4,3,38.453,0.0,0.0,01b6aa58d82285880bb745b66d4e0de1965752dc8d4ae7f6180a7f84d6506f29,final_online_training_manifest.csv::soh_rated_pct
B0006_D0034,B0006,201,ONLINE_FIXED_START_CAUSAL_10S_V1,PASS,B0006.mat,fa818ab4db5db8ab21e910b6dd6c3e20d3761bb9672089e1a4de8f96074616c5,97,33,38.281,28.281,38.281,2,2;3;4,3,38.281,0.0,0.0,1c3cc0711c867bc0b9451137e6dc1120b1946f775501460e373839cf3d5c60cf,final_online_training_manifest.csv::soh_rated_pct
B0006_D0035,B0006,202,ONLINE_FIXED_START_CAUSAL_10S_V1,PASS,B0006.mat,fa818ab4db5db8ab21e910b6dd6c3e20d3761bb9672089e1a4de8f96074616c5,101,34,38.344,28.344,38.344,2,2;3;4,3,38.344,0.0,0.0,5118c47fa2e6d18261a41a643dad07f7ad760258f8c8b533df55c4c3899ded12,final_online_training_manifest.csv::soh_rated_pct
B0006_D0036,B0006,203,ONLINE_FIXED_START_CAUSAL_10S_V1,PASS,B0006.mat,fa818ab4db5db8ab21e910b6dd6c3e20d3761bb9672089e1a4de8f96074616c5,105,35,38.344,28.344,38.344,2,2;3;4,3,38.344,0.0,0.0,bc3c5e57c0397aeace1c76f424ec14cdd6309dddbdf3811590bedee8f69946aa,final_online_training_manifest.csv::soh_rated_pct
B0006_D0037,B0006,204,ONLINE_FIXED_START_CAUSAL_10S_V1,PASS,B0006.mat,fa818ab4db5db8ab21e910b6dd6c3e20d3761bb9672089e1a4de8f96074616c5,109,36,38.188,28.188,38.188,2,2;3;4,3,38.188,0.0,0.0,19b8a26263b3b130fce12a974ac1fe0a0f48918785f96a9400b1d47127912837,final_online_training_manifest.csv::soh_rated_pct
B0006_D0038,B0006,205,ONLINE_FIXED_START_CAUSAL_10S_V1,PASS,B0006.mat,fa818ab4db5db8ab21e910b6dd6c3e20d3761bb9672089e1a4de8f96074616c5,113,37,38.188,28.188,38.188,2,2;3;4,3,38.188,0.0,0.0,8d490c0dabc2e3fd1f8834536e16a54ec51e6fc3211109fb9c8568b953be35a3,final_online_training_manifest.csv::soh_rated_pct
B0006_D0039,B0006,206,ONLINE_FIXED_START_CAUSAL_10S_V1,PASS,B0006.mat,fa818ab4db5db8ab21e910b6dd6c3e20d3761bb9672089e1a4de8f96074616c5,117,38,38.281,28.281,38.281,2,2;3;4,3,38.281,0.0,0.0,bc2eea2b7d4b1c1984743c63ffd60fc90252967fd9942258d118053f910f3d4d,final_online_training_manifest.csv::soh_rated_pct
B0006_D0040,B0006,207,ONLINE_FIXED_START_CAUSAL_10S_V1,PASS,B0006.mat,fa818ab4db5db8ab21e910b6dd6c3e20d3761bb9672089e1a4de8f96074616c5,121,39,38.359,28.359,38.359,2,2;3;4,3,38.359,0.0,0.0,d0404c9cf32c690f26198bc62cfdcfe97293b1a629d27c8eb06ca72b7f010922,final_online_training_manifest.csv::soh_rated_pct
B0006_D0041,B0006,208,ONLINE_FIXED_START_CAUSAL_10S_V1,PASS,B0006.mat,fa818ab4db5db8ab21e910b6dd6c3e20d3761bb9672089e1a4de8f96074616c5,125,40,38.219,28.219,38.219,2,2;3;4,3,38.219,0.0,0.0,673b63eaaf280d8408267048472c032044cfbd314d24a1f88dfb7a1b5519b005,final_online_training_manifest.csv::soh_rated_pct
B0006_D0042,B0006,209,ONLINE_FIXED_START_CAUSAL_10S_V1,PASS,B0006.mat,fa818ab4db5db8ab21e910b6dd6c3e20d3761bb9672089e1a4de8f96074616c5,129,41,38.187,28.187,38.187,2,2;3;4,3,38.187,0.0,0.0,a29f49876946e6ce05f469ea8a970904e6d15964593f1989fcc5b67700da011f,final_online_training_manifest.csv::soh_rated_pct
B0006_D0043,B0006,210,ONLINE_FIXED_START_CAUSAL_10S_V1,PASS,B0006.mat,fa818ab4db5db8ab21e910b6dd6c3e20d3761bb9672089e1a4de8f96074616c5,133,42,53.5,43.5,53.5,1,2;3,2,53.5,0.0,0.0,62b25a1f31520913b3d9ab510c9b1e2d176ba0867c89e091b70e15b190161b07,final_online_training_manifest.csv::soh_rated_pct
B0006_D0044,B0006,211,ONLINE_FIXED_START_CAUSAL_10S_V1,PASS,B0006.mat,fa818ab4db5db8ab21e910b6dd6c3e20d3761bb9672089e1a4de8f96074616c5,135,43,38.14,28.14,38.14,2,2;3;4,3,38.14,0.0,0.0,7471065867f0f651cd04241f8e234d22bb7b51e48e427f560924e199f7092ea9,final_online_training_manifest.csv::soh_rated_pct
B0006_D0045,B0006,212,ONLINE_FIXED_START_CAUSAL_10S_V1,PASS,B0006.mat,fa818ab4db5db8ab21e910b6dd6c3e20d3761bb9672089e1a4de8f96074616c5,139,44,38.312000000000005,28.312000000000005,38.312000000000005,2,2;3;4,3,38.312000000000005,0.0,0.0,e3fa91178ec0799fb6f2c2786c506018d6bf1680a25ca9f8cb1f3db95b7e803a,final_online_training_manifest.csv::soh_rated_pct
B0006_D0046,B0006,213,ONLINE_FIXED_START_CAUSAL_10S_V1,PASS,B0006.mat,fa818ab4db5db8ab21e910b6dd6c3e20d3761bb9672089e1a4de8f96074616c5,143,45,38.25,28.25,38.25,2,2;3;4,3,38.25,0.0,0.0,3915afaf6ed38e16bb75ab2c576890e85749f4d8c85e44f81b3c6e7bf8244fce,final_online_training_manifest.csv::soh_rated_pct
B0006_D0047,B0006,214,ONLINE_FIXED_START_CAUSAL_10S_V1,PASS,B0006.mat,fa818ab4db5db8ab21e910b6dd6c3e20d3761bb9672089e1a4de8f96074616c5,147,46,38.25,28.25,38.25,2,2;3;4,3,38.25,0.0,0.0,5a57f6c66277ec27a8106f83d82a9158433e8b601b37fef39e07bff0893b224a,final_online_training_manifest.csv::soh_rated_pct
B0006_D0048,B0006,215,ONLINE_FIXED_START_CAUSAL_10S_V1,PASS,B0006.mat,fa818ab4db5db8ab21e910b6dd6c3e20d3761bb9672089e1a4de8f96074616c5,149,47,38.281,28.281,38.281,2,2;3;4,3,38.281,0.0,0.0,9c506c3bb9a305e42b695b5bcc4156117f99d939d1571d751817e757046b20d3,final_online_training_manifest.csv::soh_rated_pct
B0006_D0049,B0006,216,ONLINE_FIXED_START_CAUSAL_10S_V1,PASS,B0006.mat,fa818ab4db5db8ab21e910b6dd6c3e20d3761bb9672089e1a4de8f96074616c5,153,48,38.219,28.219,38.219,2,2;3;4,3,38.218999999999994,0.0,0.0,8ec0740a58f7aafdcf5939ee5315997979b6ee2010a5cdfabf482b0b2322b132,final_online_training_manifest.csv::soh_rated_pct
B0006_D0050,B0006,217,ONLINE_FIXED_START_CAUSAL_10S_V1,PASS,B0006.mat,fa818ab4db5db8ab21e910b6dd6c3e20d3761bb9672089e1a4de8f96074616c5,157,49,38.36,28.36,38.36,2,2;3;4,3,38.36,0.0,0.0,17820909ea0f2f2dd3a4283bc9754c5fa77fa5df1f1a11957086b9ea95537241,final_online_training_manifest.csv::soh_rated_pct
B0006_D0051,B0006,218,ONLINE_FIXED_START_CAUSAL_10S_V1,PASS,B0006.mat,fa818ab4db5db8ab21e910b6dd6c3e20d3761bb9672089e1a4de8f96074616c5,161,50,38.375,28.375,38.375,2,2;3;4,3,38.375,0.0,0.0,0d6f285b263fbc338cd70b5a1757edb2ed49a46950def270d888c980ad62c28e,final_online_training_manifest.csv::soh_rated_pct
B0006_D0052,B0006,219,ONLINE_FIXED_START_CAUSAL_10S_V1,PASS,B0006.mat,fa818ab4db5db8ab21e910b6dd6c3e20d3761bb9672089e1a4de8f96074616c5,165,51,38.375,28.375,38.375,2,2;3;4,3,38.375,0.0,0.0,53dc0196fd75e0e7f6718702046fc804f77bfe4a56c61853d00333de98c7afaa,final_online_training_manifest.csv::soh_rated_pct
B0006_D0053,B0006,220,ONLINE_FIXED_START_CAUSAL_10S_V1,PASS,B0006.mat,fa818ab4db5db8ab21e910b6dd6c3e20d3761bb9672089e1a4de8f96074616c5,169,52,38.234,28.234,38.234,2,2;3;4,3,38.234,0.0,0.0,c54df56d4ce861aa1b8ea281a7c5c73f288d72bf2f168d2016ca7528365867ae,final_online_training_manifest.csv::soh_rated_pct
B0006_D0054,B0006,221,ONLINE_FIXED_START_CAUSAL_10S_V1,PASS,B0006.mat,fa818ab4db5db8ab21e910b6dd6c3e20d3761bb9672089e1a4de8f96074616c5,173,53,38.203,28.203000000000003,38.203,2,2;3;4,3,38.203,0.0,0.0,870e3826ee06b92b5f37fbec611892c8d5e5d953af245bf0f1fa85dc5fe1cf6a,final_online_training_manifest.csv::soh_rated_pct
B0006_D0055,B0006,222,ONLINE_FIXED_START_CAUSAL_10S_V1,PASS,B0006.mat,fa818ab4db5db8ab21e910b6dd6c3e20d3761bb9672089e1a4de8f96074616c5,177,54,38.391,28.391,38.391,2,2;3;4,3,38.391,0.0,0.0,64ec25c2bb48f75158d0bb4342441130b2c07eb8b8d3722193b0a107de256b8e,final_online_training_manifest.csv::soh_rated_pct
B0006_D0056,B0006,223,ONLINE_FIXED_START_CAUSAL_10S_V1,PASS,B0006.mat,fa818ab4db5db8ab21e910b6dd6c3e20d3761bb9672089e1a4de8f96074616c5,181,55,38.218,28.218,38.218,2,2;3;4,3,38.217999999999996,0.0,0.0,61190254e90b6d8436dfb61f8dd51a9d3bfc16fc28f4cf6ce78fb54444f3a821,final_online_training_manifest.csv::soh_rated_pct
B0006_D0057,B0006,224,ONLINE_FIXED_START_CAUSAL_10S_V1,PASS,B0006.mat,fa818ab4db5db8ab21e910b6dd6c3e20d3761bb9672089e1a4de8f96074616c5,185,56,38.235,28.235,38.235,2,2;3;4,3,38.235,0.0,0.0,8cdfec48117fa127a1b00f2f36436c38911bb209e60ca5491f8d541011fcd3ab,final_online_training_manifest.csv::soh_rated_pct
B0006_D0058,B0006,225,ONLINE_FIXED_START_CAUSAL_10S_V1,PASS,B0006.mat,fa818ab4db5db8ab21e910b6dd6c3e20d3761bb9672089e1a4de8f96074616c5,189,57,38.375,28.375,38.375,2,2;3;4,3,38.375,0.0,0.0,5b36435b87d06c63664748d857d1f3159e3104b47cb0a6acc3b7da848002332c,final_online_training_manifest.csv::soh_rated_pct
B0006_D0059,B0006,226,ONLINE_FIXED_START_CAUSAL_10S_V1,PASS,B0006.mat,fa818ab4db5db8ab21e910b6dd6c3e20d3761bb9672089e1a4de8f96074616c5,193,58,38.218,28.218000000000004,38.218,2,2;3;4,3,38.218,0.0,0.0,913326d220a43de76618a3c339530acd615f76beb068246033e2e8c43d4559ba,final_online_training_manifest.csv::soh_rated_pct
B0006_D0060,B0006,227,ONLINE_FIXED_START_CAUSAL_10S_V1,PASS,B0006.mat,fa818ab4db5db8ab21e910b6dd6c3e20d3761bb9672089e1a4de8f96074616c5,197,59,38.359,28.359,38.359,2,2;3;4,3,38.359,0.0,0.0,7c7cba1ef73b2d401816df9222605b127cb6dd2b0ce4789db4725d4ea0b8a720,final_online_training_manifest.csv::soh_rated_pct
B0006_D0061,B0006,228,ONLINE_FIXED_START_CAUSAL_10S_V1,PASS,B0006.mat,fa818ab4db5db8ab21e910b6dd6c3e20d3761bb9672089e1a4de8f96074616c5,201,60,38.266,28.266,38.266,2,2;3;4,3,38.266,0.0,0.0,6bfa68f7d8a971b22698ad4392e9a6135b44cc1b29994c427ab72604eb222e36,final_online_training_manifest.csv::soh_rated_pct
B0006_D0062,B0006,229,ONLINE_FIXED_START_CAUSAL_10S_V1,PASS,B0006.mat,fa818ab4db5db8ab21e910b6dd6c3e20d3761bb9672089e1a4de8f96074616c5,205,61,38.391,28.391,38.391,2,2;3;4,3,38.391,0.0,0.0,d08adf73e5f1754eabad23e62c068b7f30e11c1d6cfa95906a0426a8aa4f898d,final_online_training_manifest.csv::soh_rated_pct
B0006_D0063,B0006,230,ONLINE_FIXED_START_CAUSAL_10S_V1,PASS,B0006.mat,fa818ab4db5db8ab21e910b6dd6c3e20d3761bb9672089e1a4de8f96074616c5,209,62,38.297,28.297,38.297,2,2;3;4,3,38.297,0.0,0.0,084115169ceacdc6bed31f57482e365cc94dea14abae17dfbee216f2bb8c52b9,final_online_training_manifest.csv::soh_rated_pct
B0006_D0064,B0006,231,ONLINE_FIXED_START_CAUSAL_10S_V1,PASS,B0006.mat,fa818ab4db5db8ab21e910b6dd6c3e20d3761bb9672089e1a4de8f96074616c5,213,63,38.375,28.375,38.375,2,2;3;4,3,38.375,0.0,0.0,f903dc19497af083556b92c6745e0c5cdb0ba3fa9f267e04e82548949ea3ffff,final_online_training_manifest.csv::soh_rated_pct
B0006_D0065,B0006,232,ONLINE_FIXED_START_CAUSAL_10S_V1,PASS,B0006.mat,fa818ab4db5db8ab21e910b6dd6c3e20d3761bb9672089e1a4de8f96074616c5,215,64,38.188,28.188,38.188,2,2;3;4,3,38.188,0.0,0.0,21755f6f2a2bebc637a2adca9d06d7de071db338bf72a64beb1403502d3dabda,final_online_training_manifest.csv::soh_rated_pct
B0006_D0066,B0006,233,ONLINE_FIXED_START_CAUSAL_10S_V1,PASS,B0006.mat,fa818ab4db5db8ab21e910b6dd6c3e20d3761bb9672089e1a4de8f96074616c5,219,65,38.36,28.36,38.36,2,2;3;4,3,38.36,0.0,0.0,789c2f7499b01ae77a27d9e3cb4d14b5aa6920b7d51a9c01b33a4d6c95b042b7,final_online_training_manifest.csv::soh_rated_pct
B0006_D0067,B0006,234,ONLINE_FIXED_START_CAUSAL_10S_V1,PASS,B0006.mat,fa818ab4db5db8ab21e910b6dd6c3e20d3761bb9672089e1a4de8f96074616c5,223,66,38.313,28.313,38.313,2,2;3;4,3,38.313,0.0,0.0,df35c8866baa9c9d10fe5766ae4c9119622b44ce956ba2312476ffef8c4d2233,final_online_training_manifest.csv::soh_rated_pct
B0006_D0068,B0006,235,ONLINE_FIXED_START_CAUSAL_10S_V1,PASS,B0006.mat,fa818ab4db5db8ab21e910b6dd6c3e20d3761bb9672089e1a4de8f96074616c5,227,67,38.437,28.437,38.437,2,2;3;4,3,38.437,0.0,0.0,88d45f534d0213e6d6c67b2a57a9cd721de968c523cbe9d03aec2b18e2ef3be2,final_online_training_manifest.csv::soh_rated_pct
B0006_D0069,B0006,236,ONLINE_FIXED_START_CAUSAL_10S_V1,PASS,B0006.mat,fa818ab4db5db8ab21e910b6dd6c3e20d3761bb9672089e1a4de8f96074616c5,231,68,38.375,28.375,38.375,2,2;3;4,3,38.375,0.0,0.0,da4a75f124ae52550b7542d9853504455851ad7f8f311aaf307527069974dab5,final_online_training_manifest.csv::soh_rated_pct
B0006_D0070,B0006,237,ONLINE_FIXED_START_CAUSAL_10S_V1,PASS,B0006.mat,fa818ab4db5db8ab21e910b6dd6c3e20d3761bb9672089e1a4de8f96074616c5,235,69,38.344,28.344,38.344,2,2;3;4,3,38.344,0.0,0.0,b42518b69ea44ab6e0b6d2e1d02353e6a96144c54e326d23dd84612ab29ea748,final_online_training_manifest.csv::soh_rated_pct
B0006_D0071,B0006,238,ONLINE_FIXED_START_CAUSAL_10S_V1,PASS,B0006.mat,fa818ab4db5db8ab21e910b6dd6c3e20d3761bb9672089e1a4de8f96074616c5,239,70,38.219,28.219,38.219,2,2;3;4,3,38.219,0.0,0.0,b68b13dbedc5f0154196f5ab1d3b277c658a02beb4e967cdba408d2d87867295,final_online_training_manifest.csv::soh_rated_pct
B0006_D0072,B0006,239,ONLINE_FIXED_START_CAUSAL_10S_V1,PASS,B0006.mat,fa818ab4db5db8ab21e910b6dd6c3e20d3761bb9672089e1a4de8f96074616c5,243,71,38.235,28.235,38.235,2,2;3;4,3,38.235,0.0,0.0,23e96e275e4689cf89b2c13d46939436767520d07a1138a7a92ea6af31a9e9b2,final_online_training_manifest.csv::soh_rated_pct
B0006_D0073,B0006,240,ONLINE_FIXED_START_CAUSAL_10S_V1,PASS,B0006.mat,fa818ab4db5db8ab21e910b6dd6c3e20d3761bb9672089e1a4de8f96074616c5,247,72,38.25,28.25,38.25,2,2;3;4,3,38.25,0.0,0.0,25cb85f550d5ce3e9c300902f988ecc0fd408ce0d098d80a3e441c2a97d5a88a,final_online_training_manifest.csv::soh_rated_pct
B0006_D0074,B0006,241,ONLINE_FIXED_START_CAUSAL_10S_V1,PASS,B0006.mat,fa818ab4db5db8ab21e910b6dd6c3e20d3761bb9672089e1a4de8f96074616c5,251,73,38.312,28.312,38.312,2,2;3;4,3,38.312,0.0,0.0,11bc4711adeba0ae74e2ff31569af494ea8b6489909cffebf9994819750bf92f,final_online_training_manifest.csv::soh_rated_pct
B0006_D0075,B0006,242,ONLINE_FIXED_START_CAUSAL_10S_V1,PASS,B0006.mat,fa818ab4db5db8ab21e910b6dd6c3e20d3761bb9672089e1a4de8f96074616c5,255,74,38.422,28.422,38.422,2,2;3;4,3,38.422,0.0,0.0,03b4e67a9e489c6c955a67566b58f2e377fa31f4e82fc97c6127ffe40bc3d822,final_online_training_manifest.csv::soh_rated_pct
B0006_D0076,B0006,243,ONLINE_FIXED_START_CAUSAL_10S_V1,PASS,B0006.mat,fa818ab4db5db8ab21e910b6dd6c3e20d3761bb9672089e1a4de8f96074616c5,259,75,38.14,28.14,38.14,2,2;3;4,3,38.14,0.0,0.0,bc9268466a3a8300acf1fa5caedc1becf69e2a1718c91bfb5249c6e65b1da627,final_online_training_manifest.csv::soh_rated_pct
B0006_D0077,B0006,244,ONLINE_FIXED_START_CAUSAL_10S_V1,PASS,B0006.mat,fa818ab4db5db8ab21e910b6dd6c3e20d3761bb9672089e1a4de8f96074616c5,263,76,38.219,28.219,38.219,2,2;3;4,3,38.219,0.0,0.0,05d0dae7e950bda788e4710093067c5fa23d3c276bcf1b73d65b2f05c3bf0371,final_online_training_manifest.csv::soh_rated_pct
B0006_D0078,B0006,245,ONLINE_FIXED_START_CAUSAL_10S_V1,PASS,B0006.mat,fa818ab4db5db8ab21e910b6dd6c3e20d3761bb9672089e1a4de8f96074616c5,265,77,38.219,28.219,38.219,2,2;3;4,3,38.218999999999994,0.0,0.0,a10d830c5676972391be430a30abbb84ff0836d931500c418afdda78eb1d2bb1,final_online_training_manifest.csv::soh_rated_pct
B0006_D0079,B0006,246,ONLINE_FIXED_START_CAUSAL_10S_V1,PASS,B0006.mat,fa818ab4db5db8ab21e910b6dd6c3e20d3761bb9672089e1a4de8f96074616c5,269,78,38.235,28.235,38.235,2,2;3;4,3,38.235,0.0,0.0,75a7ae6fe30771d11755bcae252fa0b072edddd510fb2f5919933d22e0ca46ec,final_online_training_manifest.csv::soh_rated_pct
B0006_D0080,B0006,247,ONLINE_FIXED_START_CAUSAL_10S_V1,PASS,B0006.mat,fa818ab4db5db8ab21e910b6dd6c3e20d3761bb9672089e1a4de8f96074616c5,273,79,38.25,28.25,38.25,2,2;3;4,3,38.25,0.0,0.0,83647d5b0732d3f6389055858e2cd57085aa96c6c065f014b666f645c341524d,final_online_training_manifest.csv::soh_rated_pct
B0006_D0081,B0006,248,ONLINE_FIXED_START_CAUSAL_10S_V1,PASS,B0006.mat,fa818ab4db5db8ab21e910b6dd6c3e20d3761bb9672089e1a4de8f96074616c5,277,80,38.203,28.203000000000003,38.203,2,2;3;4,3,38.203,0.0,0.0,8f004d1968bc6a2f138bb9cb67a36a603c93f9c8ae131e05d81cd4a7563055e4,final_online_training_manifest.csv::soh_rated_pct
B0006_D0082,B0006,249,ONLINE_FIXED_START_CAUSAL_10S_V1,PASS,B0006.mat,fa818ab4db5db8ab21e910b6dd6c3e20d3761bb9672089e1a4de8f96074616c5,281,81,38.391000000000005,28.391000000000005,38.391000000000005,2,2;3;4,3,38.391000000000005,0.0,0.0,2fe16c2c2355977f82f2780429ead465361ce18e2f65e1de138bdf6ec26b79bb,final_online_training_manifest.csv::soh_rated_pct
B0006_D0083,B0006,250,ONLINE_FIXED_START_CAUSAL_10S_V1,PASS,B0006.mat,fa818ab4db5db8ab21e910b6dd6c3e20d3761bb9672089e1a4de8f96074616c5,285,82,38.266,28.266,38.266,2,2;3;4,3,38.266,0.0,0.0,943bbb7d6820a3a923217af7de86cb6f977077b4ce6b4e09e8a7dc71ec831a1f,final_online_training_manifest.csv::soh_rated_pct
B0006_D0084,B0006,251,ONLINE_FIXED_START_CAUSAL_10S_V1,PASS,B0006.mat,fa818ab4db5db8ab21e910b6dd6c3e20d3761bb9672089e1a4de8f96074616c5,289,83,38.313,28.313,38.313,2,2;3;4,3,38.313,0.0,0.0,2ab04635dd911e16e2ec8f488fcb23e75435bf2d01b0f85a56009b0033968e59,final_online_training_manifest.csv::soh_rated_pct
B0006_D0085,B0006,252,ONLINE_FIXED_START_CAUSAL_10S_V1,PASS,B0006.mat,fa818ab4db5db8ab21e910b6dd6c3e20d3761bb9672089e1a4de8f96074616c5,293,84,38.25,28.25,38.25,2,2;3;4,3,38.25,0.0,0.0,8bedab21560e1d33e843829f18160a0a0229cd1bb6a59a785bd91778e9f430fa,final_online_training_manifest.csv::soh_rated_pct
B0006_D0086,B0006,253,ONLINE_FIXED_START_CAUSAL_10S_V1,PASS,B0006.mat,fa818ab4db5db8ab21e910b6dd6c3e20d3761bb9672089e1a4de8f96074616c5,297,85,38.313,28.313,38.313,2,2;3;4,3,38.313,0.0,0.0,6c5a8be490ee73eba2a49289f257b7297fb8100f23fcfabcab2fb3feac572278,final_online_training_manifest.csv::soh_rated_pct
B0006_D0087,B0006,254,ONLINE_FIXED_START_CAUSAL_10S_V1,PASS,B0006.mat,fa818ab4db5db8ab21e910b6dd6c3e20d3761bb9672089e1a4de8f96074616c5,301,86,38.265,28.265,38.265,2,2;3;4,3,38.265,0.0,0.0,7b5ea518de628809813524f796dc56316c621ace9c9764e5c2dd8b3149ac1943,final_online_training_manifest.csv::soh_rated_pct
B0006_D0088,B0006,255,ONLINE_FIXED_START_CAUSAL_10S_V1,PASS,B0006.mat,fa818ab4db5db8ab21e910b6dd6c3e20d3761bb9672089e1a4de8f96074616c5,305,87,38.219,28.219,38.219,2,2;3;4,3,38.219,0.0,0.0,aa6e6696ae60be33b5a7512cca379ab811ba986439aaf3a7a465f04c51530a6a,final_online_training_manifest.csv::soh_rated_pct
B0006_D0089,B0006,256,ONLINE_FIXED_START_CAUSAL_10S_V1,PASS,B0006.mat,fa818ab4db5db8ab21e910b6dd6c3e20d3761bb9672089e1a4de8f96074616c5,309,88,38.156,28.156,38.156,2,2;3;4,3,38.156,0.0,0.0,0b528c5a889851ef5a8d7f183ce657cdfdf4f61a644a444f6164601a351e8569,final_online_training_manifest.csv::soh_rated_pct
B0006_D0090,B0006,257,ONLINE_FIXED_START_CAUSAL_10S_V1,PASS,B0006.mat,fa818ab4db5db8ab21e910b6dd6c3e20d3761bb9672089e1a4de8f96074616c5,312,89,38.313,28.313,38.313,2,2;3;4,3,38.313,0.0,0.0,9fc51eb8738fb99366aac30543deaf3a67127f89154e70a4f8e1d69a39474fa6,final_online_training_manifest.csv::soh_rated_pct
B0006_D0091,B0006,258,ONLINE_FIXED_START_CAUSAL_10S_V1,PASS,B0006.mat,fa818ab4db5db8ab21e910b6dd6c3e20d3761bb9672089e1a4de8f96074616c5,315,90,38.375,28.375,38.375,2,2;3;4,3,38.375,0.0,0.0,bf50c64646609e7afa4e8751115ff8b94d80d01eab1fee943fb86a1b1d4cc05a,final_online_training_manifest.csv::soh_rated_pct
B0006_D0092,B0006,259,ONLINE_FIXED_START_CAUSAL_10S_V1,PASS,B0006.mat,fa818ab4db5db8ab21e910b6dd6c3e20d3761bb9672089e1a4de8f96074616c5,319,91,38.359,28.358999999999995,38.359,2,2;3;4,3,38.358999999999995,0.0,0.0,627f57070a4e74dad4502f4fc222461a55fb9cf890f9b9f2e798013cf114b3e2,final_online_training_manifest.csv::soh_rated_pct
B0006_D0093,B0006,260,ONLINE_FIXED_START_CAUSAL_10S_V1,PASS,B0006.mat,fa818ab4db5db8ab21e910b6dd6c3e20d3761bb9672089e1a4de8f96074616c5,323,92,38.25,28.25,38.25,2,2;3;4,3,38.25,0.0,0.0,cf1df96a94dc52b7a1fa93fac850c47901477e7a7a6b8dbb6c604fda46534bf6,final_online_training_manifest.csv::soh_rated_pct
B0006_D0094,B0006,261,ONLINE_FIXED_START_CAUSAL_10S_V1,PASS,B0006.mat,fa818ab4db5db8ab21e910b6dd6c3e20d3761bb9672089e1a4de8f96074616c5,327,93,38.203,28.203000000000003,38.203,2,2;3;4,3,38.203,0.0,0.0,cc6278eaea7204b9fa58262b56ce064bda609ea3b6e792e8b0561fa84d8b8b3f,final_online_training_manifest.csv::soh_rated_pct
B0006_D0095,B0006,262,ONLINE_FIXED_START_CAUSAL_10S_V1,PASS,B0006.mat,fa818ab4db5db8ab21e910b6dd6c3e20d3761bb9672089e1a4de8f96074616c5,331,94,38.359,28.359,38.359,2,2;3;4,3,38.359,0.0,0.0,3b493d4fbf7ae56d44f1205ff41151e352539326dd083c212c8dab01783f3ff3,final_online_training_manifest.csv::soh_rated_pct
B0006_D0096,B0006,263,ONLINE_FIXED_START_CAUSAL_10S_V1,PASS,B0006.mat,fa818ab4db5db8ab21e910b6dd6c3e20d3761bb9672089e1a4de8f96074616c5,335,95,38.343,28.343000000000004,38.343,2,2;3;4,3,38.343,0.0,0.0,4a59cbf0683609f7a12959c9762541f8e7b6f7cde4be2f7d4566676dd660ce1c,final_online_training_manifest.csv::soh_rated_pct
B0006_D0097,B0006,264,ONLINE_FIXED_START_CAUSAL_10S_V1,PASS,B0006.mat,fa818ab4db5db8ab21e910b6dd6c3e20d3761bb9672089e1a4de8f96074616c5,339,96,38.203,28.203000000000003,38.203,2,2;3;4,3,38.203,0.0,0.0,35b6950b72a584b901d86071f1934746e48161cafcbef3de8514b7c92eebf2aa,final_online_training_manifest.csv::soh_rated_pct
B0006_D0098,B0006,265,ONLINE_FIXED_START_CAUSAL_10S_V1,PASS,B0006.mat,fa818ab4db5db8ab21e910b6dd6c3e20d3761bb9672089e1a4de8f96074616c5,343,97,38.297,28.297000000000004,38.297,2,2;3;4,3,38.297000000000004,0.0,0.0,ba827a87f3024e62500223d96039c62ae5ec3feaecd82fb4647eb6c30065739c,final_online_training_manifest.csv::soh_rated_pct
B0006_D0099,B0006,266,ONLINE_FIXED_START_CAUSAL_10S_V1,PASS,B0006.mat,fa818ab4db5db8ab21e910b6dd6c3e20d3761bb9672089e1a4de8f96074616c5,347,98,38.36,28.36,38.36,2,2;3;4,3,38.36,0.0,0.0,e1d022ee05bc6f67d077acc6af62340178fbdcddced1a64a25f8d3799d687017,final_online_training_manifest.csv::soh_rated_pct
B0006_D0100,B0006,267,ONLINE_FIXED_START_CAUSAL_10S_V1,PASS,B0006.mat,fa818ab4db5db8ab21e910b6dd6c3e20d3761bb9672089e1a4de8f96074616c5,351,99,38.343,28.343000000000004,38.343,2,2;3;4,3,38.343,0.0,0.0,02ee1d4ac8951a1cc5888bcd40e0be4672039ef6af823b230313bcc82c4a2277,final_online_training_manifest.csv::soh_rated_pct
B0006_D0101,B0006,268,ONLINE_FIXED_START_CAUSAL_10S_V1,PASS,B0006.mat,fa818ab4db5db8ab21e910b6dd6c3e20d3761bb9672089e1a4de8f96074616c5,355,100,38.375,28.375,38.375,2,2;3;4,3,38.375,0.0,0.0,2a5bc4718581324e884ca14300cbeee37ae78c092c0fb20cb58a59ff00251f29,final_online_training_manifest.csv::soh_rated_pct
B0006_D0102,B0006,269,ONLINE_FIXED_START_CAUSAL_10S_V1,PASS,B0006.mat,fa818ab4db5db8ab21e910b6dd6c3e20d3761bb9672089e1a4de8f96074616c5,359,101,38.297,28.297,38.297,2,2;3;4,3,38.297,0.0,0.0,310d1a171f9e39e287916f96062a2ef0432c76cff0f4ed25d707674f8f02f143,final_online_training_manifest.csv::soh_rated_pct
B0006_D0103,B0006,270,ONLINE_FIXED_START_CAUSAL_10S_V1,PASS,B0006.mat,fa818ab4db5db8ab21e910b6dd6c3e20d3761bb9672089e1a4de8f96074616c5,363,102,38.36,28.36,38.36,2,2;3;4,3,38.36,0.0,0.0,20abb0167b36c3fd6e9e7d5b01ac50c2d83bf9ad9515c42c0f7d2ca4bfba6b67,final_online_training_manifest.csv::soh_rated_pct
B0006_D0104,B0006,271,ONLINE_FIXED_START_CAUSAL_10S_V1,PASS,B0006.mat,fa818ab4db5db8ab21e910b6dd6c3e20d3761bb9672089e1a4de8f96074616c5,366,103,38.235,28.235,38.235,2,2;3;4,3,38.235,0.0,0.0,45108879558f991d8d1b544533f75c2bbdbc562be679dc9ba62634657f511acf,final_online_training_manifest.csv::soh_rated_pct
B0006_D0105,B0006,272,ONLINE_FIXED_START_CAUSAL_10S_V1,PASS,B0006.mat,fa818ab4db5db8ab21e910b6dd6c3e20d3761bb9672089e1a4de8f96074616c5,370,104,38.313,28.312999999999995,38.313,2,2;3;4,3,38.312999999999995,0.0,0.0,794b3cccb9910a0f7aae81dbe56b29e94399e672988d41639844b0daf813d23f,final_online_training_manifest.csv::soh_rated_pct
B0006_D0106,B0006,273,ONLINE_FIXED_START_CAUSAL_10S_V1,PASS,B0006.mat,fa818ab4db5db8ab21e910b6dd6c3e20d3761bb9672089e1a4de8f96074616c5,374,105,38.25,28.25,38.25,2,2;3;4,3,38.25,0.0,0.0,808e0268451c127a75d3ee83cbdd16048c6225a7a8e979f33075439ce677e12e,final_online_training_manifest.csv::soh_rated_pct
B0006_D0107,B0006,274,ONLINE_FIXED_START_CAUSAL_10S_V1,PASS,B0006.mat,fa818ab4db5db8ab21e910b6dd6c3e20d3761bb9672089e1a4de8f96074616c5,378,106,38.265,28.265,38.265,2,2;3;4,3,38.265,0.0,0.0,d4f5eed53ad1897167d0a964d3710953cb96eb318930e8ffaaec99f15ee3051d,final_online_training_manifest.csv::soh_rated_pct
B0006_D0108,B0006,275,ONLINE_FIXED_START_CAUSAL_10S_V1,PASS,B0006.mat,fa818ab4db5db8ab21e910b6dd6c3e20d3761bb9672089e1a4de8f96074616c5,382,107,38.25,28.25,38.25,2,2;3;4,3,38.25,0.0,0.0,0a2c95030c1f5092fd7d1d4caa56e5161a9af120f3c7278465f05d5f16a5fc8d,final_online_training_manifest.csv::soh_rated_pct
B0006_D0109,B0006,276,ONLINE_FIXED_START_CAUSAL_10S_V1,PASS,B0006.mat,fa818ab4db5db8ab21e910b6dd6c3e20d3761bb9672089e1a4de8f96074616c5,386,108,38.281000000000006,28.28100000000001,38.281000000000006,2,2;3;4,3,38.281000000000006,0.0,0.0,f58ac918cf348144867e6a053b56422ea90c9fe7bf227d7a0902d0bafe682fad,final_online_training_manifest.csv::soh_rated_pct
B0006_D0110,B0006,277,ONLINE_FIXED_START_CAUSAL_10S_V1,PASS,B0006.mat,fa818ab4db5db8ab21e910b6dd6c3e20d3761bb9672089e1a4de8f96074616c5,390,109,38.36000000000058,28.360000000000586,38.36000000000058,2,2;3;4,3,38.36000000000058,0.0,0.0,3c6d49e7f0b7101fb9021442f149b7393b3b661101f1c19f127dbefd897a1ab4,final_online_training_manifest.csv::soh_rated_pct
B0006_D0111,B0006,278,ONLINE_FIXED_START_CAUSAL_10S_V1,PASS,B0006.mat,fa818ab4db5db8ab21e910b6dd6c3e20d3761bb9672089e1a4de8f96074616c5,394,110,38.329,28.329,38.329,2,2;3;4,3,38.329,0.0,0.0,2163573623f13d2187e032a628a223c2764d28d5bfe354986f673cd26272a2a3,final_online_training_manifest.csv::soh_rated_pct
B0006_D0112,B0006,279,ONLINE_FIXED_START_CAUSAL_10S_V1,PASS,B0006.mat,fa818ab4db5db8ab21e910b6dd6c3e20d3761bb9672089e1a4de8f96074616c5,398,111,38.234,28.234,38.234,2,2;3;4,3,38.234,0.0,0.0,9d9fa30b842a7cbe15a3bee31e99e8f2103bb5e25d1f38f527343ed5654d3dbb,final_online_training_manifest.csv::soh_rated_pct
B0006_D0113,B0006,280,ONLINE_FIXED_START_CAUSAL_10S_V1,PASS,B0006.mat,fa818ab4db5db8ab21e910b6dd6c3e20d3761bb9672089e1a4de8f96074616c5,402,112,38.266000000000005,28.266000000000005,38.266000000000005,2,2;3;4,3,38.266000000000005,0.0,0.0,6c6da436057ec7a685caf350c8b24269839fb7f8dc8652dc38b264083ca22870,final_online_training_manifest.csv::soh_rated_pct
B0006_D0114,B0006,281,ONLINE_FIXED_START_CAUSAL_10S_V1,PASS,B0006.mat,fa818ab4db5db8ab21e910b6dd6c3e20d3761bb9672089e1a4de8f96074616c5,406,113,38.281,28.281,38.281,2,2;3;4,3,38.281,0.0,0.0,2b5c2e8b47b6df7891e50b2de2fb6668c019f1be0687a032d30405365c49ab19,final_online_training_manifest.csv::soh_rated_pct
B0006_D0115,B0006,282,ONLINE_FIXED_START_CAUSAL_10S_V1,PASS,B0006.mat,fa818ab4db5db8ab21e910b6dd6c3e20d3761bb9672089e1a4de8f96074616c5,410,114,38.391,28.391,38.391,2,2;3;4,3,38.391,0.0,0.0,b79125b073fa2c08d684ba7738eb6b4645a94cb6794a3e1ddf7917dc56adeb86,final_online_training_manifest.csv::soh_rated_pct
B0006_D0116,B0006,283,ONLINE_FIXED_START_CAUSAL_10S_V1,PASS,B0006.mat,fa818ab4db5db8ab21e910b6dd6c3e20d3761bb9672089e1a4de8f96074616c5,414,115,38.219,28.219,38.219,2,2;3;4,3,38.218999999999994,0.0,0.0,4c7688dbe2b00184281f57617857af341eb2678ce52f219699172c56b233168a,final_online_training_manifest.csv::soh_rated_pct
B0006_D0117,B0006,284,ONLINE_FIXED_START_CAUSAL_10S_V1,PASS,B0006.mat,fa818ab4db5db8ab21e910b6dd6c3e20d3761bb9672089e1a4de8f96074616c5,418,116,38.313,28.313,38.313,2,2;3;4,3,38.313,0.0,0.0,d506b88f339037c89150008217d18833e1e9dba3752cbf6d92580c1b672a2481,final_online_training_manifest.csv::soh_rated_pct
B0006_D0118,B0006,285,ONLINE_FIXED_START_CAUSAL_10S_V1,PASS,B0006.mat,fa818ab4db5db8ab21e910b6dd6c3e20d3761bb9672089e1a4de8f96074616c5,422,117,38.235,28.235,38.235,2,2;3;4,3,38.235,0.0,0.0,1c62bc259a60d1ee98531e5c2f1fede67239c83a9312d0b4f695fa32bbbbb584,final_online_training_manifest.csv::soh_rated_pct
B0006_D0119,B0006,286,ONLINE_FIXED_START_CAUSAL_10S_V1,PASS,B0006.mat,fa818ab4db5db8ab21e910b6dd6c3e20d3761bb9672089e1a4de8f96074616c5,426,118,38.203,28.203000000000003,38.203,2,2;3;4,3,38.203,0.0,0.0,7021bcbbb7842d87ee1e0c7db0577c51f117f2af5af9f2f51952a9086fb0dedd,final_online_training_manifest.csv::soh_rated_pct
B0006_D0120,B0006,287,ONLINE_FIXED_START_CAUSAL_10S_V1,PASS,B0006.mat,fa818ab4db5db8ab21e910b6dd6c3e20d3761bb9672089e1a4de8f96074616c5,430,119,38.313,28.313,38.313,2,2;3;4,3,38.313,0.0,0.0,2b81aeabf55dc238cc898d31712c6be0bbc614daef6f13f402fe7c4e421dc97b,final_online_training_manifest.csv::soh_rated_pct
B0006_D0121,B0006,288,ONLINE_FIXED_START_CAUSAL_10S_V1,PASS,B0006.mat,fa818ab4db5db8ab21e910b6dd6c3e20d3761bb9672089e1a4de8f96074616c5,432,120,38.234,28.234,38.234,2,2;3;4,3,38.234,0.0,0.0,e5bcc3bd6014ebfde82c170e7453081fca830a08f632a8aeec37959f5677ede0,final_online_training_manifest.csv::soh_rated_pct
B0006_D0122,B0006,289,ONLINE_FIXED_START_CAUSAL_10S_V1,PASS,B0006.mat,fa818ab4db5db8ab21e910b6dd6c3e20d3761bb9672089e1a4de8f96074616c5,436,121,38.422,28.422,38.422,2,2;3;4,3,38.422,0.0,0.0,c476a09c4231e6e2ea0d62fd404f01f4cd446883fe00ac7645d393930a1451d2,final_online_training_manifest.csv::soh_rated_pct
B0006_D0123,B0006,290,ONLINE_FIXED_START_CAUSAL_10S_V1,PASS,B0006.mat,fa818ab4db5db8ab21e910b6dd6c3e20d3761bb9672089e1a4de8f96074616c5,440,122,38.266,28.266,38.266,2,2;3;4,3,38.266,0.0,0.0,985bfcf8c6d6d89a2c5a404c247540ac68c1f5b7adae9bdd64fe159581c89fa1,final_online_training_manifest.csv::soh_rated_pct
B0006_D0124,B0006,291,ONLINE_FIXED_START_CAUSAL_10S_V1,PASS,B0006.mat,fa818ab4db5db8ab21e910b6dd6c3e20d3761bb9672089e1a4de8f96074616c5,444,123,38.235,28.235,38.235,2,2;3;4,3,38.235,0.0,0.0,89cdde101c8d2121f571bd368e69830b445db8eaa908d4234ec9808e884495f9,final_online_training_manifest.csv::soh_rated_pct
B0006_D0125,B0006,292,ONLINE_FIXED_START_CAUSAL_10S_V1,PASS,B0006.mat,fa818ab4db5db8ab21e910b6dd6c3e20d3761bb9672089e1a4de8f96074616c5,448,124,38.344,28.344,38.344,2,2;3;4,3,38.344,0.0,0.0,6e6764931cf1459211faa35e980bce848baf2c86551bb6ad8a25f23f58b7a188,final_online_training_manifest.csv::soh_rated_pct
B0006_D0126,B0006,293,ONLINE_FIXED_START_CAUSAL_10S_V1,PASS,B0006.mat,fa818ab4db5db8ab21e910b6dd6c3e20d3761bb9672089e1a4de8f96074616c5,452,125,38.344,28.344,38.344,2,2;3;4,3,38.343999999999994,0.0,0.0,5d869bd725856c5ff8389963c4cf83ba6caa13febe065a7d5280f7d7c794ce52,final_online_training_manifest.csv::soh_rated_pct
B0006_D0127,B0006,294,ONLINE_FIXED_START_CAUSAL_10S_V1,PASS,B0006.mat,fa818ab4db5db8ab21e910b6dd6c3e20d3761bb9672089e1a4de8f96074616c5,456,126,38.282,28.282,38.282,2,2;3;4,3,38.282,0.0,0.0,ac763f317560c4e43bea5851df2d3c03eb80d3036a477706b9835b7b6b1a0248,final_online_training_manifest.csv::soh_rated_pct
B0006_D0128,B0006,295,ONLINE_FIXED_START_CAUSAL_10S_V1,PASS,B0006.mat,fa818ab4db5db8ab21e910b6dd6c3e20d3761bb9672089e1a4de8f96074616c5,460,127,38.297,28.297,38.297,2,2;3;4,3,38.297,0.0,0.0,095e1df17bb7ff3a58daa91abbce651e42f5ba4925316f97302eecf14df1f5c2,final_online_training_manifest.csv::soh_rated_pct
B0006_D0129,B0006,296,ONLINE_FIXED_START_CAUSAL_10S_V1,PASS,B0006.mat,fa818ab4db5db8ab21e910b6dd6c3e20d3761bb9672089e1a4de8f96074616c5,464,128,38.265,28.265,38.265,2,2;3;4,3,38.265,0.0,0.0,83d3e907b92dd3f4a454f68aa367c227fe51bdef55491880d978bf92c8196806,final_online_training_manifest.csv::soh_rated_pct
B0006_D0130,B0006,297,ONLINE_FIXED_START_CAUSAL_10S_V1,PASS,B0006.mat,fa818ab4db5db8ab21e910b6dd6c3e20d3761bb9672089e1a4de8f96074616c5,468,129,38.219,28.219,38.219,2,2;3;4,3,38.219,0.0,0.0,791f3e19ca52b5d24023221f02930fe445768b3972375b25a59f01169d51dbf6,final_online_training_manifest.csv::soh_rated_pct
B0006_D0131,B0006,298,ONLINE_FIXED_START_CAUSAL_10S_V1,PASS,B0006.mat,fa818ab4db5db8ab21e910b6dd6c3e20d3761bb9672089e1a4de8f96074616c5,472,130,38.328,28.328000000000003,38.328,2,2;3;4,3,38.328,0.0,0.0,c028236cfbb2eba90f7aa3fe9cfa87a696ae65b1ae88c95e511461c32581d572,final_online_training_manifest.csv::soh_rated_pct
B0006_D0132,B0006,299,ONLINE_FIXED_START_CAUSAL_10S_V1,PASS,B0006.mat,fa818ab4db5db8ab21e910b6dd6c3e20d3761bb9672089e1a4de8f96074616c5,476,131,38.265,28.265,38.265,2,2;3;4,3,38.265,0.0,0.0,87ff674cce4fdaa02d264991ead23bc900b11d006a23ae491cfb002b50172800,final_online_training_manifest.csv::soh_rated_pct
B0006_D0133,B0006,300,ONLINE_FIXED_START_CAUSAL_10S_V1,PASS,B0006.mat,fa818ab4db5db8ab21e910b6dd6c3e20d3761bb9672089e1a4de8f96074616c5,480,132,38.406,28.406,38.406,2,2;3;4,3,38.406,0.0,0.0,f4195065f499d0c6c9c82788b5e15face1cbf276a4fe719a1de4574a9fa6bb26,final_online_training_manifest.csv::soh_rated_pct
B0006_D0134,B0006,301,ONLINE_FIXED_START_CAUSAL_10S_V1,PASS,B0006.mat,fa818ab4db5db8ab21e910b6dd6c3e20d3761bb9672089e1a4de8f96074616c5,482,133,38.359,28.359,38.359,2,2;3;4,3,38.359,0.0,0.0,a62d307167823a2d30568b1fd0f0629621a20364381bc3ff81439c9ef9b17d13,final_online_training_manifest.csv::soh_rated_pct
B0006_D0135,B0006,302,ONLINE_FIXED_START_CAUSAL_10S_V1,PASS,B0006.mat,fa818ab4db5db8ab21e910b6dd6c3e20d3761bb9672089e1a4de8f96074616c5,484,134,38.375,28.375,38.375,2,2;3;4,3,38.375,0.0,0.0,23e6cd5cc42e0cd921c67c0ea1d08b1ef927fe5a00a80a0dbcf200bdfd79e5c8,final_online_training_manifest.csv::soh_rated_pct
B0006_D0136,B0006,303,ONLINE_FIXED_START_CAUSAL_10S_V1,PASS,B0006.mat,fa818ab4db5db8ab21e910b6dd6c3e20d3761bb9672089e1a4de8f96074616c5,488,135,38.125,28.125,38.125,2,2;3;4,3,38.125,0.0,0.0,cd985ea61dcec1350d8b9b5923725d1e43dc2bfb4ff250d7b22d1f9e4733cef4,final_online_training_manifest.csv::soh_rated_pct
B0006_D0137,B0006,304,ONLINE_FIXED_START_CAUSAL_10S_V1,PASS,B0006.mat,fa818ab4db5db8ab21e910b6dd6c3e20d3761bb9672089e1a4de8f96074616c5,492,136,38.156,28.156,38.156,2,2;3;4,3,38.156,0.0,0.0,22bcd94dbd4e8b5c27e5aad8b534c29ba9db994b3de5e6baa1c1038ba055274c,final_online_training_manifest.csv::soh_rated_pct
B0006_D0138,B0006,305,ONLINE_FIXED_START_CAUSAL_10S_V1,PASS,B0006.mat,fa818ab4db5db8ab21e910b6dd6c3e20d3761bb9672089e1a4de8f96074616c5,496,137,38.219,28.219,38.219,2,2;3;4,3,38.219,0.0,0.0,df8a461e07e3ab6c57976807c8035edf2762a5b587b5190647702f36db2dc736,final_online_training_manifest.csv::soh_rated_pct
B0006_D0139,B0006,306,ONLINE_FIXED_START_CAUSAL_10S_V1,PASS,B0006.mat,fa818ab4db5db8ab21e910b6dd6c3e20d3761bb9672089e1a4de8f96074616c5,500,138,38.25,28.25,38.25,2,2;3;4,3,38.25,0.0,0.0,cfb07bbd34e35a755a23c3610aebaf812d18ea8e72969b486dddeffe6ea09982,final_online_training_manifest.csv::soh_rated_pct
B0006_D0140,B0006,307,ONLINE_FIXED_START_CAUSAL_10S_V1,PASS,B0006.mat,fa818ab4db5db8ab21e910b6dd6c3e20d3761bb9672089e1a4de8f96074616c5,504,139,38.344,28.344,38.344,2,2;3;4,3,38.344,0.0,0.0,6c96e3a2b2ae2a9ce29ab6ec6ab5bbb5701bc2d4aa93a0422eba05d986a8fe61,final_online_training_manifest.csv::soh_rated_pct
B0006_D0141,B0006,308,ONLINE_FIXED_START_CAUSAL_10S_V1,PASS,B0006.mat,fa818ab4db5db8ab21e910b6dd6c3e20d3761bb9672089e1a4de8f96074616c5,508,140,38.515,28.515,38.515,2,2;3;4,3,38.515,0.0,0.0,369494fcb5ef35a538b2cbf6f016c06b481ff40c0bde6c653bceb0e8a0160b48,final_online_training_manifest.csv::soh_rated_pct
B0006_D0142,B0006,309,ONLINE_FIXED_START_CAUSAL_10S_V1,PASS,B0006.mat,fa818ab4db5db8ab21e910b6dd6c3e20d3761bb9672089e1a4de8f96074616c5,512,141,38.25,28.25,38.25,2,2;3;4,3,38.25,0.0,0.0,8ef90805c15766ac9c05f530b3b5a2185408494709783dc8ab443aadccdb5849,final_online_training_manifest.csv::soh_rated_pct
B0006_D0143,B0006,310,ONLINE_FIXED_START_CAUSAL_10S_V1,PASS,B0006.mat,fa818ab4db5db8ab21e910b6dd6c3e20d3761bb9672089e1a4de8f96074616c5,516,142,38.312,28.312,38.312,2,2;3;4,3,38.312,0.0,0.0,142a19eb8dc3b2b5961564cb2154a7a09d8d25f22f81c368e94b0a1116623ebd,final_online_training_manifest.csv::soh_rated_pct
B0006_D0144,B0006,311,ONLINE_FIXED_START_CAUSAL_10S_V1,PASS,B0006.mat,fa818ab4db5db8ab21e910b6dd6c3e20d3761bb9672089e1a4de8f96074616c5,520,143,38.312,28.312,38.312,2,2;3;4,3,38.312,0.0,0.0,c99035ce7c5cef67209aa3547d67e2327ee2697a52412644080d50f00a38ee67,final_online_training_manifest.csv::soh_rated_pct
B0006_D0145,B0006,312,ONLINE_FIXED_START_CAUSAL_10S_V1,PASS,B0006.mat,fa818ab4db5db8ab21e910b6dd6c3e20d3761bb9672089e1a4de8f96074616c5,524,144,38.266,28.266,38.266,2,2;3;4,3,38.266,0.0,0.0,e1bed660f4f25283bce24fe99c322bf7cb104804cffd276916e07c6c9ef258ff,final_online_training_manifest.csv::soh_rated_pct
B0006_D0146,B0006,313,ONLINE_FIXED_START_CAUSAL_10S_V1,PASS,B0006.mat,fa818ab4db5db8ab21e910b6dd6c3e20d3761bb9672089e1a4de8f96074616c5,528,145,38.375,28.375,38.375,2,2;3;4,3,38.375,0.0,0.0,5f6d1c4ef5873182eac4fc6caf7b40633290d07c2a1473c93c121ea93c4396f9,final_online_training_manifest.csv::soh_rated_pct
B0006_D0147,B0006,314,ONLINE_FIXED_START_CAUSAL_10S_V1,PASS,B0006.mat,fa818ab4db5db8ab21e910b6dd6c3e20d3761bb9672089e1a4de8f96074616c5,532,146,38.281,28.281,38.281,2,2;3;4,3,38.281,0.0,0.0,a5e7e9f7acf7d86e539bab7ee13e6f350d498252c72878d8dd786e6a6bdd4583,final_online_training_manifest.csv::soh_rated_pct
B0006_D0148,B0006,315,ONLINE_FIXED_START_CAUSAL_10S_V1,PASS,B0006.mat,fa818ab4db5db8ab21e910b6dd6c3e20d3761bb9672089e1a4de8f96074616c5,536,147,38.25,28.25,38.25,2,2;3;4,3,38.25,0.0,0.0,6fc01acb3160cecbab6b636dca8dc1318492a579de523dacee737af14dd7f290,final_online_training_manifest.csv::soh_rated_pct
B0006_D0149,B0006,316,ONLINE_FIXED_START_CAUSAL_10S_V1,PASS,B0006.mat,fa818ab4db5db8ab21e910b6dd6c3e20d3761bb9672089e1a4de8f96074616c5,540,148,38.359,28.359,38.359,2,2;3;4,3,38.359,0.0,0.0,a0908400246425641c816ebb99eeea95cd5bd39e66303eb077bb2c5d5ca57d55,final_online_training_manifest.csv::soh_rated_pct
B0006_D0150,B0006,317,ONLINE_FIXED_START_CAUSAL_10S_V1,PASS,B0006.mat,fa818ab4db5db8ab21e910b6dd6c3e20d3761bb9672089e1a4de8f96074616c5,544,149,38.312,28.312,38.312,2,2;3;4,3,38.312,0.0,0.0,8eb2b4a87d989fb6113f9fe048cba0443eb480e483fa698c12dd567ebba275dc,final_online_training_manifest.csv::soh_rated_pct
B0006_D0151,B0006,318,ONLINE_FIXED_START_CAUSAL_10S_V1,PASS,B0006.mat,fa818ab4db5db8ab21e910b6dd6c3e20d3761bb9672089e1a4de8f96074616c5,547,150,38.219,28.219,38.219,2,2;3;4,3,38.219,0.0,0.0,baa3fe3457dfa80bd294cfb91722fc7ecf193cdf16ae1c1c689e744d75d3664e,final_online_training_manifest.csv::soh_rated_pct
B0006_D0152,B0006,319,ONLINE_FIXED_START_CAUSAL_10S_V1,PASS,B0006.mat,fa818ab4db5db8ab21e910b6dd6c3e20d3761bb9672089e1a4de8f96074616c5,551,151,38.25,28.25,38.25,2,2;3;4,3,38.25,0.0,0.0,35b8035cb95ba5fe35649519436ca1f934e78817d0573f6c5f4f8a0ac175d5af,final_online_training_manifest.csv::soh_rated_pct
B0006_D0153,B0006,320,ONLINE_FIXED_START_CAUSAL_10S_V1,PASS,B0006.mat,fa818ab4db5db8ab21e910b6dd6c3e20d3761bb9672089e1a4de8f96074616c5,555,152,38.266,28.266,38.266,2,2;3;4,3,38.266,0.0,0.0,fc142dd9c41b3ac4587ac411eb2deb4892342c0e041abb5a344308e1a769087a,final_online_training_manifest.csv::soh_rated_pct
B0006_D0154,B0006,321,ONLINE_FIXED_START_CAUSAL_10S_V1,PASS,B0006.mat,fa818ab4db5db8ab21e910b6dd6c3e20d3761bb9672089e1a4de8f96074616c5,559,153,38.188,28.188,38.188,2,2;3;4,3,38.188,0.0,0.0,8df61defb944bd22d9d3ca97a85ecf7eed690987b39027dea5829b4627f8da38,final_online_training_manifest.csv::soh_rated_pct
B0006_D0155,B0006,322,ONLINE_FIXED_START_CAUSAL_10S_V1,PASS,B0006.mat,fa818ab4db5db8ab21e910b6dd6c3e20d3761bb9672089e1a4de8f96074616c5,563,154,38.14,28.14,38.14,2,2;3;4,3,38.14,0.0,0.0,315cfb62ebae67770be8f0a2a53d3accef0c4b5a30c8e94044e0d9d3a8f96baa,final_online_training_manifest.csv::soh_rated_pct
B0006_D0156,B0006,323,ONLINE_FIXED_START_CAUSAL_10S_V1,PASS,B0006.mat,fa818ab4db5db8ab21e910b6dd6c3e20d3761bb9672089e1a4de8f96074616c5,567,155,38.375,28.375,38.375,2,2;3;4,3,38.375,0.0,0.0,9419469f7d97f725b3f4f7498c97eacbd945de5dfc0f04f626b184dca2131e28,final_online_training_manifest.csv::soh_rated_pct
B0006_D0157,B0006,324,ONLINE_FIXED_START_CAUSAL_10S_V1,PASS,B0006.mat,fa818ab4db5db8ab21e910b6dd6c3e20d3761bb9672089e1a4de8f96074616c5,571,156,38.281,28.281,38.281,2,2;3;4,3,38.281,0.0,0.0,b73807200d2470e7c36853cf50acb612b0e08e1f52866484ebe48b5af967ac19,final_online_training_manifest.csv::soh_rated_pct
B0006_D0158,B0006,325,ONLINE_FIXED_START_CAUSAL_10S_V1,PASS,B0006.mat,fa818ab4db5db8ab21e910b6dd6c3e20d3761bb9672089e1a4de8f96074616c5,575,157,38.235,28.235,38.235,2,2;3;4,3,38.235,0.0,0.0,78118924aa83b87516d03bec90e5fffa04a07f6d88c34f1c9afe028652a7f711,final_online_training_manifest.csv::soh_rated_pct
B0006_D0159,B0006,326,ONLINE_FIXED_START_CAUSAL_10S_V1,PASS,B0006.mat,fa818ab4db5db8ab21e910b6dd6c3e20d3761bb9672089e1a4de8f96074616c5,579,158,38.328,28.328000000000003,38.328,2,2;3;4,3,38.328,0.0,0.0,158870c3d6b39ebbe1cec1eb447e5143a6f194ed17ee04111c4ed338bc29aed1,final_online_training_manifest.csv::soh_rated_pct
B0006_D0160,B0006,327,ONLINE_FIXED_START_CAUSAL_10S_V1,PASS,B0006.mat,fa818ab4db5db8ab21e910b6dd6c3e20d3761bb9672089e1a4de8f96074616c5,583,159,38.297,28.297,38.297,2,2;3;4,3,38.297,0.0,0.0,82e31cf23754b66c06fd2e0f0ff241113e5b4e45f5bbab8c6cc978d2a16136f7,final_online_training_manifest.csv::soh_rated_pct
B0006_D0161,B0006,328,ONLINE_FIXED_START_CAUSAL_10S_V1,PASS,B0006.mat,fa818ab4db5db8ab21e910b6dd6c3e20d3761bb9672089e1a4de8f96074616c5,587,160,38.25,28.25,38.25,2,2;3;4,3,38.25,0.0,0.0,337b353a9cf4f104924b6ff740f83cb4bc414d3c65d3f13a7c6213638d49672c,final_online_training_manifest.csv::soh_rated_pct
B0006_D0162,B0006,329,ONLINE_FIXED_START_CAUSAL_10S_V1,PASS,B0006.mat,fa818ab4db5db8ab21e910b6dd6c3e20d3761bb9672089e1a4de8f96074616c5,591,161,38.203,28.203000000000003,38.203,2,2;3;4,3,38.203,0.0,0.0,ccc2e195b6d76c1de8789c8188569e309afa0b4cf08ff0432e3d44b82f5d9b75,final_online_training_manifest.csv::soh_rated_pct
B0006_D0163,B0006,330,ONLINE_FIXED_START_CAUSAL_10S_V1,PASS,B0006.mat,fa818ab4db5db8ab21e910b6dd6c3e20d3761bb9672089e1a4de8f96074616c5,595,162,38.375,28.375,38.375,2,2;3;4,3,38.375,0.0,0.0,89457f2c6d3cd412e2967470dfd0cb36c74583397546a24314548dc878c40f13,final_online_training_manifest.csv::soh_rated_pct
B0006_D0164,B0006,331,ONLINE_FIXED_START_CAUSAL_10S_V1,PASS,B0006.mat,fa818ab4db5db8ab21e910b6dd6c3e20d3761bb9672089e1a4de8f96074616c5,599,163,38.078,28.078000000000003,38.078,2,2;3;4,3,38.078,0.0,0.0,ab5a64f57d9458290888e300e3699b7fcd404ac8b9896226bf3f0a0e71e639ee,final_online_training_manifest.csv::soh_rated_pct
B0006_D0165,B0006,332,ONLINE_FIXED_START_CAUSAL_10S_V1,PASS,B0006.mat,fa818ab4db5db8ab21e910b6dd6c3e20d3761bb9672089e1a4de8f96074616c5,603,164,38.312000000000005,28.312000000000005,38.312000000000005,2,2;3;4,3,38.312000000000005,0.0,0.0,caaca6ff0f94f7e4c0fcd3dcb311d42eb166639cfdc1ebf182cbfab2c1562bd5,final_online_training_manifest.csv::soh_rated_pct
B0006_D0166,B0006,333,ONLINE_FIXED_START_CAUSAL_10S_V1,PASS,B0006.mat,fa818ab4db5db8ab21e910b6dd6c3e20d3761bb9672089e1a4de8f96074616c5,607,165,38.141000000000005,28.141000000000005,38.141000000000005,2,2;3;4,3,38.141000000000005,0.0,0.0,3b1ecb0896f2473171e4273e1ef011cbe2945082f9230fcafe3d707435fd2d9b,final_online_training_manifest.csv::soh_rated_pct
B0006_D0167,B0006,334,ONLINE_FIXED_START_CAUSAL_10S_V1,PASS,B0006.mat,fa818ab4db5db8ab21e910b6dd6c3e20d3761bb9672089e1a4de8f96074616c5,611,166,38.344,28.344,38.344,2,2;3;4,3,38.343999999999994,0.0,0.0,5d8e362050a91067eb4b02aafc1b8c3895abf55cdbb6e115081c35ff2e07ea56,final_online_training_manifest.csv::soh_rated_pct
B0006_D0168,B0006,335,ONLINE_FIXED_START_CAUSAL_10S_V1,PASS,B0006.mat,fa818ab4db5db8ab21e910b6dd6c3e20d3761bb9672089e1a4de8f96074616c5,613,167,38.312,28.312,38.312,2,2;3;4,3,38.312,0.0,0.0,7cea54bb8aaf60421eafba2057bdcf734fe13c9e9a0138e62dd4ef1ba37ce60a,final_online_training_manifest.csv::soh_rated_pct
B0007_D0001,B0007,336,ONLINE_FIXED_START_CAUSAL_10S_V1,PASS,B0007.mat,d022afa086efaf54ab5b63f05220f5be178c8027e2fa8d68589db0e85a441a3b,1,0,53.781,43.781,53.781,1,2;3,2,53.781,0.0,0.0,799f33969c215b92a50e1a87112a505b64ce1f30d2abd14d76aebcb4b2bfa2c4,final_online_training_manifest.csv::soh_rated_pct
B0007_D0002,B0007,337,ONLINE_FIXED_START_CAUSAL_10S_V1,PASS,B0007.mat,d022afa086efaf54ab5b63f05220f5be178c8027e2fa8d68589db0e85a441a3b,3,1,53.828,43.828,53.828,1,2;3,2,53.828,0.0,0.0,11182af1d06f43645e2c85e62a5c719cd883de7c6606ad8af44072a05aeeb22f,final_online_training_manifest.csv::soh_rated_pct
B0007_D0003,B0007,338,ONLINE_FIXED_START_CAUSAL_10S_V1,PASS,B0007.mat,d022afa086efaf54ab5b63f05220f5be178c8027e2fa8d68589db0e85a441a3b,5,2,53.891,43.891,53.891,1,2;3,2,53.891,0.0,0.0,f3ecf8f86b3d4f862d780fd1c6ee3d13264066fd10de45230a031ad3b42101b3,final_online_training_manifest.csv::soh_rated_pct
B0007_D0004,B0007,339,ONLINE_FIXED_START_CAUSAL_10S_V1,PASS,B0007.mat,d022afa086efaf54ab5b63f05220f5be178c8027e2fa8d68589db0e85a441a3b,7,3,53.813,43.813,53.813,1,2;3,2,53.813,0.0,0.0,42ec991c20b257b7405f77babcd4ad4df0b5644e4bd688ded0e9d567454a9f99,final_online_training_manifest.csv::soh_rated_pct
B0007_D0005,B0007,340,ONLINE_FIXED_START_CAUSAL_10S_V1,PASS,B0007.mat,d022afa086efaf54ab5b63f05220f5be178c8027e2fa8d68589db0e85a441a3b,9,4,53.859,43.859,53.859,1,2;3,2,53.859,0.0,0.0,33af10adff4b8bb8c3029d84d404c10cc89a5ce40323ecbda2fb59e4f9ef91ec,final_online_training_manifest.csv::soh_rated_pct
B0007_D0006,B0007,341,ONLINE_FIXED_START_CAUSAL_10S_V1,PASS,B0007.mat,d022afa086efaf54ab5b63f05220f5be178c8027e2fa8d68589db0e85a441a3b,11,5,53.906,43.906,53.906,1,2;3,2,53.906,0.0,0.0,2843e853c11881e2b2eaaa4939e39609ad5f48e7e4d250a436602031eae3562c,final_online_training_manifest.csv::soh_rated_pct
B0007_D0007,B0007,342,ONLINE_FIXED_START_CAUSAL_10S_V1,PASS,B0007.mat,d022afa086efaf54ab5b63f05220f5be178c8027e2fa8d68589db0e85a441a3b,13,6,53.687,43.687,53.687,1,2;3,2,53.687,0.0,0.0,72d013bb315f4d44f6c02ff9269e5eddc6069d375eda01d17190460b93870cef,final_online_training_manifest.csv::soh_rated_pct
B0007_D0008,B0007,343,ONLINE_FIXED_START_CAUSAL_10S_V1,PASS,B0007.mat,d022afa086efaf54ab5b63f05220f5be178c8027e2fa8d68589db0e85a441a3b,15,7,53.844,43.844,53.844,1,2;3,2,53.844,0.0,0.0,05660d4b5b3b06a45ebbf38b2b6e393ee6d55f81b4f3361f752c160d4739d5ca,final_online_training_manifest.csv::soh_rated_pct
B0007_D0009,B0007,344,ONLINE_FIXED_START_CAUSAL_10S_V1,PASS,B0007.mat,d022afa086efaf54ab5b63f05220f5be178c8027e2fa8d68589db0e85a441a3b,17,8,53.719,43.719,53.719,1,2;3,2,53.719,0.0,0.0,b4fce8058aa5c5743f838b6d54cc892b0d94e10d73abea5f6d6547a372e418da,final_online_training_manifest.csv::soh_rated_pct
B0007_D0010,B0007,345,ONLINE_FIXED_START_CAUSAL_10S_V1,PASS,B0007.mat,d022afa086efaf54ab5b63f05220f5be178c8027e2fa8d68589db0e85a441a3b,19,9,53.735,43.735,53.735,1,2;3,2,53.735,0.0,0.0,b85a274111d8a0b9f60dff4d6ef43f4615abcfa4b954ed5c1323ec645bc5e358,final_online_training_manifest.csv::soh_rated_pct
B0007_D0011,B0007,346,ONLINE_FIXED_START_CAUSAL_10S_V1,PASS,B0007.mat,d022afa086efaf54ab5b63f05220f5be178c8027e2fa8d68589db0e85a441a3b,21,10,53.844,43.844,53.844,1,2;3,2,53.844,0.0,0.0,1d64fd4942a047582735b96287b15087f3c4b6c8f8b26a8a0a47165c6cf36214,final_online_training_manifest.csv::soh_rated_pct
B0007_D0012,B0007,347,ONLINE_FIXED_START_CAUSAL_10S_V1,PASS,B0007.mat,d022afa086efaf54ab5b63f05220f5be178c8027e2fa8d68589db0e85a441a3b,24,11,53.922,43.922,53.922,1,2;3,2,53.922,0.0,0.0,291d48df8b7e58f5a3c2586b96792849ba75d917e07d7ab41492308a49ca0689,final_online_training_manifest.csv::soh_rated_pct
B0007_D0013,B0007,348,ONLINE_FIXED_START_CAUSAL_10S_V1,PASS,B0007.mat,d022afa086efaf54ab5b63f05220f5be178c8027e2fa8d68589db0e85a441a3b,26,12,53.844,43.844,53.844,1,2;3,2,53.843999999999994,0.0,0.0,0c1980b9927ae1c733fa15f0620efce59f5c86ac61ce91189f808dc3ae8e5db1,final_online_training_manifest.csv::soh_rated_pct
B0007_D0014,B0007,349,ONLINE_FIXED_START_CAUSAL_10S_V1,PASS,B0007.mat,d022afa086efaf54ab5b63f05220f5be178c8027e2fa8d68589db0e85a441a3b,28,13,53.75,43.75,53.75,1,2;3,2,53.75,0.0,0.0,314ddde393efe7ca824f1ed0166d885d5649af78ae88d79e3ee6117a48d0282a,final_online_training_manifest.csv::soh_rated_pct
B0007_D0015,B0007,350,ONLINE_FIXED_START_CAUSAL_10S_V1,PASS,B0007.mat,d022afa086efaf54ab5b63f05220f5be178c8027e2fa8d68589db0e85a441a3b,30,14,53.969,43.969,53.969,1,2;3,2,53.969,0.0,0.0,6b881a9f61ad4a23c03d915e645a077425e175962c8de2258c21ef22691c8ea8,final_online_training_manifest.csv::soh_rated_pct
B0007_D0016,B0007,351,ONLINE_FIXED_START_CAUSAL_10S_V1,PASS,B0007.mat,d022afa086efaf54ab5b63f05220f5be178c8027e2fa8d68589db0e85a441a3b,32,15,54.0,44.0,54.0,1,2;3,2,54.0,0.0,0.0,1691ec66727dbaa1fa6b7db1ea467cbd1a855659af969ecca2d5fc3c825e5ef8,final_online_training_manifest.csv::soh_rated_pct
B0007_D0017,B0007,352,ONLINE_FIXED_START_CAUSAL_10S_V1,PASS,B0007.mat,d022afa086efaf54ab5b63f05220f5be178c8027e2fa8d68589db0e85a441a3b,34,16,53.797,43.797,53.797,1,2;3,2,53.797,0.0,0.0,f264971132167c2bbb720727575c891095631ba8f480aff41ad5dfb63c733b55,final_online_training_manifest.csv::soh_rated_pct
B0007_D0018,B0007,353,ONLINE_FIXED_START_CAUSAL_10S_V1,PASS,B0007.mat,d022afa086efaf54ab5b63f05220f5be178c8027e2fa8d68589db0e85a441a3b,36,17,53.781,43.781,53.781,1,2;3,2,53.781,0.0,0.0,c5543ed3c5237148644eee18d234035f6c51b86138ee14f326a10a1a1c2ad465,final_online_training_manifest.csv::soh_rated_pct
B0007_D0019,B0007,354,ONLINE_FIXED_START_CAUSAL_10S_V1,PASS,B0007.mat,d022afa086efaf54ab5b63f05220f5be178c8027e2fa8d68589db0e85a441a3b,38,18,53.906000000000006,43.906000000000006,53.906000000000006,1,2;3,2,53.906000000000006,0.0,0.0,06cbc9dd49d818b164155585e4da0b36b34c3c37039d90b790158b707e88139f,final_online_training_manifest.csv::soh_rated_pct
B0007_D0020,B0007,355,ONLINE_FIXED_START_CAUSAL_10S_V1,PASS,B0007.mat,d022afa086efaf54ab5b63f05220f5be178c8027e2fa8d68589db0e85a441a3b,41,19,53.875,43.875,53.875,1,2;3,2,53.875,0.0,0.0,ffc8cd20f170a5f34ba1110194b641a0b15d145dd6cd63fe8afd36cb2bb8e6f0,final_online_training_manifest.csv::soh_rated_pct
B0007_D0021,B0007,356,ONLINE_FIXED_START_CAUSAL_10S_V1,PASS,B0007.mat,d022afa086efaf54ab5b63f05220f5be178c8027e2fa8d68589db0e85a441a3b,45,20,53.797,43.797,53.797,1,2;3,2,53.797,0.0,0.0,eab857f3e84b1cab5365b1ac8e71b7384d971a356e75a247c11bf958cc27096f,final_online_training_manifest.csv::soh_rated_pct
B0007_D0022,B0007,357,ONLINE_FIXED_START_CAUSAL_10S_V1,PASS,B0007.mat,d022afa086efaf54ab5b63f05220f5be178c8027e2fa8d68589db0e85a441a3b,49,21,53.891,43.891,53.891,1,2;3,2,53.891,0.0,0.0,6692f6554a991e200654c15f26e7c50ce1f61dc483f922f4e194c0538a0e6d6c,final_online_training_manifest.csv::soh_rated_pct
B0007_D0023,B0007,358,ONLINE_FIXED_START_CAUSAL_10S_V1,PASS,B0007.mat,d022afa086efaf54ab5b63f05220f5be178c8027e2fa8d68589db0e85a441a3b,53,22,53.907,43.907,53.907,1,2;3,2,53.907,0.0,0.0,e7d38ffeebac3fb77dbcaef9464d140dc8903ffa18f3117b280b4e433668d2e8,final_online_training_manifest.csv::soh_rated_pct
B0007_D0024,B0007,359,ONLINE_FIXED_START_CAUSAL_10S_V1,PASS,B0007.mat,d022afa086efaf54ab5b63f05220f5be178c8027e2fa8d68589db0e85a441a3b,57,23,53.844,43.844,53.844,1,2;3,2,53.844,0.0,0.0,c2ff57e08500d74e8a0511ac6f45d2a89defed18eee492afa7bf21182a4fa296,final_online_training_manifest.csv::soh_rated_pct
B0007_D0025,B0007,360,ONLINE_FIXED_START_CAUSAL_10S_V1,PASS,B0007.mat,d022afa086efaf54ab5b63f05220f5be178c8027e2fa8d68589db0e85a441a3b,61,24,53.875,43.875,53.875,1,2;3,2,53.875,0.0,0.0,147027c831ace1298b57f941a406759b2ce07447fd8b4e05974e9b1f9b10c089,final_online_training_manifest.csv::soh_rated_pct
B0007_D0026,B0007,361,ONLINE_FIXED_START_CAUSAL_10S_V1,PASS,B0007.mat,d022afa086efaf54ab5b63f05220f5be178c8027e2fa8d68589db0e85a441a3b,65,25,53.766,43.766,53.766,1,2;3,2,53.766,0.0,0.0,6e85287817a6c7cf9df59d8c5b9da545ef7c22c2ef1de2535a17e19f315c3ca8,final_online_training_manifest.csv::soh_rated_pct
B0007_D0027,B0007,362,ONLINE_FIXED_START_CAUSAL_10S_V1,PASS,B0007.mat,d022afa086efaf54ab5b63f05220f5be178c8027e2fa8d68589db0e85a441a3b,69,26,53.656,43.656,53.656,1,2;3,2,53.656,0.0,0.0,69ccd9bda1bfde6f30c55bc57eaf4fff98bd1b994bf2f92fcba27b11918545b5,final_online_training_manifest.csv::soh_rated_pct
B0007_D0028,B0007,363,ONLINE_FIXED_START_CAUSAL_10S_V1,PASS,B0007.mat,d022afa086efaf54ab5b63f05220f5be178c8027e2fa8d68589db0e85a441a3b,73,27,53.734,43.734,53.734,1,2;3,2,53.734,0.0,0.0,bbb521699ff9d2ae6ff9cb7619c2b894838015efc49471e8cf5d2ab50f76d64c,final_online_training_manifest.csv::soh_rated_pct
B0007_D0029,B0007,364,ONLINE_FIXED_START_CAUSAL_10S_V1,PASS,B0007.mat,d022afa086efaf54ab5b63f05220f5be178c8027e2fa8d68589db0e85a441a3b,77,28,53.859,43.859,53.859,1,2;3,2,53.859,0.0,0.0,f6b9c6ff6e94333813b44a009e1ad0f48cf2b2b5a02557c015eea1d5cacab176,final_online_training_manifest.csv::soh_rated_pct
B0007_D0030,B0007,365,ONLINE_FIXED_START_CAUSAL_10S_V1,PASS,B0007.mat,d022afa086efaf54ab5b63f05220f5be178c8027e2fa8d68589db0e85a441a3b,81,29,53.844,43.844,53.844,1,2;3,2,53.843999999999994,0.0,0.0,108c38c5153ac50fa5cfe4e924526aca8bfd8ea7773f8cd0214e74fdbed5ed8b,final_online_training_manifest.csv::soh_rated_pct
B0007_D0031,B0007,366,ONLINE_FIXED_START_CAUSAL_10S_V1,PASS,B0007.mat,d022afa086efaf54ab5b63f05220f5be178c8027e2fa8d68589db0e85a441a3b,85,30,38.265,28.265,38.265,2,2;3;4,3,38.265,0.0,0.0,2226d70e681d47c59a2b607a6c6b0037b727a5991086d3028bd00a5bd44a93b2,final_online_training_manifest.csv::soh_rated_pct
B0007_D0032,B0007,367,ONLINE_FIXED_START_CAUSAL_10S_V1,PASS,B0007.mat,d022afa086efaf54ab5b63f05220f5be178c8027e2fa8d68589db0e85a441a3b,89,31,38.312,28.312,38.312,2,2;3;4,3,38.312,0.0,0.0,776d4b69f5ece5bb38f8942d83c4adf12a5aca0ad2c4c6cc14ccc37154df58af,final_online_training_manifest.csv::soh_rated_pct
B0007_D0033,B0007,368,ONLINE_FIXED_START_CAUSAL_10S_V1,PASS,B0007.mat,d022afa086efaf54ab5b63f05220f5be178c8027e2fa8d68589db0e85a441a3b,93,32,38.453,28.453000000000003,38.453,2,2;3;4,3,38.453,0.0,0.0,86f84893d6a3b0e7c3bd2a1925ef1616e9bebe2880b118e5a4d700aa9b4c76db,final_online_training_manifest.csv::soh_rated_pct
B0007_D0034,B0007,369,ONLINE_FIXED_START_CAUSAL_10S_V1,PASS,B0007.mat,d022afa086efaf54ab5b63f05220f5be178c8027e2fa8d68589db0e85a441a3b,97,33,38.281,28.281,38.281,2,2;3;4,3,38.281,0.0,0.0,ee5d96fcf768ae2add3fcf108a83e5a2f8c821c7325b89eb0399c89f3db35ab3,final_online_training_manifest.csv::soh_rated_pct
B0007_D0035,B0007,370,ONLINE_FIXED_START_CAUSAL_10S_V1,PASS,B0007.mat,d022afa086efaf54ab5b63f05220f5be178c8027e2fa8d68589db0e85a441a3b,101,34,38.344,28.344,38.344,2,2;3;4,3,38.344,0.0,0.0,13481df99900f635a402fd59b674d4428fc6060ec678b53e1d7bd06042a8c110,final_online_training_manifest.csv::soh_rated_pct
B0007_D0036,B0007,371,ONLINE_FIXED_START_CAUSAL_10S_V1,PASS,B0007.mat,d022afa086efaf54ab5b63f05220f5be178c8027e2fa8d68589db0e85a441a3b,105,35,38.344,28.344,38.344,2,2;3;4,3,38.344,0.0,0.0,328f8a75ebf7e4e3288039c9aa1b5c8e039ae2a7e2808d93e12c5efb73585c89,final_online_training_manifest.csv::soh_rated_pct
B0007_D0037,B0007,372,ONLINE_FIXED_START_CAUSAL_10S_V1,PASS,B0007.mat,d022afa086efaf54ab5b63f05220f5be178c8027e2fa8d68589db0e85a441a3b,109,36,38.188,28.188,38.188,2,2;3;4,3,38.188,0.0,0.0,6790f5d5f099aa44d0f3200d3b5a685af2ed3282794c000c12efdd63eabcfb91,final_online_training_manifest.csv::soh_rated_pct
B0007_D0038,B0007,373,ONLINE_FIXED_START_CAUSAL_10S_V1,PASS,B0007.mat,d022afa086efaf54ab5b63f05220f5be178c8027e2fa8d68589db0e85a441a3b,113,37,38.188,28.188,38.188,2,2;3;4,3,38.188,0.0,0.0,a968446df6560d20f54c7d37df7832f9471e027679e9078567592790acad20f6,final_online_training_manifest.csv::soh_rated_pct
B0007_D0039,B0007,374,ONLINE_FIXED_START_CAUSAL_10S_V1,PASS,B0007.mat,d022afa086efaf54ab5b63f05220f5be178c8027e2fa8d68589db0e85a441a3b,117,38,38.281,28.281,38.281,2,2;3;4,3,38.281,0.0,0.0,d5ed0931fb3dc213b3f60d1381f6ca682c84a8c9f054ee2185fa76d66b8e2b18,final_online_training_manifest.csv::soh_rated_pct
B0007_D0040,B0007,375,ONLINE_FIXED_START_CAUSAL_10S_V1,PASS,B0007.mat,d022afa086efaf54ab5b63f05220f5be178c8027e2fa8d68589db0e85a441a3b,121,39,38.359,28.359,38.359,2,2;3;4,3,38.359,0.0,0.0,045e7f6bbc6eada1d03b404ee6e08c641fefe379cb8b090b246c7c7b6ac40e0e,final_online_training_manifest.csv::soh_rated_pct
B0007_D0041,B0007,376,ONLINE_FIXED_START_CAUSAL_10S_V1,PASS,B0007.mat,d022afa086efaf54ab5b63f05220f5be178c8027e2fa8d68589db0e85a441a3b,125,40,38.219,28.219,38.219,2,2;3;4,3,38.219,0.0,0.0,7f7fa3bdb7954d982e3a582ddb5b4c6f8779e362aec2561211f4cf3b4f6584dc,final_online_training_manifest.csv::soh_rated_pct
B0007_D0042,B0007,377,ONLINE_FIXED_START_CAUSAL_10S_V1,PASS,B0007.mat,d022afa086efaf54ab5b63f05220f5be178c8027e2fa8d68589db0e85a441a3b,129,41,38.187,28.187,38.187,2,2;3;4,3,38.187,0.0,0.0,3e9f3714eedb8f2152c1b70c46cd5a0a461916f421a3c48b267c3f9d490de776,final_online_training_manifest.csv::soh_rated_pct
B0007_D0043,B0007,378,ONLINE_FIXED_START_CAUSAL_10S_V1,PASS,B0007.mat,d022afa086efaf54ab5b63f05220f5be178c8027e2fa8d68589db0e85a441a3b,133,42,53.5,43.5,53.5,1,2;3,2,53.5,0.0,0.0,2ef7474d6361571c49c69291e2229653d79841ec76436dce7e6cc3355886012e,final_online_training_manifest.csv::soh_rated_pct
B0007_D0044,B0007,379,ONLINE_FIXED_START_CAUSAL_10S_V1,PASS,B0007.mat,d022afa086efaf54ab5b63f05220f5be178c8027e2fa8d68589db0e85a441a3b,135,43,38.14,28.14,38.14,2,2;3;4,3,38.14,0.0,0.0,1043cde87d27d615b118085c7c0db437fab655d40f309c519da294bcd121620e,final_online_training_manifest.csv::soh_rated_pct
B0007_D0045,B0007,380,ONLINE_FIXED_START_CAUSAL_10S_V1,PASS,B0007.mat,d022afa086efaf54ab5b63f05220f5be178c8027e2fa8d68589db0e85a441a3b,139,44,38.312000000000005,28.312000000000005,38.312000000000005,2,2;3;4,3,38.312000000000005,0.0,0.0,969c46f2d3894d5fdaa3058a7744bcd9f666c4a026f850d3b4e39119620732f3,final_online_training_manifest.csv::soh_rated_pct
B0007_D0046,B0007,381,ONLINE_FIXED_START_CAUSAL_10S_V1,PASS,B0007.mat,d022afa086efaf54ab5b63f05220f5be178c8027e2fa8d68589db0e85a441a3b,143,45,38.25,28.25,38.25,2,2;3;4,3,38.25,0.0,0.0,7cf9d61a9d034f8b373567ced579ed513b98af3e2652ad16e5e2922eb190166b,final_online_training_manifest.csv::soh_rated_pct
B0007_D0047,B0007,382,ONLINE_FIXED_START_CAUSAL_10S_V1,PASS,B0007.mat,d022afa086efaf54ab5b63f05220f5be178c8027e2fa8d68589db0e85a441a3b,147,46,38.25,28.25,38.25,2,2;3;4,3,38.25,0.0,0.0,7b678f4ab093d83edf60d2483c0047b4020d3f6c4bb31fbf54203b3b7232887b,final_online_training_manifest.csv::soh_rated_pct
B0007_D0048,B0007,383,ONLINE_FIXED_START_CAUSAL_10S_V1,PASS,B0007.mat,d022afa086efaf54ab5b63f05220f5be178c8027e2fa8d68589db0e85a441a3b,149,47,38.281,28.281,38.281,2,2;3;4,3,38.281,0.0,0.0,6612b1b508fa1c73cb0186336b97fa0f18aebc8fffbc275037904631c2aeba03,final_online_training_manifest.csv::soh_rated_pct
B0007_D0049,B0007,384,ONLINE_FIXED_START_CAUSAL_10S_V1,PASS,B0007.mat,d022afa086efaf54ab5b63f05220f5be178c8027e2fa8d68589db0e85a441a3b,153,48,38.219,28.219,38.219,2,2;3;4,3,38.218999999999994,0.0,0.0,73e4c5c5ff3cfd56f2d3215557d6cfb6cf019c19b62d1b0b7b34597b83582a94,final_online_training_manifest.csv::soh_rated_pct
B0007_D0050,B0007,385,ONLINE_FIXED_START_CAUSAL_10S_V1,PASS,B0007.mat,d022afa086efaf54ab5b63f05220f5be178c8027e2fa8d68589db0e85a441a3b,157,49,38.36,28.36,38.36,2,2;3;4,3,38.36,0.0,0.0,d4e33f49d1fee645870c34c32df128049aa4bdebf6ee7d869e2777efeef689eb,final_online_training_manifest.csv::soh_rated_pct
B0007_D0051,B0007,386,ONLINE_FIXED_START_CAUSAL_10S_V1,PASS,B0007.mat,d022afa086efaf54ab5b63f05220f5be178c8027e2fa8d68589db0e85a441a3b,161,50,38.375,28.375,38.375,2,2;3;4,3,38.375,0.0,0.0,c18665faae59fd2775d6edd82314d86ce143ca7eaaec5fe218c19ca52fd6aae8,final_online_training_manifest.csv::soh_rated_pct
B0007_D0052,B0007,387,ONLINE_FIXED_START_CAUSAL_10S_V1,PASS,B0007.mat,d022afa086efaf54ab5b63f05220f5be178c8027e2fa8d68589db0e85a441a3b,165,51,38.375,28.375,38.375,2,2;3;4,3,38.375,0.0,0.0,41d317c78d64ed762742810da9b1de1aff7e185b63009836e1e9bbc6a358713c,final_online_training_manifest.csv::soh_rated_pct
B0007_D0053,B0007,388,ONLINE_FIXED_START_CAUSAL_10S_V1,PASS,B0007.mat,d022afa086efaf54ab5b63f05220f5be178c8027e2fa8d68589db0e85a441a3b,169,52,38.234,28.234,38.234,2,2;3;4,3,38.234,0.0,0.0,d83a98332f9ac8cb571e0352d4e6b03bdeab59e3fcf466926b0cdec666f22622,final_online_training_manifest.csv::soh_rated_pct
B0007_D0054,B0007,389,ONLINE_FIXED_START_CAUSAL_10S_V1,PASS,B0007.mat,d022afa086efaf54ab5b63f05220f5be178c8027e2fa8d68589db0e85a441a3b,173,53,38.203,28.203000000000003,38.203,2,2;3;4,3,38.203,0.0,0.0,41d1574bfbb42e5dacbca7b9e068b51c0b15edd713e9fcac0ef629d4f9b16b12,final_online_training_manifest.csv::soh_rated_pct
B0007_D0055,B0007,390,ONLINE_FIXED_START_CAUSAL_10S_V1,PASS,B0007.mat,d022afa086efaf54ab5b63f05220f5be178c8027e2fa8d68589db0e85a441a3b,177,54,38.391,28.391,38.391,2,2;3;4,3,38.391,0.0,0.0,6e70019eb11bc49069a7d4f5d24a50914a6c5d9db45ff5f2ef5de09291542f8f,final_online_training_manifest.csv::soh_rated_pct
B0007_D0056,B0007,391,ONLINE_FIXED_START_CAUSAL_10S_V1,PASS,B0007.mat,d022afa086efaf54ab5b63f05220f5be178c8027e2fa8d68589db0e85a441a3b,181,55,38.218,28.218,38.218,2,2;3;4,3,38.217999999999996,0.0,0.0,88bd4bb3e79b3f7540670c9487f777fd5010816a7fe5b767d3f04ec430ce785f,final_online_training_manifest.csv::soh_rated_pct
B0007_D0057,B0007,392,ONLINE_FIXED_START_CAUSAL_10S_V1,PASS,B0007.mat,d022afa086efaf54ab5b63f05220f5be178c8027e2fa8d68589db0e85a441a3b,185,56,38.235,28.235,38.235,2,2;3;4,3,38.235,0.0,0.0,b83e04c6d3840d8d16c4eb4105ba86fefe524df473c550ad2f2577bd5a609838,final_online_training_manifest.csv::soh_rated_pct
B0007_D0058,B0007,393,ONLINE_FIXED_START_CAUSAL_10S_V1,PASS,B0007.mat,d022afa086efaf54ab5b63f05220f5be178c8027e2fa8d68589db0e85a441a3b,189,57,38.375,28.375,38.375,2,2;3;4,3,38.375,0.0,0.0,bad63261be901ebdd0d97b05bc5b8ed34edff8e0b682f4996462c6759a0d23ee,final_online_training_manifest.csv::soh_rated_pct
B0007_D0059,B0007,394,ONLINE_FIXED_START_CAUSAL_10S_V1,PASS,B0007.mat,d022afa086efaf54ab5b63f05220f5be178c8027e2fa8d68589db0e85a441a3b,193,58,38.218,28.218000000000004,38.218,2,2;3;4,3,38.218,0.0,0.0,3ad888dea3048710a725e5120a73e1861c32c26a47cb129f646df62c52737846,final_online_training_manifest.csv::soh_rated_pct
B0007_D0060,B0007,395,ONLINE_FIXED_START_CAUSAL_10S_V1,PASS,B0007.mat,d022afa086efaf54ab5b63f05220f5be178c8027e2fa8d68589db0e85a441a3b,197,59,38.359,28.359,38.359,2,2;3;4,3,38.359,0.0,0.0,ceefce671c476c5db8018cd800cb5840a15618aed38d38da44602dd0a09dfd38,final_online_training_manifest.csv::soh_rated_pct
B0007_D0061,B0007,396,ONLINE_FIXED_START_CAUSAL_10S_V1,PASS,B0007.mat,d022afa086efaf54ab5b63f05220f5be178c8027e2fa8d68589db0e85a441a3b,201,60,38.266,28.266,38.266,2,2;3;4,3,38.266,0.0,0.0,a0f073c27f58e600129480c53a9eae9398450335ce8a58980405e92086d11932,final_online_training_manifest.csv::soh_rated_pct
B0007_D0062,B0007,397,ONLINE_FIXED_START_CAUSAL_10S_V1,PASS,B0007.mat,d022afa086efaf54ab5b63f05220f5be178c8027e2fa8d68589db0e85a441a3b,205,61,38.391,28.391,38.391,2,2;3;4,3,38.391,0.0,0.0,28c41bbbd601c23358990d1930a97031554d8a85bde4bdf6d9a7a987b5339877,final_online_training_manifest.csv::soh_rated_pct
B0007_D0063,B0007,398,ONLINE_FIXED_START_CAUSAL_10S_V1,PASS,B0007.mat,d022afa086efaf54ab5b63f05220f5be178c8027e2fa8d68589db0e85a441a3b,209,62,38.297,28.297,38.297,2,2;3;4,3,38.297,0.0,0.0,8bc76bd2d331e47a4d417c8f9bf096dabf35feff0e43a5bed84c417cf54f3ec7,final_online_training_manifest.csv::soh_rated_pct
B0007_D0064,B0007,399,ONLINE_FIXED_START_CAUSAL_10S_V1,PASS,B0007.mat,d022afa086efaf54ab5b63f05220f5be178c8027e2fa8d68589db0e85a441a3b,213,63,38.375,28.375,38.375,2,2;3;4,3,38.375,0.0,0.0,69076b5c05a857696c7c41cf5ee623abf49f6595ccc5344e8100873bd7d8f32f,final_online_training_manifest.csv::soh_rated_pct
B0007_D0065,B0007,400,ONLINE_FIXED_START_CAUSAL_10S_V1,PASS,B0007.mat,d022afa086efaf54ab5b63f05220f5be178c8027e2fa8d68589db0e85a441a3b,215,64,38.188,28.188,38.188,2,2;3;4,3,38.188,0.0,0.0,ddfc20ba560ba5d6d992f107714184709edb9a8bab679720c7ffb02899445a5e,final_online_training_manifest.csv::soh_rated_pct
B0007_D0066,B0007,401,ONLINE_FIXED_START_CAUSAL_10S_V1,PASS,B0007.mat,d022afa086efaf54ab5b63f05220f5be178c8027e2fa8d68589db0e85a441a3b,219,65,38.36,28.36,38.36,2,2;3;4,3,38.36,0.0,0.0,6bd9cb20a184ad3475fe7991bd853d3684e4a606ba6f9f73e187b57bdb318eed,final_online_training_manifest.csv::soh_rated_pct
B0007_D0067,B0007,402,ONLINE_FIXED_START_CAUSAL_10S_V1,PASS,B0007.mat,d022afa086efaf54ab5b63f05220f5be178c8027e2fa8d68589db0e85a441a3b,223,66,38.313,28.313,38.313,2,2;3;4,3,38.313,0.0,0.0,350dfa51ab0e85ffb0c2f5163f4c8a0dd1b3853d64b0e446f57ba9d081cc7a6a,final_online_training_manifest.csv::soh_rated_pct
B0007_D0068,B0007,403,ONLINE_FIXED_START_CAUSAL_10S_V1,PASS,B0007.mat,d022afa086efaf54ab5b63f05220f5be178c8027e2fa8d68589db0e85a441a3b,227,67,38.437,28.437,38.437,2,2;3;4,3,38.437,0.0,0.0,5bffc18d3d30a48b038a4257218720b3a635524cd89cc8c79eedb32e5069d9b3,final_online_training_manifest.csv::soh_rated_pct
B0007_D0069,B0007,404,ONLINE_FIXED_START_CAUSAL_10S_V1,PASS,B0007.mat,d022afa086efaf54ab5b63f05220f5be178c8027e2fa8d68589db0e85a441a3b,231,68,38.375,28.375,38.375,2,2;3;4,3,38.375,0.0,0.0,1c9c4337a294b7651e256c9f88a780b4c02f888e54ea99ac55427104b9d48cec,final_online_training_manifest.csv::soh_rated_pct
B0007_D0070,B0007,405,ONLINE_FIXED_START_CAUSAL_10S_V1,PASS,B0007.mat,d022afa086efaf54ab5b63f05220f5be178c8027e2fa8d68589db0e85a441a3b,235,69,38.344,28.344,38.344,2,2;3;4,3,38.344,0.0,0.0,f4f1fc29e71c1b812359955fbfa0c986cd3576ea8f5b4f71076707c43100c0d9,final_online_training_manifest.csv::soh_rated_pct
B0007_D0071,B0007,406,ONLINE_FIXED_START_CAUSAL_10S_V1,PASS,B0007.mat,d022afa086efaf54ab5b63f05220f5be178c8027e2fa8d68589db0e85a441a3b,239,70,38.219,28.219,38.219,2,2;3;4,3,38.219,0.0,0.0,8eb1605cb30909f3e227f9aa70800119665f65e5c6ec9d8cb5d92268c36a97fc,final_online_training_manifest.csv::soh_rated_pct
B0007_D0072,B0007,407,ONLINE_FIXED_START_CAUSAL_10S_V1,PASS,B0007.mat,d022afa086efaf54ab5b63f05220f5be178c8027e2fa8d68589db0e85a441a3b,243,71,38.235,28.235,38.235,2,2;3;4,3,38.235,0.0,0.0,d62dfc18107e478a97618b38c7ad3160cefbc5685e0b039c0ce53653564ec362,final_online_training_manifest.csv::soh_rated_pct
B0007_D0073,B0007,408,ONLINE_FIXED_START_CAUSAL_10S_V1,PASS,B0007.mat,d022afa086efaf54ab5b63f05220f5be178c8027e2fa8d68589db0e85a441a3b,247,72,38.25,28.25,38.25,2,2;3;4,3,38.25,0.0,0.0,565abcb93d569b748e4e4464167ea52e111f0b2736a37499e5d24cee9a38e076,final_online_training_manifest.csv::soh_rated_pct
B0007_D0074,B0007,409,ONLINE_FIXED_START_CAUSAL_10S_V1,PASS,B0007.mat,d022afa086efaf54ab5b63f05220f5be178c8027e2fa8d68589db0e85a441a3b,251,73,38.312,28.312,38.312,2,2;3;4,3,38.312,0.0,0.0,a22a4a0abb5241799f6d9f24ff1991b7e300f70d8784c7569c7ba3c3f3e1fde0,final_online_training_manifest.csv::soh_rated_pct
B0007_D0075,B0007,410,ONLINE_FIXED_START_CAUSAL_10S_V1,PASS,B0007.mat,d022afa086efaf54ab5b63f05220f5be178c8027e2fa8d68589db0e85a441a3b,255,74,38.422,28.422,38.422,2,2;3;4,3,38.422,0.0,0.0,a5fdb236cd93a89d9e20af462b5400d97c170112bc5f20ab1494e0bfa9899312,final_online_training_manifest.csv::soh_rated_pct
B0007_D0076,B0007,411,ONLINE_FIXED_START_CAUSAL_10S_V1,PASS,B0007.mat,d022afa086efaf54ab5b63f05220f5be178c8027e2fa8d68589db0e85a441a3b,259,75,38.14,28.14,38.14,2,2;3;4,3,38.14,0.0,0.0,62faf19c053b3a8c84398d52985800be1d987c94093fe426aa53e555160aa2d8,final_online_training_manifest.csv::soh_rated_pct
B0007_D0077,B0007,412,ONLINE_FIXED_START_CAUSAL_10S_V1,PASS,B0007.mat,d022afa086efaf54ab5b63f05220f5be178c8027e2fa8d68589db0e85a441a3b,263,76,38.219,28.219,38.219,2,2;3;4,3,38.219,0.0,0.0,6cf6e14eb61024af37746ab9dc4098f046fd4ce4009083708fd58ae37fbb6c9e,final_online_training_manifest.csv::soh_rated_pct
B0007_D0078,B0007,413,ONLINE_FIXED_START_CAUSAL_10S_V1,PASS,B0007.mat,d022afa086efaf54ab5b63f05220f5be178c8027e2fa8d68589db0e85a441a3b,265,77,38.219,28.219,38.219,2,2;3;4,3,38.218999999999994,0.0,0.0,913d29a02e133ecadd8367329202c9d392364460696bcd8051466c04122acdb5,final_online_training_manifest.csv::soh_rated_pct
B0007_D0079,B0007,414,ONLINE_FIXED_START_CAUSAL_10S_V1,PASS,B0007.mat,d022afa086efaf54ab5b63f05220f5be178c8027e2fa8d68589db0e85a441a3b,269,78,38.235,28.235,38.235,2,2;3;4,3,38.235,0.0,0.0,09f77e5c7c5a0781770e51ffa0d03132f1936c5ac67e8bddabfa3fc2bef6e52e,final_online_training_manifest.csv::soh_rated_pct
B0007_D0080,B0007,415,ONLINE_FIXED_START_CAUSAL_10S_V1,PASS,B0007.mat,d022afa086efaf54ab5b63f05220f5be178c8027e2fa8d68589db0e85a441a3b,273,79,38.25,28.25,38.25,2,2;3;4,3,38.25,0.0,0.0,ba4544443944c4333f13866552745871cc9f012eb8780197829ee9e5795a2346,final_online_training_manifest.csv::soh_rated_pct
B0007_D0081,B0007,416,ONLINE_FIXED_START_CAUSAL_10S_V1,PASS,B0007.mat,d022afa086efaf54ab5b63f05220f5be178c8027e2fa8d68589db0e85a441a3b,277,80,38.203,28.203000000000003,38.203,2,2;3;4,3,38.203,0.0,0.0,a8331d2aba481625b33010ab522bfd30e1d9085e41bd15624407d3886ceed518,final_online_training_manifest.csv::soh_rated_pct
B0007_D0082,B0007,417,ONLINE_FIXED_START_CAUSAL_10S_V1,PASS,B0007.mat,d022afa086efaf54ab5b63f05220f5be178c8027e2fa8d68589db0e85a441a3b,281,81,38.391000000000005,28.391000000000005,38.391000000000005,2,2;3;4,3,38.391000000000005,0.0,0.0,75e753cf46bc56d01fb01b0a1c6ed6162c7315fe9d153d5fa0b3fa4dd1414e51,final_online_training_manifest.csv::soh_rated_pct
B0007_D0083,B0007,418,ONLINE_FIXED_START_CAUSAL_10S_V1,PASS,B0007.mat,d022afa086efaf54ab5b63f05220f5be178c8027e2fa8d68589db0e85a441a3b,285,82,38.266,28.266,38.266,2,2;3;4,3,38.266,0.0,0.0,7e15c5ed989eeb921d64a6a13e5bf2a1ef4dab88353fc88e1b7438c59500c29c,final_online_training_manifest.csv::soh_rated_pct
B0007_D0084,B0007,419,ONLINE_FIXED_START_CAUSAL_10S_V1,PASS,B0007.mat,d022afa086efaf54ab5b63f05220f5be178c8027e2fa8d68589db0e85a441a3b,289,83,38.313,28.313,38.313,2,2;3;4,3,38.313,0.0,0.0,8752528c9e1aa26ac75be75ded915490d56f22b494b498459313a2f2f5656bd8,final_online_training_manifest.csv::soh_rated_pct
B0007_D0085,B0007,420,ONLINE_FIXED_START_CAUSAL_10S_V1,PASS,B0007.mat,d022afa086efaf54ab5b63f05220f5be178c8027e2fa8d68589db0e85a441a3b,293,84,38.25,28.25,38.25,2,2;3;4,3,38.25,0.0,0.0,376914e3e511eee64e4b76478d74b6b9b642bb200a3df6cc811959fcd74d4056,final_online_training_manifest.csv::soh_rated_pct
B0007_D0086,B0007,421,ONLINE_FIXED_START_CAUSAL_10S_V1,PASS,B0007.mat,d022afa086efaf54ab5b63f05220f5be178c8027e2fa8d68589db0e85a441a3b,297,85,38.313,28.313,38.313,2,2;3;4,3,38.313,0.0,0.0,c7ed40c390f680b24e415bb7b5bdb96ea8778c1554a6ab8216804bc3490b9d1c,final_online_training_manifest.csv::soh_rated_pct
B0007_D0087,B0007,422,ONLINE_FIXED_START_CAUSAL_10S_V1,PASS,B0007.mat,d022afa086efaf54ab5b63f05220f5be178c8027e2fa8d68589db0e85a441a3b,301,86,38.265,28.265,38.265,2,2;3;4,3,38.265,0.0,0.0,a1d1f010d57d570247793cc3a3cf7fce9316a9e063fae0453acab5f6368f8913,final_online_training_manifest.csv::soh_rated_pct
B0007_D0088,B0007,423,ONLINE_FIXED_START_CAUSAL_10S_V1,PASS,B0007.mat,d022afa086efaf54ab5b63f05220f5be178c8027e2fa8d68589db0e85a441a3b,305,87,38.219,28.219,38.219,2,2;3;4,3,38.219,0.0,0.0,258480d9dabc2ec085dae73f8ac5e412c15e36df46d618460fa3e8d7da5b382a,final_online_training_manifest.csv::soh_rated_pct
B0007_D0089,B0007,424,ONLINE_FIXED_START_CAUSAL_10S_V1,PASS,B0007.mat,d022afa086efaf54ab5b63f05220f5be178c8027e2fa8d68589db0e85a441a3b,309,88,38.156,28.156,38.156,2,2;3;4,3,38.156,0.0,0.0,1ed33d88e5fe20438b4507875547d7391a3ce3564145f52e7a17e523e1785690,final_online_training_manifest.csv::soh_rated_pct
B0007_D0090,B0007,425,ONLINE_FIXED_START_CAUSAL_10S_V1,PASS,B0007.mat,d022afa086efaf54ab5b63f05220f5be178c8027e2fa8d68589db0e85a441a3b,312,89,38.313,28.313,38.313,2,2;3;4,3,38.313,0.0,0.0,b8a86f32dad3f0998f8f4e88e631c3385e37895b7934988754379c55c0c4cd5f,final_online_training_manifest.csv::soh_rated_pct
B0007_D0091,B0007,426,ONLINE_FIXED_START_CAUSAL_10S_V1,PASS,B0007.mat,d022afa086efaf54ab5b63f05220f5be178c8027e2fa8d68589db0e85a441a3b,315,90,38.375,28.375,38.375,2,2;3;4,3,38.375,0.0,0.0,398ac66a870ab6f8e890c4ea6683860ed625733dcd691ae4fcf7c4c744eee633,final_online_training_manifest.csv::soh_rated_pct
B0007_D0092,B0007,427,ONLINE_FIXED_START_CAUSAL_10S_V1,PASS,B0007.mat,d022afa086efaf54ab5b63f05220f5be178c8027e2fa8d68589db0e85a441a3b,319,91,38.359,28.358999999999995,38.359,2,2;3;4,3,38.358999999999995,0.0,0.0,d0742780fce195c44b1fd0b091696773229cfcd945a27b097191030f76f2fd9f,final_online_training_manifest.csv::soh_rated_pct
B0007_D0093,B0007,428,ONLINE_FIXED_START_CAUSAL_10S_V1,PASS,B0007.mat,d022afa086efaf54ab5b63f05220f5be178c8027e2fa8d68589db0e85a441a3b,323,92,38.25,28.25,38.25,2,2;3;4,3,38.25,0.0,0.0,0ca01fd175fe185547ce1c4ed98378dc5141c02d17cfca53f0b8d7106dda3aba,final_online_training_manifest.csv::soh_rated_pct
B0007_D0094,B0007,429,ONLINE_FIXED_START_CAUSAL_10S_V1,PASS,B0007.mat,d022afa086efaf54ab5b63f05220f5be178c8027e2fa8d68589db0e85a441a3b,327,93,38.203,28.203000000000003,38.203,2,2;3;4,3,38.203,0.0,0.0,0eb6b0ed7b2bcfdb06356037c5faf988032de072144734877a8bd2bb53103862,final_online_training_manifest.csv::soh_rated_pct
B0007_D0095,B0007,430,ONLINE_FIXED_START_CAUSAL_10S_V1,PASS,B0007.mat,d022afa086efaf54ab5b63f05220f5be178c8027e2fa8d68589db0e85a441a3b,331,94,38.359,28.359,38.359,2,2;3;4,3,38.359,0.0,0.0,7933cd522313b53eab17333988b971875c2eb26fb818581b11cad9deee923f00,final_online_training_manifest.csv::soh_rated_pct
B0007_D0096,B0007,431,ONLINE_FIXED_START_CAUSAL_10S_V1,PASS,B0007.mat,d022afa086efaf54ab5b63f05220f5be178c8027e2fa8d68589db0e85a441a3b,335,95,38.343,28.343000000000004,38.343,2,2;3;4,3,38.343,0.0,0.0,95718449c922dcdd371665a8c1291b46f76777e80272c61df2abc1dce299b691,final_online_training_manifest.csv::soh_rated_pct
B0007_D0097,B0007,432,ONLINE_FIXED_START_CAUSAL_10S_V1,PASS,B0007.mat,d022afa086efaf54ab5b63f05220f5be178c8027e2fa8d68589db0e85a441a3b,339,96,38.203,28.203000000000003,38.203,2,2;3;4,3,38.203,0.0,0.0,a3446dcde8b5dea28aa5c5148fa86142778cbe668c7df58ca8ec6f8de728b16b,final_online_training_manifest.csv::soh_rated_pct
B0007_D0098,B0007,433,ONLINE_FIXED_START_CAUSAL_10S_V1,PASS,B0007.mat,d022afa086efaf54ab5b63f05220f5be178c8027e2fa8d68589db0e85a441a3b,343,97,38.297,28.297000000000004,38.297,2,2;3;4,3,38.297000000000004,0.0,0.0,cf472f08dd3995a8b592907ec474aff8d335f6be39928f4b20d3a0f89488c8c3,final_online_training_manifest.csv::soh_rated_pct
B0007_D0099,B0007,434,ONLINE_FIXED_START_CAUSAL_10S_V1,PASS,B0007.mat,d022afa086efaf54ab5b63f05220f5be178c8027e2fa8d68589db0e85a441a3b,347,98,38.36,28.36,38.36,2,2;3;4,3,38.36,0.0,0.0,f14043e99329a5a35f4fff34475b80f3a2815a7d56ef760b7749d8b1a21b79d7,final_online_training_manifest.csv::soh_rated_pct
B0007_D0100,B0007,435,ONLINE_FIXED_START_CAUSAL_10S_V1,PASS,B0007.mat,d022afa086efaf54ab5b63f05220f5be178c8027e2fa8d68589db0e85a441a3b,351,99,38.343,28.343000000000004,38.343,2,2;3;4,3,38.343,0.0,0.0,389e284141bb5612e50c9edf3a322a22cc442e24fef975d9d63b05fca391674b,final_online_training_manifest.csv::soh_rated_pct
B0007_D0101,B0007,436,ONLINE_FIXED_START_CAUSAL_10S_V1,PASS,B0007.mat,d022afa086efaf54ab5b63f05220f5be178c8027e2fa8d68589db0e85a441a3b,355,100,38.375,28.375,38.375,2,2;3;4,3,38.375,0.0,0.0,24d44fd54c8335001456096b0a6fad269ef2623865fb84f3c286c0a045812e64,final_online_training_manifest.csv::soh_rated_pct
B0007_D0102,B0007,437,ONLINE_FIXED_START_CAUSAL_10S_V1,PASS,B0007.mat,d022afa086efaf54ab5b63f05220f5be178c8027e2fa8d68589db0e85a441a3b,359,101,38.297,28.297,38.297,2,2;3;4,3,38.297,0.0,0.0,e4b798e85c7ff149d0a4ca14788ce682cedd0217f1a6aee82bf65800402b7afb,final_online_training_manifest.csv::soh_rated_pct
B0007_D0103,B0007,438,ONLINE_FIXED_START_CAUSAL_10S_V1,PASS,B0007.mat,d022afa086efaf54ab5b63f05220f5be178c8027e2fa8d68589db0e85a441a3b,363,102,38.36,28.36,38.36,2,2;3;4,3,38.36,0.0,0.0,e4e7ba806c801d548361a0cae99fb3016377e176ae5f010959d83cac5c02b055,final_online_training_manifest.csv::soh_rated_pct
B0007_D0104,B0007,439,ONLINE_FIXED_START_CAUSAL_10S_V1,PASS,B0007.mat,d022afa086efaf54ab5b63f05220f5be178c8027e2fa8d68589db0e85a441a3b,366,103,38.235,28.235,38.235,2,2;3;4,3,38.235,0.0,0.0,179996bf2b9d847ed344214f5cd56ae1ce50a3b4c4b8a55c5c2fb8021338c096,final_online_training_manifest.csv::soh_rated_pct
B0007_D0105,B0007,440,ONLINE_FIXED_START_CAUSAL_10S_V1,PASS,B0007.mat,d022afa086efaf54ab5b63f05220f5be178c8027e2fa8d68589db0e85a441a3b,370,104,38.313,28.312999999999995,38.313,2,2;3;4,3,38.312999999999995,0.0,0.0,39febcfa3786e63c9b729c51e25ac5a8b19e9d276a9e77838d5ba03a4f9a0624,final_online_training_manifest.csv::soh_rated_pct
B0007_D0106,B0007,441,ONLINE_FIXED_START_CAUSAL_10S_V1,PASS,B0007.mat,d022afa086efaf54ab5b63f05220f5be178c8027e2fa8d68589db0e85a441a3b,374,105,38.25,28.25,38.25,2,2;3;4,3,38.25,0.0,0.0,754a880058fbf6976d37c4ead5348e940f08bc532baba4bdef90ada37a943fd3,final_online_training_manifest.csv::soh_rated_pct
B0007_D0107,B0007,442,ONLINE_FIXED_START_CAUSAL_10S_V1,PASS,B0007.mat,d022afa086efaf54ab5b63f05220f5be178c8027e2fa8d68589db0e85a441a3b,378,106,38.265,28.265,38.265,2,2;3;4,3,38.265,0.0,0.0,ac1126bc9a4eef25100f9cd98f543db8d7919d1ffdc5ab58e6e817446164f8b0,final_online_training_manifest.csv::soh_rated_pct
B0007_D0108,B0007,443,ONLINE_FIXED_START_CAUSAL_10S_V1,PASS,B0007.mat,d022afa086efaf54ab5b63f05220f5be178c8027e2fa8d68589db0e85a441a3b,382,107,38.25,28.25,38.25,2,2;3;4,3,38.25,0.0,0.0,bd17dc0a3b9744a134c8efa80323f63ce16a7375fab05ea2dc7acaff92376cd8,final_online_training_manifest.csv::soh_rated_pct
B0007_D0109,B0007,444,ONLINE_FIXED_START_CAUSAL_10S_V1,PASS,B0007.mat,d022afa086efaf54ab5b63f05220f5be178c8027e2fa8d68589db0e85a441a3b,386,108,38.281000000000006,28.28100000000001,38.281000000000006,2,2;3;4,3,38.281000000000006,0.0,0.0,c53a5d5ba6bd911d45ad5a746dc5493d53ab530a8e1aa0589e5d27d58eca12f5,final_online_training_manifest.csv::soh_rated_pct
B0007_D0110,B0007,445,ONLINE_FIXED_START_CAUSAL_10S_V1,PASS,B0007.mat,d022afa086efaf54ab5b63f05220f5be178c8027e2fa8d68589db0e85a441a3b,390,109,38.36000000000058,28.360000000000586,38.36000000000058,2,2;3;4,3,38.36000000000058,0.0,0.0,59dc9e85e84517251935b6db3d6c68ede9259d14ad0d02778bbe059ab739a436,final_online_training_manifest.csv::soh_rated_pct
B0007_D0111,B0007,446,ONLINE_FIXED_START_CAUSAL_10S_V1,PASS,B0007.mat,d022afa086efaf54ab5b63f05220f5be178c8027e2fa8d68589db0e85a441a3b,394,110,38.329,28.329,38.329,2,2;3;4,3,38.329,0.0,0.0,956d672921c3a4e771237fc482ddc01ba61669ba16092cd879fc3e7699641024,final_online_training_manifest.csv::soh_rated_pct
B0007_D0112,B0007,447,ONLINE_FIXED_START_CAUSAL_10S_V1,PASS,B0007.mat,d022afa086efaf54ab5b63f05220f5be178c8027e2fa8d68589db0e85a441a3b,398,111,38.234,28.234,38.234,2,2;3;4,3,38.234,0.0,0.0,ee9f6878dd5b09faec4715aa6097883c69003ea59e11438c3bb66426dfaeea5c,final_online_training_manifest.csv::soh_rated_pct
B0007_D0113,B0007,448,ONLINE_FIXED_START_CAUSAL_10S_V1,PASS,B0007.mat,d022afa086efaf54ab5b63f05220f5be178c8027e2fa8d68589db0e85a441a3b,402,112,38.266000000000005,28.266000000000005,38.266000000000005,2,2;3;4,3,38.266000000000005,0.0,0.0,1930d2999bb1061ea44708a37a42fa55f98869725d49941944235bd00a87024f,final_online_training_manifest.csv::soh_rated_pct
B0007_D0114,B0007,449,ONLINE_FIXED_START_CAUSAL_10S_V1,PASS,B0007.mat,d022afa086efaf54ab5b63f05220f5be178c8027e2fa8d68589db0e85a441a3b,406,113,38.281,28.281,38.281,2,2;3;4,3,38.281,0.0,0.0,441eea86b7c9304c8ef6c9cf90d030eda807452a99e586729cc58a0ad1a1fd8c,final_online_training_manifest.csv::soh_rated_pct
B0007_D0115,B0007,450,ONLINE_FIXED_START_CAUSAL_10S_V1,PASS,B0007.mat,d022afa086efaf54ab5b63f05220f5be178c8027e2fa8d68589db0e85a441a3b,410,114,38.391,28.391,38.391,2,2;3;4,3,38.391,0.0,0.0,6cbc2bbaeb13ad14cf4e5a2b34bbb739e84f470d2727dc407aae23d7e4a85b3f,final_online_training_manifest.csv::soh_rated_pct
B0007_D0116,B0007,451,ONLINE_FIXED_START_CAUSAL_10S_V1,PASS,B0007.mat,d022afa086efaf54ab5b63f05220f5be178c8027e2fa8d68589db0e85a441a3b,414,115,38.219,28.219,38.219,2,2;3;4,3,38.218999999999994,0.0,0.0,dbf757e588f043e37b4604f910040b450cfa1345052d584ce66782a14c6f0158,final_online_training_manifest.csv::soh_rated_pct
B0007_D0117,B0007,452,ONLINE_FIXED_START_CAUSAL_10S_V1,PASS,B0007.mat,d022afa086efaf54ab5b63f05220f5be178c8027e2fa8d68589db0e85a441a3b,418,116,38.313,28.313,38.313,2,2;3;4,3,38.313,0.0,0.0,69dfa5856efbe02f008ef3c0aad8559d0fae817ceb9931bd1ab8b077fd6c448a,final_online_training_manifest.csv::soh_rated_pct
B0007_D0118,B0007,453,ONLINE_FIXED_START_CAUSAL_10S_V1,PASS,B0007.mat,d022afa086efaf54ab5b63f05220f5be178c8027e2fa8d68589db0e85a441a3b,422,117,38.235,28.235,38.235,2,2;3;4,3,38.235,0.0,0.0,158b491488a3fc7f1aae9698c5aebeb5a641ce481918aa0df979b1763fc8f1c0,final_online_training_manifest.csv::soh_rated_pct
B0007_D0119,B0007,454,ONLINE_FIXED_START_CAUSAL_10S_V1,PASS,B0007.mat,d022afa086efaf54ab5b63f05220f5be178c8027e2fa8d68589db0e85a441a3b,426,118,38.203,28.203000000000003,38.203,2,2;3;4,3,38.203,0.0,0.0,7058d8601015a0d001744c2f8a5a24f9260bac26b532ceb6b91b923de3defe33,final_online_training_manifest.csv::soh_rated_pct
B0007_D0120,B0007,455,ONLINE_FIXED_START_CAUSAL_10S_V1,PASS,B0007.mat,d022afa086efaf54ab5b63f05220f5be178c8027e2fa8d68589db0e85a441a3b,430,119,38.313,28.313,38.313,2,2;3;4,3,38.313,0.0,0.0,897cbf7921c71059571c6693c7042eccb1845241865840583d6435a28400080e,final_online_training_manifest.csv::soh_rated_pct
B0007_D0121,B0007,456,ONLINE_FIXED_START_CAUSAL_10S_V1,PASS,B0007.mat,d022afa086efaf54ab5b63f05220f5be178c8027e2fa8d68589db0e85a441a3b,432,120,38.234,28.234,38.234,2,2;3;4,3,38.234,0.0,0.0,0fa0c7e994f8b2db431656c5684447fbbc13d550ef8badbcd31350f406f7a383,final_online_training_manifest.csv::soh_rated_pct
B0007_D0122,B0007,457,ONLINE_FIXED_START_CAUSAL_10S_V1,PASS,B0007.mat,d022afa086efaf54ab5b63f05220f5be178c8027e2fa8d68589db0e85a441a3b,436,121,38.422,28.422,38.422,2,2;3;4,3,38.422,0.0,0.0,d0fc24e1ca5290db10ae8da30ad9d926a466bf7dab098b1ff3ecd26961e826d4,final_online_training_manifest.csv::soh_rated_pct
B0007_D0123,B0007,458,ONLINE_FIXED_START_CAUSAL_10S_V1,PASS,B0007.mat,d022afa086efaf54ab5b63f05220f5be178c8027e2fa8d68589db0e85a441a3b,440,122,38.266,28.266,38.266,2,2;3;4,3,38.266,0.0,0.0,de58835bdfa9eb511e7fe13445556d496d60dbff90870c82d3adf9daff51aa72,final_online_training_manifest.csv::soh_rated_pct
B0007_D0124,B0007,459,ONLINE_FIXED_START_CAUSAL_10S_V1,PASS,B0007.mat,d022afa086efaf54ab5b63f05220f5be178c8027e2fa8d68589db0e85a441a3b,444,123,38.235,28.235,38.235,2,2;3;4,3,38.235,0.0,0.0,a6fa3a5d7eaf6c39d12e35a03aeaba418149dd96bd31891a0189e26850ce369c,final_online_training_manifest.csv::soh_rated_pct
B0007_D0125,B0007,460,ONLINE_FIXED_START_CAUSAL_10S_V1,PASS,B0007.mat,d022afa086efaf54ab5b63f05220f5be178c8027e2fa8d68589db0e85a441a3b,448,124,38.344,28.344,38.344,2,2;3;4,3,38.344,0.0,0.0,d69c9b239eaa527dc704d2b10f61d2b31e91c80a2933c68d87231c5333781f8b,final_online_training_manifest.csv::soh_rated_pct
B0007_D0126,B0007,461,ONLINE_FIXED_START_CAUSAL_10S_V1,PASS,B0007.mat,d022afa086efaf54ab5b63f05220f5be178c8027e2fa8d68589db0e85a441a3b,452,125,38.344,28.344,38.344,2,2;3;4,3,38.343999999999994,0.0,0.0,fe5069b3b9fddfa0732b894391254e41373bcc18cc6ec3a8aeaed0c132d76ae0,final_online_training_manifest.csv::soh_rated_pct
B0007_D0127,B0007,462,ONLINE_FIXED_START_CAUSAL_10S_V1,PASS,B0007.mat,d022afa086efaf54ab5b63f05220f5be178c8027e2fa8d68589db0e85a441a3b,456,126,38.282,28.282,38.282,2,2;3;4,3,38.282,0.0,0.0,9c78f52d5e7941b810a907f85a401c836b9fd6bb8763f38eb50f938827a8a6b8,final_online_training_manifest.csv::soh_rated_pct
B0007_D0128,B0007,463,ONLINE_FIXED_START_CAUSAL_10S_V1,PASS,B0007.mat,d022afa086efaf54ab5b63f05220f5be178c8027e2fa8d68589db0e85a441a3b,460,127,38.297,28.297,38.297,2,2;3;4,3,38.297,0.0,0.0,36d9511a47e56b1b50e59518eeccea1647265805e49230d75c8d56441e364b89,final_online_training_manifest.csv::soh_rated_pct
B0007_D0129,B0007,464,ONLINE_FIXED_START_CAUSAL_10S_V1,PASS,B0007.mat,d022afa086efaf54ab5b63f05220f5be178c8027e2fa8d68589db0e85a441a3b,464,128,38.265,28.265,38.265,2,2;3;4,3,38.265,0.0,0.0,512eb261e244607432cadd9ca7c658f6c52d32428dd21ff332252dfe6e28794c,final_online_training_manifest.csv::soh_rated_pct
B0007_D0130,B0007,465,ONLINE_FIXED_START_CAUSAL_10S_V1,PASS,B0007.mat,d022afa086efaf54ab5b63f05220f5be178c8027e2fa8d68589db0e85a441a3b,468,129,38.219,28.219,38.219,2,2;3;4,3,38.219,0.0,0.0,4f1b0e93ca3eec698c46b9fcb1547885b8316088dc091da98738ed80868049cc,final_online_training_manifest.csv::soh_rated_pct
B0007_D0131,B0007,466,ONLINE_FIXED_START_CAUSAL_10S_V1,PASS,B0007.mat,d022afa086efaf54ab5b63f05220f5be178c8027e2fa8d68589db0e85a441a3b,472,130,38.328,28.328000000000003,38.328,2,2;3;4,3,38.328,0.0,0.0,e68b7fe2c6dca7b53d83c0a84354f650c05ba6bd1b3b64f05a87da4fb4ca0dc4,final_online_training_manifest.csv::soh_rated_pct
B0007_D0132,B0007,467,ONLINE_FIXED_START_CAUSAL_10S_V1,PASS,B0007.mat,d022afa086efaf54ab5b63f05220f5be178c8027e2fa8d68589db0e85a441a3b,476,131,38.265,28.265,38.265,2,2;3;4,3,38.265,0.0,0.0,bf7e0a45a10c79bded57816e9963032ea980b161fc803ba4c7fbc86f46cbb591,final_online_training_manifest.csv::soh_rated_pct
B0007_D0133,B0007,468,ONLINE_FIXED_START_CAUSAL_10S_V1,PASS,B0007.mat,d022afa086efaf54ab5b63f05220f5be178c8027e2fa8d68589db0e85a441a3b,480,132,38.406,28.406,38.406,2,2;3;4,3,38.406,0.0,0.0,80c7ae90dc39803b72fe9c3a9945db1d4515bec79624870455dd302af4692388,final_online_training_manifest.csv::soh_rated_pct
B0007_D0134,B0007,469,ONLINE_FIXED_START_CAUSAL_10S_V1,PASS,B0007.mat,d022afa086efaf54ab5b63f05220f5be178c8027e2fa8d68589db0e85a441a3b,482,133,38.359,28.359,38.359,2,2;3;4,3,38.359,0.0,0.0,0856de22e89e7d697334a6f9203ee8d0a2f8d20105752a77790a7c4e0884cadd,final_online_training_manifest.csv::soh_rated_pct
B0007_D0135,B0007,470,ONLINE_FIXED_START_CAUSAL_10S_V1,PASS,B0007.mat,d022afa086efaf54ab5b63f05220f5be178c8027e2fa8d68589db0e85a441a3b,484,134,38.375,28.375,38.375,2,2;3;4,3,38.375,0.0,0.0,b9a1b493c7d0a72590b712edc5c821694b03948098099a9e84d07b971585f9bc,final_online_training_manifest.csv::soh_rated_pct
B0007_D0136,B0007,471,ONLINE_FIXED_START_CAUSAL_10S_V1,PASS,B0007.mat,d022afa086efaf54ab5b63f05220f5be178c8027e2fa8d68589db0e85a441a3b,488,135,38.125,28.125,38.125,2,2;3;4,3,38.125,0.0,0.0,a601325d6d363eb2f5897f67c5cf245c1405490f9417f7b13fbbd88755c53404,final_online_training_manifest.csv::soh_rated_pct
B0007_D0137,B0007,472,ONLINE_FIXED_START_CAUSAL_10S_V1,PASS,B0007.mat,d022afa086efaf54ab5b63f05220f5be178c8027e2fa8d68589db0e85a441a3b,492,136,38.156,28.156,38.156,2,2;3;4,3,38.156,0.0,0.0,ccd8f91ba1a9543bf082abc403426645bd6c244739d0a1c8a0e52dbf45b60a83,final_online_training_manifest.csv::soh_rated_pct
B0007_D0138,B0007,473,ONLINE_FIXED_START_CAUSAL_10S_V1,PASS,B0007.mat,d022afa086efaf54ab5b63f05220f5be178c8027e2fa8d68589db0e85a441a3b,496,137,38.219,28.219,38.219,2,2;3;4,3,38.219,0.0,0.0,a2f02d02d659dc37a8a877a5957aa6130ca4f61737844f1025eb60e2701d3b69,final_online_training_manifest.csv::soh_rated_pct
B0007_D0139,B0007,474,ONLINE_FIXED_START_CAUSAL_10S_V1,PASS,B0007.mat,d022afa086efaf54ab5b63f05220f5be178c8027e2fa8d68589db0e85a441a3b,500,138,38.25,28.25,38.25,2,2;3;4,3,38.25,0.0,0.0,7dcfc9f19ee37dc3239ca40686f8f005357ad42dcb97776a38b87118a0976775,final_online_training_manifest.csv::soh_rated_pct
B0007_D0140,B0007,475,ONLINE_FIXED_START_CAUSAL_10S_V1,PASS,B0007.mat,d022afa086efaf54ab5b63f05220f5be178c8027e2fa8d68589db0e85a441a3b,504,139,38.344,28.344,38.344,2,2;3;4,3,38.344,0.0,0.0,e0afe2b3264183a274e81a56283f3b9f3ff777a2cb2b804f9d2953d182c0d272,final_online_training_manifest.csv::soh_rated_pct
B0007_D0141,B0007,476,ONLINE_FIXED_START_CAUSAL_10S_V1,PASS,B0007.mat,d022afa086efaf54ab5b63f05220f5be178c8027e2fa8d68589db0e85a441a3b,508,140,38.515,28.515,38.515,2,2;3;4,3,38.515,0.0,0.0,ab920ee4740f605c70674d725a6b81d11d02ff35bba74ef292715380e0830027,final_online_training_manifest.csv::soh_rated_pct
B0007_D0142,B0007,477,ONLINE_FIXED_START_CAUSAL_10S_V1,PASS,B0007.mat,d022afa086efaf54ab5b63f05220f5be178c8027e2fa8d68589db0e85a441a3b,512,141,38.25,28.25,38.25,2,2;3;4,3,38.25,0.0,0.0,fd35a5f0cc5589b881c6a44b5b09f50662c4651ec8c1ff8320bebc4983a7730e,final_online_training_manifest.csv::soh_rated_pct
B0007_D0143,B0007,478,ONLINE_FIXED_START_CAUSAL_10S_V1,PASS,B0007.mat,d022afa086efaf54ab5b63f05220f5be178c8027e2fa8d68589db0e85a441a3b,516,142,38.312,28.312,38.312,2,2;3;4,3,38.312,0.0,0.0,7ee152ce43aacee85110c4e2033dd60d4f13f6658a2bf98c0fa406090a4f664d,final_online_training_manifest.csv::soh_rated_pct
B0007_D0144,B0007,479,ONLINE_FIXED_START_CAUSAL_10S_V1,PASS,B0007.mat,d022afa086efaf54ab5b63f05220f5be178c8027e2fa8d68589db0e85a441a3b,520,143,38.312,28.312,38.312,2,2;3;4,3,38.312,0.0,0.0,9b4a0ca3894279dc6e67e2aac563b5bb78d0edbc62ec4a711966105571cc3f80,final_online_training_manifest.csv::soh_rated_pct
B0007_D0145,B0007,480,ONLINE_FIXED_START_CAUSAL_10S_V1,PASS,B0007.mat,d022afa086efaf54ab5b63f05220f5be178c8027e2fa8d68589db0e85a441a3b,524,144,38.266,28.266,38.266,2,2;3;4,3,38.266,0.0,0.0,9e0da2c266a1906bbba8e59886892b133eb7d30e260dad2414b998b6998d13dd,final_online_training_manifest.csv::soh_rated_pct
B0007_D0146,B0007,481,ONLINE_FIXED_START_CAUSAL_10S_V1,PASS,B0007.mat,d022afa086efaf54ab5b63f05220f5be178c8027e2fa8d68589db0e85a441a3b,528,145,38.375,28.375,38.375,2,2;3;4,3,38.375,0.0,0.0,5811d6397054ccd099fb70e16faa7007cf30bac4c4e1a975b3383f25e9c427bf,final_online_training_manifest.csv::soh_rated_pct
B0007_D0147,B0007,482,ONLINE_FIXED_START_CAUSAL_10S_V1,PASS,B0007.mat,d022afa086efaf54ab5b63f05220f5be178c8027e2fa8d68589db0e85a441a3b,532,146,38.281,28.281,38.281,2,2;3;4,3,38.281,0.0,0.0,04dba497946df8525262c2669cfc9204f401b3311376a6b5ecc14bb76aaefe92,final_online_training_manifest.csv::soh_rated_pct
B0007_D0148,B0007,483,ONLINE_FIXED_START_CAUSAL_10S_V1,PASS,B0007.mat,d022afa086efaf54ab5b63f05220f5be178c8027e2fa8d68589db0e85a441a3b,536,147,38.25,28.25,38.25,2,2;3;4,3,38.25,0.0,0.0,debef123bb3b0fb1a60f886985a1793375ae44d5f3cb96f108d1ef5498651147,final_online_training_manifest.csv::soh_rated_pct
B0007_D0149,B0007,484,ONLINE_FIXED_START_CAUSAL_10S_V1,PASS,B0007.mat,d022afa086efaf54ab5b63f05220f5be178c8027e2fa8d68589db0e85a441a3b,540,148,38.359,28.359,38.359,2,2;3;4,3,38.359,0.0,0.0,f50cc38f4a1dca86bc973fd413aa2cde1b5cf52d5708ab5fc5b6385b4922f8bb,final_online_training_manifest.csv::soh_rated_pct
B0007_D0150,B0007,485,ONLINE_FIXED_START_CAUSAL_10S_V1,PASS,B0007.mat,d022afa086efaf54ab5b63f05220f5be178c8027e2fa8d68589db0e85a441a3b,544,149,38.312,28.312,38.312,2,2;3;4,3,38.312,0.0,0.0,73f549f6e489045eac84f928ac9a0fc1a9cc061804d940985aab3097b20454cb,final_online_training_manifest.csv::soh_rated_pct
B0007_D0151,B0007,486,ONLINE_FIXED_START_CAUSAL_10S_V1,PASS,B0007.mat,d022afa086efaf54ab5b63f05220f5be178c8027e2fa8d68589db0e85a441a3b,547,150,38.219,28.219,38.219,2,2;3;4,3,38.219,0.0,0.0,de213f29f2f00ecb73492b4616877f0b316a00292d2f18555ec2cea0e1a476ac,final_online_training_manifest.csv::soh_rated_pct
B0007_D0152,B0007,487,ONLINE_FIXED_START_CAUSAL_10S_V1,PASS,B0007.mat,d022afa086efaf54ab5b63f05220f5be178c8027e2fa8d68589db0e85a441a3b,551,151,38.25,28.25,38.25,2,2;3;4,3,38.25,0.0,0.0,b9f8d0947fdcb2eff62b6642d81715971ca10f711fd24eb132757f414ae8fd86,final_online_training_manifest.csv::soh_rated_pct
B0007_D0153,B0007,488,ONLINE_FIXED_START_CAUSAL_10S_V1,PASS,B0007.mat,d022afa086efaf54ab5b63f05220f5be178c8027e2fa8d68589db0e85a441a3b,555,152,38.266,28.266,38.266,2,2;3;4,3,38.266,0.0,0.0,e2973ca325c82976c63fa9b98e2bb3eaf724fb770e4aab88a93d820676196088,final_online_training_manifest.csv::soh_rated_pct
B0007_D0154,B0007,489,ONLINE_FIXED_START_CAUSAL_10S_V1,PASS,B0007.mat,d022afa086efaf54ab5b63f05220f5be178c8027e2fa8d68589db0e85a441a3b,559,153,38.188,28.188,38.188,2,2;3;4,3,38.188,0.0,0.0,a02dce7ec00bb68e376206b7e31542931443bd9fc14f7e0ac9d81e0575f19bf0,final_online_training_manifest.csv::soh_rated_pct
B0007_D0155,B0007,490,ONLINE_FIXED_START_CAUSAL_10S_V1,PASS,B0007.mat,d022afa086efaf54ab5b63f05220f5be178c8027e2fa8d68589db0e85a441a3b,563,154,38.14,28.14,38.14,2,2;3;4,3,38.14,0.0,0.0,ba80fa98802939fc705fb46bcf45485fc052e35e881f81ac27437be88745f2ea,final_online_training_manifest.csv::soh_rated_pct
B0007_D0156,B0007,491,ONLINE_FIXED_START_CAUSAL_10S_V1,PASS,B0007.mat,d022afa086efaf54ab5b63f05220f5be178c8027e2fa8d68589db0e85a441a3b,567,155,38.375,28.375,38.375,2,2;3;4,3,38.375,0.0,0.0,2035349d6f82e58fbd5dea6b7e684b72ee399c885041980139862058b6fe6211,final_online_training_manifest.csv::soh_rated_pct
B0007_D0157,B0007,492,ONLINE_FIXED_START_CAUSAL_10S_V1,PASS,B0007.mat,d022afa086efaf54ab5b63f05220f5be178c8027e2fa8d68589db0e85a441a3b,571,156,38.281,28.281,38.281,2,2;3;4,3,38.281,0.0,0.0,22b70d0e9fc3f9b139cc3aa07163085d32e0f484036e27b59bdc71a367412593,final_online_training_manifest.csv::soh_rated_pct
B0007_D0158,B0007,493,ONLINE_FIXED_START_CAUSAL_10S_V1,PASS,B0007.mat,d022afa086efaf54ab5b63f05220f5be178c8027e2fa8d68589db0e85a441a3b,575,157,38.235,28.235,38.235,2,2;3;4,3,38.235,0.0,0.0,e57e2f2c79c0bf5c6c5487cfd9af82245ed6e562a106b9c583819d446290b7af,final_online_training_manifest.csv::soh_rated_pct
B0007_D0159,B0007,494,ONLINE_FIXED_START_CAUSAL_10S_V1,PASS,B0007.mat,d022afa086efaf54ab5b63f05220f5be178c8027e2fa8d68589db0e85a441a3b,579,158,38.328,28.328000000000003,38.328,2,2;3;4,3,38.328,0.0,0.0,2d4ad409a9d8a81b43fb6eded9722105f4a2efb2e145b22f56ddb9ed072dbfe7,final_online_training_manifest.csv::soh_rated_pct
B0007_D0160,B0007,495,ONLINE_FIXED_START_CAUSAL_10S_V1,PASS,B0007.mat,d022afa086efaf54ab5b63f05220f5be178c8027e2fa8d68589db0e85a441a3b,583,159,38.297,28.297,38.297,2,2;3;4,3,38.297,0.0,0.0,b237f06f33579921bf7cafce5efe9c87edf63a0d0ffab39ac6ce4325b8094487,final_online_training_manifest.csv::soh_rated_pct
B0007_D0161,B0007,496,ONLINE_FIXED_START_CAUSAL_10S_V1,PASS,B0007.mat,d022afa086efaf54ab5b63f05220f5be178c8027e2fa8d68589db0e85a441a3b,587,160,38.25,28.25,38.25,2,2;3;4,3,38.25,0.0,0.0,bd52f2de9f412aa4c5c2f00075a70a8dc347593bc870cba6a3652f6f89f3fb1b,final_online_training_manifest.csv::soh_rated_pct
B0007_D0162,B0007,497,ONLINE_FIXED_START_CAUSAL_10S_V1,PASS,B0007.mat,d022afa086efaf54ab5b63f05220f5be178c8027e2fa8d68589db0e85a441a3b,591,161,38.203,28.203000000000003,38.203,2,2;3;4,3,38.203,0.0,0.0,f6e7c551f9e143b8ef98058607c9051ebc3ba163cf4039281dc62c891b235c8d,final_online_training_manifest.csv::soh_rated_pct
B0007_D0163,B0007,498,ONLINE_FIXED_START_CAUSAL_10S_V1,PASS,B0007.mat,d022afa086efaf54ab5b63f05220f5be178c8027e2fa8d68589db0e85a441a3b,595,162,38.375,28.375,38.375,2,2;3;4,3,38.375,0.0,0.0,310f13dc90c89676919997d9fb6d0019e8e3522b35ac103db9e63abf0c6b1e4d,final_online_training_manifest.csv::soh_rated_pct
B0007_D0164,B0007,499,ONLINE_FIXED_START_CAUSAL_10S_V1,PASS,B0007.mat,d022afa086efaf54ab5b63f05220f5be178c8027e2fa8d68589db0e85a441a3b,599,163,38.078,28.078000000000003,38.078,2,2;3;4,3,38.078,0.0,0.0,bc8b0829699d0dc9701e056a1af39398531f1caeadafc50e92d2c4318326f11b,final_online_training_manifest.csv::soh_rated_pct
B0007_D0165,B0007,500,ONLINE_FIXED_START_CAUSAL_10S_V1,PASS,B0007.mat,d022afa086efaf54ab5b63f05220f5be178c8027e2fa8d68589db0e85a441a3b,603,164,38.312000000000005,28.312000000000005,38.312000000000005,2,2;3;4,3,38.312000000000005,0.0,0.0,92ca398ab80d3cd9cf004b5c20019bb3e7d68071d65e30f8a1c375687b17ab9e,final_online_training_manifest.csv::soh_rated_pct
B0007_D0166,B0007,501,ONLINE_FIXED_START_CAUSAL_10S_V1,PASS,B0007.mat,d022afa086efaf54ab5b63f05220f5be178c8027e2fa8d68589db0e85a441a3b,607,165,38.141000000000005,28.141000000000005,38.141000000000005,2,2;3;4,3,38.141000000000005,0.0,0.0,44ffb8cca00b2b1b0eaea07eb07f257710eb0011c64c0ef86b88b443d3dfd63f,final_online_training_manifest.csv::soh_rated_pct
B0007_D0167,B0007,502,ONLINE_FIXED_START_CAUSAL_10S_V1,PASS,B0007.mat,d022afa086efaf54ab5b63f05220f5be178c8027e2fa8d68589db0e85a441a3b,611,166,38.344,28.344,38.344,2,2;3;4,3,38.343999999999994,0.0,0.0,8d21f37164153d28f5e034c3e288a5dad2a5e706d1c72bb4457a115c2a809292,final_online_training_manifest.csv::soh_rated_pct
B0007_D0168,B0007,503,ONLINE_FIXED_START_CAUSAL_10S_V1,PASS,B0007.mat,d022afa086efaf54ab5b63f05220f5be178c8027e2fa8d68589db0e85a441a3b,613,167,38.312,28.312,38.312,2,2;3;4,3,38.312,0.0,0.0,c296b6e89d88cd94c0aa5b83940374fc7920cf77e5345e8ebe36c15a99103c43,final_online_training_manifest.csv::soh_rated_pct
B0018_D0001,B0018,504,ONLINE_FIXED_START_CAUSAL_10S_V1,PASS,B0018.mat,d1e6c923a43ea1c9666b3a90bbb521757a067fd60b4d17dbfaa49c50b179da69,2,0,38.485,28.485,38.485,2,2;3;4,3,38.485,0.0,0.0,1c890ccbc88377a7bb8a436f9b1170c2072530edc939c1eaead71d4cd5d63683,final_online_training_manifest.csv::soh_rated_pct
B0018_D0002,B0018,505,ONLINE_FIXED_START_CAUSAL_10S_V1,PASS,B0018.mat,d1e6c923a43ea1c9666b3a90bbb521757a067fd60b4d17dbfaa49c50b179da69,6,1,38.578,28.578000000000003,38.578,2,2;3;4,3,38.578,0.0,0.0,f4bbcd488899fe035cecd4a6fbe48b911252ebf48ad2dae14e03d079aa0e8ae1,final_online_training_manifest.csv::soh_rated_pct
B0018_D0003,B0018,506,ONLINE_FIXED_START_CAUSAL_10S_V1,PASS,B0018.mat,d1e6c923a43ea1c9666b3a90bbb521757a067fd60b4d17dbfaa49c50b179da69,10,2,38.625,28.625,38.625,2,2;3;4,3,38.625,0.0,0.0,308db24fd10d8b80828a1e67e8fc20a687d264baf9b0db73e30cc11a466e1ab3,final_online_training_manifest.csv::soh_rated_pct
B0018_D0004,B0018,507,ONLINE_FIXED_START_CAUSAL_10S_V1,PASS,B0018.mat,d1e6c923a43ea1c9666b3a90bbb521757a067fd60b4d17dbfaa49c50b179da69,14,3,38.922,28.922,38.922,2,2;3;4,3,38.922,0.0,0.0,f5ed984d9db78979eea2709c57194f45efaee63fe2539617537c6fd748b44f88,final_online_training_manifest.csv::soh_rated_pct
B0018_D0005,B0018,508,ONLINE_FIXED_START_CAUSAL_10S_V1,PASS,B0018.mat,d1e6c923a43ea1c9666b3a90bbb521757a067fd60b4d17dbfaa49c50b179da69,17,4,39.172,29.172,39.172,2,2;3;4,3,39.172,0.0,0.0,a582774fbb190944143ff0cd2f56750a6e9485e7d24ee9411fc083553b091ec6,final_online_training_manifest.csv::soh_rated_pct
B0018_D0006,B0018,509,ONLINE_FIXED_START_CAUSAL_10S_V1,PASS,B0018.mat,d1e6c923a43ea1c9666b3a90bbb521757a067fd60b4d17dbfaa49c50b179da69,19,5,39.187,29.187,39.187,2,2;3;4,3,39.187,0.0,0.0,1fedc523786cf01c6c47f7555a5c0ef45a1281d7540822f2ab8f2e2245b31f71,final_online_training_manifest.csv::soh_rated_pct
B0018_D0007,B0018,510,ONLINE_FIXED_START_CAUSAL_10S_V1,PASS,B0018.mat,d1e6c923a43ea1c9666b3a90bbb521757a067fd60b4d17dbfaa49c50b179da69,21,6,39.391000000000005,29.391000000000005,39.391000000000005,2,2;3;4,3,39.391000000000005,0.0,0.0,1035f23a2e354537dddc2b4e526ff4cd9c19052ea5d1c8725963237d51c41506,final_online_training_manifest.csv::soh_rated_pct
B0018_D0008,B0018,511,ONLINE_FIXED_START_CAUSAL_10S_V1,PASS,B0018.mat,d1e6c923a43ea1c9666b3a90bbb521757a067fd60b4d17dbfaa49c50b179da69,23,7,39.546,29.546,39.546,2,2;3;4,3,39.546,0.0,0.0,f3a452cb4326721c74b869953257a5ac94fe11fd62228827e5a6f74939954ba0,final_online_training_manifest.csv::soh_rated_pct
B0018_D0009,B0018,512,ONLINE_FIXED_START_CAUSAL_10S_V1,PASS,B0018.mat,d1e6c923a43ea1c9666b3a90bbb521757a067fd60b4d17dbfaa49c50b179da69,26,8,39.797,29.797000000000004,39.797,2,2;3;4,3,39.797000000000004,0.0,0.0,e25437943b67019b45c6f139f9886d54cac9ed7499c2427ea9a1c0a99904306d,final_online_training_manifest.csv::soh_rated_pct
B0018_D0010,B0018,513,ONLINE_FIXED_START_CAUSAL_10S_V1,PASS,B0018.mat,d1e6c923a43ea1c9666b3a90bbb521757a067fd60b4d17dbfaa49c50b179da69,29,9,39.969,29.969,39.969,2,2;3;4,3,39.969,0.0,0.0,042851f5af0ee0e73c6e6bed8fe4c624c22a10d57578119e9a45d57b383abd49,final_online_training_manifest.csv::soh_rated_pct
B0018_D0011,B0018,514,ONLINE_FIXED_START_CAUSAL_10S_V1,PASS,B0018.mat,d1e6c923a43ea1c9666b3a90bbb521757a067fd60b4d17dbfaa49c50b179da69,31,10,40.016,30.016,40.016,2,2;3;4,3,40.016,0.0,0.0,fd19550085b07cfb676ec273760f9bc9605f6ecc6ef771dea4d2cbe3e7ccaff1,final_online_training_manifest.csv::soh_rated_pct
B0018_D0012,B0018,515,ONLINE_FIXED_START_CAUSAL_10S_V1,PASS,B0018.mat,d1e6c923a43ea1c9666b3a90bbb521757a067fd60b4d17dbfaa49c50b179da69,33,11,40.25,30.25,40.25,1,3;4,2,40.25,0.0,0.0,4a27b6526a69bca2c72d3d3024645eb96eedd38d079581624b9eaa4dfa300d25,final_online_training_manifest.csv::soh_rated_pct
B0018_D0013,B0018,516,ONLINE_FIXED_START_CAUSAL_10S_V1,PASS,B0018.mat,d1e6c923a43ea1c9666b3a90bbb521757a067fd60b4d17dbfaa49c50b179da69,35,12,40.422,30.422,40.422,1,3;4,2,40.422,0.0,0.0,e7dfcece2f5c0b6a1bf0d61004e518b82d2a82f70fed53272959d5b868acc04b,final_online_training_manifest.csv::soh_rated_pct
B0018_D0014,B0018,517,ONLINE_FIXED_START_CAUSAL_10S_V1,PASS,B0018.mat,d1e6c923a43ea1c9666b3a90bbb521757a067fd60b4d17dbfaa49c50b179da69,38,13,40.563,30.563,40.563,1,3;4,2,40.563,0.0,0.0,11763b69dabc5afbeb05cdb19d0203e4755da615342d0852825658eeed0fb076,final_online_training_manifest.csv::soh_rated_pct
B0018_D0015,B0018,518,ONLINE_FIXED_START_CAUSAL_10S_V1,PASS,B0018.mat,d1e6c923a43ea1c9666b3a90bbb521757a067fd60b4d17dbfaa49c50b179da69,41,14,40.609,30.609,40.609,1,3;4,2,40.609,0.0,0.0,a91bbe055a7cda680aec5176840dbb9b6f41ac640be4c5ca983ef0dac7319f8a,final_online_training_manifest.csv::soh_rated_pct
B0018_D0016,B0018,519,ONLINE_FIXED_START_CAUSAL_10S_V1,PASS,B0018.mat,d1e6c923a43ea1c9666b3a90bbb521757a067fd60b4d17dbfaa49c50b179da69,43,15,40.844,30.844,40.844,1,3;4,2,40.844,0.0,0.0,fd4969eac28af91de006d90f3748e38736ef82c53d30e9b142856bb52e61ae38,final_online_training_manifest.csv::soh_rated_pct
B0018_D0017,B0018,520,ONLINE_FIXED_START_CAUSAL_10S_V1,PASS,B0018.mat,d1e6c923a43ea1c9666b3a90bbb521757a067fd60b4d17dbfaa49c50b179da69,45,16,40.953,30.953000000000003,40.953,1,3;4,2,40.953,0.0,0.0,c9976f85164f1e8ad20b81690abcddf9c6cccf61f6b52434c04897e46420c50b,final_online_training_manifest.csv::soh_rated_pct
B0018_D0018,B0018,521,ONLINE_FIXED_START_CAUSAL_10S_V1,PASS,B0018.mat,d1e6c923a43ea1c9666b3a90bbb521757a067fd60b4d17dbfaa49c50b179da69,47,17,41.172,31.172,41.172,1,3;4,2,41.172,0.0,0.0,3c3df6b54136f026a8ec2692f0c2e98c195e40eb0d9e1097b5b1fc6c76314d7b,final_online_training_manifest.csv::soh_rated_pct
B0018_D0019,B0018,522,ONLINE_FIXED_START_CAUSAL_10S_V1,PASS,B0018.mat,d1e6c923a43ea1c9666b3a90bbb521757a067fd60b4d17dbfaa49c50b179da69,50,18,41.297,31.297000000000004,41.297,1,3;4,2,41.297000000000004,0.0,0.0,a05f134a68fda87a4e9036dbe8ebfce0e509458bf80052307917d0a3491cb453,final_online_training_manifest.csv::soh_rated_pct
B0018_D0020,B0018,523,ONLINE_FIXED_START_CAUSAL_10S_V1,PASS,B0018.mat,d1e6c923a43ea1c9666b3a90bbb521757a067fd60b4d17dbfaa49c50b179da69,53,19,41.375,31.375,41.375,1,3;4,2,41.375,0.0,0.0,074b70bfe077aa2bef57a3adf1cc4e5359bdc08f51e2b608f0324ae5cd7c4806,final_online_training_manifest.csv::soh_rated_pct
B0018_D0021,B0018,524,ONLINE_FIXED_START_CAUSAL_10S_V1,PASS,B0018.mat,d1e6c923a43ea1c9666b3a90bbb521757a067fd60b4d17dbfaa49c50b179da69,55,20,41.563,31.563,41.563,1,3;4,2,41.563,0.0,0.0,92a80e0ba01f1ee48f6c6f38e4682d682ffc51dc96796cac4c188b4a322da336,final_online_training_manifest.csv::soh_rated_pct
B0018_D0022,B0018,525,ONLINE_FIXED_START_CAUSAL_10S_V1,PASS,B0018.mat,d1e6c923a43ea1c9666b3a90bbb521757a067fd60b4d17dbfaa49c50b179da69,57,21,41.688,31.688,41.688,1,3;4,2,41.688,0.0,0.0,f9319cad7acff015ee0e621760f69688c49f430f5c5c3940ee9b24153f477e02,final_online_training_manifest.csv::soh_rated_pct
B0018_D0023,B0018,526,ONLINE_FIXED_START_CAUSAL_10S_V1,PASS,B0018.mat,d1e6c923a43ea1c9666b3a90bbb521757a067fd60b4d17dbfaa49c50b179da69,59,22,41.766,31.766,41.766,1,3;4,2,41.766,0.0,0.0,854f19bb563df2e86f6422288cd043522c57cd5466668c140b3dd6149e295714,final_online_training_manifest.csv::soh_rated_pct
B0018_D0024,B0018,527,ONLINE_FIXED_START_CAUSAL_10S_V1,PASS,B0018.mat,d1e6c923a43ea1c9666b3a90bbb521757a067fd60b4d17dbfaa49c50b179da69,62,23,42.016,32.016,42.016,1,3;4,2,42.016,0.0,0.0,62d5bef4714e7b3ea6644a9c0f319c1d6b629f829c83cc0c74af958ba6fc81a9,final_online_training_manifest.csv::soh_rated_pct
B0018_D0025,B0018,528,ONLINE_FIXED_START_CAUSAL_10S_V1,PASS,B0018.mat,d1e6c923a43ea1c9666b3a90bbb521757a067fd60b4d17dbfaa49c50b179da69,65,24,42.047,32.047,42.047,1,3;4,2,42.047,0.0,0.0,290aa437d21487fedfb86dbf3f83bb72e292669315843c6c4d8653200e9abf6c,final_online_training_manifest.csv::soh_rated_pct
B0018_D0026,B0018,529,ONLINE_FIXED_START_CAUSAL_10S_V1,PASS,B0018.mat,d1e6c923a43ea1c9666b3a90bbb521757a067fd60b4d17dbfaa49c50b179da69,67,25,42.203,32.203,42.203,1,3;4,2,42.203,0.0,0.0,ceaa36e01e72767094f98f7452bc2753298d59a979d238d639c15af74e1ae182,final_online_training_manifest.csv::soh_rated_pct
B0018_D0027,B0018,530,ONLINE_FIXED_START_CAUSAL_10S_V1,PASS,B0018.mat,d1e6c923a43ea1c9666b3a90bbb521757a067fd60b4d17dbfaa49c50b179da69,69,26,42.281,32.281,42.281,1,3;4,2,42.281,0.0,0.0,3b528a1d8db71e8f6e71fc6b53830368483fdbe6a924a70491796ae734fb0d67,final_online_training_manifest.csv::soh_rated_pct
B0018_D0028,B0018,531,ONLINE_FIXED_START_CAUSAL_10S_V1,PASS,B0018.mat,d1e6c923a43ea1c9666b3a90bbb521757a067fd60b4d17dbfaa49c50b179da69,71,27,42.656,32.656,42.656,1,3;4,2,42.656,0.0,0.0,d67df7036b752ea9fe1094b4cff4a0295c8ad316d26ea5d212f07e5ad42f2047,final_online_training_manifest.csv::soh_rated_pct
B0018_D0029,B0018,532,ONLINE_FIXED_START_CAUSAL_10S_V1,PASS,B0018.mat,d1e6c923a43ea1c9666b3a90bbb521757a067fd60b4d17dbfaa49c50b179da69,74,28,42.687,32.687,42.687,1,3;4,2,42.687,0.0,0.0,0329cfefd7641cca58752c924536b6bd9f72811b2ad2f5adb22e2598da16d4a7,final_online_training_manifest.csv::soh_rated_pct
B0018_D0030,B0018,533,ONLINE_FIXED_START_CAUSAL_10S_V1,PASS,B0018.mat,d1e6c923a43ea1c9666b3a90bbb521757a067fd60b4d17dbfaa49c50b179da69,77,29,42.891,32.891,42.891,1,3;4,2,42.891,0.0,0.0,82920cb9cfef7801d687c74f8f6e92012e77f742f9e120400eb4d6d5c4455e55,final_online_training_manifest.csv::soh_rated_pct
B0018_D0031,B0018,534,ONLINE_FIXED_START_CAUSAL_10S_V1,PASS,B0018.mat,d1e6c923a43ea1c9666b3a90bbb521757a067fd60b4d17dbfaa49c50b179da69,79,30,42.922,32.922,42.922,1,3;4,2,42.922,0.0,0.0,27b6ea743c5f588b465355b63ef0f3ffcb5d18b5c8d25721fb6ec72a1a67ad52,final_online_training_manifest.csv::soh_rated_pct
B0018_D0032,B0018,535,ONLINE_FIXED_START_CAUSAL_10S_V1,PASS,B0018.mat,d1e6c923a43ea1c9666b3a90bbb521757a067fd60b4d17dbfaa49c50b179da69,81,31,43.062,33.062,43.062,1,3;4,2,43.062,0.0,0.0,cf4ba429bf9d15e95ce0016011ea3e3ca712d68c6c15c707e158f7a5e2da8a8b,final_online_training_manifest.csv::soh_rated_pct
B0018_D0033,B0018,536,ONLINE_FIXED_START_CAUSAL_10S_V1,PASS,B0018.mat,d1e6c923a43ea1c9666b3a90bbb521757a067fd60b4d17dbfaa49c50b179da69,83,32,43.234,33.234,43.234,1,3;4,2,43.234,0.0,0.0,ddf832db8c0833a3f2c880892a56bdfcec19de9c3b380d60b4791688a45f4f46,final_online_training_manifest.csv::soh_rated_pct
B0018_D0034,B0018,537,ONLINE_FIXED_START_CAUSAL_10S_V1,PASS,B0018.mat,d1e6c923a43ea1c9666b3a90bbb521757a067fd60b4d17dbfaa49c50b179da69,86,33,43.344,33.344,43.344,1,3;4,2,43.344,0.0,0.0,7445353a9bcc07f9b4695287aeb5580add88cfae2d59912cde47d0dfce265a06,final_online_training_manifest.csv::soh_rated_pct
B0018_D0035,B0018,538,ONLINE_FIXED_START_CAUSAL_10S_V1,PASS,B0018.mat,d1e6c923a43ea1c9666b3a90bbb521757a067fd60b4d17dbfaa49c50b179da69,89,34,43.469,33.469,43.469,1,3;4,2,43.469,0.0,0.0,4de8a398faad1de1c78c4ce3c594769bf1d9bc0a727f2b8d45b1dc819f6f9228,final_online_training_manifest.csv::soh_rated_pct
B0018_D0036,B0018,539,ONLINE_FIXED_START_CAUSAL_10S_V1,PASS,B0018.mat,d1e6c923a43ea1c9666b3a90bbb521757a067fd60b4d17dbfaa49c50b179da69,91,35,44.734,34.734,44.734,1,3;4,2,44.734,0.0,0.0,507068bd2bbfdd0d8065dec40912f093baa89430fb4b22bc3aaacf91e14d772b,final_online_training_manifest.csv::soh_rated_pct
B0018_D0037,B0018,540,ONLINE_FIXED_START_CAUSAL_10S_V1,PASS,B0018.mat,d1e6c923a43ea1c9666b3a90bbb521757a067fd60b4d17dbfaa49c50b179da69,93,36,43.578,33.578,43.578,1,3;4,2,43.578,0.0,0.0,6ce7debf31ea727addd26afd8864df78ab3065c88f47f466c39ff3b29ad0f172,final_online_training_manifest.csv::soh_rated_pct
B0018_D0038,B0018,541,ONLINE_FIXED_START_CAUSAL_10S_V1,PASS,B0018.mat,d1e6c923a43ea1c9666b3a90bbb521757a067fd60b4d17dbfaa49c50b179da69,95,37,43.828,33.828,43.828,1,3;4,2,43.827999999999996,0.0,0.0,1f3bb7c046404431bcfda781b41d25ffcb02bf130fa4c3615bdfec8fb76ad04b,final_online_training_manifest.csv::soh_rated_pct
B0018_D0039,B0018,542,ONLINE_FIXED_START_CAUSAL_10S_V1,PASS,B0018.mat,d1e6c923a43ea1c9666b3a90bbb521757a067fd60b4d17dbfaa49c50b179da69,98,38,43.922,33.922,43.922,1,3;4,2,43.922,0.0,0.0,2b4d1349f6256699fe098274ddad8c9e0805a1415353d7ef810163a81a7c5b49,final_online_training_manifest.csv::soh_rated_pct
B0018_D0040,B0018,543,ONLINE_FIXED_START_CAUSAL_10S_V1,PASS,B0018.mat,d1e6c923a43ea1c9666b3a90bbb521757a067fd60b4d17dbfaa49c50b179da69,101,39,44.015,34.015,44.015,1,3;4,2,44.015,0.0,0.0,54ead591e8b1d0e41d802f380ecb59f5630fc19021be965717bed79b5234c790,final_online_training_manifest.csv::soh_rated_pct
B0018_D0041,B0018,544,ONLINE_FIXED_START_CAUSAL_10S_V1,PASS,B0018.mat,d1e6c923a43ea1c9666b3a90bbb521757a067fd60b4d17dbfaa49c50b179da69,103,40,44.11,34.11,44.11,1,3;4,2,44.11,0.0,0.0,3177c3b2a0b7d4ca141551a7bc76ac1167c02063cf0e48c3f8531c1c43d309f0,final_online_training_manifest.csv::soh_rated_pct
B0018_D0042,B0018,545,ONLINE_FIXED_START_CAUSAL_10S_V1,PASS,B0018.mat,d1e6c923a43ea1c9666b3a90bbb521757a067fd60b4d17dbfaa49c50b179da69,105,41,44.282,34.282,44.282,1,3;4,2,44.282,0.0,0.0,6d29975a9d3ea966c4116e62d82968f1b30a1ed7566e7446b5d0e0e0e9021c9f,final_online_training_manifest.csv::soh_rated_pct
B0018_D0043,B0018,546,ONLINE_FIXED_START_CAUSAL_10S_V1,PASS,B0018.mat,d1e6c923a43ea1c9666b3a90bbb521757a067fd60b4d17dbfaa49c50b179da69,107,42,44.344,34.344,44.344,1,3;4,2,44.344,0.0,0.0,2cc140b9a1aebc5e7b8212c9a533992d3be062740cbda3825026ae653feaf71b,final_online_training_manifest.csv::soh_rated_pct
B0018_D0044,B0018,547,ONLINE_FIXED_START_CAUSAL_10S_V1,PASS,B0018.mat,d1e6c923a43ea1c9666b3a90bbb521757a067fd60b4d17dbfaa49c50b179da69,110,43,44.734,34.734,44.734,1,3;4,2,44.734,0.0,0.0,960100b80b7ff73299e0c24bf2a9c85806a65b6e2e8eff74cb973344de0755af,final_online_training_manifest.csv::soh_rated_pct
B0018_D0045,B0018,548,ONLINE_FIXED_START_CAUSAL_10S_V1,PASS,B0018.mat,d1e6c923a43ea1c9666b3a90bbb521757a067fd60b4d17dbfaa49c50b179da69,113,44,44.579,34.579,44.579,1,3;4,2,44.579,0.0,0.0,92dc357b36873761db35b119e0ff73c32286913f3e158fc835b93d7dc0f88685,final_online_training_manifest.csv::soh_rated_pct
B0018_D0046,B0018,549,ONLINE_FIXED_START_CAUSAL_10S_V1,PASS,B0018.mat,d1e6c923a43ea1c9666b3a90bbb521757a067fd60b4d17dbfaa49c50b179da69,116,45,43.063,33.063,43.063,1,3;4,2,43.063,0.0,0.0,d78ea4ccd244b7ab9e8483c836aa31ecddaa6f8f854256e633bdcbdd823152f4,final_online_training_manifest.csv::soh_rated_pct
B0018_D0047,B0018,550,ONLINE_FIXED_START_CAUSAL_10S_V1,PASS,B0018.mat,d1e6c923a43ea1c9666b3a90bbb521757a067fd60b4d17dbfaa49c50b179da69,118,46,43.094,33.093999999999994,43.094,1,3;4,2,43.093999999999994,0.0,0.0,ab2c85ca95d7bd968e22af737f497cbd7903db470eb5140c6f91795613ef10f6,final_online_training_manifest.csv::soh_rated_pct
B0018_D0048,B0018,551,ONLINE_FIXED_START_CAUSAL_10S_V1,PASS,B0018.mat,d1e6c923a43ea1c9666b3a90bbb521757a067fd60b4d17dbfaa49c50b179da69,120,47,43.297,33.297,43.297,1,3;4,2,43.297,0.0,0.0,eb8c0d5c17025e7a4198acdf680d82a8d38b2996f7c9628295e33ea53aa0f43f,final_online_training_manifest.csv::soh_rated_pct
B0018_D0049,B0018,552,ONLINE_FIXED_START_CAUSAL_10S_V1,PASS,B0018.mat,d1e6c923a43ea1c9666b3a90bbb521757a067fd60b4d17dbfaa49c50b179da69,122,48,43.422,33.422,43.422,1,3;4,2,43.422,0.0,0.0,d688e811afcb00cb93fde459ee91e6c8c66f1166b4757677bf9bf63d41404a6e,final_online_training_manifest.csv::soh_rated_pct
B0018_D0050,B0018,553,ONLINE_FIXED_START_CAUSAL_10S_V1,PASS,B0018.mat,d1e6c923a43ea1c9666b3a90bbb521757a067fd60b4d17dbfaa49c50b179da69,124,49,43.437,33.437,43.437,1,3;4,2,43.437,0.0,0.0,8e8ef0843e4994b1c5ae6b416ae7a534e0a55a90e52d428dcb7ade7d0ec67008,final_online_training_manifest.csv::soh_rated_pct
B0018_D0051,B0018,554,ONLINE_FIXED_START_CAUSAL_10S_V1,PASS,B0018.mat,d1e6c923a43ea1c9666b3a90bbb521757a067fd60b4d17dbfaa49c50b179da69,127,50,43.719,33.719,43.719,1,3;4,2,43.719,0.0,0.0,95d347b70963e74625f79fdfa2a54bfbbcac6e6252eed5f420fee1983dccfcd7,final_online_training_manifest.csv::soh_rated_pct
B0018_D0052,B0018,555,ONLINE_FIXED_START_CAUSAL_10S_V1,PASS,B0018.mat,d1e6c923a43ea1c9666b3a90bbb521757a067fd60b4d17dbfaa49c50b179da69,129,51,43.828,33.828,43.828,1,3;4,2,43.828,0.0,0.0,fa6c5eae2e732ea2eb813d5a40cd3fca467c04a02a89f87c9bf176dd2a645d0d,final_online_training_manifest.csv::soh_rated_pct
B0018_D0053,B0018,556,ONLINE_FIXED_START_CAUSAL_10S_V1,PASS,B0018.mat,d1e6c923a43ea1c9666b3a90bbb521757a067fd60b4d17dbfaa49c50b179da69,131,52,43.953,33.953,43.953,1,3;4,2,43.953,0.0,0.0,3cda9c2dffb96e990cef1d64e468f05c95a20bfd00ed20f4ddd96b6b101d360a,final_online_training_manifest.csv::soh_rated_pct
B0018_D0054,B0018,557,ONLINE_FIXED_START_CAUSAL_10S_V1,PASS,B0018.mat,d1e6c923a43ea1c9666b3a90bbb521757a067fd60b4d17dbfaa49c50b179da69,133,53,43.765,33.765,43.765,1,3;4,2,43.765,0.0,0.0,1ff9661d7b0776b8707c2c66cb8566cb923dff2d3a2cfb56827d9370d77ed15f,final_online_training_manifest.csv::soh_rated_pct
B0018_D0055,B0018,558,ONLINE_FIXED_START_CAUSAL_10S_V1,PASS,B0018.mat,d1e6c923a43ea1c9666b3a90bbb521757a067fd60b4d17dbfaa49c50b179da69,135,54,44.25,34.25,44.25,1,3;4,2,44.25,0.0,0.0,0115c63e8f2e68982e0cdd07e1998f671f6d5b3bce23c9f7a9cf799fca29e9a7,final_online_training_manifest.csv::soh_rated_pct
B0018_D0056,B0018,559,ONLINE_FIXED_START_CAUSAL_10S_V1,PASS,B0018.mat,d1e6c923a43ea1c9666b3a90bbb521757a067fd60b4d17dbfaa49c50b179da69,140,55,45.469,35.469,45.469,1,3;4,2,45.469,0.0,0.0,14908079c154c352a8a92b07df5148d161ba73a397cace98f9d464c2386b970b,final_online_training_manifest.csv::soh_rated_pct
B0018_D0057,B0018,560,ONLINE_FIXED_START_CAUSAL_10S_V1,PASS,B0018.mat,d1e6c923a43ea1c9666b3a90bbb521757a067fd60b4d17dbfaa49c50b179da69,142,56,44.375,34.375,44.375,1,3;4,2,44.375,0.0,0.0,63acbcde9d42fb0aa2fe99a008b2f34ffe3c89615e3668ab21f21ad4048be6ae,final_online_training_manifest.csv::soh_rated_pct
B0018_D0058,B0018,561,ONLINE_FIXED_START_CAUSAL_10S_V1,PASS,B0018.mat,d1e6c923a43ea1c9666b3a90bbb521757a067fd60b4d17dbfaa49c50b179da69,144,57,44.469,34.468999999999994,44.469,1,3;4,2,44.468999999999994,0.0,0.0,d5b6327cb50342a8865f4bac15b1e233923350ed1c0912dbc8e92c6725b74c0c,final_online_training_manifest.csv::soh_rated_pct
B0018_D0059,B0018,562,ONLINE_FIXED_START_CAUSAL_10S_V1,PASS,B0018.mat,d1e6c923a43ea1c9666b3a90bbb521757a067fd60b4d17dbfaa49c50b179da69,146,58,44.594,34.594,44.594,1,3;4,2,44.594,0.0,0.0,660ad594e8a66762bd9147b03a33620da233acb8cb05219730e5b42b5126cf3b,final_online_training_manifest.csv::soh_rated_pct
B0018_D0060,B0018,563,ONLINE_FIXED_START_CAUSAL_10S_V1,PASS,B0018.mat,d1e6c923a43ea1c9666b3a90bbb521757a067fd60b4d17dbfaa49c50b179da69,149,59,44.766,34.766,44.766,1,3;4,2,44.766,0.0,0.0,be327e66e65a2e9bf761a29b6ea0633b265a41b9c4e4946746d90f0680565f4b,final_online_training_manifest.csv::soh_rated_pct
B0018_D0061,B0018,564,ONLINE_FIXED_START_CAUSAL_10S_V1,PASS,B0018.mat,d1e6c923a43ea1c9666b3a90bbb521757a067fd60b4d17dbfaa49c50b179da69,152,60,44.875,34.875,44.875,1,3;4,2,44.875,0.0,0.0,2d050fadd9adff6d6b6db1aeea20d0be6e12c7f554c2786b3433c95be3450b91,final_online_training_manifest.csv::soh_rated_pct
B0018_D0062,B0018,565,ONLINE_FIXED_START_CAUSAL_10S_V1,PASS,B0018.mat,d1e6c923a43ea1c9666b3a90bbb521757a067fd60b4d17dbfaa49c50b179da69,154,61,45.0,35.0,45.0,1,3;4,2,45.0,0.0,0.0,65a62bd4f8e9833f4b01836a8d4105566f68bca5715bb7ce70a3c3f6c7104fb7,final_online_training_manifest.csv::soh_rated_pct
B0018_D0063,B0018,566,ONLINE_FIXED_START_CAUSAL_10S_V1,PASS,B0018.mat,d1e6c923a43ea1c9666b3a90bbb521757a067fd60b4d17dbfaa49c50b179da69,156,62,45.125,35.125,45.125,1,3;4,2,45.125,0.0,0.0,5ca0d8b961ad4e142f4cd3c6ba4411536dd22ec96cf514aa78197dd3f4ca9ba0,final_online_training_manifest.csv::soh_rated_pct
B0018_D0064,B0018,567,ONLINE_FIXED_START_CAUSAL_10S_V1,PASS,B0018.mat,d1e6c923a43ea1c9666b3a90bbb521757a067fd60b4d17dbfaa49c50b179da69,158,63,45.141,35.141,45.141,1,3;4,2,45.141,0.0,0.0,d4e6ee68799725c2e8127a281524fb074e3d4992c5b713189902f07809913f84,final_online_training_manifest.csv::soh_rated_pct
B0018_D0065,B0018,568,ONLINE_FIXED_START_CAUSAL_10S_V1,PASS,B0018.mat,d1e6c923a43ea1c9666b3a90bbb521757a067fd60b4d17dbfaa49c50b179da69,161,64,45.203,35.203,45.203,1,3;4,2,45.203,0.0,0.0,c52ed523ea23dfbb8010e5813a7cdf316262ae86c4ac02e908d220fa07938bbc,final_online_training_manifest.csv::soh_rated_pct
B0018_D0066,B0018,569,ONLINE_FIXED_START_CAUSAL_10S_V1,PASS,B0018.mat,d1e6c923a43ea1c9666b3a90bbb521757a067fd60b4d17dbfaa49c50b179da69,164,65,45.422,35.422,45.422,1,3;4,2,45.422,0.0,0.0,29b6d05253e60d058e0951a2b82e27fa2e9375187f9332a1751a9e02732f2bdd,final_online_training_manifest.csv::soh_rated_pct
B0018_D0067,B0018,570,ONLINE_FIXED_START_CAUSAL_10S_V1,PASS,B0018.mat,d1e6c923a43ea1c9666b3a90bbb521757a067fd60b4d17dbfaa49c50b179da69,166,66,45.531,35.531,45.531,1,3;4,2,45.531,0.0,0.0,42a431610611f968a1532ed069cc264d128c4d551dd55e094d3421e56ff942ba,final_online_training_manifest.csv::soh_rated_pct
B0018_D0068,B0018,571,ONLINE_FIXED_START_CAUSAL_10S_V1,PASS,B0018.mat,d1e6c923a43ea1c9666b3a90bbb521757a067fd60b4d17dbfaa49c50b179da69,168,67,45.688,35.687999999999995,45.688,1,3;4,2,45.687999999999995,0.0,0.0,a2f3cff878315733d992dc74e6142696b741c5bc86c04c1168ff50f7c6abe005,final_online_training_manifest.csv::soh_rated_pct
B0018_D0069,B0018,572,ONLINE_FIXED_START_CAUSAL_10S_V1,PASS,B0018.mat,d1e6c923a43ea1c9666b3a90bbb521757a067fd60b4d17dbfaa49c50b179da69,170,68,45.687,35.687,45.687,1,3;4,2,45.687,0.0,0.0,a3d37758972d9f5302df5ccae721738f132b49e0a72b9d569f2fca5d3b4fe5b6,final_online_training_manifest.csv::soh_rated_pct
B0018_D0070,B0018,573,ONLINE_FIXED_START_CAUSAL_10S_V1,PASS,B0018.mat,d1e6c923a43ea1c9666b3a90bbb521757a067fd60b4d17dbfaa49c50b179da69,173,69,45.844,35.844,45.844,1,3;4,2,45.844,0.0,0.0,1bbe142f7ddfece3445c334a823837ae873342fbfd0c7c7e2fc92cd9f934c562,final_online_training_manifest.csv::soh_rated_pct
B0018_D0071,B0018,574,ONLINE_FIXED_START_CAUSAL_10S_V1,PASS,B0018.mat,d1e6c923a43ea1c9666b3a90bbb521757a067fd60b4d17dbfaa49c50b179da69,176,70,45.968,35.968,45.968,1,3;4,2,45.967999999999996,0.0,0.0,0e67e64955933c695f8f39d2bf0eabf8cd00da111978a96e5bf70ff6d1001fd9,final_online_training_manifest.csv::soh_rated_pct
B0018_D0072,B0018,575,ONLINE_FIXED_START_CAUSAL_10S_V1,PASS,B0018.mat,d1e6c923a43ea1c9666b3a90bbb521757a067fd60b4d17dbfaa49c50b179da69,178,71,45.906,35.906,45.906,1,3;4,2,45.906,0.0,0.0,7f6d64b36a48f30126d987f991091b3633f2683b1dd356ed9a78b799c441bfe1,final_online_training_manifest.csv::soh_rated_pct
B0018_D0073,B0018,576,ONLINE_FIXED_START_CAUSAL_10S_V1,PASS,B0018.mat,d1e6c923a43ea1c9666b3a90bbb521757a067fd60b4d17dbfaa49c50b179da69,180,72,46.172,36.172,46.172,1,3;4,2,46.172,0.0,0.0,fd8745098e24178a12893a63442b16bfba8639736f17eac49965c021c10ea144,final_online_training_manifest.csv::soh_rated_pct
B0018_D0074,B0018,577,ONLINE_FIXED_START_CAUSAL_10S_V1,PASS,B0018.mat,d1e6c923a43ea1c9666b3a90bbb521757a067fd60b4d17dbfaa49c50b179da69,182,73,46.203,36.203,46.203,1,3;4,2,46.203,0.0,0.0,be275137513e023371552a0450db48b24b7b5c06bd45d78f5b42f73b9598d2b5,final_online_training_manifest.csv::soh_rated_pct
B0018_D0075,B0018,578,ONLINE_FIXED_START_CAUSAL_10S_V1,PASS,B0018.mat,d1e6c923a43ea1c9666b3a90bbb521757a067fd60b4d17dbfaa49c50b179da69,184,74,46.344,36.344,46.344,1,3;4,2,46.344,0.0,0.0,158c087640cbea7bbe12597bed070a2383317fe6864a3896de6fcb48a9a52be5,final_online_training_manifest.csv::soh_rated_pct
B0018_D0076,B0018,579,ONLINE_FIXED_START_CAUSAL_10S_V1,PASS,B0018.mat,d1e6c923a43ea1c9666b3a90bbb521757a067fd60b4d17dbfaa49c50b179da69,187,75,46.329,36.329,46.329,1,3;4,2,46.329,0.0,0.0,2d4ab3b245c20267fa216855982dcd8631d4386d9097be8f7d31f64f28cc1de4,final_online_training_manifest.csv::soh_rated_pct
B0018_D0077,B0018,580,ONLINE_FIXED_START_CAUSAL_10S_V1,PASS,B0018.mat,d1e6c923a43ea1c9666b3a90bbb521757a067fd60b4d17dbfaa49c50b179da69,189,76,46.515,36.515,46.515,1,3;4,2,46.515,0.0,0.0,3ea06af7b577bdc64a6c2a69d43a3c1fd576cb0b3ac80de412e7432b9d746de3,final_online_training_manifest.csv::soh_rated_pct
B0018_D0078,B0018,581,ONLINE_FIXED_START_CAUSAL_10S_V1,PASS,B0018.mat,d1e6c923a43ea1c9666b3a90bbb521757a067fd60b4d17dbfaa49c50b179da69,191,77,46.469,36.469,46.469,1,3;4,2,46.469,0.0,0.0,e9f6eca30c6f15b430787e73ef357dba7c3afeae7a9369689952822c960d0389,final_online_training_manifest.csv::soh_rated_pct
B0018_D0079,B0018,582,ONLINE_FIXED_START_CAUSAL_10S_V1,PASS,B0018.mat,d1e6c923a43ea1c9666b3a90bbb521757a067fd60b4d17dbfaa49c50b179da69,193,78,46.688,36.688,46.688,1,3;4,2,46.688,0.0,0.0,a1b08865e94f1f458d3fa144989146e6b0c230645b70612676296cb48cc96b67,final_online_training_manifest.csv::soh_rated_pct
B0018_D0080,B0018,583,ONLINE_FIXED_START_CAUSAL_10S_V1,PASS,B0018.mat,d1e6c923a43ea1c9666b3a90bbb521757a067fd60b4d17dbfaa49c50b179da69,196,79,46.797,36.797,46.797,1,3;4,2,46.797,0.0,0.0,04a105f50eceaf04fbb9f988c685391a69b9461fbdce4209f95e794cd4ba3457,final_online_training_manifest.csv::soh_rated_pct
B0018_D0081,B0018,584,ONLINE_FIXED_START_CAUSAL_10S_V1,PASS,B0018.mat,d1e6c923a43ea1c9666b3a90bbb521757a067fd60b4d17dbfaa49c50b179da69,199,80,46.875,36.875,46.875,1,3;4,2,46.875,0.0,0.0,f1efe14e52c978d461428260524e583fef79a22aa5db84db91176de85d103dd4,final_online_training_manifest.csv::soh_rated_pct
B0018_D0082,B0018,585,ONLINE_FIXED_START_CAUSAL_10S_V1,PASS,B0018.mat,d1e6c923a43ea1c9666b3a90bbb521757a067fd60b4d17dbfaa49c50b179da69,201,81,47.032,37.032,47.032,1,3;4,2,47.032,0.0,0.0,6f0c26844d5d6925dc97561f42e6a0badfaef57e3fbdec8663ae0a70267820c5,final_online_training_manifest.csv::soh_rated_pct
B0018_D0083,B0018,586,ONLINE_FIXED_START_CAUSAL_10S_V1,PASS,B0018.mat,d1e6c923a43ea1c9666b3a90bbb521757a067fd60b4d17dbfaa49c50b179da69,203,82,47.047,37.047,47.047,1,3;4,2,47.047,0.0,0.0,f4b88b718792e6e4bc2828f6201a79eb3487170573043c1734e212d5995222da,final_online_training_manifest.csv::soh_rated_pct
B0018_D0084,B0018,587,ONLINE_FIXED_START_CAUSAL_10S_V1,PASS,B0018.mat,d1e6c923a43ea1c9666b3a90bbb521757a067fd60b4d17dbfaa49c50b179da69,205,83,47.063,37.063,47.063,1,3;4,2,47.063,0.0,0.0,0b294d8204e790f1340e6e58b1623de0bb5dd8c981424e74999ed5dbfc0a1afa,final_online_training_manifest.csv::soh_rated_pct
B0018_D0085,B0018,588,ONLINE_FIXED_START_CAUSAL_10S_V1,PASS,B0018.mat,d1e6c923a43ea1c9666b3a90bbb521757a067fd60b4d17dbfaa49c50b179da69,208,84,47.343,37.343,47.343,1,3;4,2,47.343,0.0,0.0,d06adbb31c5936abb76f30c2207ee0f4a90a584d42c4b0eb5438613d8e52e9fd,final_online_training_manifest.csv::soh_rated_pct
B0018_D0086,B0018,589,ONLINE_FIXED_START_CAUSAL_10S_V1,PASS,B0018.mat,d1e6c923a43ea1c9666b3a90bbb521757a067fd60b4d17dbfaa49c50b179da69,211,85,47.391,37.391,47.391,1,3;4,2,47.391,0.0,0.0,2dbaebd058808029f796aebc3229c686076ecd4bb042df070e34680aa0af46c0,final_online_training_manifest.csv::soh_rated_pct
B0018_D0087,B0018,590,ONLINE_FIXED_START_CAUSAL_10S_V1,PASS,B0018.mat,d1e6c923a43ea1c9666b3a90bbb521757a067fd60b4d17dbfaa49c50b179da69,213,86,47.469,37.469,47.469,1,3;4,2,47.468999999999994,0.0,0.0,49a66ecdab560b38237dfe3ef5bfaffcd48403e3f2b887d6cf05ed14c621c809,final_online_training_manifest.csv::soh_rated_pct
B0018_D0088,B0018,591,ONLINE_FIXED_START_CAUSAL_10S_V1,PASS,B0018.mat,d1e6c923a43ea1c9666b3a90bbb521757a067fd60b4d17dbfaa49c50b179da69,215,87,47.594,37.594,47.594,1,3;4,2,47.594,0.0,0.0,b0d7c68986d2e4375e2bb1eafb4cf7d4613561ac5cdad37d875cad06e26bcb7c,final_online_training_manifest.csv::soh_rated_pct
B0018_D0089,B0018,592,ONLINE_FIXED_START_CAUSAL_10S_V1,PASS,B0018.mat,d1e6c923a43ea1c9666b3a90bbb521757a067fd60b4d17dbfaa49c50b179da69,217,88,47.735,37.735,47.735,1,3;4,2,47.735,0.0,0.0,02dd4f006293067caaad4c963aac0bbceeae7f7191bd4ce5b880677e735f71df,final_online_training_manifest.csv::soh_rated_pct
B0018_D0090,B0018,593,ONLINE_FIXED_START_CAUSAL_10S_V1,PASS,B0018.mat,d1e6c923a43ea1c9666b3a90bbb521757a067fd60b4d17dbfaa49c50b179da69,219,89,47.719,37.719,47.719,1,3;4,2,47.718999999999994,0.0,0.0,888bf9bf84a4232f01d9d8e4d4ab78b2ee20f879b7e028df699bbf25bdd7e049,final_online_training_manifest.csv::soh_rated_pct
B0018_D0091,B0018,594,ONLINE_FIXED_START_CAUSAL_10S_V1,PASS,B0018.mat,d1e6c923a43ea1c9666b3a90bbb521757a067fd60b4d17dbfaa49c50b179da69,222,90,47.875,37.875,47.875,1,3;4,2,47.875,0.0,0.0,6e12ab4cb55d67b8714f5902c9e12b84dbec9e1f2ba2f4cba3940a8415767851,final_online_training_manifest.csv::soh_rated_pct
B0018_D0092,B0018,595,ONLINE_FIXED_START_CAUSAL_10S_V1,PASS,B0018.mat,d1e6c923a43ea1c9666b3a90bbb521757a067fd60b4d17dbfaa49c50b179da69,224,91,47.953,37.953,47.953,1,3;4,2,47.953,0.0,0.0,288961ec18d2b8c41b2bfad561dab0b7b7df16c7858554d67de2db19792a758b,final_online_training_manifest.csv::soh_rated_pct
B0018_D0093,B0018,596,ONLINE_FIXED_START_CAUSAL_10S_V1,PASS,B0018.mat,d1e6c923a43ea1c9666b3a90bbb521757a067fd60b4d17dbfaa49c50b179da69,226,92,48.016000000000005,38.016000000000005,48.016000000000005,1,3;4,2,48.016000000000005,0.0,0.0,314d1f4fa8ecddb82a07908c5bca58267f7597b4c7ef19252d0ad205749c609d,final_online_training_manifest.csv::soh_rated_pct
B0018_D0094,B0018,597,ONLINE_FIXED_START_CAUSAL_10S_V1,PASS,B0018.mat,d1e6c923a43ea1c9666b3a90bbb521757a067fd60b4d17dbfaa49c50b179da69,228,93,48.204,38.204,48.204,1,3;4,2,48.204,0.0,0.0,f4d8a939316cfc03d6f670e0859b85a6f1c7fe95deb82255de0d54daa8a2cc18,final_online_training_manifest.csv::soh_rated_pct
B0018_D0095,B0018,598,ONLINE_FIXED_START_CAUSAL_10S_V1,PASS,B0018.mat,d1e6c923a43ea1c9666b3a90bbb521757a067fd60b4d17dbfaa49c50b179da69,231,94,48.125,38.125,48.125,1,3;4,2,48.125,0.0,0.0,beedccc784c1ef3404c32a0bfc8e8e1bef7bc2f8c735fce0289fabd3e4ef27c7,final_online_training_manifest.csv::soh_rated_pct
B0018_D0096,B0018,599,ONLINE_FIXED_START_CAUSAL_10S_V1,PASS,B0018.mat,d1e6c923a43ea1c9666b3a90bbb521757a067fd60b4d17dbfaa49c50b179da69,234,95,48.297,38.297,48.297,1,3;4,2,48.297,0.0,0.0,7286d81e43082c9ab8240af5c8c9012dd15f07dc03d0bebc062adf893f6112b2,final_online_training_manifest.csv::soh_rated_pct
B0018_D0097,B0018,600,ONLINE_FIXED_START_CAUSAL_10S_V1,PASS,B0018.mat,d1e6c923a43ea1c9666b3a90bbb521757a067fd60b4d17dbfaa49c50b179da69,236,96,48.312,38.312,48.312,1,3;4,2,48.312,0.0,0.0,681fee826a3e7b2f02bfc7e80f2b8c618f87aa72a24da6c4fa5486d2455010d0,final_online_training_manifest.csv::soh_rated_pct
B0018_D0098,B0018,601,ONLINE_FIXED_START_CAUSAL_10S_V1,PASS,B0018.mat,d1e6c923a43ea1c9666b3a90bbb521757a067fd60b4d17dbfaa49c50b179da69,238,97,48.547,38.547,48.547,1,3;4,2,48.547,0.0,0.0,d3037d2352ed89638a5617c2cea576da24c82cd5a43f1c4e0c12b0cab6e2e0b7,final_online_training_manifest.csv::soh_rated_pct
B0018_D0099,B0018,602,ONLINE_FIXED_START_CAUSAL_10S_V1,PASS,B0018.mat,d1e6c923a43ea1c9666b3a90bbb521757a067fd60b4d17dbfaa49c50b179da69,240,98,48.609,38.609,48.609,1,3;4,2,48.609,0.0,0.0,edb7ca69d75e4a68e2bf61ade6fb962831fe7b786a345a334dc0b3e39ab0b12f,final_online_training_manifest.csv::soh_rated_pct
B0018_D0100,B0018,603,ONLINE_FIXED_START_CAUSAL_10S_V1,PASS,B0018.mat,d1e6c923a43ea1c9666b3a90bbb521757a067fd60b4d17dbfaa49c50b179da69,243,99,49.141,39.141,49.141,1,3;4,2,49.141,0.0,0.0,90863aed4054daac0807759a62806f9e6cf1c8290e1c03330b2391697416392e,final_online_training_manifest.csv::soh_rated_pct
B0018_D0101,B0018,604,ONLINE_FIXED_START_CAUSAL_10S_V1,PASS,B0018.mat,d1e6c923a43ea1c9666b3a90bbb521757a067fd60b4d17dbfaa49c50b179da69,246,100,48.828,38.828,48.828,1,3;4,2,48.828,0.0,0.0,52d87ed2ab270ba032e56a3baf657d0d62c172507035001144fe72d221fe3cd3,final_online_training_manifest.csv::soh_rated_pct
B0018_D0102,B0018,605,ONLINE_FIXED_START_CAUSAL_10S_V1,PASS,B0018.mat,d1e6c923a43ea1c9666b3a90bbb521757a067fd60b4d17dbfaa49c50b179da69,248,101,48.812,38.812,48.812,1,3;4,2,48.812,0.0,0.0,2f6d54e1bd87c7832b52f9b17f074dee7d48399fa590a5e88e0f1ffaef576d1a,final_online_training_manifest.csv::soh_rated_pct
B0018_D0103,B0018,606,ONLINE_FIXED_START_CAUSAL_10S_V1,PASS,B0018.mat,d1e6c923a43ea1c9666b3a90bbb521757a067fd60b4d17dbfaa49c50b179da69,250,102,48.844,38.844,48.844,1,3;4,2,48.844,0.0,0.0,882a4cb618a4dcc0089d721f55e71c3ec23ed804aa6247a7146e32df730216cf,final_online_training_manifest.csv::soh_rated_pct
B0018_D0104,B0018,607,ONLINE_FIXED_START_CAUSAL_10S_V1,PASS,B0018.mat,d1e6c923a43ea1c9666b3a90bbb521757a067fd60b4d17dbfaa49c50b179da69,252,103,49.0,39.0,49.0,1,3;4,2,49.0,0.0,0.0,667f51b84d825d99c3bcf5b010814319c0328224b73b53a42195b29a573836ff,final_online_training_manifest.csv::soh_rated_pct
B0018_D0105,B0018,608,ONLINE_FIXED_START_CAUSAL_10S_V1,PASS,B0018.mat,d1e6c923a43ea1c9666b3a90bbb521757a067fd60b4d17dbfaa49c50b179da69,255,104,49.125,39.125,49.125,1,3;4,2,49.125,0.0,0.0,76e8ecf5b215d6ebae9a47b06a225d42be8635afbadae59d3af0ac9234bee6e9,final_online_training_manifest.csv::soh_rated_pct
B0018_D0106,B0018,609,ONLINE_FIXED_START_CAUSAL_10S_V1,PASS,B0018.mat,d1e6c923a43ea1c9666b3a90bbb521757a067fd60b4d17dbfaa49c50b179da69,258,105,49.109,39.109,49.109,1,3;4,2,49.109,0.0,0.0,cdada67cd7ea0ecfed98f21469f95d12cf8562c4a1c197f3bd425bd17b431077,final_online_training_manifest.csv::soh_rated_pct
B0018_D0107,B0018,610,ONLINE_FIXED_START_CAUSAL_10S_V1,PASS,B0018.mat,d1e6c923a43ea1c9666b3a90bbb521757a067fd60b4d17dbfaa49c50b179da69,260,106,49.234,39.234,49.234,1,3;4,2,49.233999999999995,0.0,0.0,78ba6e0dcbd8587f9cec9c090230eb47e1e1677474dfb99ed4367233a837f566,final_online_training_manifest.csv::soh_rated_pct
B0018_D0108,B0018,611,ONLINE_FIXED_START_CAUSAL_10S_V1,PASS,B0018.mat,d1e6c923a43ea1c9666b3a90bbb521757a067fd60b4d17dbfaa49c50b179da69,262,107,49.359,39.359,49.359,1,3;4,2,49.359,0.0,0.0,228f5f8ed17678026bfd76dc2e8e8d4aaeb7c0bb7463acabd9ae7c89c324fac4,final_online_training_manifest.csv::soh_rated_pct
B0018_D0109,B0018,612,ONLINE_FIXED_START_CAUSAL_10S_V1,PASS,B0018.mat,d1e6c923a43ea1c9666b3a90bbb521757a067fd60b4d17dbfaa49c50b179da69,264,108,51.672,41.672,51.672,1,3;4,2,51.672,0.0,0.0,4cd30b43b5747824a8e18cde67755df8583da1c11734440f861c659caef3cd6b,final_online_training_manifest.csv::soh_rated_pct
B0018_D0110,B0018,613,ONLINE_FIXED_START_CAUSAL_10S_V1,PASS,B0018.mat,d1e6c923a43ea1c9666b3a90bbb521757a067fd60b4d17dbfaa49c50b179da69,266,109,49.61,39.61,49.61,1,3;4,2,49.61,0.0,0.0,13bcf805f3506598e73f31661d9bd9f5775e8bbe62a9ce611376f32c257a462f,final_online_training_manifest.csv::soh_rated_pct
B0018_D0111,B0018,614,ONLINE_FIXED_START_CAUSAL_10S_V1,PASS,B0018.mat,d1e6c923a43ea1c9666b3a90bbb521757a067fd60b4d17dbfaa49c50b179da69,269,110,51.859,41.859,51.859,1,3;4,2,51.858999999999995,0.0,0.0,83fc7b46b746e9f061b375feddeb51e18132d615323a996c39a2d82d5657520c,final_online_training_manifest.csv::soh_rated_pct
B0018_D0112,B0018,615,ONLINE_FIXED_START_CAUSAL_10S_V1,PASS,B0018.mat,d1e6c923a43ea1c9666b3a90bbb521757a067fd60b4d17dbfaa49c50b179da69,271,111,49.438,39.438,49.438,1,3;4,2,49.438,0.0,0.0,de74ebca1ddf4c36e36d5c876619e6402c4c473230a9e679605d30fcc1ee96a4,final_online_training_manifest.csv::soh_rated_pct
B0018_D0113,B0018,616,ONLINE_FIXED_START_CAUSAL_10S_V1,PASS,B0018.mat,d1e6c923a43ea1c9666b3a90bbb521757a067fd60b4d17dbfaa49c50b179da69,273,112,49.797,39.797,49.797,1,3;4,2,49.797,0.0,0.0,a674d5d4c639cb94c418161b8697db06be67c2245dab6c0c05e7f26b748a6631,final_online_training_manifest.csv::soh_rated_pct
B0018_D0114,B0018,617,ONLINE_FIXED_START_CAUSAL_10S_V1,PASS,B0018.mat,d1e6c923a43ea1c9666b3a90bbb521757a067fd60b4d17dbfaa49c50b179da69,275,113,49.703,39.703,49.703,1,3;4,2,49.702999999999996,0.0,0.0,8dfd170ee7f54ccfc493fb52fe40a88f3d9e2d40bf67be7d6a2a308de6bac764,final_online_training_manifest.csv::soh_rated_pct
B0018_D0115,B0018,618,ONLINE_FIXED_START_CAUSAL_10S_V1,PASS,B0018.mat,d1e6c923a43ea1c9666b3a90bbb521757a067fd60b4d17dbfaa49c50b179da69,278,114,49.828,39.828,49.828,1,3;4,2,49.827999999999996,0.0,0.0,76b2691fef8bc492bcd3c8fd1e142b77434ee5325682de5d4fc89d78c0bfb19b,final_online_training_manifest.csv::soh_rated_pct
B0018_D0116,B0018,619,ONLINE_FIXED_START_CAUSAL_10S_V1,PASS,B0018.mat,d1e6c923a43ea1c9666b3a90bbb521757a067fd60b4d17dbfaa49c50b179da69,281,115,50.016,40.016,50.016,1,3;4,2,50.016,0.0,0.0,c350fb2c0a2b662d425c3d34a6157cde980d240c88ebaa1f795ca3410afa2fa5,final_online_training_manifest.csv::soh_rated_pct
B0018_D0117,B0018,620,ONLINE_FIXED_START_CAUSAL_10S_V1,PASS,B0018.mat,d1e6c923a43ea1c9666b3a90bbb521757a067fd60b4d17dbfaa49c50b179da69,283,116,50.109,40.109,50.109,1,3;4,2,50.109,0.0,0.0,0d206c51acdce1b885820b5b898f182b9d04eac7ca751af90bbc40712373cd5c,final_online_training_manifest.csv::soh_rated_pct
B0018_D0118,B0018,621,ONLINE_FIXED_START_CAUSAL_10S_V1,PASS,B0018.mat,d1e6c923a43ea1c9666b3a90bbb521757a067fd60b4d17dbfaa49c50b179da69,285,117,50.25,40.25,50.25,1,3;4,2,50.25,0.0,0.0,7907d37f96830df1a28e4c55e4732e2031f3b8331f6a46e45a9335f69b3c15f8,final_online_training_manifest.csv::soh_rated_pct
B0018_D0119,B0018,622,ONLINE_FIXED_START_CAUSAL_10S_V1,PASS,B0018.mat,d1e6c923a43ea1c9666b3a90bbb521757a067fd60b4d17dbfaa49c50b179da69,287,118,50.266,40.266,50.266,1,3;4,2,50.266,0.0,0.0,bc2571ef37ca15a4975a45abbcdf5d834cbbeed65c6d741db303b5ec2c2e9326,final_online_training_manifest.csv::soh_rated_pct
B0018_D0120,B0018,623,ONLINE_FIXED_START_CAUSAL_10S_V1,PASS,B0018.mat,d1e6c923a43ea1c9666b3a90bbb521757a067fd60b4d17dbfaa49c50b179da69,290,119,51.344,41.344,51.344,1,3;4,2,51.344,0.0,0.0,7f90c79658250b5280d41e3b371f21fd3a00fe9786a8e3d33dfa4822cc37f708,final_online_training_manifest.csv::soh_rated_pct
B0018_D0121,B0018,624,ONLINE_FIXED_START_CAUSAL_10S_V1,PASS,B0018.mat,d1e6c923a43ea1c9666b3a90bbb521757a067fd60b4d17dbfaa49c50b179da69,293,120,50.422,40.422,50.422,1,3;4,2,50.422,0.0,0.0,a3ffae4e974075337905d77a455f1a6ac1c2d7261ad0cb8397d45b5af946a94e,final_online_training_manifest.csv::soh_rated_pct
B0018_D0122,B0018,625,ONLINE_FIXED_START_CAUSAL_10S_V1,PASS,B0018.mat,d1e6c923a43ea1c9666b3a90bbb521757a067fd60b4d17dbfaa49c50b179da69,295,121,50.484,40.484,50.484,1,3;4,2,50.483999999999995,0.0,0.0,2ae00d89b3a0ea4c69fb716be263cd075099793d458f188b30673fe0f1a7c2a8,final_online_training_manifest.csv::soh_rated_pct
B0018_D0123,B0018,626,ONLINE_FIXED_START_CAUSAL_10S_V1,PASS,B0018.mat,d1e6c923a43ea1c9666b3a90bbb521757a067fd60b4d17dbfaa49c50b179da69,297,122,50.719,40.719,50.719,1,3;4,2,50.719,0.0,0.0,69700a2925ea70392d953df548c41844dc00eb804d40237710b15a4dbc038fba,final_online_training_manifest.csv::soh_rated_pct
B0018_D0124,B0018,627,ONLINE_FIXED_START_CAUSAL_10S_V1,PASS,B0018.mat,d1e6c923a43ea1c9666b3a90bbb521757a067fd60b4d17dbfaa49c50b179da69,299,123,50.75,40.75,50.75,1,3;4,2,50.75,0.0,0.0,8bf15602299eedf961527d2f50c5dddc73f57b02a409979752b137aab8b28795,final_online_training_manifest.csv::soh_rated_pct
B0018_D0125,B0018,628,ONLINE_FIXED_START_CAUSAL_10S_V1,PASS,B0018.mat,d1e6c923a43ea1c9666b3a90bbb521757a067fd60b4d17dbfaa49c50b179da69,301,124,50.906,40.906,50.906,1,3;4,2,50.906,0.0,0.0,c73e04d520022ea6d32ea8cfafff55926b8d529fd4783d2f7e5928f585e5a7b0,final_online_training_manifest.csv::soh_rated_pct
B0018_D0126,B0018,629,ONLINE_FIXED_START_CAUSAL_10S_V1,PASS,B0018.mat,d1e6c923a43ea1c9666b3a90bbb521757a067fd60b4d17dbfaa49c50b179da69,304,125,50.797,40.797,50.797,1,3;4,2,50.797,0.0,0.0,217d9f6fbdcaff44c2a053222fd34b77064ae7c7ea813607529cd02b8015df78,final_online_training_manifest.csv::soh_rated_pct
B0018_D0127,B0018,630,ONLINE_FIXED_START_CAUSAL_10S_V1,PASS,B0018.mat,d1e6c923a43ea1c9666b3a90bbb521757a067fd60b4d17dbfaa49c50b179da69,306,126,50.875,40.875,50.875,1,3;4,2,50.875,0.0,0.0,88cade721280333d3679fff1bc0045bab209af558495fa8e85437e5a768d039d,final_online_training_manifest.csv::soh_rated_pct
B0018_D0128,B0018,631,ONLINE_FIXED_START_CAUSAL_10S_V1,PASS,B0018.mat,d1e6c923a43ea1c9666b3a90bbb521757a067fd60b4d17dbfaa49c50b179da69,308,127,50.859,40.859,50.859,1,3;4,2,50.858999999999995,0.0,0.0,c4503833fef3c11575e902a0eb559a23485b6fbb37c318d1fd82707e0d85a95d,final_online_training_manifest.csv::soh_rated_pct
B0018_D0129,B0018,632,ONLINE_FIXED_START_CAUSAL_10S_V1,PASS,B0018.mat,d1e6c923a43ea1c9666b3a90bbb521757a067fd60b4d17dbfaa49c50b179da69,310,128,51.0,41.0,51.0,1,3;4,2,51.0,0.0,0.0,3efd6b69f437b3fb4067cc2b282aded3d1deddaf50f62d18eec1ee4966da3c48,final_online_training_manifest.csv::soh_rated_pct
B0018_D0130,B0018,633,ONLINE_FIXED_START_CAUSAL_10S_V1,PASS,B0018.mat,d1e6c923a43ea1c9666b3a90bbb521757a067fd60b4d17dbfaa49c50b179da69,313,129,51.093,41.093,51.093,1,3;4,2,51.093,0.0,0.0,ccab5e9af18bb0510d52131f7e1b151bedc1c82e51654593e7ae0d2554568339,final_online_training_manifest.csv::soh_rated_pct
B0018_D0131,B0018,634,ONLINE_FIXED_START_CAUSAL_10S_V1,PASS,B0018.mat,d1e6c923a43ea1c9666b3a90bbb521757a067fd60b4d17dbfaa49c50b179da69,316,130,51.312,41.312,51.312,1,3;4,2,51.312,0.0,0.0,962f0a80db82e3d6acafe165fbe0da0250f79fd2fcfd33f0dab3796f3448eaf7,final_online_training_manifest.csv::soh_rated_pct
B0018_D0132,B0018,635,ONLINE_FIXED_START_CAUSAL_10S_V1,PASS,B0018.mat,d1e6c923a43ea1c9666b3a90bbb521757a067fd60b4d17dbfaa49c50b179da69,318,131,51.296,41.296,51.296,1,3;4,2,51.296,0.0,0.0,178dbf4106988ca16cc2744678d2feec03c149dd0726af347bcc448a8ddb5b1d,final_online_training_manifest.csv::soh_rated_pct
B0025_D0001,B0025,636,ONLINE_FIXED_START_CAUSAL_10S_V1,PASS,B0025.mat,38894747a9c79d719e95a2e6c42be18017e29c522b760056b680a65105d1a15f,3,0,39.469,29.469,39.469,2,2;3;4,3,39.469,0.0,0.0,c32f7997fc0376477c8f26673cb4389430a8f97bc7a53532c04982557baddb94,final_online_training_manifest.csv::soh_rated_pct
B0025_D0002,B0025,637,ONLINE_FIXED_START_CAUSAL_10S_V1,PASS,B0025.mat,38894747a9c79d719e95a2e6c42be18017e29c522b760056b680a65105d1a15f,5,1,39.735,29.735,39.735,1,3;4,2,39.735,0.0,0.0,9ec9b16e2689122582e2722c9643082b710cbf13cbf112c71ec4ffc35a42c89d,final_online_training_manifest.csv::soh_rated_pct
B0025_D0003,B0025,638,ONLINE_FIXED_START_CAUSAL_10S_V1,PASS,B0025.mat,38894747a9c79d719e95a2e6c42be18017e29c522b760056b680a65105d1a15f,7,2,39.765,29.765,39.765,1,3;4,2,39.765,0.0,0.0,ac4dfae18bc32d3d4cde3eb258652f6019b4859ecfc5898b47c5e28a3493fec3,final_online_training_manifest.csv::soh_rated_pct
B0025_D0004,B0025,639,ONLINE_FIXED_START_CAUSAL_10S_V1,PASS,B0025.mat,38894747a9c79d719e95a2e6c42be18017e29c522b760056b680a65105d1a15f,9,3,40.125,30.125,40.125,1,3;4,2,40.125,0.0,0.0,3ee4209987ee60ec7a4b834327eb731e7b60f513857b4ce50eb79060dd578f15,final_online_training_manifest.csv::soh_rated_pct
B0025_D0005,B0025,640,ONLINE_FIXED_START_CAUSAL_10S_V1,PASS,B0025.mat,38894747a9c79d719e95a2e6c42be18017e29c522b760056b680a65105d1a15f,11,4,40.234,30.233999999999995,40.234,1,3;4,2,40.233999999999995,0.0,0.0,f6a0852bb1fb63cc0ec3dfb69e6d46abf529d4c92766dd483fdc1a5b2e92c84a,final_online_training_manifest.csv::soh_rated_pct
B0025_D0006,B0025,641,ONLINE_FIXED_START_CAUSAL_10S_V1,PASS,B0025.mat,38894747a9c79d719e95a2e6c42be18017e29c522b760056b680a65105d1a15f,15,5,40.422,30.422,40.422,1,3;4,2,40.422,0.0,0.0,18d3c23bb8bcbb91b79780d410a6289c4ebc10995bdf82aadc601d9b2606f1fc,final_online_training_manifest.csv::soh_rated_pct
B0025_D0007,B0025,642,ONLINE_FIXED_START_CAUSAL_10S_V1,PASS,B0025.mat,38894747a9c79d719e95a2e6c42be18017e29c522b760056b680a65105d1a15f,19,6,40.875,30.875,40.875,1,3;4,2,40.875,0.0,0.0,a7c38184894d489ccc1e5b38ce443ee0e647423d6a7e854a426432111dc985b0,final_online_training_manifest.csv::soh_rated_pct
B0025_D0008,B0025,643,ONLINE_FIXED_START_CAUSAL_10S_V1,PASS,B0025.mat,38894747a9c79d719e95a2e6c42be18017e29c522b760056b680a65105d1a15f,22,7,40.968,30.968000000000004,40.968,1,3;4,2,40.968,0.0,0.0,3e065e0287cda4341f93ca06b7b499807c7fd0278522e381325d8148aef16c18,final_online_training_manifest.csv::soh_rated_pct
B0025_D0009,B0025,644,ONLINE_FIXED_START_CAUSAL_10S_V1,PASS,B0025.mat,38894747a9c79d719e95a2e6c42be18017e29c522b760056b680a65105d1a15f,24,8,41.125,31.125,41.125,1,3;4,2,41.125,0.0,0.0,da4acbcaae175cdcf0f93c2205ebc8714ba7ea515cc5ed38745f4b2976df9c41,final_online_training_manifest.csv::soh_rated_pct
B0025_D0010,B0025,645,ONLINE_FIXED_START_CAUSAL_10S_V1,PASS,B0025.mat,38894747a9c79d719e95a2e6c42be18017e29c522b760056b680a65105d1a15f,26,9,41.234,31.234,41.234,1,3;4,2,41.234,0.0,0.0,5596733874ca989bd815ec226100d3afb573a6a5b6bce27fd39b49506b0b4710,final_online_training_manifest.csv::soh_rated_pct
B0025_D0011,B0025,646,ONLINE_FIXED_START_CAUSAL_10S_V1,PASS,B0025.mat,38894747a9c79d719e95a2e6c42be18017e29c522b760056b680a65105d1a15f,30,10,41.516000000000005,31.516000000000005,41.516000000000005,1,3;4,2,41.516000000000005,0.0,0.0,3b1b6b3cfd646c99f4ee9bc2bb0e2cbcff814ff22e0212bc1b85333f1249103e,final_online_training_manifest.csv::soh_rated_pct
B0025_D0012,B0025,647,ONLINE_FIXED_START_CAUSAL_10S_V1,PASS,B0025.mat,38894747a9c79d719e95a2e6c42be18017e29c522b760056b680a65105d1a15f,34,11,41.641,31.641,41.641,1,3;4,2,41.641,0.0,0.0,5830cf84c161e5ec641352eb4ffe6b5ebc9a429de4a2e5418115bd53522e7051,final_online_training_manifest.csv::soh_rated_pct
B0025_D0013,B0025,648,ONLINE_FIXED_START_CAUSAL_10S_V1,PASS,B0025.mat,38894747a9c79d719e95a2e6c42be18017e29c522b760056b680a65105d1a15f,36,12,41.719,31.719,41.719,1,3;4,2,41.719,0.0,0.0,e66e5bc15aae2a7bfe55b71a3d18fe0df0c30c4f64c78b775597f8eeb0f91e23,final_online_training_manifest.csv::soh_rated_pct
B0025_D0014,B0025,649,ONLINE_FIXED_START_CAUSAL_10S_V1,PASS,B0025.mat,38894747a9c79d719e95a2e6c42be18017e29c522b760056b680a65105d1a15f,38,13,42.047,32.047,42.047,1,3;4,2,42.047,0.0,0.0,35eda9eefd03868fa714cd3860d99529a8bc783325de1ac135b89c57b746e9f4,final_online_training_manifest.csv::soh_rated_pct
B0025_D0015,B0025,650,ONLINE_FIXED_START_CAUSAL_10S_V1,PASS,B0025.mat,38894747a9c79d719e95a2e6c42be18017e29c522b760056b680a65105d1a15f,40,14,42.032,32.032,42.032,1,3;4,2,42.032,0.0,0.0,698490d21df41fb8b10a37ffc98d60a91a8988eca6fae51af78bc8e64a68e9da,final_online_training_manifest.csv::soh_rated_pct
B0025_D0016,B0025,651,ONLINE_FIXED_START_CAUSAL_10S_V1,PASS,B0025.mat,38894747a9c79d719e95a2e6c42be18017e29c522b760056b680a65105d1a15f,42,15,42.109,32.108999999999995,42.109,1,3;4,2,42.108999999999995,0.0,0.0,23b51d95169dbd9b5730ed87b1ac18c7dfadedf94663429f1c84ea1d1ac54d3a,final_online_training_manifest.csv::soh_rated_pct
B0025_D0017,B0025,652,ONLINE_FIXED_START_CAUSAL_10S_V1,PASS,B0025.mat,38894747a9c79d719e95a2e6c42be18017e29c522b760056b680a65105d1a15f,46,16,42.344,32.344,42.344,1,3;4,2,42.344,0.0,0.0,1bcf4bed4874854ae2dfab184fcdf0500b6e9edfac4dbd1427eba08e031d8407,final_online_training_manifest.csv::soh_rated_pct
B0025_D0018,B0025,653,ONLINE_FIXED_START_CAUSAL_10S_V1,PASS,B0025.mat,38894747a9c79d719e95a2e6c42be18017e29c522b760056b680a65105d1a15f,50,17,43.187,33.187,43.187,1,3;4,2,43.187,0.0,0.0,d815189aab74fc65eb3aeb97d0acacb83913a3abcc126634c70d99b611709ba1,final_online_training_manifest.csv::soh_rated_pct
B0025_D0019,B0025,654,ONLINE_FIXED_START_CAUSAL_10S_V1,PASS,B0025.mat,38894747a9c79d719e95a2e6c42be18017e29c522b760056b680a65105d1a15f,52,18,42.625,32.625,42.625,1,3;4,2,42.625,0.0,0.0,ee45ab7238edc5405701c8e1cbec6784e22194bc0827c329240ee7cfeb0af84b,final_online_training_manifest.csv::soh_rated_pct
B0025_D0020,B0025,655,ONLINE_FIXED_START_CAUSAL_10S_V1,PASS,B0025.mat,38894747a9c79d719e95a2e6c42be18017e29c522b760056b680a65105d1a15f,54,19,42.875,32.875,42.875,1,3;4,2,42.875,0.0,0.0,aa9d3450c8cf939f8c2fd47257bf4ed36d61f0cdb8456bfb2e0c725c8f9ca64b,final_online_training_manifest.csv::soh_rated_pct
B0025_D0021,B0025,656,ONLINE_FIXED_START_CAUSAL_10S_V1,PASS,B0025.mat,38894747a9c79d719e95a2e6c42be18017e29c522b760056b680a65105d1a15f,56,20,42.985,32.985,42.985,1,3;4,2,42.985,0.0,0.0,d7188a4c0e39f2460b94b02380d166498506b1f3c6efdb98871deb1917656675,final_online_training_manifest.csv::soh_rated_pct
B0025_D0022,B0025,657,ONLINE_FIXED_START_CAUSAL_10S_V1,PASS,B0025.mat,38894747a9c79d719e95a2e6c42be18017e29c522b760056b680a65105d1a15f,58,21,43.14,33.14,43.14,1,3;4,2,43.14,0.0,0.0,81bf0b171885cf4ed962533947f60d33026a5e488169eba619b70862f01dad82,final_online_training_manifest.csv::soh_rated_pct
B0025_D0023,B0025,658,ONLINE_FIXED_START_CAUSAL_10S_V1,PASS,B0025.mat,38894747a9c79d719e95a2e6c42be18017e29c522b760056b680a65105d1a15f,65,22,43.375,33.375,43.375,1,3;4,2,43.375,0.0,0.0,f8d50e7d639afde1a93b17ca543786fdede550621dc06fd008c963191ab00c58,final_online_training_manifest.csv::soh_rated_pct
B0025_D0024,B0025,659,ONLINE_FIXED_START_CAUSAL_10S_V1,PASS,B0025.mat,38894747a9c79d719e95a2e6c42be18017e29c522b760056b680a65105d1a15f,67,23,43.532,33.532,43.532,1,3;4,2,43.532,0.0,0.0,4d53cf8905cd8e5d7c16dc32cd051fee8c8d5fafd2d52a93727fc3057ca998c8,final_online_training_manifest.csv::soh_rated_pct
B0025_D0025,B0025,660,ONLINE_FIXED_START_CAUSAL_10S_V1,PASS,B0025.mat,38894747a9c79d719e95a2e6c42be18017e29c522b760056b680a65105d1a15f,69,24,43.703,33.703,43.703,1,3;4,2,43.703,0.0,0.0,d7579b614eddc8092e6575c8a3acae053a9a889eeb06720db6775666d2578aed,final_online_training_manifest.csv::soh_rated_pct
B0025_D0026,B0025,661,ONLINE_FIXED_START_CAUSAL_10S_V1,PASS,B0025.mat,38894747a9c79d719e95a2e6c42be18017e29c522b760056b680a65105d1a15f,71,25,43.765,33.765,43.765,1,3;4,2,43.765,0.0,0.0,2b59c48fcc27bd7e210c5f463594712c4d1bde8acd40332781c6c732d57e8324,final_online_training_manifest.csv::soh_rated_pct
B0025_D0027,B0025,662,ONLINE_FIXED_START_CAUSAL_10S_V1,PASS,B0025.mat,38894747a9c79d719e95a2e6c42be18017e29c522b760056b680a65105d1a15f,73,26,43.922,33.922000000000004,43.922,1,3;4,2,43.922000000000004,0.0,0.0,cbc83cfdba99b29a74b2aefe2b319730602bb0eb450d4775beb60c6334bccad0,final_online_training_manifest.csv::soh_rated_pct
B0025_D0028,B0025,663,ONLINE_FIXED_START_CAUSAL_10S_V1,PASS,B0025.mat,38894747a9c79d719e95a2e6c42be18017e29c522b760056b680a65105d1a15f,77,27,44.156,34.156,44.156,1,3;4,2,44.156,0.0,0.0,01bfdf592f4eabd171e70a7a2c22c3306a78036da1698f2de51936ba5ec7f318,final_online_training_manifest.csv::soh_rated_pct
B0026_D0001,B0026,664,ONLINE_FIXED_START_CAUSAL_10S_V1,PASS,B0026.mat,ca5eee0b33d8070e3a6c254696444a0c65a12f40587fcfc8db858640b2e6e36c,3,0,39.469,29.469,39.469,2,2;3;4,3,39.469,0.0,0.0,5a23a74bca5d7ced2884f87997b08e8cc30c85a23ed0e8bf9814e87470b1443f,final_online_training_manifest.csv::soh_rated_pct
B0026_D0002,B0026,665,ONLINE_FIXED_START_CAUSAL_10S_V1,PASS,B0026.mat,ca5eee0b33d8070e3a6c254696444a0c65a12f40587fcfc8db858640b2e6e36c,5,1,39.735,29.735,39.735,1,3;4,2,39.735,0.0,0.0,1401e25e4166a5cd86c5cd5b5a02fbd04939bdcbf627e75f144736aefbcec1ec,final_online_training_manifest.csv::soh_rated_pct
B0026_D0003,B0026,666,ONLINE_FIXED_START_CAUSAL_10S_V1,PASS,B0026.mat,ca5eee0b33d8070e3a6c254696444a0c65a12f40587fcfc8db858640b2e6e36c,7,2,39.765,29.765,39.765,1,3;4,2,39.765,0.0,0.0,65c19129fd58a89ffd9609bbfc5cc8c69ded6eb8b3fdbd16bc750fc7783f4fbe,final_online_training_manifest.csv::soh_rated_pct
B0026_D0004,B0026,667,ONLINE_FIXED_START_CAUSAL_10S_V1,PASS,B0026.mat,ca5eee0b33d8070e3a6c254696444a0c65a12f40587fcfc8db858640b2e6e36c,9,3,40.125,30.125,40.125,1,3;4,2,40.125,0.0,0.0,711941396387a495da2eb8bcd692b232f3c84afac641511fee61066146d5955a,final_online_training_manifest.csv::soh_rated_pct
B0026_D0005,B0026,668,ONLINE_FIXED_START_CAUSAL_10S_V1,PASS,B0026.mat,ca5eee0b33d8070e3a6c254696444a0c65a12f40587fcfc8db858640b2e6e36c,11,4,40.234,30.233999999999995,40.234,1,3;4,2,40.233999999999995,0.0,0.0,af63309ce6d9236db26052eccf4b07898eb810ec98210bbf8187edca8fce6ca5,final_online_training_manifest.csv::soh_rated_pct
B0026_D0007,B0026,669,ONLINE_FIXED_START_CAUSAL_10S_V1,PASS,B0026.mat,ca5eee0b33d8070e3a6c254696444a0c65a12f40587fcfc8db858640b2e6e36c,19,6,40.875,30.875,40.875,1,3;4,2,40.875,0.0,0.0,0851fcaa3cadc911f1d76c55f0709dd057e726ac9910cdb1ca9ba09826017f8a,final_online_training_manifest.csv::soh_rated_pct
B0026_D0008,B0026,670,ONLINE_FIXED_START_CAUSAL_10S_V1,PASS,B0026.mat,ca5eee0b33d8070e3a6c254696444a0c65a12f40587fcfc8db858640b2e6e36c,22,7,40.968,30.968000000000004,40.968,1,3;4,2,40.968,0.0,0.0,82b22cfcc81b830b5f2f2e6913a04735b1918212b3dc4dd5eccaa074b868c6ee,final_online_training_manifest.csv::soh_rated_pct
B0026_D0009,B0026,671,ONLINE_FIXED_START_CAUSAL_10S_V1,PASS,B0026.mat,ca5eee0b33d8070e3a6c254696444a0c65a12f40587fcfc8db858640b2e6e36c,24,8,41.125,31.125,41.125,1,3;4,2,41.125,0.0,0.0,daebd338b3235221355efbc306c9c821202aa65d0c6c44486e6cc36824e93107,final_online_training_manifest.csv::soh_rated_pct
B0026_D0010,B0026,672,ONLINE_FIXED_START_CAUSAL_10S_V1,PASS,B0026.mat,ca5eee0b33d8070e3a6c254696444a0c65a12f40587fcfc8db858640b2e6e36c,26,9,41.234,31.234,41.234,1,3;4,2,41.234,0.0,0.0,502311a3421a293781449270187fc31a357ce60cac74ec011ab4c18f06b95d1d,final_online_training_manifest.csv::soh_rated_pct
B0026_D0011,B0026,673,ONLINE_FIXED_START_CAUSAL_10S_V1,PASS,B0026.mat,ca5eee0b33d8070e3a6c254696444a0c65a12f40587fcfc8db858640b2e6e36c,30,10,41.516000000000005,31.516000000000005,41.516000000000005,1,3;4,2,41.516000000000005,0.0,0.0,60c5be7a9ada8e4410c55d73fb86d0f1a934cc072c443e3394e353b143c3db2c,final_online_training_manifest.csv::soh_rated_pct
B0026_D0012,B0026,674,ONLINE_FIXED_START_CAUSAL_10S_V1,PASS,B0026.mat,ca5eee0b33d8070e3a6c254696444a0c65a12f40587fcfc8db858640b2e6e36c,34,11,41.641,31.641,41.641,1,3;4,2,41.641,0.0,0.0,48e94bf7c7d2c59f080618c2e0b7c62a70f30165b17de5ec104362bae4cd41ea,final_online_training_manifest.csv::soh_rated_pct
B0026_D0013,B0026,675,ONLINE_FIXED_START_CAUSAL_10S_V1,PASS,B0026.mat,ca5eee0b33d8070e3a6c254696444a0c65a12f40587fcfc8db858640b2e6e36c,36,12,41.719,31.719,41.719,1,3;4,2,41.719,0.0,0.0,1eb129b4d60317f1707b70ba16661a2530139edaf8ece04ddc3bc0191f03e61f,final_online_training_manifest.csv::soh_rated_pct
B0026_D0014,B0026,676,ONLINE_FIXED_START_CAUSAL_10S_V1,PASS,B0026.mat,ca5eee0b33d8070e3a6c254696444a0c65a12f40587fcfc8db858640b2e6e36c,38,13,42.047,32.047,42.047,1,3;4,2,42.047,0.0,0.0,0a84d3d033cf21002fcf3f508727c5acc38e37d37ab19decd8fa5248c737e6bf,final_online_training_manifest.csv::soh_rated_pct
B0026_D0015,B0026,677,ONLINE_FIXED_START_CAUSAL_10S_V1,PASS,B0026.mat,ca5eee0b33d8070e3a6c254696444a0c65a12f40587fcfc8db858640b2e6e36c,40,14,42.032,32.032,42.032,1,3;4,2,42.032,0.0,0.0,872c135b47f6eaa5659b052187c558f27e8a5f3ee4042835eab1ecff7ef612f4,final_online_training_manifest.csv::soh_rated_pct
B0026_D0016,B0026,678,ONLINE_FIXED_START_CAUSAL_10S_V1,PASS,B0026.mat,ca5eee0b33d8070e3a6c254696444a0c65a12f40587fcfc8db858640b2e6e36c,42,15,42.109,32.108999999999995,42.109,1,3;4,2,42.108999999999995,0.0,0.0,c1d1354cd95021f06d58572f35b14c934dd1575e4bb1730f2a4d4c2d2b6be964,final_online_training_manifest.csv::soh_rated_pct
B0026_D0017,B0026,679,ONLINE_FIXED_START_CAUSAL_10S_V1,PASS,B0026.mat,ca5eee0b33d8070e3a6c254696444a0c65a12f40587fcfc8db858640b2e6e36c,46,16,42.344,32.344,42.344,1,3;4,2,42.344,0.0,0.0,6ab767a77797e9a0129e7702f6c089c11e1120f8bbd423e1ae7e2d0551ecf76b,final_online_training_manifest.csv::soh_rated_pct
B0026_D0018,B0026,680,ONLINE_FIXED_START_CAUSAL_10S_V1,PASS,B0026.mat,ca5eee0b33d8070e3a6c254696444a0c65a12f40587fcfc8db858640b2e6e36c,50,17,43.187,33.187,43.187,1,3;4,2,43.187,0.0,0.0,21caa8f7676931c1b1f7f1c5fc43242c2ba183cd6b4c95c0e6210eb72e0e8350,final_online_training_manifest.csv::soh_rated_pct
B0026_D0019,B0026,681,ONLINE_FIXED_START_CAUSAL_10S_V1,PASS,B0026.mat,ca5eee0b33d8070e3a6c254696444a0c65a12f40587fcfc8db858640b2e6e36c,52,18,42.625,32.625,42.625,1,3;4,2,42.625,0.0,0.0,03a4bdcc496b3750ebf07b85b2cbbecb1dea69e967859757401106c69e249712,final_online_training_manifest.csv::soh_rated_pct
B0026_D0020,B0026,682,ONLINE_FIXED_START_CAUSAL_10S_V1,PASS,B0026.mat,ca5eee0b33d8070e3a6c254696444a0c65a12f40587fcfc8db858640b2e6e36c,54,19,42.875,32.875,42.875,1,3;4,2,42.875,0.0,0.0,7c5edb5d4138b65b664838830a98ced39879026aff4f192f7186af1c714ba534,final_online_training_manifest.csv::soh_rated_pct
B0026_D0021,B0026,683,ONLINE_FIXED_START_CAUSAL_10S_V1,PASS,B0026.mat,ca5eee0b33d8070e3a6c254696444a0c65a12f40587fcfc8db858640b2e6e36c,56,20,42.985,32.985,42.985,1,3;4,2,42.985,0.0,0.0,0084c234d983f31fb39bbd5b419b14ed86500cd99b567084d7118aef8ed49ede,final_online_training_manifest.csv::soh_rated_pct
B0026_D0022,B0026,684,ONLINE_FIXED_START_CAUSAL_10S_V1,PASS,B0026.mat,ca5eee0b33d8070e3a6c254696444a0c65a12f40587fcfc8db858640b2e6e36c,58,21,43.14,33.14,43.14,1,3;4,2,43.14,0.0,0.0,e9d17ee0ef920b983aa1be63af1de57ada23e7894c35ba4fcd1c0c30b4f326e1,final_online_training_manifest.csv::soh_rated_pct
B0026_D0023,B0026,685,ONLINE_FIXED_START_CAUSAL_10S_V1,PASS,B0026.mat,ca5eee0b33d8070e3a6c254696444a0c65a12f40587fcfc8db858640b2e6e36c,65,22,43.375,33.375,43.375,1,3;4,2,43.375,0.0,0.0,826311b9e502a4dd02873b19548a44cf2dc5dd5685d566e967214358612dfaf1,final_online_training_manifest.csv::soh_rated_pct
B0026_D0024,B0026,686,ONLINE_FIXED_START_CAUSAL_10S_V1,PASS,B0026.mat,ca5eee0b33d8070e3a6c254696444a0c65a12f40587fcfc8db858640b2e6e36c,67,23,43.532,33.532,43.532,1,3;4,2,43.532,0.0,0.0,cc6844cb438a98b0e8424190d2f9c10e350957339cbf7be73dd3f24e7d7f0d63,final_online_training_manifest.csv::soh_rated_pct
B0026_D0025,B0026,687,ONLINE_FIXED_START_CAUSAL_10S_V1,PASS,B0026.mat,ca5eee0b33d8070e3a6c254696444a0c65a12f40587fcfc8db858640b2e6e36c,69,24,43.703,33.703,43.703,1,3;4,2,43.703,0.0,0.0,62df997e44c55de27630372a7c2c43f9d1837c38a56cd303106a8ae08af43246,final_online_training_manifest.csv::soh_rated_pct
B0026_D0026,B0026,688,ONLINE_FIXED_START_CAUSAL_10S_V1,PASS,B0026.mat,ca5eee0b33d8070e3a6c254696444a0c65a12f40587fcfc8db858640b2e6e36c,71,25,43.765,33.765,43.765,1,3;4,2,43.765,0.0,0.0,8780a8ad05981509b975f6cbaa8d954ae799bf7afd64465d496f01a7cd540845,final_online_training_manifest.csv::soh_rated_pct
B0026_D0027,B0026,689,ONLINE_FIXED_START_CAUSAL_10S_V1,PASS,B0026.mat,ca5eee0b33d8070e3a6c254696444a0c65a12f40587fcfc8db858640b2e6e36c,73,26,43.922,33.922000000000004,43.922,1,3;4,2,43.922000000000004,0.0,0.0,05e7735b95b21a2b8ea4cbc2247c197168d171bb25d393f9d22a0527e527742b,final_online_training_manifest.csv::soh_rated_pct
B0026_D0028,B0026,690,ONLINE_FIXED_START_CAUSAL_10S_V1,PASS,B0026.mat,ca5eee0b33d8070e3a6c254696444a0c65a12f40587fcfc8db858640b2e6e36c,77,27,44.156,34.156,44.156,1,3;4,2,44.156,0.0,0.0,de404247b172e0442b1dafe1a59693670332388aff66e82fc909f671f7897567,final_online_training_manifest.csv::soh_rated_pct
B0027_D0001,B0027,691,ONLINE_FIXED_START_CAUSAL_10S_V1,PASS,B0027.mat,de2b4045ef20a6900885e169f3540664bb637f5f94b41fb4333c31d759237209,3,0,39.469,29.469,39.469,2,2;3;4,3,39.469,0.0,0.0,7a7df7d4eba65d52816b85a3c1074998c7042d35ad1e3be39935dd4bf732f071,final_online_training_manifest.csv::soh_rated_pct
B0027_D0002,B0027,692,ONLINE_FIXED_START_CAUSAL_10S_V1,PASS,B0027.mat,de2b4045ef20a6900885e169f3540664bb637f5f94b41fb4333c31d759237209,5,1,39.735,29.735,39.735,1,3;4,2,39.735,0.0,0.0,a2f7020cbb15d886f6081f69218fc1f76d922cdc1ae9b4b0ec49aedfd739907f,final_online_training_manifest.csv::soh_rated_pct
B0027_D0003,B0027,693,ONLINE_FIXED_START_CAUSAL_10S_V1,PASS,B0027.mat,de2b4045ef20a6900885e169f3540664bb637f5f94b41fb4333c31d759237209,7,2,39.765,29.765,39.765,1,3;4,2,39.765,0.0,0.0,c4d06b310b323fb8a1c10f689c60f9c55274f9149fb61fc0b202a208a1d3a1be,final_online_training_manifest.csv::soh_rated_pct
B0027_D0004,B0027,694,ONLINE_FIXED_START_CAUSAL_10S_V1,PASS,B0027.mat,de2b4045ef20a6900885e169f3540664bb637f5f94b41fb4333c31d759237209,9,3,40.125,30.125,40.125,1,3;4,2,40.125,0.0,0.0,d8b66e59bc607499b5a61e0c860ef040426d6c1988c6b1812d28f75899737035,final_online_training_manifest.csv::soh_rated_pct
B0027_D0005,B0027,695,ONLINE_FIXED_START_CAUSAL_10S_V1,PASS,B0027.mat,de2b4045ef20a6900885e169f3540664bb637f5f94b41fb4333c31d759237209,11,4,40.234,30.233999999999995,40.234,1,3;4,2,40.233999999999995,0.0,0.0,720bb902fbc3644a7a5546ace012ec6a780aa67c3c7fdfb8f0c4c394ea733f32,final_online_training_manifest.csv::soh_rated_pct
B0027_D0006,B0027,696,ONLINE_FIXED_START_CAUSAL_10S_V1,PASS,B0027.mat,de2b4045ef20a6900885e169f3540664bb637f5f94b41fb4333c31d759237209,15,5,40.422,30.422,40.422,1,3;4,2,40.422,0.0,0.0,d1d4f18b6a800f634830bdbe81a387941346c8c92c02e5e594b855bbf6dc25c8,final_online_training_manifest.csv::soh_rated_pct
B0027_D0007,B0027,697,ONLINE_FIXED_START_CAUSAL_10S_V1,PASS,B0027.mat,de2b4045ef20a6900885e169f3540664bb637f5f94b41fb4333c31d759237209,19,6,40.875,30.875,40.875,1,3;4,2,40.875,0.0,0.0,006d61ea189cdc082fe1025c68a5fc3801c978bc0ec2545252ad9ce265e97846,final_online_training_manifest.csv::soh_rated_pct
B0027_D0008,B0027,698,ONLINE_FIXED_START_CAUSAL_10S_V1,PASS,B0027.mat,de2b4045ef20a6900885e169f3540664bb637f5f94b41fb4333c31d759237209,22,7,40.968,30.968000000000004,40.968,1,3;4,2,40.968,0.0,0.0,11edda4a96ef7e9cd949b3648529cbff3f1344f6c00073275900211140a04319,final_online_training_manifest.csv::soh_rated_pct
B0027_D0009,B0027,699,ONLINE_FIXED_START_CAUSAL_10S_V1,PASS,B0027.mat,de2b4045ef20a6900885e169f3540664bb637f5f94b41fb4333c31d759237209,24,8,41.125,31.125,41.125,1,3;4,2,41.125,0.0,0.0,9e17b2a32a06eed40f7ca4dd7d172a43ce756a29fee4bc4ecee4d88324eee349,final_online_training_manifest.csv::soh_rated_pct
B0027_D0010,B0027,700,ONLINE_FIXED_START_CAUSAL_10S_V1,PASS,B0027.mat,de2b4045ef20a6900885e169f3540664bb637f5f94b41fb4333c31d759237209,26,9,41.234,31.234,41.234,1,3;4,2,41.234,0.0,0.0,0e40fe48fb3206eafa0b95eedc158457af06bb06ad808185f57319e8f9763a66,final_online_training_manifest.csv::soh_rated_pct
B0027_D0011,B0027,701,ONLINE_FIXED_START_CAUSAL_10S_V1,PASS,B0027.mat,de2b4045ef20a6900885e169f3540664bb637f5f94b41fb4333c31d759237209,30,10,41.516000000000005,31.516000000000005,41.516000000000005,1,3;4,2,41.516000000000005,0.0,0.0,36c669883463287b607324e6753e4bd2f9f83d29d0787988502d7f68944a6774,final_online_training_manifest.csv::soh_rated_pct
B0027_D0012,B0027,702,ONLINE_FIXED_START_CAUSAL_10S_V1,PASS,B0027.mat,de2b4045ef20a6900885e169f3540664bb637f5f94b41fb4333c31d759237209,34,11,41.641,31.641,41.641,1,3;4,2,41.641,0.0,0.0,a711956825f596016c4c1cf48e7491167e41773697ce3e7f2802581fe912f9a9,final_online_training_manifest.csv::soh_rated_pct
B0027_D0013,B0027,703,ONLINE_FIXED_START_CAUSAL_10S_V1,PASS,B0027.mat,de2b4045ef20a6900885e169f3540664bb637f5f94b41fb4333c31d759237209,36,12,41.719,31.719,41.719,1,3;4,2,41.719,0.0,0.0,b46d5efe86db945560472faf678026d6320a005270f213aabf8fa79ae7797c84,final_online_training_manifest.csv::soh_rated_pct
B0027_D0014,B0027,704,ONLINE_FIXED_START_CAUSAL_10S_V1,PASS,B0027.mat,de2b4045ef20a6900885e169f3540664bb637f5f94b41fb4333c31d759237209,38,13,42.047,32.047,42.047,1,3;4,2,42.047,0.0,0.0,161b3f3793eb10934a18f416fdfcc47f28570718edcce2973030d9ed6eafb4fd,final_online_training_manifest.csv::soh_rated_pct
B0027_D0015,B0027,705,ONLINE_FIXED_START_CAUSAL_10S_V1,PASS,B0027.mat,de2b4045ef20a6900885e169f3540664bb637f5f94b41fb4333c31d759237209,40,14,42.032,32.032,42.032,1,3;4,2,42.032,0.0,0.0,793385e5e6707798e1c39a4c1e476245fcb678ad10f6083f10c72eff708a69eb,final_online_training_manifest.csv::soh_rated_pct
B0027_D0016,B0027,706,ONLINE_FIXED_START_CAUSAL_10S_V1,PASS,B0027.mat,de2b4045ef20a6900885e169f3540664bb637f5f94b41fb4333c31d759237209,42,15,42.109,32.108999999999995,42.109,1,3;4,2,42.108999999999995,0.0,0.0,9b3268f585ccc0aff2273d88faaed5f4ea406f4a22df3b3b0a5bfde2d6f407c6,final_online_training_manifest.csv::soh_rated_pct
B0027_D0017,B0027,707,ONLINE_FIXED_START_CAUSAL_10S_V1,PASS,B0027.mat,de2b4045ef20a6900885e169f3540664bb637f5f94b41fb4333c31d759237209,46,16,42.344,32.344,42.344,1,3;4,2,42.344,0.0,0.0,cc93b7cfca86a66a1e0a6530606f110939b295c1c60d7aee9d9828aec6131987,final_online_training_manifest.csv::soh_rated_pct
B0027_D0018,B0027,708,ONLINE_FIXED_START_CAUSAL_10S_V1,PASS,B0027.mat,de2b4045ef20a6900885e169f3540664bb637f5f94b41fb4333c31d759237209,50,17,43.187,33.187,43.187,1,3;4,2,43.187,0.0,0.0,79de13c562ede141c516839671720448faf6c43634a671e6965cd7f38abc5254,final_online_training_manifest.csv::soh_rated_pct
B0027_D0019,B0027,709,ONLINE_FIXED_START_CAUSAL_10S_V1,PASS,B0027.mat,de2b4045ef20a6900885e169f3540664bb637f5f94b41fb4333c31d759237209,52,18,42.625,32.625,42.625,1,3;4,2,42.625,0.0,0.0,53bd5dcbb3027c3494fa14d5c1fbe502fd99f31e29f3fbd7909c9b418b902053,final_online_training_manifest.csv::soh_rated_pct
B0027_D0020,B0027,710,ONLINE_FIXED_START_CAUSAL_10S_V1,PASS,B0027.mat,de2b4045ef20a6900885e169f3540664bb637f5f94b41fb4333c31d759237209,54,19,42.875,32.875,42.875,1,3;4,2,42.875,0.0,0.0,18ad73e5405630d7d1f84cc6980954aa4d61bfa7fabbfcfd205d7636c3b2227d,final_online_training_manifest.csv::soh_rated_pct
B0027_D0021,B0027,711,ONLINE_FIXED_START_CAUSAL_10S_V1,PASS,B0027.mat,de2b4045ef20a6900885e169f3540664bb637f5f94b41fb4333c31d759237209,56,20,42.985,32.985,42.985,1,3;4,2,42.985,0.0,0.0,b777ba63940e134e9f03319dcfe98b1a3282c87d13bf50ecf737232a5da8e292,final_online_training_manifest.csv::soh_rated_pct
B0027_D0022,B0027,712,ONLINE_FIXED_START_CAUSAL_10S_V1,PASS,B0027.mat,de2b4045ef20a6900885e169f3540664bb637f5f94b41fb4333c31d759237209,58,21,43.14,33.14,43.14,1,3;4,2,43.14,0.0,0.0,6f50cff009305ee9bf2813b02ec3e4f46ce542e92d9fdb236dc4bc92237bcf71,final_online_training_manifest.csv::soh_rated_pct
B0027_D0023,B0027,713,ONLINE_FIXED_START_CAUSAL_10S_V1,PASS,B0027.mat,de2b4045ef20a6900885e169f3540664bb637f5f94b41fb4333c31d759237209,65,22,43.375,33.375,43.375,1,3;4,2,43.375,0.0,0.0,e51911347d66b93fb6bfcade19e07ff8ba132dc7720a9c27b281e752841585f4,final_online_training_manifest.csv::soh_rated_pct
B0027_D0024,B0027,714,ONLINE_FIXED_START_CAUSAL_10S_V1,PASS,B0027.mat,de2b4045ef20a6900885e169f3540664bb637f5f94b41fb4333c31d759237209,67,23,43.532,33.532,43.532,1,3;4,2,43.532,0.0,0.0,c28f499d18ce6b2fc165221e98d0a31ba034bec9ddc7cf4909ce288432a2edf2,final_online_training_manifest.csv::soh_rated_pct
B0027_D0025,B0027,715,ONLINE_FIXED_START_CAUSAL_10S_V1,PASS,B0027.mat,de2b4045ef20a6900885e169f3540664bb637f5f94b41fb4333c31d759237209,69,24,43.703,33.703,43.703,1,3;4,2,43.703,0.0,0.0,05ac630f543a1b2d51c8268f91d9b83919d454cbe581f1a948262b6257d2dfff,final_online_training_manifest.csv::soh_rated_pct
B0027_D0026,B0027,716,ONLINE_FIXED_START_CAUSAL_10S_V1,PASS,B0027.mat,de2b4045ef20a6900885e169f3540664bb637f5f94b41fb4333c31d759237209,71,25,43.765,33.765,43.765,1,3;4,2,43.765,0.0,0.0,76e056f4474182d808a8d957b49b24860de3d56d117a897cc87992c711d7e689,final_online_training_manifest.csv::soh_rated_pct
B0027_D0027,B0027,717,ONLINE_FIXED_START_CAUSAL_10S_V1,PASS,B0027.mat,de2b4045ef20a6900885e169f3540664bb637f5f94b41fb4333c31d759237209,73,26,43.922,33.922000000000004,43.922,1,3;4,2,43.922000000000004,0.0,0.0,199cdfd2fd52740f5154df5cc7b2f691d4bb67d8f1d519a7430c6716c5430641,final_online_training_manifest.csv::soh_rated_pct
B0027_D0028,B0027,718,ONLINE_FIXED_START_CAUSAL_10S_V1,PASS,B0027.mat,de2b4045ef20a6900885e169f3540664bb637f5f94b41fb4333c31d759237209,77,27,44.156,34.156,44.156,1,3;4,2,44.156,0.0,0.0,1921375926138d8dc9d4b57d9a04c238e85a5c96a9a4ef5812b44f0e8f01c673,final_online_training_manifest.csv::soh_rated_pct
B0028_D0001,B0028,719,ONLINE_FIXED_START_CAUSAL_10S_V1,PASS,B0028.mat,050c377e85a2c41165f2e2e0d22bf9575385dd8c835a713c27edb65af6bb25e8,3,0,39.469,29.469,39.469,2,2;3;4,3,39.469,0.0,0.0,6c46f2c6633d41965df1c2671cbd2fa0908c19fb305416da15ed862caee9d33e,final_online_training_manifest.csv::soh_rated_pct
B0028_D0002,B0028,720,ONLINE_FIXED_START_CAUSAL_10S_V1,PASS,B0028.mat,050c377e85a2c41165f2e2e0d22bf9575385dd8c835a713c27edb65af6bb25e8,5,1,39.735,29.735,39.735,1,3;4,2,39.735,0.0,0.0,b28344088c4ad51d83376f12245ae5e1686e8d6e4b7d7e1e8c696e1a6ce259f6,final_online_training_manifest.csv::soh_rated_pct
B0028_D0003,B0028,721,ONLINE_FIXED_START_CAUSAL_10S_V1,PASS,B0028.mat,050c377e85a2c41165f2e2e0d22bf9575385dd8c835a713c27edb65af6bb25e8,7,2,39.765,29.765,39.765,1,3;4,2,39.765,0.0,0.0,d13f5ee0cdc13165ea728b3e387fdc7d2c72e0e93ee712893bff94ce361f5f52,final_online_training_manifest.csv::soh_rated_pct
B0028_D0004,B0028,722,ONLINE_FIXED_START_CAUSAL_10S_V1,PASS,B0028.mat,050c377e85a2c41165f2e2e0d22bf9575385dd8c835a713c27edb65af6bb25e8,9,3,40.125,30.125,40.125,1,3;4,2,40.125,0.0,0.0,db90a350f363f45c722333d5a381718a31f5beed9e2c1194e93323b02005ffb4,final_online_training_manifest.csv::soh_rated_pct
B0028_D0005,B0028,723,ONLINE_FIXED_START_CAUSAL_10S_V1,PASS,B0028.mat,050c377e85a2c41165f2e2e0d22bf9575385dd8c835a713c27edb65af6bb25e8,11,4,40.234,30.233999999999995,40.234,1,3;4,2,40.233999999999995,0.0,0.0,f9547418c8db55c48182eb43abe93e6bfb9c40af8fefe200f9d8a2681ee7a4d9,final_online_training_manifest.csv::soh_rated_pct
B0028_D0006,B0028,724,ONLINE_FIXED_START_CAUSAL_10S_V1,PASS,B0028.mat,050c377e85a2c41165f2e2e0d22bf9575385dd8c835a713c27edb65af6bb25e8,15,5,40.422,30.422,40.422,1,3;4,2,40.422,0.0,0.0,beeed3ce3c57880c61ab78ae6077b28a6d5714c7d2a75c8ea228141b6df7b772,final_online_training_manifest.csv::soh_rated_pct
B0028_D0007,B0028,725,ONLINE_FIXED_START_CAUSAL_10S_V1,PASS,B0028.mat,050c377e85a2c41165f2e2e0d22bf9575385dd8c835a713c27edb65af6bb25e8,19,6,40.875,30.875,40.875,1,3;4,2,40.875,0.0,0.0,ca22594eb949c768dc22b335025d176c98a0f9cc817ae0b5570d756db6260e43,final_online_training_manifest.csv::soh_rated_pct
B0028_D0008,B0028,726,ONLINE_FIXED_START_CAUSAL_10S_V1,PASS,B0028.mat,050c377e85a2c41165f2e2e0d22bf9575385dd8c835a713c27edb65af6bb25e8,22,7,40.968,30.968000000000004,40.968,1,3;4,2,40.968,0.0,0.0,36f205503977089aa4601f41528a11cce4b738055ef947383fa8c167ffad85f5,final_online_training_manifest.csv::soh_rated_pct
B0028_D0009,B0028,727,ONLINE_FIXED_START_CAUSAL_10S_V1,PASS,B0028.mat,050c377e85a2c41165f2e2e0d22bf9575385dd8c835a713c27edb65af6bb25e8,24,8,41.125,31.125,41.125,1,3;4,2,41.125,0.0,0.0,c3a38913e8627794d67e85ca80d8a78f4344ea879421b31670016b0ea8914407,final_online_training_manifest.csv::soh_rated_pct
B0028_D0010,B0028,728,ONLINE_FIXED_START_CAUSAL_10S_V1,PASS,B0028.mat,050c377e85a2c41165f2e2e0d22bf9575385dd8c835a713c27edb65af6bb25e8,26,9,41.234,31.234,41.234,1,3;4,2,41.234,0.0,0.0,22eda8e75528acf22720f4ed6c4868abde2ff229a67525b7d03607f52afee6c2,final_online_training_manifest.csv::soh_rated_pct
B0028_D0011,B0028,729,ONLINE_FIXED_START_CAUSAL_10S_V1,PASS,B0028.mat,050c377e85a2c41165f2e2e0d22bf9575385dd8c835a713c27edb65af6bb25e8,30,10,41.516000000000005,31.516000000000005,41.516000000000005,1,3;4,2,41.516000000000005,0.0,0.0,920d7c1e791c2e6c4082fc053af0e3002192c8fe54fce93400779e068b100456,final_online_training_manifest.csv::soh_rated_pct
B0028_D0012,B0028,730,ONLINE_FIXED_START_CAUSAL_10S_V1,PASS,B0028.mat,050c377e85a2c41165f2e2e0d22bf9575385dd8c835a713c27edb65af6bb25e8,34,11,41.641,31.641,41.641,1,3;4,2,41.641,0.0,0.0,19a4b4b745b3a1bfb72f91829fdc2a9791dd7a74fb4a609705901f0848f90b69,final_online_training_manifest.csv::soh_rated_pct
B0028_D0013,B0028,731,ONLINE_FIXED_START_CAUSAL_10S_V1,PASS,B0028.mat,050c377e85a2c41165f2e2e0d22bf9575385dd8c835a713c27edb65af6bb25e8,36,12,41.719,31.719,41.719,1,3;4,2,41.719,0.0,0.0,df41ce3fda9ff3ef369887bc644850f5dfc1f68a487dff98da459957b94de7c2,final_online_training_manifest.csv::soh_rated_pct
B0028_D0014,B0028,732,ONLINE_FIXED_START_CAUSAL_10S_V1,PASS,B0028.mat,050c377e85a2c41165f2e2e0d22bf9575385dd8c835a713c27edb65af6bb25e8,38,13,42.047,32.047,42.047,1,3;4,2,42.047,0.0,0.0,e4332682c785db1049ebaaf6b997ebd370c73a6d88f7bd868d7a15cde58618fc,final_online_training_manifest.csv::soh_rated_pct
B0028_D0015,B0028,733,ONLINE_FIXED_START_CAUSAL_10S_V1,PASS,B0028.mat,050c377e85a2c41165f2e2e0d22bf9575385dd8c835a713c27edb65af6bb25e8,40,14,42.032,32.032,42.032,1,3;4,2,42.032,0.0,0.0,3a3c63b616fc7eed57bad2d52aeafcb3b67c9696dc012a8f5b904265f2d3269b,final_online_training_manifest.csv::soh_rated_pct
B0028_D0016,B0028,734,ONLINE_FIXED_START_CAUSAL_10S_V1,PASS,B0028.mat,050c377e85a2c41165f2e2e0d22bf9575385dd8c835a713c27edb65af6bb25e8,42,15,42.109,32.108999999999995,42.109,1,3;4,2,42.108999999999995,0.0,0.0,ee17bbdfbd71fb562a370006809dc913e7c1ec4c35b1073da6630bd2b80638d5,final_online_training_manifest.csv::soh_rated_pct
B0028_D0017,B0028,735,ONLINE_FIXED_START_CAUSAL_10S_V1,PASS,B0028.mat,050c377e85a2c41165f2e2e0d22bf9575385dd8c835a713c27edb65af6bb25e8,46,16,42.344,32.344,42.344,1,3;4,2,42.344,0.0,0.0,a32157e2ae10bc3e050c48641de837cb939ea8ae5c310c213c31975f05566db0,final_online_training_manifest.csv::soh_rated_pct
B0028_D0018,B0028,736,ONLINE_FIXED_START_CAUSAL_10S_V1,PASS,B0028.mat,050c377e85a2c41165f2e2e0d22bf9575385dd8c835a713c27edb65af6bb25e8,50,17,43.187,33.187,43.187,1,3;4,2,43.187,0.0,0.0,df904d054579542950e52eaf53f3af2ac9291e4dae50dc496b6e5f6bcf4d2c17,final_online_training_manifest.csv::soh_rated_pct
B0028_D0019,B0028,737,ONLINE_FIXED_START_CAUSAL_10S_V1,PASS,B0028.mat,050c377e85a2c41165f2e2e0d22bf9575385dd8c835a713c27edb65af6bb25e8,52,18,42.625,32.625,42.625,1,3;4,2,42.625,0.0,0.0,9f5ca60990d98754b025a29d56b80bef954b9b632d9bcb9f2526ff5723b23995,final_online_training_manifest.csv::soh_rated_pct
B0028_D0020,B0028,738,ONLINE_FIXED_START_CAUSAL_10S_V1,PASS,B0028.mat,050c377e85a2c41165f2e2e0d22bf9575385dd8c835a713c27edb65af6bb25e8,54,19,42.875,32.875,42.875,1,3;4,2,42.875,0.0,0.0,9d0bfc7a44a33b8a59c2e211e0fa3264685a231c206d525a43ccf8f6379ce7f5,final_online_training_manifest.csv::soh_rated_pct
B0028_D0021,B0028,739,ONLINE_FIXED_START_CAUSAL_10S_V1,PASS,B0028.mat,050c377e85a2c41165f2e2e0d22bf9575385dd8c835a713c27edb65af6bb25e8,56,20,42.985,32.985,42.985,1,3;4,2,42.985,0.0,0.0,77a8cea104be2bc109faa2ad5384db3be93b8ab02a137298e008a3f3d0b5f577,final_online_training_manifest.csv::soh_rated_pct
B0028_D0022,B0028,740,ONLINE_FIXED_START_CAUSAL_10S_V1,PASS,B0028.mat,050c377e85a2c41165f2e2e0d22bf9575385dd8c835a713c27edb65af6bb25e8,58,21,43.14,33.14,43.14,1,3;4,2,43.14,0.0,0.0,dd2f2c5f3d2f1109cd91866aba73072a923d3a13dd3d8b09757d6d8f17f4da87,final_online_training_manifest.csv::soh_rated_pct
B0028_D0023,B0028,741,ONLINE_FIXED_START_CAUSAL_10S_V1,PASS,B0028.mat,050c377e85a2c41165f2e2e0d22bf9575385dd8c835a713c27edb65af6bb25e8,65,22,43.375,33.375,43.375,1,3;4,2,43.375,0.0,0.0,6b43d227a4b4a5ab02589b217d31eb12df01de2e22d79c396c9753bd6ef86394,final_online_training_manifest.csv::soh_rated_pct
B0028_D0024,B0028,742,ONLINE_FIXED_START_CAUSAL_10S_V1,PASS,B0028.mat,050c377e85a2c41165f2e2e0d22bf9575385dd8c835a713c27edb65af6bb25e8,67,23,43.532,33.532,43.532,1,3;4,2,43.532,0.0,0.0,4d117b77d76958ccbf1a125cf09ede16dd658ba6da1abc6d0049c262ab7fb99e,final_online_training_manifest.csv::soh_rated_pct
B0028_D0025,B0028,743,ONLINE_FIXED_START_CAUSAL_10S_V1,PASS,B0028.mat,050c377e85a2c41165f2e2e0d22bf9575385dd8c835a713c27edb65af6bb25e8,69,24,43.703,33.703,43.703,1,3;4,2,43.703,0.0,0.0,597e011a22c507a0d89e3a1ca210e1e8385deea03905f0a020f7e0167450c675,final_online_training_manifest.csv::soh_rated_pct
B0028_D0026,B0028,744,ONLINE_FIXED_START_CAUSAL_10S_V1,PASS,B0028.mat,050c377e85a2c41165f2e2e0d22bf9575385dd8c835a713c27edb65af6bb25e8,71,25,43.765,33.765,43.765,1,3;4,2,43.765,0.0,0.0,3352b67e2b52073442ae0ca2b2c7d8c95c1a39cd5021c8c5d1eeaf16fb65ee82,final_online_training_manifest.csv::soh_rated_pct
B0028_D0027,B0028,745,ONLINE_FIXED_START_CAUSAL_10S_V1,PASS,B0028.mat,050c377e85a2c41165f2e2e0d22bf9575385dd8c835a713c27edb65af6bb25e8,73,26,43.922,33.922000000000004,43.922,1,3;4,2,43.922000000000004,0.0,0.0,927d23954990de2e7425c8b38b164b1fe40267c42da2d9ee2ab7fb52894ae150,final_online_training_manifest.csv::soh_rated_pct
B0028_D0028,B0028,746,ONLINE_FIXED_START_CAUSAL_10S_V1,PASS,B0028.mat,050c377e85a2c41165f2e2e0d22bf9575385dd8c835a713c27edb65af6bb25e8,77,27,44.156,34.156,44.156,1,3;4,2,44.156,0.0,0.0,4affc1d260711c9d0b83b2cfef7ef3f1866a9bc4657992f511f9611d27daf5c0,final_online_training_manifest.csv::soh_rated_pct
B0029_D0001,B0029,747,ONLINE_FIXED_START_CAUSAL_10S_V1,PASS,B0029.mat,da9c63ac7b8a10d2354ff53fec9be23f4194352e667de5c503b069f7d267ebb2,1,0,38.156000000000006,28.15600000000001,38.156000000000006,2,2;3;4,3,38.156000000000006,0.0,0.0,a0827cb29210a55f2a8a35f0d9ef1925e645a6e53e32c2a1d273dddca2392239,final_online_training_manifest.csv::soh_rated_pct
B0029_D0002,B0029,748,ONLINE_FIXED_START_CAUSAL_10S_V1,PASS,B0029.mat,da9c63ac7b8a10d2354ff53fec9be23f4194352e667de5c503b069f7d267ebb2,3,1,38.203,28.203000000000003,38.203,2,2;3;4,3,38.203,0.0,0.0,e72c7cd66cba703b43bc8a963d1f3db01a0a64b164bfc4175dbf828d56f7fdba,final_online_training_manifest.csv::soh_rated_pct
B0029_D0003,B0029,749,ONLINE_FIXED_START_CAUSAL_10S_V1,PASS,B0029.mat,da9c63ac7b8a10d2354ff53fec9be23f4194352e667de5c503b069f7d267ebb2,5,2,38.453,28.453,38.453,2,2;3;4,3,38.452999999999996,0.0,0.0,e5eeef79c357ec881f5ff2089f0a9ac50d4cb094657d1a7ed87df204d8498970,final_online_training_manifest.csv::soh_rated_pct
B0029_D0004,B0029,750,ONLINE_FIXED_START_CAUSAL_10S_V1,PASS,B0029.mat,da9c63ac7b8a10d2354ff53fec9be23f4194352e667de5c503b069f7d267ebb2,7,3,38.719,28.719,38.719,2,2;3;4,3,38.719,0.0,0.0,b0066140ac7504f33d1e0241dcc6eec89ff784a3a255fbb11f144d32eb4fa960,final_online_training_manifest.csv::soh_rated_pct
B0029_D0005,B0029,751,ONLINE_FIXED_START_CAUSAL_10S_V1,PASS,B0029.mat,da9c63ac7b8a10d2354ff53fec9be23f4194352e667de5c503b069f7d267ebb2,9,4,38.891,28.891,38.891,2,2;3;4,3,38.891,0.0,0.0,0e5806e47c8bc02934baec1389443fbb57c408c82d82c3dc18b030301e5d4c7b,final_online_training_manifest.csv::soh_rated_pct
B0029_D0006,B0029,752,ONLINE_FIXED_START_CAUSAL_10S_V1,PASS,B0029.mat,da9c63ac7b8a10d2354ff53fec9be23f4194352e667de5c503b069f7d267ebb2,13,5,38.953,28.953000000000003,38.953,2,2;3;4,3,38.953,0.0,0.0,fda066933fb80aaac768431987c6172e7a947d4965049ddc67c081f783c8471b,final_online_training_manifest.csv::soh_rated_pct
B0029_D0007,B0029,753,ONLINE_FIXED_START_CAUSAL_10S_V1,PASS,B0029.mat,da9c63ac7b8a10d2354ff53fec9be23f4194352e667de5c503b069f7d267ebb2,15,6,39.141000000000005,29.141000000000005,39.141000000000005,2,2;3;4,3,39.141000000000005,0.0,0.0,95c807e8ab3bf1abc5cbb24a0412a1c5e07a934952f6c8ecf4ae3061429e548d,final_online_training_manifest.csv::soh_rated_pct
B0029_D0008,B0029,754,ONLINE_FIXED_START_CAUSAL_10S_V1,PASS,B0029.mat,da9c63ac7b8a10d2354ff53fec9be23f4194352e667de5c503b069f7d267ebb2,17,7,39.39,29.39,39.39,2,2;3;4,3,39.39,0.0,0.0,491ccc114ad3ca04ee1d7197f497f311d318c6c39ba92a4d9f139f950f7aabff,final_online_training_manifest.csv::soh_rated_pct
B0029_D0009,B0029,755,ONLINE_FIXED_START_CAUSAL_10S_V1,PASS,B0029.mat,da9c63ac7b8a10d2354ff53fec9be23f4194352e667de5c503b069f7d267ebb2,19,8,39.562000000000005,29.562000000000005,39.562000000000005,2,2;3;4,3,39.562000000000005,0.0,0.0,0602d4994055c9efcf4eccf059bb637dc09d331a1a25d99d1f8851440fcca97e,final_online_training_manifest.csv::soh_rated_pct
B0029_D0010,B0029,756,ONLINE_FIXED_START_CAUSAL_10S_V1,PASS,B0029.mat,da9c63ac7b8a10d2354ff53fec9be23f4194352e667de5c503b069f7d267ebb2,21,9,39.515,29.515,39.515,2,2;3;4,3,39.515,0.0,0.0,20880bd737ed230c271386effb56dcb22662b61ad561f4046fc4591f791483a5,final_online_training_manifest.csv::soh_rated_pct
B0029_D0011,B0029,757,ONLINE_FIXED_START_CAUSAL_10S_V1,PASS,B0029.mat,da9c63ac7b8a10d2354ff53fec9be23f4194352e667de5c503b069f7d267ebb2,25,10,39.844,29.844,39.844,2,2;3;4,3,39.843999999999994,0.0,0.0,e55ae4532ba07dfe0e09e928b382c7de928307d19bee45753530efb2a5e3dc4a,final_online_training_manifest.csv::soh_rated_pct
B0029_D0012,B0029,758,ONLINE_FIXED_START_CAUSAL_10S_V1,PASS,B0029.mat,da9c63ac7b8a10d2354ff53fec9be23f4194352e667de5c503b069f7d267ebb2,27,11,39.922,29.922,39.922,2,2;3;4,3,39.922,0.0,0.0,588ff7e74c1849192f1e0edc519c6f2b0ad0bc905de8915484d387da86156dad,final_online_training_manifest.csv::soh_rated_pct
B0029_D0013,B0029,759,ONLINE_FIXED_START_CAUSAL_10S_V1,PASS,B0029.mat,da9c63ac7b8a10d2354ff53fec9be23f4194352e667de5c503b069f7d267ebb2,29,12,40.0,30.0,40.0,2,2;3;4,3,40.0,0.0,0.0,ebd271a1057c0ec2c99246abffa8e98eccf992565386954fb747826257c327f2,final_online_training_manifest.csv::soh_rated_pct
B0029_D0014,B0029,760,ONLINE_FIXED_START_CAUSAL_10S_V1,PASS,B0029.mat,da9c63ac7b8a10d2354ff53fec9be23f4194352e667de5c503b069f7d267ebb2,31,13,40.281,30.281,40.281,1,3;4,2,40.281,0.0,0.0,b9eddd5480afb40370eb31d4e9c4686387cf82b06b35b3daf7ca9acc9c18188b,final_online_training_manifest.csv::soh_rated_pct
B0029_D0015,B0029,761,ONLINE_FIXED_START_CAUSAL_10S_V1,PASS,B0029.mat,da9c63ac7b8a10d2354ff53fec9be23f4194352e667de5c503b069f7d267ebb2,33,14,40.266000000000005,30.266000000000005,40.266000000000005,1,3;4,2,40.266000000000005,0.0,0.0,5d9022b3d54e0fda16bb27443440148ef007a7d0f7dde28970d96a0c5933b378,final_online_training_manifest.csv::soh_rated_pct
B0029_D0016,B0029,762,ONLINE_FIXED_START_CAUSAL_10S_V1,PASS,B0029.mat,da9c63ac7b8a10d2354ff53fec9be23f4194352e667de5c503b069f7d267ebb2,37,15,40.516,30.516,40.516,1,3;4,2,40.516,0.0,0.0,9d54586297a547ebbda90971c80cd731d66efe516efe1c7664fa910e0f91989c,final_online_training_manifest.csv::soh_rated_pct
B0029_D0017,B0029,763,ONLINE_FIXED_START_CAUSAL_10S_V1,PASS,B0029.mat,da9c63ac7b8a10d2354ff53fec9be23f4194352e667de5c503b069f7d267ebb2,39,16,40.578,30.578000000000003,40.578,1,3;4,2,40.578,0.0,0.0,8c8988525e2cd7a409793a432d563755cf8f0900843d11243bdf103a2e08ec3b,final_online_training_manifest.csv::soh_rated_pct
B0029_D0018,B0029,764,ONLINE_FIXED_START_CAUSAL_10S_V1,PASS,B0029.mat,da9c63ac7b8a10d2354ff53fec9be23f4194352e667de5c503b069f7d267ebb2,41,17,40.828,30.828000000000003,40.828,1,3;4,2,40.828,0.0,0.0,41957661e2b7b58b17ed9961b720930d3adc84dc93039f48873a7eab2deefbac,final_online_training_manifest.csv::soh_rated_pct
B0029_D0019,B0029,765,ONLINE_FIXED_START_CAUSAL_10S_V1,PASS,B0029.mat,da9c63ac7b8a10d2354ff53fec9be23f4194352e667de5c503b069f7d267ebb2,43,18,40.781000000000006,30.78100000000001,40.781000000000006,1,3;4,2,40.781000000000006,0.0,0.0,fed2d90bdf5c4b2cb58c9dab63026ebc3145efa9dc291afe09a3a73a9452d351,final_online_training_manifest.csv::soh_rated_pct
B0029_D0020,B0029,766,ONLINE_FIXED_START_CAUSAL_10S_V1,PASS,B0029.mat,da9c63ac7b8a10d2354ff53fec9be23f4194352e667de5c503b069f7d267ebb2,45,19,40.938,30.938,40.938,1,3;4,2,40.938,0.0,0.0,d599c2e38cbb2d552fed918092c2e08e2a2ba58797355dae22dbe38f154ab269,final_online_training_manifest.csv::soh_rated_pct
B0029_D0021,B0029,767,ONLINE_FIXED_START_CAUSAL_10S_V1,PASS,B0029.mat,da9c63ac7b8a10d2354ff53fec9be23f4194352e667de5c503b069f7d267ebb2,49,20,41.046,31.046,41.046,1,3;4,2,41.046,0.0,0.0,db911f7373a516b7b97a8861f8c1b1b2f8a4cbcc2bbd8a9258831668241bb1d7,final_online_training_manifest.csv::soh_rated_pct
B0029_D0022,B0029,768,ONLINE_FIXED_START_CAUSAL_10S_V1,PASS,B0029.mat,da9c63ac7b8a10d2354ff53fec9be23f4194352e667de5c503b069f7d267ebb2,51,21,41.156000000000006,31.15600000000001,41.156000000000006,1,3;4,2,41.156000000000006,0.0,0.0,d1132f9774d8e6c9a501032e721b59c796b0e57821076fdc9b7783a6d8ec34d6,final_online_training_manifest.csv::soh_rated_pct
B0029_D0023,B0029,769,ONLINE_FIXED_START_CAUSAL_10S_V1,PASS,B0029.mat,da9c63ac7b8a10d2354ff53fec9be23f4194352e667de5c503b069f7d267ebb2,53,22,41.25,31.25,41.25,1,3;4,2,41.25,0.0,0.0,dcfc2d35c248c1ef066e7ae00a787e4fdcc96a48075259982a855e3f6013102a,final_online_training_manifest.csv::soh_rated_pct
B0029_D0024,B0029,770,ONLINE_FIXED_START_CAUSAL_10S_V1,PASS,B0029.mat,da9c63ac7b8a10d2354ff53fec9be23f4194352e667de5c503b069f7d267ebb2,55,23,41.468,31.468000000000004,41.468,1,3;4,2,41.468,0.0,0.0,ae51f5b060b4f24cb706f8c4f7dd3bf5394966f9a1ceea6b0f17f491b5460e0b,final_online_training_manifest.csv::soh_rated_pct
B0029_D0025,B0029,771,ONLINE_FIXED_START_CAUSAL_10S_V1,PASS,B0029.mat,da9c63ac7b8a10d2354ff53fec9be23f4194352e667de5c503b069f7d267ebb2,57,24,41.609,31.609,41.609,1,3;4,2,41.609,0.0,0.0,7372dd0be2c491682b9dd44f2ea6a4829ef37d2ae233544210266b89878f25b2,final_online_training_manifest.csv::soh_rated_pct
B0029_D0026,B0029,772,ONLINE_FIXED_START_CAUSAL_10S_V1,PASS,B0029.mat,da9c63ac7b8a10d2354ff53fec9be23f4194352e667de5c503b069f7d267ebb2,61,25,41.672,31.672,41.672,1,3;4,2,41.672,0.0,0.0,9ce3b701ece2509e6d979c4ea510bc8101bbf816630894287e6a7b73eb31c52b,final_online_training_manifest.csv::soh_rated_pct
B0029_D0027,B0029,773,ONLINE_FIXED_START_CAUSAL_10S_V1,PASS,B0029.mat,da9c63ac7b8a10d2354ff53fec9be23f4194352e667de5c503b069f7d267ebb2,63,26,41.969,31.969,41.969,1,3;4,2,41.968999999999994,0.0,0.0,1d742a6ab4058d547c2bb96e4494d2b4f0f93ee1d1d4a92749b31fa11c83aa4e,final_online_training_manifest.csv::soh_rated_pct
B0029_D0028,B0029,774,ONLINE_FIXED_START_CAUSAL_10S_V1,PASS,B0029.mat,da9c63ac7b8a10d2354ff53fec9be23f4194352e667de5c503b069f7d267ebb2,65,27,41.875,31.875,41.875,1,3;4,2,41.875,0.0,0.0,8d0199358b55b263291c3b73e3640e7e190f57c29d91f579c2eaa714211544dc,final_online_training_manifest.csv::soh_rated_pct
B0029_D0029,B0029,775,ONLINE_FIXED_START_CAUSAL_10S_V1,PASS,B0029.mat,da9c63ac7b8a10d2354ff53fec9be23f4194352e667de5c503b069f7d267ebb2,67,28,41.984,31.983999999999995,41.984,1,3;4,2,41.983999999999995,0.0,0.0,6d76dc65e496421a5e80baa52519a16c60047b6d1c8b7c6de627dfa4f7cb1309,final_online_training_manifest.csv::soh_rated_pct
B0029_D0030,B0029,776,ONLINE_FIXED_START_CAUSAL_10S_V1,PASS,B0029.mat,da9c63ac7b8a10d2354ff53fec9be23f4194352e667de5c503b069f7d267ebb2,69,29,42.313,32.313,42.313,1,3;4,2,42.313,0.0,0.0,2c9774cd55b25306531fb90d3963c4e1fe1536b2cc35e6419f588705f8216bc5,final_online_training_manifest.csv::soh_rated_pct
B0029_D0031,B0029,777,ONLINE_FIXED_START_CAUSAL_10S_V1,PASS,B0029.mat,da9c63ac7b8a10d2354ff53fec9be23f4194352e667de5c503b069f7d267ebb2,73,30,42.313,32.313,42.313,1,3;4,2,42.313,0.0,0.0,2ca6f4f19404edbea4f86bdcb1dfe3eb37132bf5d2eb74aeea3b252a19650179,final_online_training_manifest.csv::soh_rated_pct
B0029_D0032,B0029,778,ONLINE_FIXED_START_CAUSAL_10S_V1,PASS,B0029.mat,da9c63ac7b8a10d2354ff53fec9be23f4194352e667de5c503b069f7d267ebb2,75,31,42.579,32.579,42.579,1,3;4,2,42.579,0.0,0.0,a237db060e91e73bd7ae7f9392693bb6d5cc31dc83a3b7dcb93b7785965ce088,final_online_training_manifest.csv::soh_rated_pct
B0029_D0033,B0029,779,ONLINE_FIXED_START_CAUSAL_10S_V1,PASS,B0029.mat,da9c63ac7b8a10d2354ff53fec9be23f4194352e667de5c503b069f7d267ebb2,77,32,42.547,32.547,42.547,1,3;4,2,42.547,0.0,0.0,36704442afb7f9e05d42424ea393a5549770c13ae22a579c22a8421a767f4b9f,final_online_training_manifest.csv::soh_rated_pct
B0029_D0034,B0029,780,ONLINE_FIXED_START_CAUSAL_10S_V1,PASS,B0029.mat,da9c63ac7b8a10d2354ff53fec9be23f4194352e667de5c503b069f7d267ebb2,79,33,42.594,32.594,42.594,1,3;4,2,42.594,0.0,0.0,90dea59d83add49a51faac6983cb4b5a45a75a74cb88e6f88f70f503e55a485f,final_online_training_manifest.csv::soh_rated_pct
B0029_D0035,B0029,781,ONLINE_FIXED_START_CAUSAL_10S_V1,PASS,B0029.mat,da9c63ac7b8a10d2354ff53fec9be23f4194352e667de5c503b069f7d267ebb2,81,34,42.593,32.593,42.593,1,3;4,2,42.592999999999996,0.0,0.0,cbeded2c9ffb06f4046e9b4b36a64e43c6866bf15c399a81d219be2743ce9666,final_online_training_manifest.csv::soh_rated_pct
B0029_D0036,B0029,782,ONLINE_FIXED_START_CAUSAL_10S_V1,PASS,B0029.mat,da9c63ac7b8a10d2354ff53fec9be23f4194352e667de5c503b069f7d267ebb2,85,35,42.859,32.859,42.859,1,3;4,2,42.859,0.0,0.0,d46eb64c4711eaf5977bb0b34b8523bfadecf1e3d9c6b24907dbc35392e07a39,final_online_training_manifest.csv::soh_rated_pct
B0029_D0037,B0029,783,ONLINE_FIXED_START_CAUSAL_10S_V1,PASS,B0029.mat,da9c63ac7b8a10d2354ff53fec9be23f4194352e667de5c503b069f7d267ebb2,87,36,43.031,33.031,43.031,1,3;4,2,43.031,0.0,0.0,01cb3404a4e64c1085f7646530eefbae5726b0fd408e88add2f2176a6ba22395,final_online_training_manifest.csv::soh_rated_pct
B0029_D0038,B0029,784,ONLINE_FIXED_START_CAUSAL_10S_V1,PASS,B0029.mat,da9c63ac7b8a10d2354ff53fec9be23f4194352e667de5c503b069f7d267ebb2,89,37,43.156000000000006,33.156000000000006,43.156000000000006,1,3;4,2,43.156000000000006,0.0,0.0,e71bf945667323904c4f3886dab73c98d08ac93f3383d9dbb19ebba7bf49297a,final_online_training_manifest.csv::soh_rated_pct
B0029_D0039,B0029,785,ONLINE_FIXED_START_CAUSAL_10S_V1,PASS,B0029.mat,da9c63ac7b8a10d2354ff53fec9be23f4194352e667de5c503b069f7d267ebb2,91,38,43.187000000000005,33.187000000000005,43.187000000000005,1,3;4,2,43.187000000000005,0.0,0.0,fc1686df87f804a06b3766ae223f8a573c20a863f068dcaed2e0de26ff35ba3f,final_online_training_manifest.csv::soh_rated_pct
B0029_D0040,B0029,786,ONLINE_FIXED_START_CAUSAL_10S_V1,PASS,B0029.mat,da9c63ac7b8a10d2354ff53fec9be23f4194352e667de5c503b069f7d267ebb2,93,39,43.344,33.343999999999994,43.344,1,3;4,2,43.343999999999994,0.0,0.0,b76fa31664c2bf5ffd04f5d9d8cda79a9b8315e65f56050e3069c4e1adc9a4e0,final_online_training_manifest.csv::soh_rated_pct
B0030_D0001,B0030,787,ONLINE_FIXED_START_CAUSAL_10S_V1,PASS,B0030.mat,c29a910256812449aa6090031471a57440e2e7bc827bd2c822b0d3135485cc99,1,0,38.156000000000006,28.15600000000001,38.156000000000006,2,2;3;4,3,38.156000000000006,0.0,0.0,14f9a106b381edf23d042e9c36c33f2fae77584353e1e55527c0bc4143e0ca51,final_online_training_manifest.csv::soh_rated_pct
B0030_D0002,B0030,788,ONLINE_FIXED_START_CAUSAL_10S_V1,PASS,B0030.mat,c29a910256812449aa6090031471a57440e2e7bc827bd2c822b0d3135485cc99,3,1,38.203,28.203000000000003,38.203,2,2;3;4,3,38.203,0.0,0.0,0f573fab870d29f26a898e8ace6ce6eb2b46643e748f0d16f3094b94db0a8061,final_online_training_manifest.csv::soh_rated_pct
B0030_D0003,B0030,789,ONLINE_FIXED_START_CAUSAL_10S_V1,PASS,B0030.mat,c29a910256812449aa6090031471a57440e2e7bc827bd2c822b0d3135485cc99,5,2,38.453,28.453,38.453,2,2;3;4,3,38.452999999999996,0.0,0.0,cfba9cc234623f851b34774e1ab1f9e6d799b27e261708afab2795dc60ee6e97,final_online_training_manifest.csv::soh_rated_pct
B0030_D0004,B0030,790,ONLINE_FIXED_START_CAUSAL_10S_V1,PASS,B0030.mat,c29a910256812449aa6090031471a57440e2e7bc827bd2c822b0d3135485cc99,7,3,38.719,28.719,38.719,2,2;3;4,3,38.719,0.0,0.0,348f3ff4e02c8904804f474eb3133e6c20d9b340c877538599a3ce4d1d2fc1fe,final_online_training_manifest.csv::soh_rated_pct
B0030_D0005,B0030,791,ONLINE_FIXED_START_CAUSAL_10S_V1,PASS,B0030.mat,c29a910256812449aa6090031471a57440e2e7bc827bd2c822b0d3135485cc99,9,4,38.891,28.891,38.891,2,2;3;4,3,38.891,0.0,0.0,7c728eba1d46b4c9c48ba9c337eb1d47bd6f431ab8f6d6c487abac76f59288c4,final_online_training_manifest.csv::soh_rated_pct
B0030_D0006,B0030,792,ONLINE_FIXED_START_CAUSAL_10S_V1,PASS,B0030.mat,c29a910256812449aa6090031471a57440e2e7bc827bd2c822b0d3135485cc99,13,5,38.953,28.953000000000003,38.953,2,2;3;4,3,38.953,0.0,0.0,0a288cf4632229bfc03761357318ca5307437a8a360a6bc696f32e5f173d7737,final_online_training_manifest.csv::soh_rated_pct
B0030_D0007,B0030,793,ONLINE_FIXED_START_CAUSAL_10S_V1,PASS,B0030.mat,c29a910256812449aa6090031471a57440e2e7bc827bd2c822b0d3135485cc99,15,6,39.141000000000005,29.141000000000005,39.141000000000005,2,2;3;4,3,39.141000000000005,0.0,0.0,60041fd0d69e688ad978d4f7cfc7d09a9c746a7fcb465404bf5d46a5411c81a1,final_online_training_manifest.csv::soh_rated_pct
B0030_D0008,B0030,794,ONLINE_FIXED_START_CAUSAL_10S_V1,PASS,B0030.mat,c29a910256812449aa6090031471a57440e2e7bc827bd2c822b0d3135485cc99,17,7,39.39,29.39,39.39,2,2;3;4,3,39.39,0.0,0.0,8f45ee3db22202392a344b311b685941806cc70758d037cde7f9ac782cde3224,final_online_training_manifest.csv::soh_rated_pct
B0030_D0009,B0030,795,ONLINE_FIXED_START_CAUSAL_10S_V1,PASS,B0030.mat,c29a910256812449aa6090031471a57440e2e7bc827bd2c822b0d3135485cc99,19,8,39.562000000000005,29.562000000000005,39.562000000000005,2,2;3;4,3,39.562000000000005,0.0,0.0,8c035695acb1b0e9863afe7fcc70e2dbb1dcc9e36a5e2444a2d73496a46f7603,final_online_training_manifest.csv::soh_rated_pct
B0030_D0010,B0030,796,ONLINE_FIXED_START_CAUSAL_10S_V1,PASS,B0030.mat,c29a910256812449aa6090031471a57440e2e7bc827bd2c822b0d3135485cc99,21,9,39.515,29.515,39.515,2,2;3;4,3,39.515,0.0,0.0,579ba21c86b583f08045334eb08078f948ad72a8c31e58bb4ec8bcb0455cff44,final_online_training_manifest.csv::soh_rated_pct
B0030_D0011,B0030,797,ONLINE_FIXED_START_CAUSAL_10S_V1,PASS,B0030.mat,c29a910256812449aa6090031471a57440e2e7bc827bd2c822b0d3135485cc99,25,10,39.844,29.844,39.844,2,2;3;4,3,39.843999999999994,0.0,0.0,9010a16dc65e6f973c50108ede280d8775ab9f0106c08522360eca906d4cf34e,final_online_training_manifest.csv::soh_rated_pct
B0030_D0012,B0030,798,ONLINE_FIXED_START_CAUSAL_10S_V1,PASS,B0030.mat,c29a910256812449aa6090031471a57440e2e7bc827bd2c822b0d3135485cc99,27,11,39.922,29.922,39.922,2,2;3;4,3,39.922,0.0,0.0,5d7ae8572f2a255b18ec0e7c31e5531bf6ad1c4828f09c94f899f9ade3ac2f2b,final_online_training_manifest.csv::soh_rated_pct
B0030_D0013,B0030,799,ONLINE_FIXED_START_CAUSAL_10S_V1,PASS,B0030.mat,c29a910256812449aa6090031471a57440e2e7bc827bd2c822b0d3135485cc99,29,12,40.0,30.0,40.0,2,2;3;4,3,40.0,0.0,0.0,99615c84f76ccd27a9b87b99e16d25e8d2faa8326e59e75f266268bb9a0acece,final_online_training_manifest.csv::soh_rated_pct
B0030_D0014,B0030,800,ONLINE_FIXED_START_CAUSAL_10S_V1,PASS,B0030.mat,c29a910256812449aa6090031471a57440e2e7bc827bd2c822b0d3135485cc99,31,13,40.281,30.281,40.281,1,3;4,2,40.281,0.0,0.0,b7295ea283252dc417384be481aade77677f6c4895875c44bb111347f963411d,final_online_training_manifest.csv::soh_rated_pct
B0030_D0015,B0030,801,ONLINE_FIXED_START_CAUSAL_10S_V1,PASS,B0030.mat,c29a910256812449aa6090031471a57440e2e7bc827bd2c822b0d3135485cc99,33,14,40.266000000000005,30.266000000000005,40.266000000000005,1,3;4,2,40.266000000000005,0.0,0.0,9f1f259d6b05c9640e87733e733a3a9b1e4b405f87b957a295f70636f1963b79,final_online_training_manifest.csv::soh_rated_pct
B0030_D0016,B0030,802,ONLINE_FIXED_START_CAUSAL_10S_V1,PASS,B0030.mat,c29a910256812449aa6090031471a57440e2e7bc827bd2c822b0d3135485cc99,37,15,40.516,30.516,40.516,1,3;4,2,40.516,0.0,0.0,cfbccceab4748fd9041b09d232a0a117c4993ab0fd0e1470532aa7edea40ed4a,final_online_training_manifest.csv::soh_rated_pct
B0030_D0017,B0030,803,ONLINE_FIXED_START_CAUSAL_10S_V1,PASS,B0030.mat,c29a910256812449aa6090031471a57440e2e7bc827bd2c822b0d3135485cc99,39,16,40.578,30.578000000000003,40.578,1,3;4,2,40.578,0.0,0.0,7f0892fb27c5b11c6d51fd4fed87baf4d9a8e7e317a099009d4dcb39eff9aba8,final_online_training_manifest.csv::soh_rated_pct
B0030_D0018,B0030,804,ONLINE_FIXED_START_CAUSAL_10S_V1,PASS,B0030.mat,c29a910256812449aa6090031471a57440e2e7bc827bd2c822b0d3135485cc99,41,17,40.828,30.828000000000003,40.828,1,3;4,2,40.828,0.0,0.0,08aeb7b73ab1ede603d4bde85bb24108e491a6d05b1e502d3d075e6b876a0f6a,final_online_training_manifest.csv::soh_rated_pct
B0030_D0019,B0030,805,ONLINE_FIXED_START_CAUSAL_10S_V1,PASS,B0030.mat,c29a910256812449aa6090031471a57440e2e7bc827bd2c822b0d3135485cc99,43,18,40.781000000000006,30.78100000000001,40.781000000000006,1,3;4,2,40.781000000000006,0.0,0.0,d0507f163e53b94769d2b683a18f12d70928d1edac342227cd65459ef90100aa,final_online_training_manifest.csv::soh_rated_pct
B0030_D0020,B0030,806,ONLINE_FIXED_START_CAUSAL_10S_V1,PASS,B0030.mat,c29a910256812449aa6090031471a57440e2e7bc827bd2c822b0d3135485cc99,45,19,40.938,30.938,40.938,1,3;4,2,40.938,0.0,0.0,808f3151bc1b5eca882c22933ae2975cbc42dfee12e53a7af7766c8d8013d074,final_online_training_manifest.csv::soh_rated_pct
B0030_D0021,B0030,807,ONLINE_FIXED_START_CAUSAL_10S_V1,PASS,B0030.mat,c29a910256812449aa6090031471a57440e2e7bc827bd2c822b0d3135485cc99,49,20,41.046,31.046,41.046,1,3;4,2,41.046,0.0,0.0,e413fcd5ab86cdbc3ac999df74437dc8eac6da2fa4374d0d9f391bfb61051bea,final_online_training_manifest.csv::soh_rated_pct
B0030_D0022,B0030,808,ONLINE_FIXED_START_CAUSAL_10S_V1,PASS,B0030.mat,c29a910256812449aa6090031471a57440e2e7bc827bd2c822b0d3135485cc99,51,21,41.156000000000006,31.15600000000001,41.156000000000006,1,3;4,2,41.156000000000006,0.0,0.0,39a0957d77a841a55263c7d319b52dada656e3f0bd5cec4135de2f30d6bfb2a2,final_online_training_manifest.csv::soh_rated_pct
B0030_D0023,B0030,809,ONLINE_FIXED_START_CAUSAL_10S_V1,PASS,B0030.mat,c29a910256812449aa6090031471a57440e2e7bc827bd2c822b0d3135485cc99,53,22,41.25,31.25,41.25,1,3;4,2,41.25,0.0,0.0,a13c79d96a7bd5053db55d0c9cd96e33568a2276edbe37fce3b046dca08dfcdf,final_online_training_manifest.csv::soh_rated_pct
B0030_D0024,B0030,810,ONLINE_FIXED_START_CAUSAL_10S_V1,PASS,B0030.mat,c29a910256812449aa6090031471a57440e2e7bc827bd2c822b0d3135485cc99,55,23,41.468,31.468000000000004,41.468,1,3;4,2,41.468,0.0,0.0,81eb09bf42875e43709f9a620e8d7f6ba122239eba8b56d116a51cda87f9d4cc,final_online_training_manifest.csv::soh_rated_pct
B0030_D0025,B0030,811,ONLINE_FIXED_START_CAUSAL_10S_V1,PASS,B0030.mat,c29a910256812449aa6090031471a57440e2e7bc827bd2c822b0d3135485cc99,57,24,41.609,31.609,41.609,1,3;4,2,41.609,0.0,0.0,0e148c7579e5eb7829c9438b3e22ad5bde164dcb678f5e34400943e043aeae04,final_online_training_manifest.csv::soh_rated_pct
B0030_D0026,B0030,812,ONLINE_FIXED_START_CAUSAL_10S_V1,PASS,B0030.mat,c29a910256812449aa6090031471a57440e2e7bc827bd2c822b0d3135485cc99,61,25,41.672,31.672,41.672,1,3;4,2,41.672,0.0,0.0,cf1573d84da46de8458a51c1d283921c5398c2137216d00da425175ed317ec02,final_online_training_manifest.csv::soh_rated_pct
B0030_D0027,B0030,813,ONLINE_FIXED_START_CAUSAL_10S_V1,PASS,B0030.mat,c29a910256812449aa6090031471a57440e2e7bc827bd2c822b0d3135485cc99,63,26,41.969,31.969,41.969,1,3;4,2,41.968999999999994,0.0,0.0,ee03fb6a0e58e048c8f2b56fee9a46c550cb3b032a7822378d395f6db2e01a9c,final_online_training_manifest.csv::soh_rated_pct
B0030_D0028,B0030,814,ONLINE_FIXED_START_CAUSAL_10S_V1,PASS,B0030.mat,c29a910256812449aa6090031471a57440e2e7bc827bd2c822b0d3135485cc99,65,27,41.875,31.875,41.875,1,3;4,2,41.875,0.0,0.0,7581b00bfe1067d37beb40e74d8ce98d205fe648886c8c6219717098277ae2b8,final_online_training_manifest.csv::soh_rated_pct
B0030_D0029,B0030,815,ONLINE_FIXED_START_CAUSAL_10S_V1,PASS,B0030.mat,c29a910256812449aa6090031471a57440e2e7bc827bd2c822b0d3135485cc99,67,28,41.984,31.983999999999995,41.984,1,3;4,2,41.983999999999995,0.0,0.0,af97bf22085b9313cbd4c1c3496daf6cdf384fb0b9ff72891beebba05cc53407,final_online_training_manifest.csv::soh_rated_pct
B0030_D0030,B0030,816,ONLINE_FIXED_START_CAUSAL_10S_V1,PASS,B0030.mat,c29a910256812449aa6090031471a57440e2e7bc827bd2c822b0d3135485cc99,69,29,42.313,32.313,42.313,1,3;4,2,42.313,0.0,0.0,4d55b5136d7edb0be5fa11b308c8404dfb06eae9a84c365cfba1050d18936986,final_online_training_manifest.csv::soh_rated_pct
B0030_D0031,B0030,817,ONLINE_FIXED_START_CAUSAL_10S_V1,PASS,B0030.mat,c29a910256812449aa6090031471a57440e2e7bc827bd2c822b0d3135485cc99,73,30,42.313,32.313,42.313,1,3;4,2,42.313,0.0,0.0,b91e6a179d478de65930153b744c9959864bf47da4c1a96386f3cb5d38a79a81,final_online_training_manifest.csv::soh_rated_pct
B0030_D0032,B0030,818,ONLINE_FIXED_START_CAUSAL_10S_V1,PASS,B0030.mat,c29a910256812449aa6090031471a57440e2e7bc827bd2c822b0d3135485cc99,75,31,42.579,32.579,42.579,1,3;4,2,42.579,0.0,0.0,f83dd69745030e317ba3e9dbcd7ba78f9011967312e8477d3286a692333df4d0,final_online_training_manifest.csv::soh_rated_pct
B0030_D0033,B0030,819,ONLINE_FIXED_START_CAUSAL_10S_V1,PASS,B0030.mat,c29a910256812449aa6090031471a57440e2e7bc827bd2c822b0d3135485cc99,77,32,42.547,32.547,42.547,1,3;4,2,42.547,0.0,0.0,32157d90c90fdeccadff598199ea28dacc9df35b48b7e157f057108313397339,final_online_training_manifest.csv::soh_rated_pct
B0030_D0034,B0030,820,ONLINE_FIXED_START_CAUSAL_10S_V1,PASS,B0030.mat,c29a910256812449aa6090031471a57440e2e7bc827bd2c822b0d3135485cc99,79,33,42.594,32.594,42.594,1,3;4,2,42.594,0.0,0.0,ddf9142198d8578c05d917881c1f4fe22a1f7dc2a95804bb7f3ed5daf6ac0dda,final_online_training_manifest.csv::soh_rated_pct
B0030_D0035,B0030,821,ONLINE_FIXED_START_CAUSAL_10S_V1,PASS,B0030.mat,c29a910256812449aa6090031471a57440e2e7bc827bd2c822b0d3135485cc99,81,34,42.593,32.593,42.593,1,3;4,2,42.592999999999996,0.0,0.0,11959cb6c1e0313a33020673185df4e97e9ff930239f35d4f7d16dd2131e8e8d,final_online_training_manifest.csv::soh_rated_pct
B0030_D0036,B0030,822,ONLINE_FIXED_START_CAUSAL_10S_V1,PASS,B0030.mat,c29a910256812449aa6090031471a57440e2e7bc827bd2c822b0d3135485cc99,85,35,42.859,32.859,42.859,1,3;4,2,42.859,0.0,0.0,cf5640580e4bb0f9a36e86eba69ed0aeb19c0edd728f1e7717b5f74f12e5329e,final_online_training_manifest.csv::soh_rated_pct
B0030_D0037,B0030,823,ONLINE_FIXED_START_CAUSAL_10S_V1,PASS,B0030.mat,c29a910256812449aa6090031471a57440e2e7bc827bd2c822b0d3135485cc99,87,36,43.031,33.031,43.031,1,3;4,2,43.031,0.0,0.0,0a2adb7b420057ebf46f0975d9cd06053d20fd21f0ed163bd5c99fbef29afabe,final_online_training_manifest.csv::soh_rated_pct
B0030_D0038,B0030,824,ONLINE_FIXED_START_CAUSAL_10S_V1,PASS,B0030.mat,c29a910256812449aa6090031471a57440e2e7bc827bd2c822b0d3135485cc99,89,37,43.156000000000006,33.156000000000006,43.156000000000006,1,3;4,2,43.156000000000006,0.0,0.0,de1ca5fda9362206c7e6b4a411897407d71de0ce9d1fdd1d3473e081c2047697,final_online_training_manifest.csv::soh_rated_pct
B0030_D0039,B0030,825,ONLINE_FIXED_START_CAUSAL_10S_V1,PASS,B0030.mat,c29a910256812449aa6090031471a57440e2e7bc827bd2c822b0d3135485cc99,91,38,43.187000000000005,33.187000000000005,43.187000000000005,1,3;4,2,43.187000000000005,0.0,0.0,3f1d8926899ba86e7f17bfc5a93a94338d1d5302ecc5e123d672db3f5585eb0c,final_online_training_manifest.csv::soh_rated_pct
B0030_D0040,B0030,826,ONLINE_FIXED_START_CAUSAL_10S_V1,PASS,B0030.mat,c29a910256812449aa6090031471a57440e2e7bc827bd2c822b0d3135485cc99,93,39,43.344,33.343999999999994,43.344,1,3;4,2,43.343999999999994,0.0,0.0,770b931f6e86e1571dfc5ff183e8053e6b8758d25761f6e427c1d6ce986a0d06,final_online_training_manifest.csv::soh_rated_pct
B0031_D0001,B0031,827,ONLINE_FIXED_START_CAUSAL_10S_V1,PASS,B0031.mat,c47cb3a5ef47ef4de26fcc80c2173fec24a139f6c305852fccee603cd6c4bcec,1,0,38.156000000000006,28.15600000000001,38.156000000000006,2,2;3;4,3,38.156000000000006,0.0,0.0,69a043dd50ff54beee317c061808e73b7003349fd5acaad9d9c180a8dfb48a2d,final_online_training_manifest.csv::soh_rated_pct
B0031_D0002,B0031,828,ONLINE_FIXED_START_CAUSAL_10S_V1,PASS,B0031.mat,c47cb3a5ef47ef4de26fcc80c2173fec24a139f6c305852fccee603cd6c4bcec,3,1,38.203,28.203000000000003,38.203,2,2;3;4,3,38.203,0.0,0.0,08d8dc33ba0045c28047b0f9ad1337e282f47b8c584a5cbbc2d8fa607c99fb16,final_online_training_manifest.csv::soh_rated_pct
B0031_D0003,B0031,829,ONLINE_FIXED_START_CAUSAL_10S_V1,PASS,B0031.mat,c47cb3a5ef47ef4de26fcc80c2173fec24a139f6c305852fccee603cd6c4bcec,5,2,38.453,28.453,38.453,2,2;3;4,3,38.452999999999996,0.0,0.0,0faa6831c854dca5186f3d8a2cf3f023824ea6747d16cab9df98d1e43e68425f,final_online_training_manifest.csv::soh_rated_pct
B0031_D0004,B0031,830,ONLINE_FIXED_START_CAUSAL_10S_V1,PASS,B0031.mat,c47cb3a5ef47ef4de26fcc80c2173fec24a139f6c305852fccee603cd6c4bcec,7,3,38.719,28.719,38.719,2,2;3;4,3,38.719,0.0,0.0,ff3060fbff252894d3d94941635e313e825f2c1289171270bcc2d89c5b05a3d0,final_online_training_manifest.csv::soh_rated_pct
B0031_D0005,B0031,831,ONLINE_FIXED_START_CAUSAL_10S_V1,PASS,B0031.mat,c47cb3a5ef47ef4de26fcc80c2173fec24a139f6c305852fccee603cd6c4bcec,9,4,38.891,28.891,38.891,2,2;3;4,3,38.891,0.0,0.0,6ac80797dd45f73a74d59fd492f98e78a38e3427ff38ed40bc570dd4202523e2,final_online_training_manifest.csv::soh_rated_pct
B0031_D0006,B0031,832,ONLINE_FIXED_START_CAUSAL_10S_V1,PASS,B0031.mat,c47cb3a5ef47ef4de26fcc80c2173fec24a139f6c305852fccee603cd6c4bcec,13,5,38.953,28.953000000000003,38.953,2,2;3;4,3,38.953,0.0,0.0,e181bbb5df2db6b6464678d78d1c1f906d98ef7be86b677988051d3ae71779b7,final_online_training_manifest.csv::soh_rated_pct
B0031_D0007,B0031,833,ONLINE_FIXED_START_CAUSAL_10S_V1,PASS,B0031.mat,c47cb3a5ef47ef4de26fcc80c2173fec24a139f6c305852fccee603cd6c4bcec,15,6,39.141000000000005,29.141000000000005,39.141000000000005,2,2;3;4,3,39.141000000000005,0.0,0.0,3523633ed1978432e9ab63ac6e55b231111a0cf2f993d964b363ac54a4acca32,final_online_training_manifest.csv::soh_rated_pct
B0031_D0008,B0031,834,ONLINE_FIXED_START_CAUSAL_10S_V1,PASS,B0031.mat,c47cb3a5ef47ef4de26fcc80c2173fec24a139f6c305852fccee603cd6c4bcec,17,7,39.39,29.39,39.39,2,2;3;4,3,39.39,0.0,0.0,4db4763d450b4b6e6edba08b8f1bd3fbdf1692521c039f10b72d5f91973b6972,final_online_training_manifest.csv::soh_rated_pct
B0031_D0009,B0031,835,ONLINE_FIXED_START_CAUSAL_10S_V1,PASS,B0031.mat,c47cb3a5ef47ef4de26fcc80c2173fec24a139f6c305852fccee603cd6c4bcec,19,8,39.562000000000005,29.562000000000005,39.562000000000005,2,2;3;4,3,39.562000000000005,0.0,0.0,27bb55c97ffe20b3f16ff52615b8561baf9ece731f5f921076639e64d5a32c66,final_online_training_manifest.csv::soh_rated_pct
B0031_D0010,B0031,836,ONLINE_FIXED_START_CAUSAL_10S_V1,PASS,B0031.mat,c47cb3a5ef47ef4de26fcc80c2173fec24a139f6c305852fccee603cd6c4bcec,21,9,39.515,29.515,39.515,2,2;3;4,3,39.515,0.0,0.0,2478ddf6cb7807884ce1e4a4596088c3fb66bda762e68b7a0a94c4e37c6b24f0,final_online_training_manifest.csv::soh_rated_pct
B0031_D0011,B0031,837,ONLINE_FIXED_START_CAUSAL_10S_V1,PASS,B0031.mat,c47cb3a5ef47ef4de26fcc80c2173fec24a139f6c305852fccee603cd6c4bcec,25,10,39.844,29.844,39.844,2,2;3;4,3,39.843999999999994,0.0,0.0,e074f664fbc784bbf11e445af948121a018ae0de5666c8daa925e7623882f92d,final_online_training_manifest.csv::soh_rated_pct
B0031_D0012,B0031,838,ONLINE_FIXED_START_CAUSAL_10S_V1,PASS,B0031.mat,c47cb3a5ef47ef4de26fcc80c2173fec24a139f6c305852fccee603cd6c4bcec,27,11,39.922,29.922,39.922,2,2;3;4,3,39.922,0.0,0.0,1f678cb5191826ea47c5fb8309b8d5c3a7e6bebc8add93a5c30c2c2f7892365f,final_online_training_manifest.csv::soh_rated_pct
B0031_D0013,B0031,839,ONLINE_FIXED_START_CAUSAL_10S_V1,PASS,B0031.mat,c47cb3a5ef47ef4de26fcc80c2173fec24a139f6c305852fccee603cd6c4bcec,29,12,40.0,30.0,40.0,2,2;3;4,3,40.0,0.0,0.0,1bc67a18ba2512822114ee57c6926d28e5683ac436c80dd4eef5bc0dd355a446,final_online_training_manifest.csv::soh_rated_pct
B0031_D0014,B0031,840,ONLINE_FIXED_START_CAUSAL_10S_V1,PASS,B0031.mat,c47cb3a5ef47ef4de26fcc80c2173fec24a139f6c305852fccee603cd6c4bcec,31,13,40.281,30.281,40.281,1,3;4,2,40.281,0.0,0.0,288771bc5ea1acb281b51706dc491b2d8cb74e9e3f2acb0820595371684aa630,final_online_training_manifest.csv::soh_rated_pct
B0031_D0015,B0031,841,ONLINE_FIXED_START_CAUSAL_10S_V1,PASS,B0031.mat,c47cb3a5ef47ef4de26fcc80c2173fec24a139f6c305852fccee603cd6c4bcec,33,14,40.266000000000005,30.266000000000005,40.266000000000005,1,3;4,2,40.266000000000005,0.0,0.0,27a12c68e498a890245fc770b04293a889755f32c2329e9a4f33d46e815be5bf,final_online_training_manifest.csv::soh_rated_pct
B0031_D0016,B0031,842,ONLINE_FIXED_START_CAUSAL_10S_V1,PASS,B0031.mat,c47cb3a5ef47ef4de26fcc80c2173fec24a139f6c305852fccee603cd6c4bcec,37,15,40.516,30.516,40.516,1,3;4,2,40.516,0.0,0.0,9cfa31a1ee807ed7616244b110266c789ab1d358551357d37fb13e07013eab29,final_online_training_manifest.csv::soh_rated_pct
B0031_D0017,B0031,843,ONLINE_FIXED_START_CAUSAL_10S_V1,PASS,B0031.mat,c47cb3a5ef47ef4de26fcc80c2173fec24a139f6c305852fccee603cd6c4bcec,39,16,40.578,30.578000000000003,40.578,1,3;4,2,40.578,0.0,0.0,4c5d519ca44a1cdf6ef5e3b46672307075d9404dbd3bde4b5edf5631ed55c8fc,final_online_training_manifest.csv::soh_rated_pct
B0031_D0018,B0031,844,ONLINE_FIXED_START_CAUSAL_10S_V1,PASS,B0031.mat,c47cb3a5ef47ef4de26fcc80c2173fec24a139f6c305852fccee603cd6c4bcec,41,17,40.828,30.828000000000003,40.828,1,3;4,2,40.828,0.0,0.0,c2a50ef39b5c73337880aa1eba22d6a239efcebb81cf4fa5bf4ab6e10da16614,final_online_training_manifest.csv::soh_rated_pct
B0031_D0019,B0031,845,ONLINE_FIXED_START_CAUSAL_10S_V1,PASS,B0031.mat,c47cb3a5ef47ef4de26fcc80c2173fec24a139f6c305852fccee603cd6c4bcec,43,18,40.781000000000006,30.78100000000001,40.781000000000006,1,3;4,2,40.781000000000006,0.0,0.0,da88e3f721405785574808d0463a18a1f96c5dcc8e805f19cebdb35dd007dce2,final_online_training_manifest.csv::soh_rated_pct
B0031_D0020,B0031,846,ONLINE_FIXED_START_CAUSAL_10S_V1,PASS,B0031.mat,c47cb3a5ef47ef4de26fcc80c2173fec24a139f6c305852fccee603cd6c4bcec,45,19,40.938,30.938,40.938,1,3;4,2,40.938,0.0,0.0,fd52b93238e42a0331821ca14b4f8303ff68c349a14354bb5c941acd1bbd2a5a,final_online_training_manifest.csv::soh_rated_pct
B0031_D0021,B0031,847,ONLINE_FIXED_START_CAUSAL_10S_V1,PASS,B0031.mat,c47cb3a5ef47ef4de26fcc80c2173fec24a139f6c305852fccee603cd6c4bcec,49,20,41.046,31.046,41.046,1,3;4,2,41.046,0.0,0.0,e94639e394a3cda39bb77ad5b81511f995b0864fe6d89a795b042c57ffcfc0a9,final_online_training_manifest.csv::soh_rated_pct
B0031_D0022,B0031,848,ONLINE_FIXED_START_CAUSAL_10S_V1,PASS,B0031.mat,c47cb3a5ef47ef4de26fcc80c2173fec24a139f6c305852fccee603cd6c4bcec,51,21,41.156000000000006,31.15600000000001,41.156000000000006,1,3;4,2,41.156000000000006,0.0,0.0,bebe7515e66e82905ef979e89b77802b193be4bcb8a3e3911f32005e21ed2184,final_online_training_manifest.csv::soh_rated_pct
B0031_D0023,B0031,849,ONLINE_FIXED_START_CAUSAL_10S_V1,PASS,B0031.mat,c47cb3a5ef47ef4de26fcc80c2173fec24a139f6c305852fccee603cd6c4bcec,53,22,41.25,31.25,41.25,1,3;4,2,41.25,0.0,0.0,9d53d35aff399024278eae1570457c814f73dab7d8c416a800bd3e2a3852e2fb,final_online_training_manifest.csv::soh_rated_pct
B0031_D0024,B0031,850,ONLINE_FIXED_START_CAUSAL_10S_V1,PASS,B0031.mat,c47cb3a5ef47ef4de26fcc80c2173fec24a139f6c305852fccee603cd6c4bcec,55,23,41.468,31.468000000000004,41.468,1,3;4,2,41.468,0.0,0.0,3f7807c7d641d2fc5436ae2161da83bb0463ccbc0e19b1c0e3b4afb1bae2bda8,final_online_training_manifest.csv::soh_rated_pct
B0031_D0025,B0031,851,ONLINE_FIXED_START_CAUSAL_10S_V1,PASS,B0031.mat,c47cb3a5ef47ef4de26fcc80c2173fec24a139f6c305852fccee603cd6c4bcec,57,24,41.609,31.609,41.609,1,3;4,2,41.609,0.0,0.0,f203bd7d51f1187faaafe5e68525ca6ba24f3eb18093701f95f2e95cba74771c,final_online_training_manifest.csv::soh_rated_pct
B0031_D0026,B0031,852,ONLINE_FIXED_START_CAUSAL_10S_V1,PASS,B0031.mat,c47cb3a5ef47ef4de26fcc80c2173fec24a139f6c305852fccee603cd6c4bcec,61,25,41.672,31.672,41.672,1,3;4,2,41.672,0.0,0.0,84e820de1b9d5d6b6a7c9d6f6529d5a2d036733c7cdfa022ddb9f67a8200e69f,final_online_training_manifest.csv::soh_rated_pct
B0031_D0027,B0031,853,ONLINE_FIXED_START_CAUSAL_10S_V1,PASS,B0031.mat,c47cb3a5ef47ef4de26fcc80c2173fec24a139f6c305852fccee603cd6c4bcec,63,26,41.969,31.969,41.969,1,3;4,2,41.968999999999994,0.0,0.0,8dbdc8d08a670b8476997e43c1fdf9fb0b85037df0e1567b350cc86e151aa2b1,final_online_training_manifest.csv::soh_rated_pct
B0031_D0028,B0031,854,ONLINE_FIXED_START_CAUSAL_10S_V1,PASS,B0031.mat,c47cb3a5ef47ef4de26fcc80c2173fec24a139f6c305852fccee603cd6c4bcec,65,27,41.875,31.875,41.875,1,3;4,2,41.875,0.0,0.0,b1d5ac3219f83089eb037a346ea77719dc38caaee9508aa6d2a18e1259a850f4,final_online_training_manifest.csv::soh_rated_pct
B0031_D0029,B0031,855,ONLINE_FIXED_START_CAUSAL_10S_V1,PASS,B0031.mat,c47cb3a5ef47ef4de26fcc80c2173fec24a139f6c305852fccee603cd6c4bcec,67,28,41.984,31.983999999999995,41.984,1,3;4,2,41.983999999999995,0.0,0.0,d2958be39426aa06960f7702a3ebe029c792dbdff5ea79d12c1150cd41f8bc5d,final_online_training_manifest.csv::soh_rated_pct
B0031_D0030,B0031,856,ONLINE_FIXED_START_CAUSAL_10S_V1,PASS,B0031.mat,c47cb3a5ef47ef4de26fcc80c2173fec24a139f6c305852fccee603cd6c4bcec,69,29,42.313,32.313,42.313,1,3;4,2,42.313,0.0,0.0,060d402d7cf066a3c7cdd1dda5636e2cc72a70444cbdb56f6afdf5e2d11871bf,final_online_training_manifest.csv::soh_rated_pct
B0031_D0031,B0031,857,ONLINE_FIXED_START_CAUSAL_10S_V1,PASS,B0031.mat,c47cb3a5ef47ef4de26fcc80c2173fec24a139f6c305852fccee603cd6c4bcec,73,30,42.313,32.313,42.313,1,3;4,2,42.313,0.0,0.0,c4b59dd3e93f680b9a0e4cbe1adeae5507c1a7e1e75ccc46c58b423052057de7,final_online_training_manifest.csv::soh_rated_pct
B0031_D0032,B0031,858,ONLINE_FIXED_START_CAUSAL_10S_V1,PASS,B0031.mat,c47cb3a5ef47ef4de26fcc80c2173fec24a139f6c305852fccee603cd6c4bcec,75,31,42.579,32.579,42.579,1,3;4,2,42.579,0.0,0.0,ee619f619b9599d56658227c4b986c618f85d6269accb1598ece1f178a3f16db,final_online_training_manifest.csv::soh_rated_pct
B0031_D0033,B0031,859,ONLINE_FIXED_START_CAUSAL_10S_V1,PASS,B0031.mat,c47cb3a5ef47ef4de26fcc80c2173fec24a139f6c305852fccee603cd6c4bcec,77,32,42.547,32.547,42.547,1,3;4,2,42.547,0.0,0.0,b25c7b3d23100123f51c7b6fecc4973b66389d5b01c2a6c265bc56cce5f2af3c,final_online_training_manifest.csv::soh_rated_pct
B0031_D0034,B0031,860,ONLINE_FIXED_START_CAUSAL_10S_V1,PASS,B0031.mat,c47cb3a5ef47ef4de26fcc80c2173fec24a139f6c305852fccee603cd6c4bcec,79,33,42.594,32.594,42.594,1,3;4,2,42.594,0.0,0.0,9586170accb2b59077e4ae60e82c331f47b9e1cbd942ace66692711369135d92,final_online_training_manifest.csv::soh_rated_pct
B0031_D0035,B0031,861,ONLINE_FIXED_START_CAUSAL_10S_V1,PASS,B0031.mat,c47cb3a5ef47ef4de26fcc80c2173fec24a139f6c305852fccee603cd6c4bcec,81,34,42.593,32.593,42.593,1,3;4,2,42.592999999999996,0.0,0.0,8938752930b4cc340779ddd3658cf63bb440a15e3be92064b9e3abdd7b854936,final_online_training_manifest.csv::soh_rated_pct
B0031_D0036,B0031,862,ONLINE_FIXED_START_CAUSAL_10S_V1,PASS,B0031.mat,c47cb3a5ef47ef4de26fcc80c2173fec24a139f6c305852fccee603cd6c4bcec,85,35,42.859,32.859,42.859,1,3;4,2,42.859,0.0,0.0,015e0fbe034378c2e7353201143460874378e9d8a94e1904bbfac41a82544513,final_online_training_manifest.csv::soh_rated_pct
B0031_D0037,B0031,863,ONLINE_FIXED_START_CAUSAL_10S_V1,PASS,B0031.mat,c47cb3a5ef47ef4de26fcc80c2173fec24a139f6c305852fccee603cd6c4bcec,87,36,43.031,33.031,43.031,1,3;4,2,43.031,0.0,0.0,7bb9a5553417aa93c1f6dbd27c653a61c99f06bda667f9e3813b8a731213feee,final_online_training_manifest.csv::soh_rated_pct
B0031_D0038,B0031,864,ONLINE_FIXED_START_CAUSAL_10S_V1,PASS,B0031.mat,c47cb3a5ef47ef4de26fcc80c2173fec24a139f6c305852fccee603cd6c4bcec,89,37,43.156000000000006,33.156000000000006,43.156000000000006,1,3;4,2,43.156000000000006,0.0,0.0,4d36c5f8ffa7941c73e47f41a8b8afab1bb6cb539d1cd0f505923d6077f13ad1,final_online_training_manifest.csv::soh_rated_pct
B0031_D0039,B0031,865,ONLINE_FIXED_START_CAUSAL_10S_V1,PASS,B0031.mat,c47cb3a5ef47ef4de26fcc80c2173fec24a139f6c305852fccee603cd6c4bcec,91,38,43.187000000000005,33.187000000000005,43.187000000000005,1,3;4,2,43.187000000000005,0.0,0.0,e7241434942fbdb576937fe0fb619cd8def4844235af112b35e408f3f5170cbb,final_online_training_manifest.csv::soh_rated_pct
B0031_D0040,B0031,866,ONLINE_FIXED_START_CAUSAL_10S_V1,PASS,B0031.mat,c47cb3a5ef47ef4de26fcc80c2173fec24a139f6c305852fccee603cd6c4bcec,93,39,43.344,33.343999999999994,43.344,1,3;4,2,43.343999999999994,0.0,0.0,6f30cdf2bb77736a147e4725a5b4a2cddb991aabbb27ee523e4aaffe18ed8463,final_online_training_manifest.csv::soh_rated_pct
B0032_D0001,B0032,867,ONLINE_FIXED_START_CAUSAL_10S_V1,PASS,B0032.mat,bd146cad3a18f9e8d42d05014c90e7bcde7abc7ccc89bdd46e5655604c61bc0f,1,0,38.156000000000006,28.15600000000001,38.156000000000006,2,2;3;4,3,38.156000000000006,0.0,0.0,5f40f39e1804f45734102141310b2b0e3edb6d13357bd676c5095872a3649c5c,final_online_training_manifest.csv::soh_rated_pct
B0032_D0002,B0032,868,ONLINE_FIXED_START_CAUSAL_10S_V1,PASS,B0032.mat,bd146cad3a18f9e8d42d05014c90e7bcde7abc7ccc89bdd46e5655604c61bc0f,3,1,38.203,28.203000000000003,38.203,2,2;3;4,3,38.203,0.0,0.0,2b959c3c0104ee4fb3aa078713ca1994deeb013c1f3187adca91a7180cb57b07,final_online_training_manifest.csv::soh_rated_pct
B0032_D0003,B0032,869,ONLINE_FIXED_START_CAUSAL_10S_V1,PASS,B0032.mat,bd146cad3a18f9e8d42d05014c90e7bcde7abc7ccc89bdd46e5655604c61bc0f,5,2,38.453,28.453,38.453,2,2;3;4,3,38.452999999999996,0.0,0.0,5c4066a90329450338c4aa5dfeabd00eb4a42f78675d9c99ae5f50bb09e1245b,final_online_training_manifest.csv::soh_rated_pct
B0032_D0004,B0032,870,ONLINE_FIXED_START_CAUSAL_10S_V1,PASS,B0032.mat,bd146cad3a18f9e8d42d05014c90e7bcde7abc7ccc89bdd46e5655604c61bc0f,7,3,38.719,28.719,38.719,2,2;3;4,3,38.719,0.0,0.0,6c181718fdfe967cdb0e96247ac5c3873c139e581856279235296b814f42c561,final_online_training_manifest.csv::soh_rated_pct
B0032_D0005,B0032,871,ONLINE_FIXED_START_CAUSAL_10S_V1,PASS,B0032.mat,bd146cad3a18f9e8d42d05014c90e7bcde7abc7ccc89bdd46e5655604c61bc0f,9,4,38.891,28.891,38.891,2,2;3;4,3,38.891,0.0,0.0,c1ae72f87d00d6d0b657faa0b90cb68ebbe16819b256aa7945e969e105125774,final_online_training_manifest.csv::soh_rated_pct
B0032_D0006,B0032,872,ONLINE_FIXED_START_CAUSAL_10S_V1,PASS,B0032.mat,bd146cad3a18f9e8d42d05014c90e7bcde7abc7ccc89bdd46e5655604c61bc0f,13,5,38.953,28.953000000000003,38.953,2,2;3;4,3,38.953,0.0,0.0,ead492398bf4c33570c5c2c9852062aeb43dfe6d7b15d7ef1a24365e8adea3a3,final_online_training_manifest.csv::soh_rated_pct
B0032_D0007,B0032,873,ONLINE_FIXED_START_CAUSAL_10S_V1,PASS,B0032.mat,bd146cad3a18f9e8d42d05014c90e7bcde7abc7ccc89bdd46e5655604c61bc0f,15,6,39.141000000000005,29.141000000000005,39.141000000000005,2,2;3;4,3,39.141000000000005,0.0,0.0,97b340c20791cedde92648ff8274687e322f55c037b38dab2c1adbfe6ac87ef4,final_online_training_manifest.csv::soh_rated_pct
B0032_D0008,B0032,874,ONLINE_FIXED_START_CAUSAL_10S_V1,PASS,B0032.mat,bd146cad3a18f9e8d42d05014c90e7bcde7abc7ccc89bdd46e5655604c61bc0f,17,7,39.39,29.39,39.39,2,2;3;4,3,39.39,0.0,0.0,6d7edcf170aa193f1f97e56e20a8f9c9d6bbeeaf975f2be49662b3fd67fde7df,final_online_training_manifest.csv::soh_rated_pct
B0032_D0009,B0032,875,ONLINE_FIXED_START_CAUSAL_10S_V1,PASS,B0032.mat,bd146cad3a18f9e8d42d05014c90e7bcde7abc7ccc89bdd46e5655604c61bc0f,19,8,39.562000000000005,29.562000000000005,39.562000000000005,2,2;3;4,3,39.562000000000005,0.0,0.0,e000d005a52b6ee02294e76c35883ce6daee5712960d6e33244f7d4320305c6f,final_online_training_manifest.csv::soh_rated_pct
B0032_D0010,B0032,876,ONLINE_FIXED_START_CAUSAL_10S_V1,PASS,B0032.mat,bd146cad3a18f9e8d42d05014c90e7bcde7abc7ccc89bdd46e5655604c61bc0f,21,9,39.515,29.515,39.515,2,2;3;4,3,39.515,0.0,0.0,17b1cd2ff07dede4696ee7d99d3c86edbafb17ad78f566816a06d8a4e0bcb0dc,final_online_training_manifest.csv::soh_rated_pct
B0032_D0011,B0032,877,ONLINE_FIXED_START_CAUSAL_10S_V1,PASS,B0032.mat,bd146cad3a18f9e8d42d05014c90e7bcde7abc7ccc89bdd46e5655604c61bc0f,25,10,39.844,29.844,39.844,2,2;3;4,3,39.843999999999994,0.0,0.0,8a720444c65f2c99a14521fd5921702b5ac54590b680a72b8e9213c5781af794,final_online_training_manifest.csv::soh_rated_pct
B0032_D0012,B0032,878,ONLINE_FIXED_START_CAUSAL_10S_V1,PASS,B0032.mat,bd146cad3a18f9e8d42d05014c90e7bcde7abc7ccc89bdd46e5655604c61bc0f,27,11,39.922,29.922,39.922,2,2;3;4,3,39.922,0.0,0.0,9e56c4491093cc6d6ab0a50c4e3c9bba8d2aacdf40bacc5cde574ac0a36c4dca,final_online_training_manifest.csv::soh_rated_pct
B0032_D0013,B0032,879,ONLINE_FIXED_START_CAUSAL_10S_V1,PASS,B0032.mat,bd146cad3a18f9e8d42d05014c90e7bcde7abc7ccc89bdd46e5655604c61bc0f,29,12,40.0,30.0,40.0,2,2;3;4,3,40.0,0.0,0.0,c1c2a7ebf736e5ccb93f430849632ad418e2ab268d1a3f33708078656ed8ed14,final_online_training_manifest.csv::soh_rated_pct
B0032_D0014,B0032,880,ONLINE_FIXED_START_CAUSAL_10S_V1,PASS,B0032.mat,bd146cad3a18f9e8d42d05014c90e7bcde7abc7ccc89bdd46e5655604c61bc0f,31,13,40.281,30.281,40.281,1,3;4,2,40.281,0.0,0.0,73f07bbf2eee01c80f6510947fb5641f7dc52e2c1d5712f0a4b88533f119aab4,final_online_training_manifest.csv::soh_rated_pct
B0032_D0015,B0032,881,ONLINE_FIXED_START_CAUSAL_10S_V1,PASS,B0032.mat,bd146cad3a18f9e8d42d05014c90e7bcde7abc7ccc89bdd46e5655604c61bc0f,33,14,40.266000000000005,30.266000000000005,40.266000000000005,1,3;4,2,40.266000000000005,0.0,0.0,4b29aa776db5389028365f171bedc8b435afb003147418e53ad4e631d2fcc139,final_online_training_manifest.csv::soh_rated_pct
B0032_D0016,B0032,882,ONLINE_FIXED_START_CAUSAL_10S_V1,PASS,B0032.mat,bd146cad3a18f9e8d42d05014c90e7bcde7abc7ccc89bdd46e5655604c61bc0f,37,15,40.516,30.516,40.516,1,3;4,2,40.516,0.0,0.0,b130f427fee35a9d8e60e0d9185cdab1c70c1e99cda938305e7d000113a583cf,final_online_training_manifest.csv::soh_rated_pct
B0032_D0017,B0032,883,ONLINE_FIXED_START_CAUSAL_10S_V1,PASS,B0032.mat,bd146cad3a18f9e8d42d05014c90e7bcde7abc7ccc89bdd46e5655604c61bc0f,39,16,40.578,30.578000000000003,40.578,1,3;4,2,40.578,0.0,0.0,3a9265a61f286b569e0bf4df61c653ed57631577e04cf2d2f222f0250b7bc5b3,final_online_training_manifest.csv::soh_rated_pct
B0032_D0018,B0032,884,ONLINE_FIXED_START_CAUSAL_10S_V1,PASS,B0032.mat,bd146cad3a18f9e8d42d05014c90e7bcde7abc7ccc89bdd46e5655604c61bc0f,41,17,40.828,30.828000000000003,40.828,1,3;4,2,40.828,0.0,0.0,f91eccf799486704093b96a29e5024c98ed9d4efd46f76568b951205053e0c58,final_online_training_manifest.csv::soh_rated_pct
B0032_D0019,B0032,885,ONLINE_FIXED_START_CAUSAL_10S_V1,PASS,B0032.mat,bd146cad3a18f9e8d42d05014c90e7bcde7abc7ccc89bdd46e5655604c61bc0f,43,18,40.781000000000006,30.78100000000001,40.781000000000006,1,3;4,2,40.781000000000006,0.0,0.0,f3938004354442f5b7158ec745613dff233e6861ddb4d7ba697ffbf06850b6a1,final_online_training_manifest.csv::soh_rated_pct
B0032_D0020,B0032,886,ONLINE_FIXED_START_CAUSAL_10S_V1,PASS,B0032.mat,bd146cad3a18f9e8d42d05014c90e7bcde7abc7ccc89bdd46e5655604c61bc0f,45,19,40.938,30.938,40.938,1,3;4,2,40.938,0.0,0.0,292b12570703e15c0d6d23fd5972039b95aafee782e84577be490915ba2c14dc,final_online_training_manifest.csv::soh_rated_pct
B0032_D0021,B0032,887,ONLINE_FIXED_START_CAUSAL_10S_V1,PASS,B0032.mat,bd146cad3a18f9e8d42d05014c90e7bcde7abc7ccc89bdd46e5655604c61bc0f,49,20,41.046,31.046,41.046,1,3;4,2,41.046,0.0,0.0,9b3bd67a466fcc7609e33e6669160271dc55411f1e6b84ee774f8c05b041d2f3,final_online_training_manifest.csv::soh_rated_pct
B0032_D0022,B0032,888,ONLINE_FIXED_START_CAUSAL_10S_V1,PASS,B0032.mat,bd146cad3a18f9e8d42d05014c90e7bcde7abc7ccc89bdd46e5655604c61bc0f,51,21,41.156000000000006,31.15600000000001,41.156000000000006,1,3;4,2,41.156000000000006,0.0,0.0,d61fa1d4d0bee1e17b1d10d3b550f8c7616e9c41851926bd8d4dbde9d483664e,final_online_training_manifest.csv::soh_rated_pct
B0032_D0023,B0032,889,ONLINE_FIXED_START_CAUSAL_10S_V1,PASS,B0032.mat,bd146cad3a18f9e8d42d05014c90e7bcde7abc7ccc89bdd46e5655604c61bc0f,53,22,41.25,31.25,41.25,1,3;4,2,41.25,0.0,0.0,a8c4cc725389ccc0e43db9162a93b8ef406dc05723b333f73423129d4d02b54e,final_online_training_manifest.csv::soh_rated_pct
B0032_D0024,B0032,890,ONLINE_FIXED_START_CAUSAL_10S_V1,PASS,B0032.mat,bd146cad3a18f9e8d42d05014c90e7bcde7abc7ccc89bdd46e5655604c61bc0f,55,23,41.468,31.468000000000004,41.468,1,3;4,2,41.468,0.0,0.0,ff11ec4070b2717a04d6ff00ab8a0a9b8805dfbe558abd33be440ee1c26574ca,final_online_training_manifest.csv::soh_rated_pct
B0032_D0025,B0032,891,ONLINE_FIXED_START_CAUSAL_10S_V1,PASS,B0032.mat,bd146cad3a18f9e8d42d05014c90e7bcde7abc7ccc89bdd46e5655604c61bc0f,57,24,41.609,31.609,41.609,1,3;4,2,41.609,0.0,0.0,a0107a5426db61f3b1c3392a06ec354bf00c3d7f3b78ec91b60de9ba4e573684,final_online_training_manifest.csv::soh_rated_pct
B0032_D0026,B0032,892,ONLINE_FIXED_START_CAUSAL_10S_V1,PASS,B0032.mat,bd146cad3a18f9e8d42d05014c90e7bcde7abc7ccc89bdd46e5655604c61bc0f,61,25,41.672,31.672,41.672,1,3;4,2,41.672,0.0,0.0,8e5f46c8dc2b655bed221fe6e47aa7bd1f41463482307ad6b57cd20070f459e8,final_online_training_manifest.csv::soh_rated_pct
B0032_D0027,B0032,893,ONLINE_FIXED_START_CAUSAL_10S_V1,PASS,B0032.mat,bd146cad3a18f9e8d42d05014c90e7bcde7abc7ccc89bdd46e5655604c61bc0f,63,26,41.969,31.969,41.969,1,3;4,2,41.968999999999994,0.0,0.0,5eb1668f31e9531d92d5699a956e01c6d1ced3ab72d2958b65e25285e2c04781,final_online_training_manifest.csv::soh_rated_pct
B0032_D0028,B0032,894,ONLINE_FIXED_START_CAUSAL_10S_V1,PASS,B0032.mat,bd146cad3a18f9e8d42d05014c90e7bcde7abc7ccc89bdd46e5655604c61bc0f,65,27,41.875,31.875,41.875,1,3;4,2,41.875,0.0,0.0,79c046da9ac84fa4d24c7a42b2e529dadcadad5407f5f14a962f64ebff23ef05,final_online_training_manifest.csv::soh_rated_pct
B0032_D0029,B0032,895,ONLINE_FIXED_START_CAUSAL_10S_V1,PASS,B0032.mat,bd146cad3a18f9e8d42d05014c90e7bcde7abc7ccc89bdd46e5655604c61bc0f,67,28,41.984,31.983999999999995,41.984,1,3;4,2,41.983999999999995,0.0,0.0,5dadc1d93406a3f6bd8d57b4a10002b0005d1e45b164e4df34e0e973a8dfa1d2,final_online_training_manifest.csv::soh_rated_pct
B0032_D0030,B0032,896,ONLINE_FIXED_START_CAUSAL_10S_V1,PASS,B0032.mat,bd146cad3a18f9e8d42d05014c90e7bcde7abc7ccc89bdd46e5655604c61bc0f,69,29,42.313,32.313,42.313,1,3;4,2,42.313,0.0,0.0,7073e793ae496b540921aba91e203fae529503ce981ce12cafeb086b2562d6b1,final_online_training_manifest.csv::soh_rated_pct
B0032_D0031,B0032,897,ONLINE_FIXED_START_CAUSAL_10S_V1,PASS,B0032.mat,bd146cad3a18f9e8d42d05014c90e7bcde7abc7ccc89bdd46e5655604c61bc0f,73,30,42.313,32.313,42.313,1,3;4,2,42.313,0.0,0.0,400bba8596d4ab0e79cb6fd6a2ac75e01560c1d9e3df8193893165f3d69fae45,final_online_training_manifest.csv::soh_rated_pct
B0032_D0032,B0032,898,ONLINE_FIXED_START_CAUSAL_10S_V1,PASS,B0032.mat,bd146cad3a18f9e8d42d05014c90e7bcde7abc7ccc89bdd46e5655604c61bc0f,75,31,42.579,32.579,42.579,1,3;4,2,42.579,0.0,0.0,71eaa9550e563b9f6b3beab82ca0ec0cd6bb69c7630140fae7bc2b7209aa60c0,final_online_training_manifest.csv::soh_rated_pct
B0032_D0033,B0032,899,ONLINE_FIXED_START_CAUSAL_10S_V1,PASS,B0032.mat,bd146cad3a18f9e8d42d05014c90e7bcde7abc7ccc89bdd46e5655604c61bc0f,77,32,42.547,32.547,42.547,1,3;4,2,42.547,0.0,0.0,73ac4ce5f63dfaf213bb76c3f1af8ea4a7273777e4d5ecf0bdb6b71561683fc4,final_online_training_manifest.csv::soh_rated_pct
B0032_D0034,B0032,900,ONLINE_FIXED_START_CAUSAL_10S_V1,PASS,B0032.mat,bd146cad3a18f9e8d42d05014c90e7bcde7abc7ccc89bdd46e5655604c61bc0f,79,33,42.594,32.594,42.594,1,3;4,2,42.594,0.0,0.0,caa35afe302266bfda9ba28dfd4b6772bcc1ebd3228ae1be624733e1f7d2c395,final_online_training_manifest.csv::soh_rated_pct
B0032_D0035,B0032,901,ONLINE_FIXED_START_CAUSAL_10S_V1,PASS,B0032.mat,bd146cad3a18f9e8d42d05014c90e7bcde7abc7ccc89bdd46e5655604c61bc0f,81,34,42.593,32.593,42.593,1,3;4,2,42.592999999999996,0.0,0.0,8c7bc8cf409e7e26c44c1240d96771ee431c9f9afffe2ae64a50ac5d2397a1d2,final_online_training_manifest.csv::soh_rated_pct
B0032_D0036,B0032,902,ONLINE_FIXED_START_CAUSAL_10S_V1,PASS,B0032.mat,bd146cad3a18f9e8d42d05014c90e7bcde7abc7ccc89bdd46e5655604c61bc0f,85,35,42.859,32.859,42.859,1,3;4,2,42.859,0.0,0.0,dfb2b275116c9dc03e578efdbc99d488385c8b14c9c2d035595f6a875eb5f789,final_online_training_manifest.csv::soh_rated_pct
B0032_D0037,B0032,903,ONLINE_FIXED_START_CAUSAL_10S_V1,PASS,B0032.mat,bd146cad3a18f9e8d42d05014c90e7bcde7abc7ccc89bdd46e5655604c61bc0f,87,36,43.031,33.031,43.031,1,3;4,2,43.031,0.0,0.0,1c2183da39324410ad3554e4002863672c721fd01e2f67d502766044032c18c1,final_online_training_manifest.csv::soh_rated_pct
B0032_D0038,B0032,904,ONLINE_FIXED_START_CAUSAL_10S_V1,PASS,B0032.mat,bd146cad3a18f9e8d42d05014c90e7bcde7abc7ccc89bdd46e5655604c61bc0f,89,37,43.156000000000006,33.156000000000006,43.156000000000006,1,3;4,2,43.156000000000006,0.0,0.0,f89bc8894589e2411d75122936350a8b14f1c592a90f0ebf839dd313762a9a65,final_online_training_manifest.csv::soh_rated_pct
B0032_D0039,B0032,905,ONLINE_FIXED_START_CAUSAL_10S_V1,PASS,B0032.mat,bd146cad3a18f9e8d42d05014c90e7bcde7abc7ccc89bdd46e5655604c61bc0f,91,38,43.187000000000005,33.187000000000005,43.187000000000005,1,3;4,2,43.187000000000005,0.0,0.0,c0420d91759bd1787029334b4c8c6450189ac9c4339aeaf02318e8aef4347494,final_online_training_manifest.csv::soh_rated_pct
B0032_D0040,B0032,906,ONLINE_FIXED_START_CAUSAL_10S_V1,PASS,B0032.mat,bd146cad3a18f9e8d42d05014c90e7bcde7abc7ccc89bdd46e5655604c61bc0f,93,39,43.344,33.343999999999994,43.344,1,3;4,2,43.343999999999994,0.0,0.0,ccde9f7a83bfb05e7cc137966660bd315e953a3aa494f7dd136440019cef87fe,final_online_training_manifest.csv::soh_rated_pct
B0033_D0002,B0033,907,ONLINE_FIXED_START_CAUSAL_10S_V1,PASS,B0033.mat,3f6b44d7e123b9e9e4a26c3651acd0b9f38ca4d21aac3930bd9197ccf8b04426,4,1,38.391,28.391,38.391,2,2;3;4,3,38.391,0.0,0.0,b9bbe816b6d7c94eea86dd12a9dbcfd75b3f6fdb6fd6a3c4078e4d655900564f,final_online_training_manifest.csv::soh_rated_pct
B0033_D0004,B0033,908,ONLINE_FIXED_START_CAUSAL_10S_V1,PASS,B0033.mat,3f6b44d7e123b9e9e4a26c3651acd0b9f38ca4d21aac3930bd9197ccf8b04426,8,3,38.75,28.75,38.75,2,2;3;4,3,38.75,0.0,0.0,8c31ac792ae289abc0233f720a859b3a91932d0ddddd5dba4a8d62ac21e77672,final_online_training_manifest.csv::soh_rated_pct
B0033_D0005,B0033,909,ONLINE_FIXED_START_CAUSAL_10S_V1,PASS,B0033.mat,3f6b44d7e123b9e9e4a26c3651acd0b9f38ca4d21aac3930bd9197ccf8b04426,10,4,38.875,28.875,38.875,2,2;3;4,3,38.875,0.0,0.0,c61f17ea8d6e546196df2e52444f9c1edc6b9a94a412f1d60cacb4cb948ee5af,final_online_training_manifest.csv::soh_rated_pct
B0033_D0006,B0033,910,ONLINE_FIXED_START_CAUSAL_10S_V1,PASS,B0033.mat,3f6b44d7e123b9e9e4a26c3651acd0b9f38ca4d21aac3930bd9197ccf8b04426,12,5,39.015,29.015,39.015,2,2;3;4,3,39.015,0.0,0.0,26eb38122867e308317bd2797873de631c16a46e8fe23f425382f50ddeaa0232,final_online_training_manifest.csv::soh_rated_pct
B0033_D0008,B0033,911,ONLINE_FIXED_START_CAUSAL_10S_V1,PASS,B0033.mat,3f6b44d7e123b9e9e4a26c3651acd0b9f38ca4d21aac3930bd9197ccf8b04426,18,7,39.344,29.344,39.344,2,2;3;4,3,39.344,0.0,0.0,ea593c7bc4bccc35a8add126f9381ab2c49cfacd1ab8744070cbf5924b504763,final_online_training_manifest.csv::soh_rated_pct
B0033_D0009,B0033,912,ONLINE_FIXED_START_CAUSAL_10S_V1,PASS,B0033.mat,3f6b44d7e123b9e9e4a26c3651acd0b9f38ca4d21aac3930bd9197ccf8b04426,20,8,39.672,29.672,39.672,2,2;3;4,3,39.672,0.0,0.0,d41bad461bd3fc611c02075de0f44fb4fb4eeddaf0e17478a63d895eb9454e19,final_online_training_manifest.csv::soh_rated_pct
B0033_D0010,B0033,913,ONLINE_FIXED_START_CAUSAL_10S_V1,PASS,B0033.mat,3f6b44d7e123b9e9e4a26c3651acd0b9f38ca4d21aac3930bd9197ccf8b04426,22,9,39.671,29.671,39.671,2,2;3;4,3,39.671,0.0,0.0,309d13e6c9316c3fc6842a06b452f873509d1c50d20081d04ea2b180986543e1,final_online_training_manifest.csv::soh_rated_pct
B0033_D0011,B0033,914,ONLINE_FIXED_START_CAUSAL_10S_V1,PASS,B0033.mat,3f6b44d7e123b9e9e4a26c3651acd0b9f38ca4d21aac3930bd9197ccf8b04426,24,10,39.859,29.859,39.859,2,2;3;4,3,39.859,0.0,0.0,17720c1b950c5457a47516b0a87bd50c8cec652dfb4500bab6206f527025e3f0,final_online_training_manifest.csv::soh_rated_pct
B0033_D0012,B0033,915,ONLINE_FIXED_START_CAUSAL_10S_V1,PASS,B0033.mat,3f6b44d7e123b9e9e4a26c3651acd0b9f38ca4d21aac3930bd9197ccf8b04426,28,11,40.031,30.031,40.031,2,2;3;4,3,40.031,0.0,0.0,98a462e4176384d8b7822191fcb53812b5198eab8bae773c5877b0abf716e840,final_online_training_manifest.csv::soh_rated_pct
B0033_D0013,B0033,916,ONLINE_FIXED_START_CAUSAL_10S_V1,PASS,B0033.mat,3f6b44d7e123b9e9e4a26c3651acd0b9f38ca4d21aac3930bd9197ccf8b04426,30,12,40.313,30.313,40.313,1,3;4,2,40.313,0.0,0.0,a8fcde65f5e2eb008fd2e2a98c498c4f420e2583304601ccebdc49f92f8cd77a,final_online_training_manifest.csv::soh_rated_pct
B0033_D0014,B0033,917,ONLINE_FIXED_START_CAUSAL_10S_V1,PASS,B0033.mat,3f6b44d7e123b9e9e4a26c3651acd0b9f38ca4d21aac3930bd9197ccf8b04426,32,13,40.343,30.343000000000004,40.343,1,3;4,2,40.343,0.0,0.0,d698bcef2c30f23b7da1c64c944826496636823e0e5e4d3e728abe6816110a39,final_online_training_manifest.csv::soh_rated_pct
B0033_D0015,B0033,918,ONLINE_FIXED_START_CAUSAL_10S_V1,PASS,B0033.mat,3f6b44d7e123b9e9e4a26c3651acd0b9f38ca4d21aac3930bd9197ccf8b04426,34,14,40.515,30.515,40.515,1,3;4,2,40.515,0.0,0.0,173a1fcacfca0fe651b04a2cf6e7a29746face3fa4ea7c908de95b69809e0e1f,final_online_training_manifest.csv::soh_rated_pct
B0033_D0016,B0033,919,ONLINE_FIXED_START_CAUSAL_10S_V1,PASS,B0033.mat,3f6b44d7e123b9e9e4a26c3651acd0b9f38ca4d21aac3930bd9197ccf8b04426,36,15,40.562,30.562,40.562,1,3;4,2,40.562,0.0,0.0,c70bf99137ecb94caca6868de6847a31f74889e94155299d26598fa17cd8330a,final_online_training_manifest.csv::soh_rated_pct
B0033_D0017,B0033,920,ONLINE_FIXED_START_CAUSAL_10S_V1,PASS,B0033.mat,3f6b44d7e123b9e9e4a26c3651acd0b9f38ca4d21aac3930bd9197ccf8b04426,40,16,40.875,30.875,40.875,1,3;4,2,40.875,0.0,0.0,eacc8798e38b3c085a0e17156044b4a09c731467d791ee0310051d74694e8d39,final_online_training_manifest.csv::soh_rated_pct
B0033_D0018,B0033,921,ONLINE_FIXED_START_CAUSAL_10S_V1,PASS,B0033.mat,3f6b44d7e123b9e9e4a26c3651acd0b9f38ca4d21aac3930bd9197ccf8b04426,42,17,40.984,30.983999999999995,40.984,1,3;4,2,40.983999999999995,0.0,0.0,a671ce5766c0e76c7cbd51ad5f246e8e954b5492e9a5ac629ff5838159dba22c,final_online_training_manifest.csv::soh_rated_pct
B0033_D0019,B0033,922,ONLINE_FIXED_START_CAUSAL_10S_V1,PASS,B0033.mat,3f6b44d7e123b9e9e4a26c3651acd0b9f38ca4d21aac3930bd9197ccf8b04426,44,18,41.109,31.109,41.109,1,3;4,2,41.109,0.0,0.0,52f2487149ca80561f2735d432ea9dba18be0ccc2ab432bc6d928c3861c5a191,final_online_training_manifest.csv::soh_rated_pct
B0033_D0020,B0033,923,ONLINE_FIXED_START_CAUSAL_10S_V1,PASS,B0033.mat,3f6b44d7e123b9e9e4a26c3651acd0b9f38ca4d21aac3930bd9197ccf8b04426,46,19,41.312,31.312,41.312,1,3;4,2,41.312,0.0,0.0,9d7d2ee9b5c1ef9f6eab09ee6f7200a1f09c5681c411c392933f16821511b7ec,final_online_training_manifest.csv::soh_rated_pct
B0033_D0021,B0033,924,ONLINE_FIXED_START_CAUSAL_10S_V1,PASS,B0033.mat,3f6b44d7e123b9e9e4a26c3651acd0b9f38ca4d21aac3930bd9197ccf8b04426,48,20,41.468,31.468000000000004,41.468,1,3;4,2,41.468,0.0,0.0,d51dc3b9e5e173990cce749ea2501301e79388cd0345d2ba5bcccbb850d7fe9d,final_online_training_manifest.csv::soh_rated_pct
B0033_D0022,B0033,925,ONLINE_FIXED_START_CAUSAL_10S_V1,PASS,B0033.mat,3f6b44d7e123b9e9e4a26c3651acd0b9f38ca4d21aac3930bd9197ccf8b04426,52,21,41.453,31.453000000000003,41.453,1,3;4,2,41.453,0.0,0.0,025af3f51c60686b4ae05b1f35a596ae801ce6462247158a53b4031fadeb16f6,final_online_training_manifest.csv::soh_rated_pct
B0033_D0023,B0033,926,ONLINE_FIXED_START_CAUSAL_10S_V1,PASS,B0033.mat,3f6b44d7e123b9e9e4a26c3651acd0b9f38ca4d21aac3930bd9197ccf8b04426,56,22,41.672,31.672,41.672,1,3;4,2,41.672,0.0,0.0,a5d356307302da923d765633b243dc3ac0a074fdc21a98c35bb3dcbc0bff212a,final_online_training_manifest.csv::soh_rated_pct
B0033_D0024,B0033,927,ONLINE_FIXED_START_CAUSAL_10S_V1,PASS,B0033.mat,3f6b44d7e123b9e9e4a26c3651acd0b9f38ca4d21aac3930bd9197ccf8b04426,58,23,41.766,31.766,41.766,1,3;4,2,41.766,0.0,0.0,d41b0c44aceaaff8893f575bc67faac5f75cc90d23addd80ef00aeddc97a448b,final_online_training_manifest.csv::soh_rated_pct
B0033_D0025,B0033,928,ONLINE_FIXED_START_CAUSAL_10S_V1,PASS,B0033.mat,3f6b44d7e123b9e9e4a26c3651acd0b9f38ca4d21aac3930bd9197ccf8b04426,60,24,41.89,31.89,41.89,1,3;4,2,41.89,0.0,0.0,1a3171207f0173cf756e18ea20781b7932b2000b8eb0a4fb98c1b264b216a638,final_online_training_manifest.csv::soh_rated_pct
B0033_D0026,B0033,929,ONLINE_FIXED_START_CAUSAL_10S_V1,PASS,B0033.mat,3f6b44d7e123b9e9e4a26c3651acd0b9f38ca4d21aac3930bd9197ccf8b04426,62,25,42.141000000000005,32.141000000000005,42.141000000000005,1,3;4,2,42.141000000000005,0.0,0.0,598c8e21552085fbe397c2c763fb736bbbd0a5f17008ebb290c870416cc3ba71,final_online_training_manifest.csv::soh_rated_pct
B0033_D0027,B0033,930,ONLINE_FIXED_START_CAUSAL_10S_V1,PASS,B0033.mat,3f6b44d7e123b9e9e4a26c3651acd0b9f38ca4d21aac3930bd9197ccf8b04426,64,26,42.156,32.156,42.156,1,3;4,2,42.156,0.0,0.0,1f5188b0e01d26981ed69ecc97c2c3d736fba24b03f66b769e5d7b893ad0bf16,final_online_training_manifest.csv::soh_rated_pct
B0033_D0028,B0033,931,ONLINE_FIXED_START_CAUSAL_10S_V1,PASS,B0033.mat,3f6b44d7e123b9e9e4a26c3651acd0b9f38ca4d21aac3930bd9197ccf8b04426,68,27,42.312,32.312,42.312,1,3;4,2,42.312,0.0,0.0,c45ad24e11ed25d37d2f8444dc88ad83561b0f517307d1b11a6415dca46235ea,final_online_training_manifest.csv::soh_rated_pct
B0033_D0029,B0033,932,ONLINE_FIXED_START_CAUSAL_10S_V1,PASS,B0033.mat,3f6b44d7e123b9e9e4a26c3651acd0b9f38ca4d21aac3930bd9197ccf8b04426,70,28,42.39,32.39,42.39,1,3;4,2,42.39,0.0,0.0,6f5e751b7cdf83f0df13f01f06dc43f5f7cf8c2d9cf587b3b9ee4cfaf0f80f7b,final_online_training_manifest.csv::soh_rated_pct
B0033_D0030,B0033,933,ONLINE_FIXED_START_CAUSAL_10S_V1,PASS,B0033.mat,3f6b44d7e123b9e9e4a26c3651acd0b9f38ca4d21aac3930bd9197ccf8b04426,72,29,42.593,32.593,42.593,1,3;4,2,42.593,0.0,0.0,00da4bf5678eb82ae734d1859273e1cff499351199673ac6dfad86cb17f4ba46,final_online_training_manifest.csv::soh_rated_pct
B0033_D0031,B0033,934,ONLINE_FIXED_START_CAUSAL_10S_V1,PASS,B0033.mat,3f6b44d7e123b9e9e4a26c3651acd0b9f38ca4d21aac3930bd9197ccf8b04426,74,30,42.703,32.703,42.703,1,3;4,2,42.703,0.0,0.0,066a0d700ee7ca63d0ff941ba31447ed0b0ec5f99d214f4f9a85bf35ac4d774c,final_online_training_manifest.csv::soh_rated_pct
B0033_D0032,B0033,935,ONLINE_FIXED_START_CAUSAL_10S_V1,PASS,B0033.mat,3f6b44d7e123b9e9e4a26c3651acd0b9f38ca4d21aac3930bd9197ccf8b04426,76,31,42.703,32.703,42.703,1,3;4,2,42.703,0.0,0.0,92af685acb7d5413f264b774d2e9538df6f36cb85153cd4baef43ea7ba76c478,final_online_training_manifest.csv::soh_rated_pct
B0033_D0033,B0033,936,ONLINE_FIXED_START_CAUSAL_10S_V1,PASS,B0033.mat,3f6b44d7e123b9e9e4a26c3651acd0b9f38ca4d21aac3930bd9197ccf8b04426,80,32,42.954,32.954,42.954,1,3;4,2,42.954,0.0,0.0,90dc675e78bcaf793966c6f36ce29e6abc97ef12bfd01a6eb51ca22b75d6bfdb,final_online_training_manifest.csv::soh_rated_pct
B0033_D0034,B0033,937,ONLINE_FIXED_START_CAUSAL_10S_V1,PASS,B0033.mat,3f6b44d7e123b9e9e4a26c3651acd0b9f38ca4d21aac3930bd9197ccf8b04426,82,33,43.125,33.125,43.125,1,3;4,2,43.125,0.0,0.0,374e8017bf28d3bd37615c35697096a9d1caf6ca3b5e6d28793181e19eb51db3,final_online_training_manifest.csv::soh_rated_pct
B0033_D0035,B0033,938,ONLINE_FIXED_START_CAUSAL_10S_V1,PASS,B0033.mat,3f6b44d7e123b9e9e4a26c3651acd0b9f38ca4d21aac3930bd9197ccf8b04426,84,34,43.297,33.297,43.297,1,3;4,2,43.297,0.0,0.0,c2e1220d2c0ad907c7d5357d5714f1704c6d8885bacca3fa2344b07307b94bea,final_online_training_manifest.csv::soh_rated_pct
B0033_D0036,B0033,939,ONLINE_FIXED_START_CAUSAL_10S_V1,PASS,B0033.mat,3f6b44d7e123b9e9e4a26c3651acd0b9f38ca4d21aac3930bd9197ccf8b04426,86,35,43.312,33.312,43.312,1,3;4,2,43.312,0.0,0.0,8d6890cacd6b4cac59d768c1c87f31e1d42f0dcda154e55247a270a173465b16,final_online_training_manifest.csv::soh_rated_pct
B0033_D0037,B0033,940,ONLINE_FIXED_START_CAUSAL_10S_V1,PASS,B0033.mat,3f6b44d7e123b9e9e4a26c3651acd0b9f38ca4d21aac3930bd9197ccf8b04426,88,36,43.39,33.39,43.39,1,3;4,2,43.39,0.0,0.0,85808f74699191e8103304d940c580d65e2b018e75fa72c1f8d28d710cdee01d,final_online_training_manifest.csv::soh_rated_pct
B0033_D0038,B0033,941,ONLINE_FIXED_START_CAUSAL_10S_V1,PASS,B0033.mat,3f6b44d7e123b9e9e4a26c3651acd0b9f38ca4d21aac3930bd9197ccf8b04426,92,37,43.61,33.61,43.61,1,3;4,2,43.61,0.0,0.0,11196cc20f49f306641162e7d2843a7b5ad84cee75ea26644a93fd7ee8b5e633,final_online_training_manifest.csv::soh_rated_pct
B0033_D0039,B0033,942,ONLINE_FIXED_START_CAUSAL_10S_V1,PASS,B0033.mat,3f6b44d7e123b9e9e4a26c3651acd0b9f38ca4d21aac3930bd9197ccf8b04426,94,38,43.891000000000005,33.891000000000005,43.891000000000005,1,3;4,2,43.891000000000005,0.0,0.0,aeb5053fa54cd86af55166391ce481466e494c5d4882b454105416a3d83659ef,final_online_training_manifest.csv::soh_rated_pct
B0033_D0040,B0033,943,ONLINE_FIXED_START_CAUSAL_10S_V1,PASS,B0033.mat,3f6b44d7e123b9e9e4a26c3651acd0b9f38ca4d21aac3930bd9197ccf8b04426,96,39,43.797,33.797000000000004,43.797,1,3;4,2,43.797000000000004,0.0,0.0,cfca5e7249a58d0bd501a1054cb3f7c4f531425a4983f398bf9f0826efde46bf,final_online_training_manifest.csv::soh_rated_pct
B0033_D0041,B0033,944,ONLINE_FIXED_START_CAUSAL_10S_V1,PASS,B0033.mat,3f6b44d7e123b9e9e4a26c3651acd0b9f38ca4d21aac3930bd9197ccf8b04426,98,40,43.922,33.922000000000004,43.922,1,3;4,2,43.922000000000004,0.0,0.0,219fae00e445fe499bd2511ae85844ec0663943cf23f5e1f26228e8ffc7afe98,final_online_training_manifest.csv::soh_rated_pct
B0033_D0042,B0033,945,ONLINE_FIXED_START_CAUSAL_10S_V1,PASS,B0033.mat,3f6b44d7e123b9e9e4a26c3651acd0b9f38ca4d21aac3930bd9197ccf8b04426,100,41,44.015,34.015,44.015,1,3;4,2,44.015,0.0,0.0,02075de66c86291d2af928e0e459a5b575fbfbc39201e3c0604805c75d8c5a91,final_online_training_manifest.csv::soh_rated_pct
B0033_D0043,B0033,946,ONLINE_FIXED_START_CAUSAL_10S_V1,PASS,B0033.mat,3f6b44d7e123b9e9e4a26c3651acd0b9f38ca4d21aac3930bd9197ccf8b04426,104,42,44.297,34.297,44.297,1,3;4,2,44.297,0.0,0.0,e6947c89e18a5ea7d64ee4b56aa20953e16bb09da12ed18054a81d43329e1b6e,final_online_training_manifest.csv::soh_rated_pct
B0033_D0044,B0033,947,ONLINE_FIXED_START_CAUSAL_10S_V1,PASS,B0033.mat,3f6b44d7e123b9e9e4a26c3651acd0b9f38ca4d21aac3930bd9197ccf8b04426,108,43,44.328,34.328,44.328,1,3;4,2,44.327999999999996,0.0,0.0,a4c54717120502089a15ccd2d98e82c12b6cbfc39d4b6e96cb02be8a479939e7,final_online_training_manifest.csv::soh_rated_pct
B0033_D0045,B0033,948,ONLINE_FIXED_START_CAUSAL_10S_V1,PASS,B0033.mat,3f6b44d7e123b9e9e4a26c3651acd0b9f38ca4d21aac3930bd9197ccf8b04426,110,44,44.515,34.515,44.515,1,3;4,2,44.515,0.0,0.0,be2d0ba97eb10a7ae73eae95683c89271581d2dd357355b88afecfe6b14aa773,final_online_training_manifest.csv::soh_rated_pct
B0033_D0046,B0033,949,ONLINE_FIXED_START_CAUSAL_10S_V1,PASS,B0033.mat,3f6b44d7e123b9e9e4a26c3651acd0b9f38ca4d21aac3930bd9197ccf8b04426,112,45,44.5,34.5,44.5,1,3;4,2,44.5,0.0,0.0,65896ee2ed1fe7b3ab5611e1422d14dbb53190ce4672bb540cc67c5826a6e60f,final_online_training_manifest.csv::soh_rated_pct
B0033_D0047,B0033,950,ONLINE_FIXED_START_CAUSAL_10S_V1,PASS,B0033.mat,3f6b44d7e123b9e9e4a26c3651acd0b9f38ca4d21aac3930bd9197ccf8b04426,116,46,44.563,34.563,44.563,1,3;4,2,44.563,0.0,0.0,7cb2f0e6176f72066962194e4115a1acdc5d45b54da5093519feae92acc8e79d,final_online_training_manifest.csv::soh_rated_pct
B0033_D0048,B0033,951,ONLINE_FIXED_START_CAUSAL_10S_V1,PASS,B0033.mat,3f6b44d7e123b9e9e4a26c3651acd0b9f38ca4d21aac3930bd9197ccf8b04426,118,47,44.672,34.672,44.672,1,3;4,2,44.672,0.0,0.0,81ca37820d3a59173a2a6ce8425d78a610bb935b94ec7c08658149cbf58b1781,final_online_training_manifest.csv::soh_rated_pct
B0033_D0049,B0033,952,ONLINE_FIXED_START_CAUSAL_10S_V1,PASS,B0033.mat,3f6b44d7e123b9e9e4a26c3651acd0b9f38ca4d21aac3930bd9197ccf8b04426,120,48,44.75,34.75,44.75,1,3;4,2,44.75,0.0,0.0,58ad7f2dc316d1c55945fac2db31eefe5b9807d47f443c9dd07cbb54b81c45d9,final_online_training_manifest.csv::soh_rated_pct
B0033_D0050,B0033,953,ONLINE_FIXED_START_CAUSAL_10S_V1,PASS,B0033.mat,3f6b44d7e123b9e9e4a26c3651acd0b9f38ca4d21aac3930bd9197ccf8b04426,122,49,44.907,34.907,44.907,1,3;4,2,44.907,0.0,0.0,7aa86e18642c514f1db0b9740a73bbf018f6cebdc61d1b49255bc04c0d07f2ac,final_online_training_manifest.csv::soh_rated_pct
B0033_D0051,B0033,954,ONLINE_FIXED_START_CAUSAL_10S_V1,PASS,B0033.mat,3f6b44d7e123b9e9e4a26c3651acd0b9f38ca4d21aac3930bd9197ccf8b04426,124,50,44.938,34.938,44.938,1,3;4,2,44.938,0.0,0.0,e16dd0e6ccf0b4e5d20daa1d2de453e6385b204b6b6710d6e60df0a5c1517ca9,final_online_training_manifest.csv::soh_rated_pct
B0033_D0052,B0033,955,ONLINE_FIXED_START_CAUSAL_10S_V1,PASS,B0033.mat,3f6b44d7e123b9e9e4a26c3651acd0b9f38ca4d21aac3930bd9197ccf8b04426,128,51,45.093,35.093,45.093,1,3;4,2,45.093,0.0,0.0,4527f36df35997e3d18fbba0fee6bda1a98781efdf7bce4350af339a81306ee3,final_online_training_manifest.csv::soh_rated_pct
B0033_D0053,B0033,956,ONLINE_FIXED_START_CAUSAL_10S_V1,PASS,B0033.mat,3f6b44d7e123b9e9e4a26c3651acd0b9f38ca4d21aac3930bd9197ccf8b04426,130,52,45.203,35.203,45.203,1,3;4,2,45.202999999999996,0.0,0.0,9d45e3fdb06e04052766c7cf7fd6b64bc2cd9c91a1288d84abf744bb5662433c,final_online_training_manifest.csv::soh_rated_pct
B0033_D0054,B0033,957,ONLINE_FIXED_START_CAUSAL_10S_V1,PASS,B0033.mat,3f6b44d7e123b9e9e4a26c3651acd0b9f38ca4d21aac3930bd9197ccf8b04426,132,53,45.219,35.219,45.219,1,3;4,2,45.219,0.0,0.0,5d9bbbad7ce6e2356345a7b1b7e99ba2b455c339dee5a26cd5dcb4d8480d6bad,final_online_training_manifest.csv::soh_rated_pct
B0033_D0055,B0033,958,ONLINE_FIXED_START_CAUSAL_10S_V1,PASS,B0033.mat,3f6b44d7e123b9e9e4a26c3651acd0b9f38ca4d21aac3930bd9197ccf8b04426,134,54,45.422,35.422,45.422,1,3;4,2,45.422,0.0,0.0,693d150c7c97c03c58f1a43462fbc0cb71dc52b29f92a9d9ed3f8122e14e9474,final_online_training_manifest.csv::soh_rated_pct
B0033_D0056,B0033,959,ONLINE_FIXED_START_CAUSAL_10S_V1,PASS,B0033.mat,3f6b44d7e123b9e9e4a26c3651acd0b9f38ca4d21aac3930bd9197ccf8b04426,136,55,45.625,35.625,45.625,1,3;4,2,45.625,0.0,0.0,6c7291dd22d06a5fb4a43e921b1a0bf1f40862834e34ab55d3df5ca9924fdbbe,final_online_training_manifest.csv::soh_rated_pct
B0033_D0057,B0033,960,ONLINE_FIXED_START_CAUSAL_10S_V1,PASS,B0033.mat,3f6b44d7e123b9e9e4a26c3651acd0b9f38ca4d21aac3930bd9197ccf8b04426,140,56,45.734,35.733999999999995,45.734,1,3;4,2,45.733999999999995,0.0,0.0,b4d8875ec2811d6fe51c7ad9a2e30341d8d85fe3f17487af174f135910eb82cb,final_online_training_manifest.csv::soh_rated_pct
B0033_D0058,B0033,961,ONLINE_FIXED_START_CAUSAL_10S_V1,PASS,B0033.mat,3f6b44d7e123b9e9e4a26c3651acd0b9f38ca4d21aac3930bd9197ccf8b04426,142,57,45.844,35.844,45.844,1,3;4,2,45.844,0.0,0.0,619bed3e7a842aebaeed5cef0a4075ab65026f6843aa453addd287ceb6986fa1,final_online_training_manifest.csv::soh_rated_pct
B0033_D0059,B0033,962,ONLINE_FIXED_START_CAUSAL_10S_V1,PASS,B0033.mat,3f6b44d7e123b9e9e4a26c3651acd0b9f38ca4d21aac3930bd9197ccf8b04426,144,58,45.86,35.86,45.86,1,3;4,2,45.86,0.0,0.0,f58308e86b5b739c453b87938ac5f913a6b8811f94c0c39c13116f6d8aa32664,final_online_training_manifest.csv::soh_rated_pct
B0033_D0060,B0033,963,ONLINE_FIXED_START_CAUSAL_10S_V1,PASS,B0033.mat,3f6b44d7e123b9e9e4a26c3651acd0b9f38ca4d21aac3930bd9197ccf8b04426,146,59,45.859,35.858999999999995,45.859,1,3;4,2,45.858999999999995,0.0,0.0,e3d9d082f9dc18d0c82ce7ca6a33178e32e9326ee3322ccb5f0b65f39a0fbd0b,final_online_training_manifest.csv::soh_rated_pct
B0033_D0061,B0033,964,ONLINE_FIXED_START_CAUSAL_10S_V1,PASS,B0033.mat,3f6b44d7e123b9e9e4a26c3651acd0b9f38ca4d21aac3930bd9197ccf8b04426,148,60,46.062,36.062,46.062,1,3;4,2,46.062,0.0,0.0,9611f2e73ddb6fb96c00e3ae71d862c6920ad7ca66a9281554979bfaf107f9a6,final_online_training_manifest.csv::soh_rated_pct
B0033_D0062,B0033,965,ONLINE_FIXED_START_CAUSAL_10S_V1,PASS,B0033.mat,3f6b44d7e123b9e9e4a26c3651acd0b9f38ca4d21aac3930bd9197ccf8b04426,152,61,46.156,36.156,46.156,1,3;4,2,46.156,0.0,0.0,64935720d0525c8fa76b79c449546450229d29bb911bbd50907a1976424cd184,final_online_training_manifest.csv::soh_rated_pct
B0033_D0063,B0033,966,ONLINE_FIXED_START_CAUSAL_10S_V1,PASS,B0033.mat,3f6b44d7e123b9e9e4a26c3651acd0b9f38ca4d21aac3930bd9197ccf8b04426,154,62,46.344,36.344,46.344,1,3;4,2,46.343999999999994,0.0,0.0,b309ad28616ef829eced2857d8ffa95f7a5a31e48a9e77ba609efe2de696a39f,final_online_training_manifest.csv::soh_rated_pct
B0033_D0064,B0033,967,ONLINE_FIXED_START_CAUSAL_10S_V1,PASS,B0033.mat,3f6b44d7e123b9e9e4a26c3651acd0b9f38ca4d21aac3930bd9197ccf8b04426,156,63,46.313,36.313,46.313,1,3;4,2,46.312999999999995,0.0,0.0,98283682715284d47049dafd4f8b9fa48cc817350de92de40df3680d8a43aa4e,final_online_training_manifest.csv::soh_rated_pct
B0033_D0065,B0033,968,ONLINE_FIXED_START_CAUSAL_10S_V1,PASS,B0033.mat,3f6b44d7e123b9e9e4a26c3651acd0b9f38ca4d21aac3930bd9197ccf8b04426,158,64,46.438,36.438,46.438,1,3;4,2,46.438,0.0,0.0,09ef0472c38ad4155a2c3a4a9e43050d8c8be4f4ca5a73041c55b30bfb540b39,final_online_training_manifest.csv::soh_rated_pct
B0033_D0066,B0033,969,ONLINE_FIXED_START_CAUSAL_10S_V1,PASS,B0033.mat,3f6b44d7e123b9e9e4a26c3651acd0b9f38ca4d21aac3930bd9197ccf8b04426,160,65,46.641,36.641,46.641,1,3;4,2,46.641,0.0,0.0,bc3a6194d25119bc27c2ba99561e50f26afca0364ddc2e364cf91c3caa72514b,final_online_training_manifest.csv::soh_rated_pct
B0033_D0067,B0033,970,ONLINE_FIXED_START_CAUSAL_10S_V1,PASS,B0033.mat,3f6b44d7e123b9e9e4a26c3651acd0b9f38ca4d21aac3930bd9197ccf8b04426,164,66,46.609,36.609,46.609,1,3;4,2,46.609,0.0,0.0,1ba1218e0d3c6144fd96056f6469d3291a9df7c5db29eca6d5e9f65f8f29089e,final_online_training_manifest.csv::soh_rated_pct
B0033_D0068,B0033,971,ONLINE_FIXED_START_CAUSAL_10S_V1,PASS,B0033.mat,3f6b44d7e123b9e9e4a26c3651acd0b9f38ca4d21aac3930bd9197ccf8b04426,168,67,46.859,36.859,46.859,1,3;4,2,46.859,0.0,0.0,88fce1bcaab96aa96f17354c2bae6db1e9b0b2f6cd67eb24745ee511ca2ece23,final_online_training_manifest.csv::soh_rated_pct
B0033_D0069,B0033,972,ONLINE_FIXED_START_CAUSAL_10S_V1,PASS,B0033.mat,3f6b44d7e123b9e9e4a26c3651acd0b9f38ca4d21aac3930bd9197ccf8b04426,170,68,46.984,36.984,46.984,1,3;4,2,46.984,0.0,0.0,418ee72f934f28eabb8dd2e98e3ed497d6e17334dd218b095817b5c3c6db81e8,final_online_training_manifest.csv::soh_rated_pct
B0033_D0070,B0033,973,ONLINE_FIXED_START_CAUSAL_10S_V1,PASS,B0033.mat,3f6b44d7e123b9e9e4a26c3651acd0b9f38ca4d21aac3930bd9197ccf8b04426,172,69,47.14,37.14,47.14,1,3;4,2,47.14,0.0,0.0,0bd164b12e15accfe4d977d8598b9c9775309148ac823035f335ac53a18ec641,final_online_training_manifest.csv::soh_rated_pct
B0033_D0071,B0033,974,ONLINE_FIXED_START_CAUSAL_10S_V1,PASS,B0033.mat,3f6b44d7e123b9e9e4a26c3651acd0b9f38ca4d21aac3930bd9197ccf8b04426,174,70,47.0,37.0,47.0,1,3;4,2,47.0,0.0,0.0,e83c21fe62655478127da7f75c31347b79d381df0f18d90a79c2b704cfd06cee,final_online_training_manifest.csv::soh_rated_pct
B0033_D0072,B0033,975,ONLINE_FIXED_START_CAUSAL_10S_V1,PASS,B0033.mat,3f6b44d7e123b9e9e4a26c3651acd0b9f38ca4d21aac3930bd9197ccf8b04426,176,71,47.187,37.187,47.187,1,3;4,2,47.187,0.0,0.0,2a8bce201b2521f04b2e90f79379761631a60165b39d569c94266fd55286c6d0,final_online_training_manifest.csv::soh_rated_pct
B0033_D0073,B0033,976,ONLINE_FIXED_START_CAUSAL_10S_V1,PASS,B0033.mat,3f6b44d7e123b9e9e4a26c3651acd0b9f38ca4d21aac3930bd9197ccf8b04426,180,72,47.219,37.219,47.219,1,3;4,2,47.218999999999994,0.0,0.0,dedaa87f3024f180b5f923969ef381c398e70608f922ac8715e1060e9a1e9689,final_online_training_manifest.csv::soh_rated_pct
B0033_D0074,B0033,977,ONLINE_FIXED_START_CAUSAL_10S_V1,PASS,B0033.mat,3f6b44d7e123b9e9e4a26c3651acd0b9f38ca4d21aac3930bd9197ccf8b04426,182,73,47.516,37.516,47.516,1,3;4,2,47.516,0.0,0.0,a186d5c8ea273598e0116574418a794fe9ef9049e0bc41192e7b50933a1b9d07,final_online_training_manifest.csv::soh_rated_pct
B0033_D0075,B0033,978,ONLINE_FIXED_START_CAUSAL_10S_V1,PASS,B0033.mat,3f6b44d7e123b9e9e4a26c3651acd0b9f38ca4d21aac3930bd9197ccf8b04426,184,74,47.406,37.406,47.406,1,3;4,2,47.406,0.0,0.0,6df7aadbf0a2722625eec4fd1aeed97206ad8b2c70337f051cc1c35e367940f5,final_online_training_manifest.csv::soh_rated_pct
B0033_D0076,B0033,979,ONLINE_FIXED_START_CAUSAL_10S_V1,PASS,B0033.mat,3f6b44d7e123b9e9e4a26c3651acd0b9f38ca4d21aac3930bd9197ccf8b04426,186,75,47.578,37.578,47.578,1,3;4,2,47.578,0.0,0.0,954f25bddbbd9c7ee4d65c543494cbf14aa86c0c7c49839bb38ef9e1009f8166,final_online_training_manifest.csv::soh_rated_pct
B0033_D0077,B0033,980,ONLINE_FIXED_START_CAUSAL_10S_V1,PASS,B0033.mat,3f6b44d7e123b9e9e4a26c3651acd0b9f38ca4d21aac3930bd9197ccf8b04426,188,76,47.609,37.609,47.609,1,3;4,2,47.609,0.0,0.0,15f6c742b232c6c4423ba0c602dc64fff03caa0a2e753a964aa612fc3eaf462e,final_online_training_manifest.csv::soh_rated_pct
B0033_D0078,B0033,981,ONLINE_FIXED_START_CAUSAL_10S_V1,PASS,B0033.mat,3f6b44d7e123b9e9e4a26c3651acd0b9f38ca4d21aac3930bd9197ccf8b04426,192,77,47.828,37.828,47.828,1,3;4,2,47.828,0.0,0.0,4eaca7250060306e8c5b872289cd8d4a62f2e1dd1bccb45797f082d36b8af58c,final_online_training_manifest.csv::soh_rated_pct
B0033_D0079,B0033,982,ONLINE_FIXED_START_CAUSAL_10S_V1,PASS,B0033.mat,3f6b44d7e123b9e9e4a26c3651acd0b9f38ca4d21aac3930bd9197ccf8b04426,194,78,47.859,37.859,47.859,1,3;4,2,47.859,0.0,0.0,90e8b7851df08e189b752d62c193a884207393a26c37b49dd6907de9b9c945c3,final_online_training_manifest.csv::soh_rated_pct
B0033_D0080,B0033,983,ONLINE_FIXED_START_CAUSAL_10S_V1,PASS,B0033.mat,3f6b44d7e123b9e9e4a26c3651acd0b9f38ca4d21aac3930bd9197ccf8b04426,196,79,48.047,38.047,48.047,1,3;4,2,48.047,0.0,0.0,7b11791c733c12067e138264449e067e5293351ed8adc69ad1f29417e2479c6d,final_online_training_manifest.csv::soh_rated_pct
B0033_D0081,B0033,984,ONLINE_FIXED_START_CAUSAL_10S_V1,PASS,B0033.mat,3f6b44d7e123b9e9e4a26c3651acd0b9f38ca4d21aac3930bd9197ccf8b04426,198,80,48.047,38.047,48.047,1,3;4,2,48.047,0.0,0.0,19909a9fded4a83dce5d0dac9e4dc681a62bedc7e661bb75854ed5c7f1d8f846,final_online_training_manifest.csv::soh_rated_pct
B0033_D0082,B0033,985,ONLINE_FIXED_START_CAUSAL_10S_V1,PASS,B0033.mat,3f6b44d7e123b9e9e4a26c3651acd0b9f38ca4d21aac3930bd9197ccf8b04426,200,81,48.109,38.109,48.109,1,3;4,2,48.109,0.0,0.0,0f4ecad53d12e018d2fa409d883d1ea673c45e6bdb8c066927ae59998bf1aa84,final_online_training_manifest.csv::soh_rated_pct
B0033_D0083,B0033,986,ONLINE_FIXED_START_CAUSAL_10S_V1,PASS,B0033.mat,3f6b44d7e123b9e9e4a26c3651acd0b9f38ca4d21aac3930bd9197ccf8b04426,204,82,48.266,38.266,48.266,1,3;4,2,48.266,0.0,0.0,e3547f28beb03e189932d571db6093704396b73fa0974353bd75b0af654b8c6c,final_online_training_manifest.csv::soh_rated_pct
B0033_D0084,B0033,987,ONLINE_FIXED_START_CAUSAL_10S_V1,PASS,B0033.mat,3f6b44d7e123b9e9e4a26c3651acd0b9f38ca4d21aac3930bd9197ccf8b04426,206,83,48.203,38.203,48.203,1,3;4,2,48.203,0.0,0.0,2526b54bd40d2516799c855b2d3bbcc57bbe9fe0c4f36556fba7940ddb27c6f7,final_online_training_manifest.csv::soh_rated_pct
B0033_D0085,B0033,988,ONLINE_FIXED_START_CAUSAL_10S_V1,PASS,B0033.mat,3f6b44d7e123b9e9e4a26c3651acd0b9f38ca4d21aac3930bd9197ccf8b04426,208,84,48.469,38.469,48.469,1,3;4,2,48.469,0.0,0.0,28237b10e3fa967e8bf706377175b140f60e0a91ed8f6349ac7a6e771cbab15f,final_online_training_manifest.csv::soh_rated_pct
B0033_D0086,B0033,989,ONLINE_FIXED_START_CAUSAL_10S_V1,PASS,B0033.mat,3f6b44d7e123b9e9e4a26c3651acd0b9f38ca4d21aac3930bd9197ccf8b04426,210,85,48.672,38.672,48.672,1,3;4,2,48.672,0.0,0.0,cfffeb9abb3351a1ae85a19d28eb29e7849c5ec42cc3897ae118411052ae428c,final_online_training_manifest.csv::soh_rated_pct
B0033_D0087,B0033,990,ONLINE_FIXED_START_CAUSAL_10S_V1,PASS,B0033.mat,3f6b44d7e123b9e9e4a26c3651acd0b9f38ca4d21aac3930bd9197ccf8b04426,212,86,48.578,38.578,48.578,1,3;4,2,48.578,0.0,0.0,ea1ee1925213edc2a15fa7d0baa76db9a2bbdf455a3f1e030cd6c239024f33b8,final_online_training_manifest.csv::soh_rated_pct
B0033_D0088,B0033,991,ONLINE_FIXED_START_CAUSAL_10S_V1,PASS,B0033.mat,3f6b44d7e123b9e9e4a26c3651acd0b9f38ca4d21aac3930bd9197ccf8b04426,216,87,48.578,38.578,48.578,1,3;4,2,48.578,0.0,0.0,659368ae96b718b8e7354009d8b7f7cc6971dfccc48e31a3cb295a2ee35c2703,final_online_training_manifest.csv::soh_rated_pct
B0033_D0089,B0033,992,ONLINE_FIXED_START_CAUSAL_10S_V1,PASS,B0033.mat,3f6b44d7e123b9e9e4a26c3651acd0b9f38ca4d21aac3930bd9197ccf8b04426,218,88,48.813,38.813,48.813,1,3;4,2,48.813,0.0,0.0,315640ebd72043ff5bf986a6a942a23fe84d50275c7c7fbdd0f1b26ff956b5f1,final_online_training_manifest.csv::soh_rated_pct
B0033_D0090,B0033,993,ONLINE_FIXED_START_CAUSAL_10S_V1,PASS,B0033.mat,3f6b44d7e123b9e9e4a26c3651acd0b9f38ca4d21aac3930bd9197ccf8b04426,220,89,48.859,38.859,48.859,1,3;4,2,48.859,0.0,0.0,3bfe9950ade7e92bd1f14c124884ea99d0e9842ded452259b0b09e4814ad17c1,final_online_training_manifest.csv::soh_rated_pct
B0033_D0091,B0033,994,ONLINE_FIXED_START_CAUSAL_10S_V1,PASS,B0033.mat,3f6b44d7e123b9e9e4a26c3651acd0b9f38ca4d21aac3930bd9197ccf8b04426,222,90,49.125,39.125,49.125,1,3;4,2,49.125,0.0,0.0,d639430464dc29c28d8223e0f6162db79869811d653567443e6753f13020b4d8,final_online_training_manifest.csv::soh_rated_pct
B0033_D0092,B0033,995,ONLINE_FIXED_START_CAUSAL_10S_V1,PASS,B0033.mat,3f6b44d7e123b9e9e4a26c3651acd0b9f38ca4d21aac3930bd9197ccf8b04426,224,91,49.016000000000005,39.016000000000005,49.016000000000005,1,3;4,2,49.016000000000005,0.0,0.0,03b8a5a7b601fbb5146e70ed91c4552ad081b5c2141089036c6e9fa1808101d2,final_online_training_manifest.csv::soh_rated_pct
B0033_D0093,B0033,996,ONLINE_FIXED_START_CAUSAL_10S_V1,PASS,B0033.mat,3f6b44d7e123b9e9e4a26c3651acd0b9f38ca4d21aac3930bd9197ccf8b04426,228,92,49.078,39.078,49.078,1,3;4,2,49.078,0.0,0.0,0cbadc0c8b8567b03c161501a3a1b89ddb98a283d33b54448f1859e62246952e,final_online_training_manifest.csv::soh_rated_pct
B0033_D0094,B0033,997,ONLINE_FIXED_START_CAUSAL_10S_V1,PASS,B0033.mat,3f6b44d7e123b9e9e4a26c3651acd0b9f38ca4d21aac3930bd9197ccf8b04426,230,93,49.25,39.25,49.25,1,3;4,2,49.25,0.0,0.0,e0abdc1bede1ab2fc331ce38febbcaaa2ed85450fe62b1fb1900fa06ecc175a5,final_online_training_manifest.csv::soh_rated_pct
B0033_D0095,B0033,998,ONLINE_FIXED_START_CAUSAL_10S_V1,PASS,B0033.mat,3f6b44d7e123b9e9e4a26c3651acd0b9f38ca4d21aac3930bd9197ccf8b04426,232,94,49.281,39.281,49.281,1,3;4,2,49.281,0.0,0.0,c7309a8763afbe7db27b9a76e5f57446c1adcca9ac79a3fa55d26848b230d620,final_online_training_manifest.csv::soh_rated_pct
B0033_D0096,B0033,999,ONLINE_FIXED_START_CAUSAL_10S_V1,PASS,B0033.mat,3f6b44d7e123b9e9e4a26c3651acd0b9f38ca4d21aac3930bd9197ccf8b04426,234,95,49.391,39.391,49.391,1,3;4,2,49.391,0.0,0.0,718fe9e4242ecb470867032b6af428a43d7bf2779cbe25ddbefb86aab8ed956d,final_online_training_manifest.csv::soh_rated_pct
B0033_D0097,B0033,1000,ONLINE_FIXED_START_CAUSAL_10S_V1,PASS,B0033.mat,3f6b44d7e123b9e9e4a26c3651acd0b9f38ca4d21aac3930bd9197ccf8b04426,236,96,49.5,39.5,49.5,1,3;4,2,49.5,0.0,0.0,638a044f9d0ebebfccef93c58ba8612eb318d42038d3241e4cd10bdaec3c4a74,final_online_training_manifest.csv::soh_rated_pct
B0033_D0098,B0033,1001,ONLINE_FIXED_START_CAUSAL_10S_V1,PASS,B0033.mat,3f6b44d7e123b9e9e4a26c3651acd0b9f38ca4d21aac3930bd9197ccf8b04426,240,97,49.594,39.594,49.594,1,3;4,2,49.594,0.0,0.0,3a9da48c9df9c1c11d37786a1911227bd63ce590cb1c1a0d1757adb75e238d9b,final_online_training_manifest.csv::soh_rated_pct
B0033_D0099,B0033,1002,ONLINE_FIXED_START_CAUSAL_10S_V1,PASS,B0033.mat,3f6b44d7e123b9e9e4a26c3651acd0b9f38ca4d21aac3930bd9197ccf8b04426,242,98,49.859,39.859,49.859,1,3;4,2,49.859,0.0,0.0,5ca92cbe33b16f43e0e1b156365a560f90a5b6252e27da4a269672c9c8cdeaaa,final_online_training_manifest.csv::soh_rated_pct
B0033_D0100,B0033,1003,ONLINE_FIXED_START_CAUSAL_10S_V1,PASS,B0033.mat,3f6b44d7e123b9e9e4a26c3651acd0b9f38ca4d21aac3930bd9197ccf8b04426,244,99,49.75,39.75,49.75,1,3;4,2,49.75,0.0,0.0,2a520d2ef125631518f8abb2c7ba381cc8756b2707f4654cc896f29ab5eb3bd7,final_online_training_manifest.csv::soh_rated_pct
B0033_D0101,B0033,1004,ONLINE_FIXED_START_CAUSAL_10S_V1,PASS,B0033.mat,3f6b44d7e123b9e9e4a26c3651acd0b9f38ca4d21aac3930bd9197ccf8b04426,246,100,49.843,39.843,49.843,1,3;4,2,49.842999999999996,0.0,0.0,9e7488a89c1e9a8d29ee541ab6173e2d4b12b6673824002a7b35ba967744ddc5,final_online_training_manifest.csv::soh_rated_pct
B0033_D0102,B0033,1005,ONLINE_FIXED_START_CAUSAL_10S_V1,PASS,B0033.mat,3f6b44d7e123b9e9e4a26c3651acd0b9f38ca4d21aac3930bd9197ccf8b04426,248,101,49.89,39.89,49.89,1,3;4,2,49.89,0.0,0.0,a7a984f5bf635aa8a290faaefcd148c40c32d3913c3d7fbc45a38422c8f0a11d,final_online_training_manifest.csv::soh_rated_pct
B0033_D0103,B0033,1006,ONLINE_FIXED_START_CAUSAL_10S_V1,PASS,B0033.mat,3f6b44d7e123b9e9e4a26c3651acd0b9f38ca4d21aac3930bd9197ccf8b04426,252,102,50.281,40.281,50.281,1,3;4,2,50.281,0.0,0.0,125c932facd6a6e83325474bc013de1db3d057321a69d610ff184915135041f2,final_online_training_manifest.csv::soh_rated_pct
B0033_D0104,B0033,1007,ONLINE_FIXED_START_CAUSAL_10S_V1,PASS,B0033.mat,3f6b44d7e123b9e9e4a26c3651acd0b9f38ca4d21aac3930bd9197ccf8b04426,254,103,50.203,40.203,50.203,1,3;4,2,50.203,0.0,0.0,6c4840a627e4f17000cc4b679d7de0e077c0773bffc1e0984fd28fc0fdaf2898,final_online_training_manifest.csv::soh_rated_pct
B0033_D0105,B0033,1008,ONLINE_FIXED_START_CAUSAL_10S_V1,PASS,B0033.mat,3f6b44d7e123b9e9e4a26c3651acd0b9f38ca4d21aac3930bd9197ccf8b04426,256,104,50.203,40.203,50.203,1,3;4,2,50.203,0.0,0.0,3cdb7d2491c4b4274beaef67f28342e44844818d8e4d134599e4fc2b4e3b17f4,final_online_training_manifest.csv::soh_rated_pct
B0033_D0106,B0033,1009,ONLINE_FIXED_START_CAUSAL_10S_V1,PASS,B0033.mat,3f6b44d7e123b9e9e4a26c3651acd0b9f38ca4d21aac3930bd9197ccf8b04426,258,105,50.297,40.297,50.297,1,3;4,2,50.297,0.0,0.0,97b2db227337fcec8e89298d91ff7a8990773fbcebe699e55a6b4b379e852651,final_online_training_manifest.csv::soh_rated_pct
B0033_D0107,B0033,1010,ONLINE_FIXED_START_CAUSAL_10S_V1,PASS,B0033.mat,3f6b44d7e123b9e9e4a26c3651acd0b9f38ca4d21aac3930bd9197ccf8b04426,260,106,50.391,40.391,50.391,1,3;4,2,50.391,0.0,0.0,15c56da59b34f465978ea0f62c99abd4f0c7f13150f4a7d27ed7652232cc365d,final_online_training_manifest.csv::soh_rated_pct
B0033_D0108,B0033,1011,ONLINE_FIXED_START_CAUSAL_10S_V1,PASS,B0033.mat,3f6b44d7e123b9e9e4a26c3651acd0b9f38ca4d21aac3930bd9197ccf8b04426,264,107,50.485,40.485,50.485,1,3;4,2,50.485,0.0,0.0,b1e205a1239721aa67482c07b90ca744f4ebddc78b70d5771aa13f7338d6e727,final_online_training_manifest.csv::soh_rated_pct
B0033_D0109,B0033,1012,ONLINE_FIXED_START_CAUSAL_10S_V1,PASS,B0033.mat,3f6b44d7e123b9e9e4a26c3651acd0b9f38ca4d21aac3930bd9197ccf8b04426,266,108,50.579,40.579,50.579,1,3;4,2,50.579,0.0,0.0,597bee616795f03e1309ff3dd55aa85dbe93fd8affdb6cc8d02796934395ddbc,final_online_training_manifest.csv::soh_rated_pct
B0033_D0110,B0033,1013,ONLINE_FIXED_START_CAUSAL_10S_V1,PASS,B0033.mat,3f6b44d7e123b9e9e4a26c3651acd0b9f38ca4d21aac3930bd9197ccf8b04426,268,109,50.609,40.609,50.609,1,3;4,2,50.609,0.0,0.0,378d0c376ccb68b5cb045356521a30495d3ffed5c344eba991512a655a93c77e,final_online_training_manifest.csv::soh_rated_pct
B0033_D0111,B0033,1014,ONLINE_FIXED_START_CAUSAL_10S_V1,PASS,B0033.mat,3f6b44d7e123b9e9e4a26c3651acd0b9f38ca4d21aac3930bd9197ccf8b04426,270,110,50.688,40.688,50.688,1,3;4,2,50.688,0.0,0.0,4eedd9803abded411880a7131cc2360353427dcd4df420b142a6973271514155,final_online_training_manifest.csv::soh_rated_pct
B0033_D0112,B0033,1015,ONLINE_FIXED_START_CAUSAL_10S_V1,PASS,B0033.mat,3f6b44d7e123b9e9e4a26c3651acd0b9f38ca4d21aac3930bd9197ccf8b04426,272,111,50.875,40.875,50.875,1,3;4,2,50.875,0.0,0.0,a4746c5747d0acd90676eb3122dc2a46468777a36e41b0d68cbfbe1e1de60ddb,final_online_training_manifest.csv::soh_rated_pct
B0033_D0113,B0033,1016,ONLINE_FIXED_START_CAUSAL_10S_V1,PASS,B0033.mat,3f6b44d7e123b9e9e4a26c3651acd0b9f38ca4d21aac3930bd9197ccf8b04426,276,112,51.078,41.078,51.078,1,3;4,2,51.077999999999996,0.0,0.0,a8df33ad39bf556174e1557d0dff0502b4eb01c418905d401bdf30ee6e357ca0,final_online_training_manifest.csv::soh_rated_pct
B0033_D0115,B0033,1017,ONLINE_FIXED_START_CAUSAL_10S_V1,PASS,B0033.mat,3f6b44d7e123b9e9e4a26c3651acd0b9f38ca4d21aac3930bd9197ccf8b04426,282,114,51.016000000000005,41.016000000000005,51.016000000000005,1,3;4,2,51.016000000000005,0.0,0.0,422b94f26e57811343cbf8351cb0166a5543cf515c0d4f9cc257a664f6799e0e,final_online_training_manifest.csv::soh_rated_pct
B0033_D0116,B0033,1018,ONLINE_FIXED_START_CAUSAL_10S_V1,PASS,B0033.mat,3f6b44d7e123b9e9e4a26c3651acd0b9f38ca4d21aac3930bd9197ccf8b04426,284,115,51.188,41.188,51.188,1,3;4,2,51.188,0.0,0.0,a335801b8e00f8af1dcebe4d62099b01c3c1ee6d735da7c11fd2c74dac1f0b41,final_online_training_manifest.csv::soh_rated_pct
B0033_D0117,B0033,1019,ONLINE_FIXED_START_CAUSAL_10S_V1,PASS,B0033.mat,3f6b44d7e123b9e9e4a26c3651acd0b9f38ca4d21aac3930bd9197ccf8b04426,286,116,51.282,41.282,51.282,1,3;4,2,51.282,0.0,0.0,eb5f25138b9a410146fcf6355b2d537bcdfd2804355929c759a15e98e50860bb,final_online_training_manifest.csv::soh_rated_pct
B0033_D0118,B0033,1020,ONLINE_FIXED_START_CAUSAL_10S_V1,PASS,B0033.mat,3f6b44d7e123b9e9e4a26c3651acd0b9f38ca4d21aac3930bd9197ccf8b04426,288,117,51.187,41.187,51.187,1,3;4,2,51.187,0.0,0.0,23860bbe6c33f16ae6f76071488457d0e371220d9dfb29374ba7cb4a439a4d36,final_online_training_manifest.csv::soh_rated_pct
B0033_D0119,B0033,1021,ONLINE_FIXED_START_CAUSAL_10S_V1,PASS,B0033.mat,3f6b44d7e123b9e9e4a26c3651acd0b9f38ca4d21aac3930bd9197ccf8b04426,290,118,51.328,41.328,51.328,1,3;4,2,51.327999999999996,0.0,0.0,89f3bdde06fb9ee5365199e349083d2c7e6433ad089af5edc75f1b0bd1fef223,final_online_training_manifest.csv::soh_rated_pct
B0033_D0120,B0033,1022,ONLINE_FIXED_START_CAUSAL_10S_V1,PASS,B0033.mat,3f6b44d7e123b9e9e4a26c3651acd0b9f38ca4d21aac3930bd9197ccf8b04426,294,119,51.547,41.547,51.547,1,3;4,2,51.547,0.0,0.0,7b1c689594072ed193475b4f426fae0629abf2cd4375357b0a321461ecc19f22,final_online_training_manifest.csv::soh_rated_pct
B0033_D0121,B0033,1023,ONLINE_FIXED_START_CAUSAL_10S_V1,PASS,B0033.mat,3f6b44d7e123b9e9e4a26c3651acd0b9f38ca4d21aac3930bd9197ccf8b04426,296,120,51.531,41.531,51.531,1,3;4,2,51.531,0.0,0.0,c4834872e83718c3fd9a5da1feab0c2e9b7726059736b8895a8bdc8aba82c381,final_online_training_manifest.csv::soh_rated_pct
B0033_D0122,B0033,1024,ONLINE_FIXED_START_CAUSAL_10S_V1,PASS,B0033.mat,3f6b44d7e123b9e9e4a26c3651acd0b9f38ca4d21aac3930bd9197ccf8b04426,298,121,51.578,41.578,51.578,1,3;4,2,51.577999999999996,0.0,0.0,56be04ab51cd04a8765b011c6b292547027bad7118da17dcea261edae7e187f6,final_online_training_manifest.csv::soh_rated_pct
B0033_D0123,B0033,1025,ONLINE_FIXED_START_CAUSAL_10S_V1,PASS,B0033.mat,3f6b44d7e123b9e9e4a26c3651acd0b9f38ca4d21aac3930bd9197ccf8b04426,300,122,51.859,41.859,51.859,1,3;4,2,51.858999999999995,0.0,0.0,e1dae26ac783a5b799a14e39d48b33544c99c4390f93c35b9efafd1f0b8e909c,final_online_training_manifest.csv::soh_rated_pct
B0033_D0124,B0033,1026,ONLINE_FIXED_START_CAUSAL_10S_V1,PASS,B0033.mat,3f6b44d7e123b9e9e4a26c3651acd0b9f38ca4d21aac3930bd9197ccf8b04426,302,123,51.766000000000005,41.766000000000005,51.766000000000005,1,3;4,2,51.766000000000005,0.0,0.0,c4338f1b175596f3f8d54fb261f387226a049a968698e4b2cabc66b912d268ca,final_online_training_manifest.csv::soh_rated_pct
B0033_D0125,B0033,1027,ONLINE_FIXED_START_CAUSAL_10S_V1,PASS,B0033.mat,3f6b44d7e123b9e9e4a26c3651acd0b9f38ca4d21aac3930bd9197ccf8b04426,306,124,51.984,41.984,51.984,1,3;4,2,51.984,0.0,0.0,ef7e210e7d92d071086c6f75c575fccf92f303ca40f922f9e7857bd81252631b,final_online_training_manifest.csv::soh_rated_pct
B0033_D0126,B0033,1028,ONLINE_FIXED_START_CAUSAL_10S_V1,PASS,B0033.mat,3f6b44d7e123b9e9e4a26c3651acd0b9f38ca4d21aac3930bd9197ccf8b04426,308,125,51.859,41.859,51.859,1,3;4,2,51.858999999999995,0.0,0.0,61d6ee8e418bfa639732ffbebca3f937e1456136e1d6285d8ebec33942009cc4,final_online_training_manifest.csv::soh_rated_pct
B0033_D0127,B0033,1029,ONLINE_FIXED_START_CAUSAL_10S_V1,PASS,B0033.mat,3f6b44d7e123b9e9e4a26c3651acd0b9f38ca4d21aac3930bd9197ccf8b04426,310,126,51.968,41.968,51.968,1,3;4,2,51.968,0.0,0.0,194121191d21611e42d55550678fd02ae3a0d63123493e21a78c03dbea2ecb65,final_online_training_manifest.csv::soh_rated_pct
B0033_D0128,B0033,1030,ONLINE_FIXED_START_CAUSAL_10S_V1,PASS,B0033.mat,3f6b44d7e123b9e9e4a26c3651acd0b9f38ca4d21aac3930bd9197ccf8b04426,312,127,51.953,41.953,51.953,1,3;4,2,51.953,0.0,0.0,f9a4710815e79e0ce082cf5755c86b1b5c64fabbedfdb5e0d4e9088f1769c731,final_online_training_manifest.csv::soh_rated_pct
B0033_D0129,B0033,1031,ONLINE_FIXED_START_CAUSAL_10S_V1,PASS,B0033.mat,3f6b44d7e123b9e9e4a26c3651acd0b9f38ca4d21aac3930bd9197ccf8b04426,314,128,52.063,42.063,52.063,1,3;4,2,52.063,0.0,0.0,489f45ca718ab6ae11c7be03480253faf963fe04259f59ec26a559ae0b677375,final_online_training_manifest.csv::soh_rated_pct
B0033_D0130,B0033,1032,ONLINE_FIXED_START_CAUSAL_10S_V1,PASS,B0033.mat,3f6b44d7e123b9e9e4a26c3651acd0b9f38ca4d21aac3930bd9197ccf8b04426,318,129,52.234,42.234,52.234,1,3;4,2,52.234,0.0,0.0,53714eda06493c27766307ef94bc6fc8773d48fcefdf0cb17e96a8ea78fb3c96,final_online_training_manifest.csv::soh_rated_pct
B0033_D0131,B0033,1033,ONLINE_FIXED_START_CAUSAL_10S_V1,PASS,B0033.mat,3f6b44d7e123b9e9e4a26c3651acd0b9f38ca4d21aac3930bd9197ccf8b04426,320,130,52.484,42.484,52.484,1,3;4,2,52.484,0.0,0.0,4850c0f75811f1050f51a1bb2acdc9fd3952aaf4f10e795eb6d548340d7cb05a,final_online_training_manifest.csv::soh_rated_pct
B0033_D0132,B0033,1034,ONLINE_FIXED_START_CAUSAL_10S_V1,PASS,B0033.mat,3f6b44d7e123b9e9e4a26c3651acd0b9f38ca4d21aac3930bd9197ccf8b04426,322,131,52.454,42.454,52.454,1,3;4,2,52.454,0.0,0.0,e7e9f523872da05980dc4e7cbc34586abf75a3c1defcc90b15d8aa6435ae6ea3,final_online_training_manifest.csv::soh_rated_pct
B0033_D0133,B0033,1035,ONLINE_FIXED_START_CAUSAL_10S_V1,PASS,B0033.mat,3f6b44d7e123b9e9e4a26c3651acd0b9f38ca4d21aac3930bd9197ccf8b04426,324,132,52.375,42.375,52.375,1,3;4,2,52.375,0.0,0.0,b1567cfb56413ef9e796a1eed6a400422d6ca7d2fa0305f3ce13ddaf01ccbc2f,final_online_training_manifest.csv::soh_rated_pct
B0033_D0134,B0033,1036,ONLINE_FIXED_START_CAUSAL_10S_V1,PASS,B0033.mat,3f6b44d7e123b9e9e4a26c3651acd0b9f38ca4d21aac3930bd9197ccf8b04426,326,133,52.531,42.531,52.531,1,3;4,2,52.531,0.0,0.0,c6bce9d086275f98657dfba8a50358891406b715446781aa4cf2924b41d38e15,final_online_training_manifest.csv::soh_rated_pct
B0033_D0135,B0033,1037,ONLINE_FIXED_START_CAUSAL_10S_V1,PASS,B0033.mat,3f6b44d7e123b9e9e4a26c3651acd0b9f38ca4d21aac3930bd9197ccf8b04426,330,134,40.25,30.25,40.25,1,2;3,2,40.25,0.0,0.0,8595bad1573570431444f29e569807fb27f0d2292d44351c69ab972622298ebc,final_online_training_manifest.csv::soh_rated_pct
B0033_D0136,B0033,1038,ONLINE_FIXED_START_CAUSAL_10S_V1,PASS,B0033.mat,3f6b44d7e123b9e9e4a26c3651acd0b9f38ca4d21aac3930bd9197ccf8b04426,334,135,52.75,42.75,52.75,1,3;4,2,52.75,0.0,0.0,ca53e4da64bc4e3f61650004c5fff704798b2b31fcc68c26a71caffab23edfb2,final_online_training_manifest.csv::soh_rated_pct
B0033_D0137,B0033,1039,ONLINE_FIXED_START_CAUSAL_10S_V1,PASS,B0033.mat,3f6b44d7e123b9e9e4a26c3651acd0b9f38ca4d21aac3930bd9197ccf8b04426,336,136,52.875,42.875,52.875,1,3;4,2,52.875,0.0,0.0,eaf6a9efa95071112505b571b2e054a9d1ae5bf0a164ed6fd25cc9303abdfe55,final_online_training_manifest.csv::soh_rated_pct
B0033_D0138,B0033,1040,ONLINE_FIXED_START_CAUSAL_10S_V1,PASS,B0033.mat,3f6b44d7e123b9e9e4a26c3651acd0b9f38ca4d21aac3930bd9197ccf8b04426,338,137,52.875,42.875,52.875,1,3;4,2,52.875,0.0,0.0,e8751974a7320a30fa474fe6d10d369909560bd34f32c33f11c8ea82a7c74c2e,final_online_training_manifest.csv::soh_rated_pct
B0033_D0148,B0033,1041,ONLINE_FIXED_START_CAUSAL_10S_V1,PASS,B0033.mat,3f6b44d7e123b9e9e4a26c3651acd0b9f38ca4d21aac3930bd9197ccf8b04426,362,147,53.625,43.625,53.625,1,3;4,2,53.625,0.0,0.0,46a0ee95e7a7c7e6657eba6c418f6320c9e59c825287c832d53f219c082f137c,final_online_training_manifest.csv::soh_rated_pct
B0033_D0149,B0033,1042,ONLINE_FIXED_START_CAUSAL_10S_V1,PASS,B0033.mat,3f6b44d7e123b9e9e4a26c3651acd0b9f38ca4d21aac3930bd9197ccf8b04426,364,148,53.734,43.734,53.734,1,3;4,2,53.734,0.0,0.0,a7cac69c9a17ecdfff615c7476dd814aedb8c20c0e4a337d1feb147c53494b0b,final_online_training_manifest.csv::soh_rated_pct
B0033_D0150,B0033,1043,ONLINE_FIXED_START_CAUSAL_10S_V1,PASS,B0033.mat,3f6b44d7e123b9e9e4a26c3651acd0b9f38ca4d21aac3930bd9197ccf8b04426,366,149,53.781000000000006,43.781000000000006,53.781000000000006,1,3;4,2,53.781000000000006,0.0,0.0,e4e4a14f3773c5218c70d4b2105c53fe26c47849dae579ca1c70f2a6a6718232,final_online_training_manifest.csv::soh_rated_pct
B0033_D0151,B0033,1044,ONLINE_FIXED_START_CAUSAL_10S_V1,PASS,B0033.mat,3f6b44d7e123b9e9e4a26c3651acd0b9f38ca4d21aac3930bd9197ccf8b04426,370,150,53.781,43.781,53.781,1,3;4,2,53.781,0.0,0.0,1177b09cb5a986f8950948b85f4f7213e5bd2b922f6636b844882c1b0a8b3483,final_online_training_manifest.csv::soh_rated_pct
B0033_D0152,B0033,1045,ONLINE_FIXED_START_CAUSAL_10S_V1,PASS,B0033.mat,3f6b44d7e123b9e9e4a26c3651acd0b9f38ca4d21aac3930bd9197ccf8b04426,372,151,53.89,43.89,53.89,1,3;4,2,53.89,0.0,0.0,c49086f7220353caf090e8419031cd04d38b9031636b671a4b73007ba0b583ee,final_online_training_manifest.csv::soh_rated_pct
B0033_D0153,B0033,1046,ONLINE_FIXED_START_CAUSAL_10S_V1,PASS,B0033.mat,3f6b44d7e123b9e9e4a26c3651acd0b9f38ca4d21aac3930bd9197ccf8b04426,374,152,54.062,44.062,54.062,1,3;4,2,54.062,0.0,0.0,5c4b32256c036e58102f9088ca2c46c1211477079449730f02e10fb23e32465b,final_online_training_manifest.csv::soh_rated_pct
B0033_D0154,B0033,1047,ONLINE_FIXED_START_CAUSAL_10S_V1,PASS,B0033.mat,3f6b44d7e123b9e9e4a26c3651acd0b9f38ca4d21aac3930bd9197ccf8b04426,376,153,53.969,43.969,53.969,1,3;4,2,53.969,0.0,0.0,f29a655b6914a2ac7050c7234660643f3efd9d4775e2dbd753001fa5e858a4df,final_online_training_manifest.csv::soh_rated_pct
B0033_D0155,B0033,1048,ONLINE_FIXED_START_CAUSAL_10S_V1,PASS,B0033.mat,3f6b44d7e123b9e9e4a26c3651acd0b9f38ca4d21aac3930bd9197ccf8b04426,378,154,54.281000000000006,44.281000000000006,54.281000000000006,1,3;4,2,54.281000000000006,0.0,0.0,03bc8c8c5d6a4096d63ffc676a9ce10028a1449882059f5b40ad62e72ae8ddaa,final_online_training_manifest.csv::soh_rated_pct
B0033_D0156,B0033,1049,ONLINE_FIXED_START_CAUSAL_10S_V1,PASS,B0033.mat,3f6b44d7e123b9e9e4a26c3651acd0b9f38ca4d21aac3930bd9197ccf8b04426,382,155,54.344,44.344,54.344,1,3;4,2,54.344,0.0,0.0,477cbb719618bdfd3f73e4671600efb37433a670b4b4b4ac106360e314647455,final_online_training_manifest.csv::soh_rated_pct
B0033_D0157,B0033,1050,ONLINE_FIXED_START_CAUSAL_10S_V1,PASS,B0033.mat,3f6b44d7e123b9e9e4a26c3651acd0b9f38ca4d21aac3930bd9197ccf8b04426,386,156,54.203,44.203,54.203,1,3;4,2,54.202999999999996,0.0,0.0,cfff773a0ea64d2aae39916c52904e8a45d71edb168cc34acde5662ec29d378e,final_online_training_manifest.csv::soh_rated_pct
B0033_D0158,B0033,1051,ONLINE_FIXED_START_CAUSAL_10S_V1,PASS,B0033.mat,3f6b44d7e123b9e9e4a26c3651acd0b9f38ca4d21aac3930bd9197ccf8b04426,388,157,54.36,44.36,54.36,1,3;4,2,54.36,0.0,0.0,abff383e9f9ab7f5bc93e87dc4666311f832f1323e2621c98025e4c1a8b1dd1e,final_online_training_manifest.csv::soh_rated_pct
B0033_D0159,B0033,1052,ONLINE_FIXED_START_CAUSAL_10S_V1,PASS,B0033.mat,3f6b44d7e123b9e9e4a26c3651acd0b9f38ca4d21aac3930bd9197ccf8b04426,390,158,54.437,44.437,54.437,1,3;4,2,54.437,0.0,0.0,15babbda1727aea0fe3ddea65e3aeb317df712020a746c1b3a2a89dd586bef65,final_online_training_manifest.csv::soh_rated_pct
B0033_D0160,B0033,1053,ONLINE_FIXED_START_CAUSAL_10S_V1,PASS,B0033.mat,3f6b44d7e123b9e9e4a26c3651acd0b9f38ca4d21aac3930bd9197ccf8b04426,392,159,54.437,44.437,54.437,1,3;4,2,54.437,0.0,0.0,3fbb3f5ce23d33e494fd35373422b2ace01748d8aa8542cfbeb4f2e258295eaf,final_online_training_manifest.csv::soh_rated_pct
B0033_D0161,B0033,1054,ONLINE_FIXED_START_CAUSAL_10S_V1,PASS,B0033.mat,3f6b44d7e123b9e9e4a26c3651acd0b9f38ca4d21aac3930bd9197ccf8b04426,394,160,54.453,44.453,54.453,1,3;4,2,54.453,0.0,0.0,a5ffb182dce9c0641d62fe07ce0ac8b66127552a6e4fd724a8f0b235272ed049,final_online_training_manifest.csv::soh_rated_pct
B0033_D0162,B0033,1055,ONLINE_FIXED_START_CAUSAL_10S_V1,PASS,B0033.mat,3f6b44d7e123b9e9e4a26c3651acd0b9f38ca4d21aac3930bd9197ccf8b04426,398,161,54.547,44.547,54.547,1,3;4,2,54.547,0.0,0.0,08892babd73ec9fd37e22de291cb08a8cc3b2f249c8192e8b77eaf5e1d2e2160,final_online_training_manifest.csv::soh_rated_pct
B0033_D0163,B0033,1056,ONLINE_FIXED_START_CAUSAL_10S_V1,PASS,B0033.mat,3f6b44d7e123b9e9e4a26c3651acd0b9f38ca4d21aac3930bd9197ccf8b04426,400,162,55.078,45.078,55.078,1,3;4,2,55.077999999999996,0.0,0.0,53247b8ef814e9202e459d199ec790465d5613a242269947d07ebf9be4bc9841,final_online_training_manifest.csv::soh_rated_pct
B0033_D0164,B0033,1057,ONLINE_FIXED_START_CAUSAL_10S_V1,PASS,B0033.mat,3f6b44d7e123b9e9e4a26c3651acd0b9f38ca4d21aac3930bd9197ccf8b04426,402,163,54.781,44.781,54.781,1,3;4,2,54.781,0.0,0.0,fc53ecfd4ac56f5113d437cb99ec045af5c491337f71479bd9c0ca925797ecd9,final_online_training_manifest.csv::soh_rated_pct
B0033_D0165,B0033,1058,ONLINE_FIXED_START_CAUSAL_10S_V1,PASS,B0033.mat,3f6b44d7e123b9e9e4a26c3651acd0b9f38ca4d21aac3930bd9197ccf8b04426,404,164,54.875,44.875,54.875,1,3;4,2,54.875,0.0,0.0,a1bb1d6b735db941a26c82662efb47886ccea8137730f938be4e3958859c48a6,final_online_training_manifest.csv::soh_rated_pct
B0033_D0166,B0033,1059,ONLINE_FIXED_START_CAUSAL_10S_V1,PASS,B0033.mat,3f6b44d7e123b9e9e4a26c3651acd0b9f38ca4d21aac3930bd9197ccf8b04426,406,165,54.907,44.907,54.907,1,3;4,2,54.907,0.0,0.0,4c063a2b07ec1b001def529f8c5d9632b5b61df6dd14316ad87640965a86f90b,final_online_training_manifest.csv::soh_rated_pct
B0033_D0167,B0033,1060,ONLINE_FIXED_START_CAUSAL_10S_V1,PASS,B0033.mat,3f6b44d7e123b9e9e4a26c3651acd0b9f38ca4d21aac3930bd9197ccf8b04426,410,166,54.922,44.922,54.922,1,3;4,2,54.922,0.0,0.0,4a4c06683c48d0d7320313ae45c20bb1e9fdb18af91e62d9b4514155fac2ca85,final_online_training_manifest.csv::soh_rated_pct
B0033_D0168,B0033,1061,ONLINE_FIXED_START_CAUSAL_10S_V1,PASS,B0033.mat,3f6b44d7e123b9e9e4a26c3651acd0b9f38ca4d21aac3930bd9197ccf8b04426,412,167,55.094,45.094,55.094,1,3;4,2,55.094,0.0,0.0,a69fa38344dbcf267ca3db06ece46660ff54a16090377105b383156cdd5beb50,final_online_training_manifest.csv::soh_rated_pct
B0033_D0169,B0033,1062,ONLINE_FIXED_START_CAUSAL_10S_V1,PASS,B0033.mat,3f6b44d7e123b9e9e4a26c3651acd0b9f38ca4d21aac3930bd9197ccf8b04426,414,168,40.156000000000006,30.15600000000001,40.156000000000006,1,2;3,2,40.156000000000006,0.0,0.0,7c31f01148e613982eacad0227561d5fedfcf2797202600f531228a4de50b000,final_online_training_manifest.csv::soh_rated_pct
B0033_D0170,B0033,1063,ONLINE_FIXED_START_CAUSAL_10S_V1,PASS,B0033.mat,3f6b44d7e123b9e9e4a26c3651acd0b9f38ca4d21aac3930bd9197ccf8b04426,416,169,40.046,30.046,40.046,1,2;3,2,40.046,0.0,0.0,bb145f73c8a076e051b8d7bb0ffaf6d4793bb54c66cbff2b248cab9daf7d4b63,final_online_training_manifest.csv::soh_rated_pct
B0033_D0171,B0033,1064,ONLINE_FIXED_START_CAUSAL_10S_V1,PASS,B0033.mat,3f6b44d7e123b9e9e4a26c3651acd0b9f38ca4d21aac3930bd9197ccf8b04426,418,170,40.016000000000005,30.016000000000005,40.016000000000005,1,2;3,2,40.016000000000005,0.0,0.0,3d64a3ec88f011f5414757c79e396a6160a5311d09cd152a9bc3dc54b466935a,final_online_training_manifest.csv::soh_rated_pct
B0033_D0172,B0033,1065,ONLINE_FIXED_START_CAUSAL_10S_V1,PASS,B0033.mat,3f6b44d7e123b9e9e4a26c3651acd0b9f38ca4d21aac3930bd9197ccf8b04426,422,171,40.109,30.109,40.109,1,2;3,2,40.109,0.0,0.0,64d0f3117b82860e97db8ee32038f2d40520dbeb78a7ca3ffb1c87f0b7ced357,final_online_training_manifest.csv::soh_rated_pct
B0033_D0173,B0033,1066,ONLINE_FIXED_START_CAUSAL_10S_V1,PASS,B0033.mat,3f6b44d7e123b9e9e4a26c3651acd0b9f38ca4d21aac3930bd9197ccf8b04426,424,172,40.25,30.25,40.25,1,2;3,2,40.25,0.0,0.0,1a6044bd61d640ba581c8469d77cdfbe4b262a9b3efc4a037bf7c1649c582c31,final_online_training_manifest.csv::soh_rated_pct
B0033_D0174,B0033,1067,ONLINE_FIXED_START_CAUSAL_10S_V1,PASS,B0033.mat,3f6b44d7e123b9e9e4a26c3651acd0b9f38ca4d21aac3930bd9197ccf8b04426,426,173,40.359,30.358999999999995,40.359,1,2;3,2,40.358999999999995,0.0,0.0,05735785244353f68c736abb2612622c67b40264a07ed0e4752a176320db7eb5,final_online_training_manifest.csv::soh_rated_pct
B0033_D0175,B0033,1068,ONLINE_FIXED_START_CAUSAL_10S_V1,PASS,B0033.mat,3f6b44d7e123b9e9e4a26c3651acd0b9f38ca4d21aac3930bd9197ccf8b04426,428,174,40.25,30.25,40.25,1,2;3,2,40.25,0.0,0.0,00f4beca12be64364c80250c99fad2243922512c55f6b85a026b23f6f70a5dca,final_online_training_manifest.csv::soh_rated_pct
B0033_D0176,B0033,1069,ONLINE_FIXED_START_CAUSAL_10S_V1,PASS,B0033.mat,3f6b44d7e123b9e9e4a26c3651acd0b9f38ca4d21aac3930bd9197ccf8b04426,430,175,40.453,30.453,40.453,1,2;3,2,40.452999999999996,0.0,0.0,25c2ad507a5aee64e0cb199d11c1914500a3faee881fa563bbae5c0ceffeae64,final_online_training_manifest.csv::soh_rated_pct
B0033_D0177,B0033,1070,ONLINE_FIXED_START_CAUSAL_10S_V1,PASS,B0033.mat,3f6b44d7e123b9e9e4a26c3651acd0b9f38ca4d21aac3930bd9197ccf8b04426,434,176,40.359,30.359,40.359,1,2;3,2,40.359,0.0,0.0,4285cdf62844a4b63796e06895e9216c0d4fe88827d1142d69d6c404a15981fe,final_online_training_manifest.csv::soh_rated_pct
B0033_D0178,B0033,1071,ONLINE_FIXED_START_CAUSAL_10S_V1,PASS,B0033.mat,3f6b44d7e123b9e9e4a26c3651acd0b9f38ca4d21aac3930bd9197ccf8b04426,438,177,40.391,30.391,40.391,1,2;3,2,40.391,0.0,0.0,ba5e38a8a294584f057095017a8d7427c52521cfb376b3c5b12b5843a51e22b5,final_online_training_manifest.csv::soh_rated_pct
B0033_D0179,B0033,1072,ONLINE_FIXED_START_CAUSAL_10S_V1,PASS,B0033.mat,3f6b44d7e123b9e9e4a26c3651acd0b9f38ca4d21aac3930bd9197ccf8b04426,440,178,40.485,30.485,40.485,1,2;3,2,40.485,0.0,0.0,6eac5e230b52fbd537a3335484620eed9158ef557178087b4cddf09e361b6937,final_online_training_manifest.csv::soh_rated_pct
B0033_D0180,B0033,1073,ONLINE_FIXED_START_CAUSAL_10S_V1,PASS,B0033.mat,3f6b44d7e123b9e9e4a26c3651acd0b9f38ca4d21aac3930bd9197ccf8b04426,442,179,40.547,30.547,40.547,1,2;3,2,40.547,0.0,0.0,388d5d263208df3bb4ae7ab2395889ab1787da040454ed723dde5aa5b534da27,final_online_training_manifest.csv::soh_rated_pct
B0033_D0181,B0033,1074,ONLINE_FIXED_START_CAUSAL_10S_V1,PASS,B0033.mat,3f6b44d7e123b9e9e4a26c3651acd0b9f38ca4d21aac3930bd9197ccf8b04426,444,180,40.531,30.531,40.531,1,2;3,2,40.531,0.0,0.0,04a327add4d4d8b4c28f000dd908033c77998ba81b121fa1b42671c352f647a8,final_online_training_manifest.csv::soh_rated_pct
B0033_D0182,B0033,1075,ONLINE_FIXED_START_CAUSAL_10S_V1,PASS,B0033.mat,3f6b44d7e123b9e9e4a26c3651acd0b9f38ca4d21aac3930bd9197ccf8b04426,446,181,40.704,30.704,40.704,1,2;3,2,40.704,0.0,0.0,9b1f89fdef0e67e3aa38d96f815e897591eca956f8db170b599ac29be4190208,final_online_training_manifest.csv::soh_rated_pct
B0033_D0183,B0033,1076,ONLINE_FIXED_START_CAUSAL_10S_V1,PASS,B0033.mat,3f6b44d7e123b9e9e4a26c3651acd0b9f38ca4d21aac3930bd9197ccf8b04426,450,182,40.765,30.765,40.765,1,2;3,2,40.765,0.0,0.0,b4d5d90b728e2865e101443035c645933b2e6579b2672bd524f0a99cb5f22f1d,final_online_training_manifest.csv::soh_rated_pct
B0033_D0184,B0033,1077,ONLINE_FIXED_START_CAUSAL_10S_V1,PASS,B0033.mat,3f6b44d7e123b9e9e4a26c3651acd0b9f38ca4d21aac3930bd9197ccf8b04426,452,183,40.672,30.672000000000004,40.672,1,2;3,2,40.672000000000004,0.0,0.0,b130ef49c5dc904ecd8f2169c28ed1a4135345bae6941e6bac5343e5d53fc15d,final_online_training_manifest.csv::soh_rated_pct
B0033_D0185,B0033,1078,ONLINE_FIXED_START_CAUSAL_10S_V1,PASS,B0033.mat,3f6b44d7e123b9e9e4a26c3651acd0b9f38ca4d21aac3930bd9197ccf8b04426,454,184,40.718,30.718000000000004,40.718,1,2;3,2,40.718,0.0,0.0,945e7004780995c2ed28b82ee7ee48abd0ebd6b3724946e3ca4cab26246e1c47,final_online_training_manifest.csv::soh_rated_pct
B0033_D0186,B0033,1079,ONLINE_FIXED_START_CAUSAL_10S_V1,PASS,B0033.mat,3f6b44d7e123b9e9e4a26c3651acd0b9f38ca4d21aac3930bd9197ccf8b04426,456,185,40.75,30.75,40.75,1,2;3,2,40.75,0.0,0.0,7accdfa9b308fced29f168729c2e965581324ba68e855f22247b107a1a1ffd9e,final_online_training_manifest.csv::soh_rated_pct
B0033_D0187,B0033,1080,ONLINE_FIXED_START_CAUSAL_10S_V1,PASS,B0033.mat,3f6b44d7e123b9e9e4a26c3651acd0b9f38ca4d21aac3930bd9197ccf8b04426,458,186,40.922,30.922,40.922,1,2;3,2,40.922,0.0,0.0,1947de39c38cab8e7e8873af2c490a6011d2c96e312cfbb4a5ccc1d1afe6cb3e,final_online_training_manifest.csv::soh_rated_pct
B0033_D0188,B0033,1081,ONLINE_FIXED_START_CAUSAL_10S_V1,PASS,B0033.mat,3f6b44d7e123b9e9e4a26c3651acd0b9f38ca4d21aac3930bd9197ccf8b04426,462,187,41.032,31.032,41.032,1,2;3,2,41.032,0.0,0.0,380f1d802b1b9ba9237885e0baba9e8c93a9add87c6cd2942a1c1c583f0ed81e,final_online_training_manifest.csv::soh_rated_pct
B0033_D0189,B0033,1082,ONLINE_FIXED_START_CAUSAL_10S_V1,PASS,B0033.mat,3f6b44d7e123b9e9e4a26c3651acd0b9f38ca4d21aac3930bd9197ccf8b04426,464,188,41.109,31.109,41.109,1,2;3,2,41.109,0.0,0.0,d4fd2737df20f27e9f623b8f834fc6e7ffc25646a35ebae48df64f8c7cedd3e0,final_online_training_manifest.csv::soh_rated_pct
B0033_D0190,B0033,1083,ONLINE_FIXED_START_CAUSAL_10S_V1,PASS,B0033.mat,3f6b44d7e123b9e9e4a26c3651acd0b9f38ca4d21aac3930bd9197ccf8b04426,466,189,41.078,31.078,41.078,1,2;3,2,41.077999999999996,0.0,0.0,30ee20364f7aa1a58715ff8460963fc5e4389da96e01637feb52d551f90ca172,final_online_training_manifest.csv::soh_rated_pct
B0033_D0191,B0033,1084,ONLINE_FIXED_START_CAUSAL_10S_V1,PASS,B0033.mat,3f6b44d7e123b9e9e4a26c3651acd0b9f38ca4d21aac3930bd9197ccf8b04426,468,190,41.062,31.062,41.062,1,2;3,2,41.062,0.0,0.0,3e0085b78698cab3e39388ca1290be4951519d247186a54081564cd33c767c7a,final_online_training_manifest.csv::soh_rated_pct
B0033_D0192,B0033,1085,ONLINE_FIXED_START_CAUSAL_10S_V1,PASS,B0033.mat,3f6b44d7e123b9e9e4a26c3651acd0b9f38ca4d21aac3930bd9197ccf8b04426,470,191,41.093,31.093,41.093,1,2;3,2,41.092999999999996,0.0,0.0,63e002ba156ca8b53c5816f5fc9b3acc0975442dbae338f687d24b90f47b7556,final_online_training_manifest.csv::soh_rated_pct
B0033_D0193,B0033,1086,ONLINE_FIXED_START_CAUSAL_10S_V1,PASS,B0033.mat,3f6b44d7e123b9e9e4a26c3651acd0b9f38ca4d21aac3930bd9197ccf8b04426,474,192,41.657,31.657000000000004,41.657,1,2;3,2,41.657000000000004,0.0,0.0,6fe3129f916e8e0890f56b71e01f26b2635c18fb3ba2274079aec68bf9238b01,final_online_training_manifest.csv::soh_rated_pct
B0033_D0194,B0033,1087,ONLINE_FIXED_START_CAUSAL_10S_V1,PASS,B0033.mat,3f6b44d7e123b9e9e4a26c3651acd0b9f38ca4d21aac3930bd9197ccf8b04426,476,193,41.281000000000006,31.28100000000001,41.281000000000006,1,2;3,2,41.281000000000006,0.0,0.0,65da52f601d039fe44cc602616b19bdbc766e523573597de0783950ff930befb,final_online_training_manifest.csv::soh_rated_pct
B0033_D0195,B0033,1088,ONLINE_FIXED_START_CAUSAL_10S_V1,PASS,B0033.mat,3f6b44d7e123b9e9e4a26c3651acd0b9f38ca4d21aac3930bd9197ccf8b04426,478,194,41.125,31.125,41.125,1,2;3,2,41.125,0.0,0.0,2ec5e4e4b4601f4b8a279ca69e02e593a8b334e7db34a4c8d76e535a2ff98de6,final_online_training_manifest.csv::soh_rated_pct
B0033_D0196,B0033,1089,ONLINE_FIXED_START_CAUSAL_10S_V1,PASS,B0033.mat,3f6b44d7e123b9e9e4a26c3651acd0b9f38ca4d21aac3930bd9197ccf8b04426,480,195,41.219,31.219,41.219,1,2;3,2,41.219,0.0,0.0,7873c82e18c0518c8a8099e54d9ae7c78cd0daa19052c608eeb5006175730c30,final_online_training_manifest.csv::soh_rated_pct
B0033_D0197,B0033,1090,ONLINE_FIXED_START_CAUSAL_10S_V1,PASS,B0033.mat,3f6b44d7e123b9e9e4a26c3651acd0b9f38ca4d21aac3930bd9197ccf8b04426,482,196,41.375,31.375,41.375,1,2;3,2,41.375,0.0,0.0,ae0f6ccb72808ec6a0ac5812f18391e2dc1a36388b92ccc5693cd69190f16fa9,final_online_training_manifest.csv::soh_rated_pct
B0034_D0002,B0034,1091,ONLINE_FIXED_START_CAUSAL_10S_V1,PASS,B0034.mat,d8cd5faff49f0d5672736327c5cd16913e0a0f08fb2817f672f52a67184cb885,4,1,38.391,28.391,38.391,2,2;3;4,3,38.391,0.0,0.0,29aad95a0b514d028396663a5cc7c9b83e49b57509df17dffcf837878456eb23,final_online_training_manifest.csv::soh_rated_pct
B0034_D0003,B0034,1092,ONLINE_FIXED_START_CAUSAL_10S_V1,PASS,B0034.mat,d8cd5faff49f0d5672736327c5cd16913e0a0f08fb2817f672f52a67184cb885,6,2,38.578,28.578000000000003,38.578,2,2;3;4,3,38.578,0.0,0.0,39d062b6b49ba8ab20b7a0a4558db50ed767a53829bf38a5d78fae40c0ad1d71,final_online_training_manifest.csv::soh_rated_pct
B0034_D0004,B0034,1093,ONLINE_FIXED_START_CAUSAL_10S_V1,PASS,B0034.mat,d8cd5faff49f0d5672736327c5cd16913e0a0f08fb2817f672f52a67184cb885,8,3,38.75,28.75,38.75,2,2;3;4,3,38.75,0.0,0.0,582f06eaf8239700f434a750d0bb7700fe89990a8762f1e8a280801b5129e87e,final_online_training_manifest.csv::soh_rated_pct
B0034_D0005,B0034,1094,ONLINE_FIXED_START_CAUSAL_10S_V1,PASS,B0034.mat,d8cd5faff49f0d5672736327c5cd16913e0a0f08fb2817f672f52a67184cb885,10,4,38.875,28.875,38.875,2,2;3;4,3,38.875,0.0,0.0,2774cda1fa071240bf91fbbd5874522ce3c8e29bc6c0d48d62a893cb346cceb0,final_online_training_manifest.csv::soh_rated_pct
B0034_D0006,B0034,1095,ONLINE_FIXED_START_CAUSAL_10S_V1,PASS,B0034.mat,d8cd5faff49f0d5672736327c5cd16913e0a0f08fb2817f672f52a67184cb885,12,5,39.015,29.015,39.015,2,2;3;4,3,39.015,0.0,0.0,c881b3e3bea77885a3821bb0c20667f456498de9f0ea0d12d7a1d48b61fa1a8b,final_online_training_manifest.csv::soh_rated_pct
B0034_D0007,B0034,1096,ONLINE_FIXED_START_CAUSAL_10S_V1,PASS,B0034.mat,d8cd5faff49f0d5672736327c5cd16913e0a0f08fb2817f672f52a67184cb885,16,6,39.282,29.282,39.282,2,2;3;4,3,39.282,0.0,0.0,2b2b32cdcebe192fb4aa1f5499a380bfba8a361217e9fda34a30864f28cc6088,final_online_training_manifest.csv::soh_rated_pct
B0034_D0008,B0034,1097,ONLINE_FIXED_START_CAUSAL_10S_V1,PASS,B0034.mat,d8cd5faff49f0d5672736327c5cd16913e0a0f08fb2817f672f52a67184cb885,18,7,39.344,29.344,39.344,2,2;3;4,3,39.344,0.0,0.0,c1f2a584c68012a4b194cae951a06a9cb0acab9b7822dc87d74ebd9fc3fef4a9,final_online_training_manifest.csv::soh_rated_pct
B0034_D0009,B0034,1098,ONLINE_FIXED_START_CAUSAL_10S_V1,PASS,B0034.mat,d8cd5faff49f0d5672736327c5cd16913e0a0f08fb2817f672f52a67184cb885,20,8,39.672,29.672,39.672,2,2;3;4,3,39.672,0.0,0.0,baaed9979bf527a10551536a248d965c2b5acf90a0b9e164749a905e75fe65fb,final_online_training_manifest.csv::soh_rated_pct
B0034_D0010,B0034,1099,ONLINE_FIXED_START_CAUSAL_10S_V1,PASS,B0034.mat,d8cd5faff49f0d5672736327c5cd16913e0a0f08fb2817f672f52a67184cb885,22,9,39.671,29.671,39.671,2,2;3;4,3,39.671,0.0,0.0,f63ef328259a50edb58e1b573bd34d43c74458a9d959343392ecb04ec7088a66,final_online_training_manifest.csv::soh_rated_pct
B0034_D0011,B0034,1100,ONLINE_FIXED_START_CAUSAL_10S_V1,PASS,B0034.mat,d8cd5faff49f0d5672736327c5cd16913e0a0f08fb2817f672f52a67184cb885,24,10,39.859,29.859,39.859,2,2;3;4,3,39.859,0.0,0.0,c3ad17a3b138d77ef182c1330ae686da06ad21e735dbdc3ffa4afabfd3818b01,final_online_training_manifest.csv::soh_rated_pct
B0034_D0012,B0034,1101,ONLINE_FIXED_START_CAUSAL_10S_V1,PASS,B0034.mat,d8cd5faff49f0d5672736327c5cd16913e0a0f08fb2817f672f52a67184cb885,28,11,40.031,30.031,40.031,2,2;3;4,3,40.031,0.0,0.0,df13fec659e2fd61187c87f11550eecffe853760fae24c8b7c809cfdc28a2704,final_online_training_manifest.csv::soh_rated_pct
B0034_D0013,B0034,1102,ONLINE_FIXED_START_CAUSAL_10S_V1,PASS,B0034.mat,d8cd5faff49f0d5672736327c5cd16913e0a0f08fb2817f672f52a67184cb885,30,12,40.313,30.313,40.313,1,3;4,2,40.313,0.0,0.0,606a7f34eb85b189285d3b7c73068b5349722914b56e130355253326bd704688,final_online_training_manifest.csv::soh_rated_pct
B0034_D0014,B0034,1103,ONLINE_FIXED_START_CAUSAL_10S_V1,PASS,B0034.mat,d8cd5faff49f0d5672736327c5cd16913e0a0f08fb2817f672f52a67184cb885,32,13,40.343,30.343000000000004,40.343,1,3;4,2,40.343,0.0,0.0,7ca38a0e161bc5750e58ee77a02f50a00908703d691b514424ff59d48f478a84,final_online_training_manifest.csv::soh_rated_pct
B0034_D0015,B0034,1104,ONLINE_FIXED_START_CAUSAL_10S_V1,PASS,B0034.mat,d8cd5faff49f0d5672736327c5cd16913e0a0f08fb2817f672f52a67184cb885,34,14,40.515,30.515,40.515,1,3;4,2,40.515,0.0,0.0,52b0358d6d0d70f680c63cd050b9bb40c3ecc87f23e552419105546550cbe0f2,final_online_training_manifest.csv::soh_rated_pct
B0034_D0016,B0034,1105,ONLINE_FIXED_START_CAUSAL_10S_V1,PASS,B0034.mat,d8cd5faff49f0d5672736327c5cd16913e0a0f08fb2817f672f52a67184cb885,36,15,40.562,30.562,40.562,1,3;4,2,40.562,0.0,0.0,9b1d8d715897cc5247448739b33526807a2f697733393938521f41fa829d83db,final_online_training_manifest.csv::soh_rated_pct
B0034_D0017,B0034,1106,ONLINE_FIXED_START_CAUSAL_10S_V1,PASS,B0034.mat,d8cd5faff49f0d5672736327c5cd16913e0a0f08fb2817f672f52a67184cb885,40,16,40.875,30.875,40.875,1,3;4,2,40.875,0.0,0.0,4bac4c33d4bf008a184cb12bd48029df869111bf3de821862b71adaf048f9263,final_online_training_manifest.csv::soh_rated_pct
B0034_D0018,B0034,1107,ONLINE_FIXED_START_CAUSAL_10S_V1,PASS,B0034.mat,d8cd5faff49f0d5672736327c5cd16913e0a0f08fb2817f672f52a67184cb885,42,17,40.984,30.983999999999995,40.984,1,3;4,2,40.983999999999995,0.0,0.0,2d915a557ca33e362e35c1012756e195d7140902b103c520986bbbdc1de6c5bb,final_online_training_manifest.csv::soh_rated_pct
B0034_D0019,B0034,1108,ONLINE_FIXED_START_CAUSAL_10S_V1,PASS,B0034.mat,d8cd5faff49f0d5672736327c5cd16913e0a0f08fb2817f672f52a67184cb885,44,18,41.109,31.109,41.109,1,3;4,2,41.109,0.0,0.0,ac26337d9b9560a3e123cde4b8b4e7e94305c6971c2ce3c98432cf0cc521abaf,final_online_training_manifest.csv::soh_rated_pct
B0034_D0020,B0034,1109,ONLINE_FIXED_START_CAUSAL_10S_V1,PASS,B0034.mat,d8cd5faff49f0d5672736327c5cd16913e0a0f08fb2817f672f52a67184cb885,46,19,41.312,31.312,41.312,1,3;4,2,41.312,0.0,0.0,5eeddef921522b4308a40e2baac542845185394c0e50afd6096a02dfebdd52b0,final_online_training_manifest.csv::soh_rated_pct
B0034_D0021,B0034,1110,ONLINE_FIXED_START_CAUSAL_10S_V1,PASS,B0034.mat,d8cd5faff49f0d5672736327c5cd16913e0a0f08fb2817f672f52a67184cb885,48,20,41.468,31.468000000000004,41.468,1,3;4,2,41.468,0.0,0.0,1c2fdccc114a17f907204c799e776f4b52aaaf87f80d2bc75e6fa9f4a6fd504d,final_online_training_manifest.csv::soh_rated_pct
B0034_D0022,B0034,1111,ONLINE_FIXED_START_CAUSAL_10S_V1,PASS,B0034.mat,d8cd5faff49f0d5672736327c5cd16913e0a0f08fb2817f672f52a67184cb885,52,21,41.453,31.453000000000003,41.453,1,3;4,2,41.453,0.0,0.0,035ff512a22afe91e86a287ed36fecc0384f755900b59bb5a550d6ddc692a0d0,final_online_training_manifest.csv::soh_rated_pct
B0034_D0023,B0034,1112,ONLINE_FIXED_START_CAUSAL_10S_V1,PASS,B0034.mat,d8cd5faff49f0d5672736327c5cd16913e0a0f08fb2817f672f52a67184cb885,56,22,41.672,31.672,41.672,1,3;4,2,41.672,0.0,0.0,183807f5de8dd0302f2f3ca0e436b749610a864fb73e8a8a5063b7f1ed420296,final_online_training_manifest.csv::soh_rated_pct
B0034_D0024,B0034,1113,ONLINE_FIXED_START_CAUSAL_10S_V1,PASS,B0034.mat,d8cd5faff49f0d5672736327c5cd16913e0a0f08fb2817f672f52a67184cb885,58,23,41.766,31.766,41.766,1,3;4,2,41.766,0.0,0.0,9cc815e14f2a08a4d577cb6ac84cd00e998a4054238c7d13b300ea22232abe8a,final_online_training_manifest.csv::soh_rated_pct
B0034_D0025,B0034,1114,ONLINE_FIXED_START_CAUSAL_10S_V1,PASS,B0034.mat,d8cd5faff49f0d5672736327c5cd16913e0a0f08fb2817f672f52a67184cb885,60,24,41.89,31.89,41.89,1,3;4,2,41.89,0.0,0.0,a8fbf4a06a3f8f8c95a652b98b7c2bc1e733d9e9e70076b7d54a00f3dc3298c1,final_online_training_manifest.csv::soh_rated_pct
B0034_D0026,B0034,1115,ONLINE_FIXED_START_CAUSAL_10S_V1,PASS,B0034.mat,d8cd5faff49f0d5672736327c5cd16913e0a0f08fb2817f672f52a67184cb885,62,25,42.141000000000005,32.141000000000005,42.141000000000005,1,3;4,2,42.141000000000005,0.0,0.0,ed532a0fe12df21fa4bae8468fdc5103788573d70d53c363f4f2033bb46ff889,final_online_training_manifest.csv::soh_rated_pct
B0034_D0027,B0034,1116,ONLINE_FIXED_START_CAUSAL_10S_V1,PASS,B0034.mat,d8cd5faff49f0d5672736327c5cd16913e0a0f08fb2817f672f52a67184cb885,64,26,42.156,32.156,42.156,1,3;4,2,42.156,0.0,0.0,756008b8f1d1fa7a7ae5a6d9db07ac59d63efac476abdec91dda38e1e8d6cfbc,final_online_training_manifest.csv::soh_rated_pct
B0034_D0028,B0034,1117,ONLINE_FIXED_START_CAUSAL_10S_V1,PASS,B0034.mat,d8cd5faff49f0d5672736327c5cd16913e0a0f08fb2817f672f52a67184cb885,68,27,42.312,32.312,42.312,1,3;4,2,42.312,0.0,0.0,afff348c7acb84d08f8b05c94d2a8be71bf8f7519ce80541ae56704a3403e925,final_online_training_manifest.csv::soh_rated_pct
B0034_D0029,B0034,1118,ONLINE_FIXED_START_CAUSAL_10S_V1,PASS,B0034.mat,d8cd5faff49f0d5672736327c5cd16913e0a0f08fb2817f672f52a67184cb885,70,28,42.39,32.39,42.39,1,3;4,2,42.39,0.0,0.0,bc7621f8ff0bc6c694b9a546b1f7f3e38da0247f49abb41af7acc72b5449f205,final_online_training_manifest.csv::soh_rated_pct
B0034_D0030,B0034,1119,ONLINE_FIXED_START_CAUSAL_10S_V1,PASS,B0034.mat,d8cd5faff49f0d5672736327c5cd16913e0a0f08fb2817f672f52a67184cb885,72,29,42.593,32.593,42.593,1,3;4,2,42.593,0.0,0.0,4fb7b852e914fe39c338152e8d887a9273dcd65819651a54d5ac8c64e2b92cd6,final_online_training_manifest.csv::soh_rated_pct
B0034_D0031,B0034,1120,ONLINE_FIXED_START_CAUSAL_10S_V1,PASS,B0034.mat,d8cd5faff49f0d5672736327c5cd16913e0a0f08fb2817f672f52a67184cb885,74,30,42.703,32.703,42.703,1,3;4,2,42.703,0.0,0.0,1eeeda507545c927b1d3422f629792ab0ec0988779c81cf5b1c09ad3cd2cee88,final_online_training_manifest.csv::soh_rated_pct
B0034_D0032,B0034,1121,ONLINE_FIXED_START_CAUSAL_10S_V1,PASS,B0034.mat,d8cd5faff49f0d5672736327c5cd16913e0a0f08fb2817f672f52a67184cb885,76,31,42.703,32.703,42.703,1,3;4,2,42.703,0.0,0.0,27c63d5807f59909c29aca6a319e6d2bac45adf5233351bd0cb672c20da12dd1,final_online_training_manifest.csv::soh_rated_pct
B0034_D0033,B0034,1122,ONLINE_FIXED_START_CAUSAL_10S_V1,PASS,B0034.mat,d8cd5faff49f0d5672736327c5cd16913e0a0f08fb2817f672f52a67184cb885,80,32,42.954,32.954,42.954,1,3;4,2,42.954,0.0,0.0,3b9841738da937558b0f62b71bc9dddfc3595610b3dd729a0a549d999d507d08,final_online_training_manifest.csv::soh_rated_pct
B0034_D0034,B0034,1123,ONLINE_FIXED_START_CAUSAL_10S_V1,PASS,B0034.mat,d8cd5faff49f0d5672736327c5cd16913e0a0f08fb2817f672f52a67184cb885,82,33,43.125,33.125,43.125,1,3;4,2,43.125,0.0,0.0,d6b8cadf5c6fd2c0bf232aeb3ab0bb183695da4fb5b5b22760ce6f3b801455cd,final_online_training_manifest.csv::soh_rated_pct
B0034_D0035,B0034,1124,ONLINE_FIXED_START_CAUSAL_10S_V1,PASS,B0034.mat,d8cd5faff49f0d5672736327c5cd16913e0a0f08fb2817f672f52a67184cb885,84,34,43.297,33.297,43.297,1,3;4,2,43.297,0.0,0.0,8cc226df053e0a3f3cfb74765cc147fcacac3aa965dc774a00e93898be7dfe77,final_online_training_manifest.csv::soh_rated_pct
B0034_D0036,B0034,1125,ONLINE_FIXED_START_CAUSAL_10S_V1,PASS,B0034.mat,d8cd5faff49f0d5672736327c5cd16913e0a0f08fb2817f672f52a67184cb885,86,35,43.312,33.312,43.312,1,3;4,2,43.312,0.0,0.0,eb2d32d6742128d43376bd13814622db7fccd881ba4a4f47be14cfb8374c5f47,final_online_training_manifest.csv::soh_rated_pct
B0034_D0037,B0034,1126,ONLINE_FIXED_START_CAUSAL_10S_V1,PASS,B0034.mat,d8cd5faff49f0d5672736327c5cd16913e0a0f08fb2817f672f52a67184cb885,88,36,43.39,33.39,43.39,1,3;4,2,43.39,0.0,0.0,70a422a028d83b5255302a43b050b825aa794498ff35f2361f33a0fbced75c1b,final_online_training_manifest.csv::soh_rated_pct
B0034_D0038,B0034,1127,ONLINE_FIXED_START_CAUSAL_10S_V1,PASS,B0034.mat,d8cd5faff49f0d5672736327c5cd16913e0a0f08fb2817f672f52a67184cb885,92,37,43.61,33.61,43.61,1,3;4,2,43.61,0.0,0.0,69e36c32c1f441f4833d9cbd77a7e58665375daa6730906c112e224f09cd8f6f,final_online_training_manifest.csv::soh_rated_pct
B0034_D0039,B0034,1128,ONLINE_FIXED_START_CAUSAL_10S_V1,PASS,B0034.mat,d8cd5faff49f0d5672736327c5cd16913e0a0f08fb2817f672f52a67184cb885,94,38,43.891000000000005,33.891000000000005,43.891000000000005,1,3;4,2,43.891000000000005,0.0,0.0,7c401de04f2a253c77451b8a2f89943bee4cfe1aa018dd2d7826c8581b724b06,final_online_training_manifest.csv::soh_rated_pct
B0034_D0040,B0034,1129,ONLINE_FIXED_START_CAUSAL_10S_V1,PASS,B0034.mat,d8cd5faff49f0d5672736327c5cd16913e0a0f08fb2817f672f52a67184cb885,96,39,43.797,33.797000000000004,43.797,1,3;4,2,43.797000000000004,0.0,0.0,616f04c2bd35ea0251692707dd84bbd2a0e4c033ea735d7f44b437d026b8632d,final_online_training_manifest.csv::soh_rated_pct
B0034_D0041,B0034,1130,ONLINE_FIXED_START_CAUSAL_10S_V1,PASS,B0034.mat,d8cd5faff49f0d5672736327c5cd16913e0a0f08fb2817f672f52a67184cb885,98,40,43.922,33.922000000000004,43.922,1,3;4,2,43.922000000000004,0.0,0.0,230a9108f54d391f8c514c3c9142243efdb8fecfd6d43e33149df57ba9ff2d03,final_online_training_manifest.csv::soh_rated_pct
B0034_D0042,B0034,1131,ONLINE_FIXED_START_CAUSAL_10S_V1,PASS,B0034.mat,d8cd5faff49f0d5672736327c5cd16913e0a0f08fb2817f672f52a67184cb885,100,41,44.015,34.015,44.015,1,3;4,2,44.015,0.0,0.0,1125a7c9d2c1ba3b739885a5b3da275376385e271008bc8efa06ca9a35746d71,final_online_training_manifest.csv::soh_rated_pct
B0034_D0043,B0034,1132,ONLINE_FIXED_START_CAUSAL_10S_V1,PASS,B0034.mat,d8cd5faff49f0d5672736327c5cd16913e0a0f08fb2817f672f52a67184cb885,104,42,44.297,34.297,44.297,1,3;4,2,44.297,0.0,0.0,8fbae227989d7ce25355c53780929423b26d0c8d22a29ff3b8d2f69ee7fcc487,final_online_training_manifest.csv::soh_rated_pct
B0034_D0044,B0034,1133,ONLINE_FIXED_START_CAUSAL_10S_V1,PASS,B0034.mat,d8cd5faff49f0d5672736327c5cd16913e0a0f08fb2817f672f52a67184cb885,108,43,44.328,34.328,44.328,1,3;4,2,44.327999999999996,0.0,0.0,569b72acce2b50baac3bc61d045c52436d964a293782397188d0d50883048fb7,final_online_training_manifest.csv::soh_rated_pct
B0034_D0045,B0034,1134,ONLINE_FIXED_START_CAUSAL_10S_V1,PASS,B0034.mat,d8cd5faff49f0d5672736327c5cd16913e0a0f08fb2817f672f52a67184cb885,110,44,44.515,34.515,44.515,1,3;4,2,44.515,0.0,0.0,593f5d89bcf44376874db87931316934b462e098eca5aa8af822f93c77cae627,final_online_training_manifest.csv::soh_rated_pct
B0034_D0046,B0034,1135,ONLINE_FIXED_START_CAUSAL_10S_V1,PASS,B0034.mat,d8cd5faff49f0d5672736327c5cd16913e0a0f08fb2817f672f52a67184cb885,112,45,44.5,34.5,44.5,1,3;4,2,44.5,0.0,0.0,42ce39e9c9c86f34094bb69a3b7b9433e67443070e7cecb6eabab7a278e77229,final_online_training_manifest.csv::soh_rated_pct
B0034_D0047,B0034,1136,ONLINE_FIXED_START_CAUSAL_10S_V1,PASS,B0034.mat,d8cd5faff49f0d5672736327c5cd16913e0a0f08fb2817f672f52a67184cb885,116,46,44.563,34.563,44.563,1,3;4,2,44.563,0.0,0.0,22a814ab84b044d16daa5f7706344a37496b3c1927b632e896222f90414a4590,final_online_training_manifest.csv::soh_rated_pct
B0034_D0048,B0034,1137,ONLINE_FIXED_START_CAUSAL_10S_V1,PASS,B0034.mat,d8cd5faff49f0d5672736327c5cd16913e0a0f08fb2817f672f52a67184cb885,118,47,44.672,34.672,44.672,1,3;4,2,44.672,0.0,0.0,48c5348ff1d30958c76ab19bf7c92fe36c20f4b8b7c7756111954201569974a2,final_online_training_manifest.csv::soh_rated_pct
B0034_D0049,B0034,1138,ONLINE_FIXED_START_CAUSAL_10S_V1,PASS,B0034.mat,d8cd5faff49f0d5672736327c5cd16913e0a0f08fb2817f672f52a67184cb885,120,48,44.75,34.75,44.75,1,3;4,2,44.75,0.0,0.0,9d0224f547c7b17acf7c58bdd1638b08b1cbfff2c5f416529051b97a7990a655,final_online_training_manifest.csv::soh_rated_pct
B0034_D0050,B0034,1139,ONLINE_FIXED_START_CAUSAL_10S_V1,PASS,B0034.mat,d8cd5faff49f0d5672736327c5cd16913e0a0f08fb2817f672f52a67184cb885,122,49,44.907,34.907,44.907,1,3;4,2,44.907,0.0,0.0,571ed59e36ea3be0117319deae97b0b4b75ee2e70e3160270a95479309e7c508,final_online_training_manifest.csv::soh_rated_pct
B0034_D0051,B0034,1140,ONLINE_FIXED_START_CAUSAL_10S_V1,PASS,B0034.mat,d8cd5faff49f0d5672736327c5cd16913e0a0f08fb2817f672f52a67184cb885,124,50,44.938,34.938,44.938,1,3;4,2,44.938,0.0,0.0,8b5e250f01af0d9cd57328ef432eed6cf886d909c3438e94d3971e9417631a98,final_online_training_manifest.csv::soh_rated_pct
B0034_D0052,B0034,1141,ONLINE_FIXED_START_CAUSAL_10S_V1,PASS,B0034.mat,d8cd5faff49f0d5672736327c5cd16913e0a0f08fb2817f672f52a67184cb885,128,51,45.093,35.093,45.093,1,3;4,2,45.093,0.0,0.0,25ddca44a38ea5d811ff5c6d01e51fdf476e83c45c441229ab607a7276205ca3,final_online_training_manifest.csv::soh_rated_pct
B0034_D0053,B0034,1142,ONLINE_FIXED_START_CAUSAL_10S_V1,PASS,B0034.mat,d8cd5faff49f0d5672736327c5cd16913e0a0f08fb2817f672f52a67184cb885,130,52,45.203,35.203,45.203,1,3;4,2,45.202999999999996,0.0,0.0,cb46e449947827e718d0b6ebc5aefb56d79694a728f9281da18696f7d4a8ba79,final_online_training_manifest.csv::soh_rated_pct
B0034_D0054,B0034,1143,ONLINE_FIXED_START_CAUSAL_10S_V1,PASS,B0034.mat,d8cd5faff49f0d5672736327c5cd16913e0a0f08fb2817f672f52a67184cb885,132,53,45.219,35.219,45.219,1,3;4,2,45.219,0.0,0.0,9d9ce085f734c5da7065c12d27615d5a1d5ea28f29390b7dc0c091adf5159a37,final_online_training_manifest.csv::soh_rated_pct
B0034_D0055,B0034,1144,ONLINE_FIXED_START_CAUSAL_10S_V1,PASS,B0034.mat,d8cd5faff49f0d5672736327c5cd16913e0a0f08fb2817f672f52a67184cb885,134,54,45.422,35.422,45.422,1,3;4,2,45.422,0.0,0.0,b57c4c12c33ed68c5073e5b41d4223bb5bc7a1a751297891b373052b344f9321,final_online_training_manifest.csv::soh_rated_pct
B0034_D0056,B0034,1145,ONLINE_FIXED_START_CAUSAL_10S_V1,PASS,B0034.mat,d8cd5faff49f0d5672736327c5cd16913e0a0f08fb2817f672f52a67184cb885,136,55,45.625,35.625,45.625,1,3;4,2,45.625,0.0,0.0,a7b24be730591bcdafea9f8227b3c903e69523168d3920f6bab77f0f4966d17c,final_online_training_manifest.csv::soh_rated_pct
B0034_D0057,B0034,1146,ONLINE_FIXED_START_CAUSAL_10S_V1,PASS,B0034.mat,d8cd5faff49f0d5672736327c5cd16913e0a0f08fb2817f672f52a67184cb885,140,56,45.734,35.733999999999995,45.734,1,3;4,2,45.733999999999995,0.0,0.0,42086c73341bbc16fe1852972e5906713ebb4b659aa80b4cc3c6192e45d1161e,final_online_training_manifest.csv::soh_rated_pct
B0034_D0058,B0034,1147,ONLINE_FIXED_START_CAUSAL_10S_V1,PASS,B0034.mat,d8cd5faff49f0d5672736327c5cd16913e0a0f08fb2817f672f52a67184cb885,142,57,45.844,35.844,45.844,1,3;4,2,45.844,0.0,0.0,eb086da37808f834e753d9f664b749b14519c9304c7076027e0d1ee58ab4bffa,final_online_training_manifest.csv::soh_rated_pct
B0034_D0059,B0034,1148,ONLINE_FIXED_START_CAUSAL_10S_V1,PASS,B0034.mat,d8cd5faff49f0d5672736327c5cd16913e0a0f08fb2817f672f52a67184cb885,144,58,45.86,35.86,45.86,1,3;4,2,45.86,0.0,0.0,93ac06da762556930267a416c5d21e8dc5e50c3b769a3c6dc05d2d7b8ebe0cb3,final_online_training_manifest.csv::soh_rated_pct
B0034_D0060,B0034,1149,ONLINE_FIXED_START_CAUSAL_10S_V1,PASS,B0034.mat,d8cd5faff49f0d5672736327c5cd16913e0a0f08fb2817f672f52a67184cb885,146,59,45.859,35.858999999999995,45.859,1,3;4,2,45.858999999999995,0.0,0.0,e9daf3e692c7a7d357636e09bb75ac58ecc0bededbc968d7f0548d64c0591e7d,final_online_training_manifest.csv::soh_rated_pct
B0034_D0061,B0034,1150,ONLINE_FIXED_START_CAUSAL_10S_V1,PASS,B0034.mat,d8cd5faff49f0d5672736327c5cd16913e0a0f08fb2817f672f52a67184cb885,148,60,46.062,36.062,46.062,1,3;4,2,46.062,0.0,0.0,9793d696e95f3d74479d5423d39d7d6b499cc3e0e43d3b9c48ed6cd01062d8e7,final_online_training_manifest.csv::soh_rated_pct
B0034_D0062,B0034,1151,ONLINE_FIXED_START_CAUSAL_10S_V1,PASS,B0034.mat,d8cd5faff49f0d5672736327c5cd16913e0a0f08fb2817f672f52a67184cb885,152,61,46.156,36.156,46.156,1,3;4,2,46.156,0.0,0.0,d656b23dff5ce62b0b7394bc578156bede09843159eb1625302aee040f2b20b3,final_online_training_manifest.csv::soh_rated_pct
B0034_D0063,B0034,1152,ONLINE_FIXED_START_CAUSAL_10S_V1,PASS,B0034.mat,d8cd5faff49f0d5672736327c5cd16913e0a0f08fb2817f672f52a67184cb885,154,62,46.344,36.344,46.344,1,3;4,2,46.343999999999994,0.0,0.0,fa8f397f5116a1fb778a91d57e5e887513edbd69d33b840d5420d234d1c40729,final_online_training_manifest.csv::soh_rated_pct
B0034_D0064,B0034,1153,ONLINE_FIXED_START_CAUSAL_10S_V1,PASS,B0034.mat,d8cd5faff49f0d5672736327c5cd16913e0a0f08fb2817f672f52a67184cb885,156,63,46.313,36.313,46.313,1,3;4,2,46.312999999999995,0.0,0.0,afbc24631d8e11eeaf57ec309c3ebf4b0a75ab84ed6bca117b77e6d53868dbcc,final_online_training_manifest.csv::soh_rated_pct
B0034_D0065,B0034,1154,ONLINE_FIXED_START_CAUSAL_10S_V1,PASS,B0034.mat,d8cd5faff49f0d5672736327c5cd16913e0a0f08fb2817f672f52a67184cb885,158,64,46.438,36.438,46.438,1,3;4,2,46.438,0.0,0.0,b765a3d8cf1dd9526afcf446c71aa359238c75ff2e81b87384abe82598f2d915,final_online_training_manifest.csv::soh_rated_pct
B0034_D0066,B0034,1155,ONLINE_FIXED_START_CAUSAL_10S_V1,PASS,B0034.mat,d8cd5faff49f0d5672736327c5cd16913e0a0f08fb2817f672f52a67184cb885,160,65,46.641,36.641,46.641,1,3;4,2,46.641,0.0,0.0,3d1ce7f8726304c4144725aad6e1f0117b2bfc1d46981db9d9b5b6495cdd3413,final_online_training_manifest.csv::soh_rated_pct
B0034_D0067,B0034,1156,ONLINE_FIXED_START_CAUSAL_10S_V1,PASS,B0034.mat,d8cd5faff49f0d5672736327c5cd16913e0a0f08fb2817f672f52a67184cb885,164,66,46.609,36.609,46.609,1,3;4,2,46.609,0.0,0.0,c706981538e3ae03ffd501bb4f5e9a1ab9c0f24bfac0698c722bcc02aad00c32,final_online_training_manifest.csv::soh_rated_pct
B0034_D0068,B0034,1157,ONLINE_FIXED_START_CAUSAL_10S_V1,PASS,B0034.mat,d8cd5faff49f0d5672736327c5cd16913e0a0f08fb2817f672f52a67184cb885,168,67,46.859,36.859,46.859,1,3;4,2,46.859,0.0,0.0,2a1fa37c6ecfb47fa5f276b3c00263c3b4906d43696b3d040740393d5e9ec856,final_online_training_manifest.csv::soh_rated_pct
B0034_D0069,B0034,1158,ONLINE_FIXED_START_CAUSAL_10S_V1,PASS,B0034.mat,d8cd5faff49f0d5672736327c5cd16913e0a0f08fb2817f672f52a67184cb885,170,68,46.984,36.984,46.984,1,3;4,2,46.984,0.0,0.0,25c1c46e4305a57ea8408162583097f9a5e92fb1c40e10f32d34df79f3aaa3e9,final_online_training_manifest.csv::soh_rated_pct
B0034_D0070,B0034,1159,ONLINE_FIXED_START_CAUSAL_10S_V1,PASS,B0034.mat,d8cd5faff49f0d5672736327c5cd16913e0a0f08fb2817f672f52a67184cb885,172,69,47.14,37.14,47.14,1,3;4,2,47.14,0.0,0.0,8bced2ebd6bce0379d903bfc02ac81f29068bc682da45db0d97dde9f78ebd209,final_online_training_manifest.csv::soh_rated_pct
B0034_D0071,B0034,1160,ONLINE_FIXED_START_CAUSAL_10S_V1,PASS,B0034.mat,d8cd5faff49f0d5672736327c5cd16913e0a0f08fb2817f672f52a67184cb885,174,70,47.0,37.0,47.0,1,3;4,2,47.0,0.0,0.0,3c00d32d032d680be8df68d095bd7e3657604536fda5ca736a2f41abd69e7397,final_online_training_manifest.csv::soh_rated_pct
B0034_D0072,B0034,1161,ONLINE_FIXED_START_CAUSAL_10S_V1,PASS,B0034.mat,d8cd5faff49f0d5672736327c5cd16913e0a0f08fb2817f672f52a67184cb885,176,71,47.187,37.187,47.187,1,3;4,2,47.187,0.0,0.0,0e8df4e329230549a8fa6c1ff4ad2768331144dde913b287fcf503b92a7eae37,final_online_training_manifest.csv::soh_rated_pct
B0034_D0073,B0034,1162,ONLINE_FIXED_START_CAUSAL_10S_V1,PASS,B0034.mat,d8cd5faff49f0d5672736327c5cd16913e0a0f08fb2817f672f52a67184cb885,180,72,47.219,37.219,47.219,1,3;4,2,47.218999999999994,0.0,0.0,b94b4f73923ca189233ae87812e19b6c2cf4fd2216e1825fc813ea3a5e4f71c4,final_online_training_manifest.csv::soh_rated_pct
B0034_D0074,B0034,1163,ONLINE_FIXED_START_CAUSAL_10S_V1,PASS,B0034.mat,d8cd5faff49f0d5672736327c5cd16913e0a0f08fb2817f672f52a67184cb885,182,73,47.516,37.516,47.516,1,3;4,2,47.516,0.0,0.0,561c9b7253a0859955dadbd74a84c9bd0c3457c0d31162186935f04548bdf2d2,final_online_training_manifest.csv::soh_rated_pct
B0034_D0075,B0034,1164,ONLINE_FIXED_START_CAUSAL_10S_V1,PASS,B0034.mat,d8cd5faff49f0d5672736327c5cd16913e0a0f08fb2817f672f52a67184cb885,184,74,47.406,37.406,47.406,1,3;4,2,47.406,0.0,0.0,4c298bb0f4493c47a2d81ccb1e4c1a32c84b7095d03fe537c0009960845e5962,final_online_training_manifest.csv::soh_rated_pct
B0034_D0076,B0034,1165,ONLINE_FIXED_START_CAUSAL_10S_V1,PASS,B0034.mat,d8cd5faff49f0d5672736327c5cd16913e0a0f08fb2817f672f52a67184cb885,186,75,47.578,37.578,47.578,1,3;4,2,47.578,0.0,0.0,9ed7022d920030d63291b1323af1c0afe8532e7688aaa592b1e2923c80929564,final_online_training_manifest.csv::soh_rated_pct
B0034_D0077,B0034,1166,ONLINE_FIXED_START_CAUSAL_10S_V1,PASS,B0034.mat,d8cd5faff49f0d5672736327c5cd16913e0a0f08fb2817f672f52a67184cb885,188,76,47.609,37.609,47.609,1,3;4,2,47.609,0.0,0.0,365213539a417b17397eb3d1c7627fa01a8aba6a9dbe08e585d1554bd6a174df,final_online_training_manifest.csv::soh_rated_pct
B0034_D0078,B0034,1167,ONLINE_FIXED_START_CAUSAL_10S_V1,PASS,B0034.mat,d8cd5faff49f0d5672736327c5cd16913e0a0f08fb2817f672f52a67184cb885,192,77,47.828,37.828,47.828,1,3;4,2,47.828,0.0,0.0,046d9436ca0401d410106530f3b49db50b94868fe6a99f135310c0c61c671fdd,final_online_training_manifest.csv::soh_rated_pct
B0034_D0079,B0034,1168,ONLINE_FIXED_START_CAUSAL_10S_V1,PASS,B0034.mat,d8cd5faff49f0d5672736327c5cd16913e0a0f08fb2817f672f52a67184cb885,194,78,47.859,37.859,47.859,1,3;4,2,47.859,0.0,0.0,fd08564401255cc5899bbe629bfa07adbe1529afeab71814c4fd3e385e42da79,final_online_training_manifest.csv::soh_rated_pct
B0034_D0080,B0034,1169,ONLINE_FIXED_START_CAUSAL_10S_V1,PASS,B0034.mat,d8cd5faff49f0d5672736327c5cd16913e0a0f08fb2817f672f52a67184cb885,196,79,48.047,38.047,48.047,1,3;4,2,48.047,0.0,0.0,1e7dd0843ceb88c7f4b17a79367b28b05c39e55b39b61aabbfa2708046aa578b,final_online_training_manifest.csv::soh_rated_pct
B0034_D0081,B0034,1170,ONLINE_FIXED_START_CAUSAL_10S_V1,PASS,B0034.mat,d8cd5faff49f0d5672736327c5cd16913e0a0f08fb2817f672f52a67184cb885,198,80,48.047,38.047,48.047,1,3;4,2,48.047,0.0,0.0,713ebb1c70c5c10de553eb257104783d103cf764d061229e58a5c695c5e65baa,final_online_training_manifest.csv::soh_rated_pct
B0034_D0082,B0034,1171,ONLINE_FIXED_START_CAUSAL_10S_V1,PASS,B0034.mat,d8cd5faff49f0d5672736327c5cd16913e0a0f08fb2817f672f52a67184cb885,200,81,48.109,38.109,48.109,1,3;4,2,48.109,0.0,0.0,0bb2075305ee48963a1999d19b8a1ad40507aff7a0f7b4feb4324daf0c242367,final_online_training_manifest.csv::soh_rated_pct
B0034_D0083,B0034,1172,ONLINE_FIXED_START_CAUSAL_10S_V1,PASS,B0034.mat,d8cd5faff49f0d5672736327c5cd16913e0a0f08fb2817f672f52a67184cb885,204,82,48.266,38.266,48.266,1,3;4,2,48.266,0.0,0.0,0da78d4b2db1488db74245b20eaa5e6d0924122ff95f8480752dc6dc4ccceb5b,final_online_training_manifest.csv::soh_rated_pct
B0034_D0084,B0034,1173,ONLINE_FIXED_START_CAUSAL_10S_V1,PASS,B0034.mat,d8cd5faff49f0d5672736327c5cd16913e0a0f08fb2817f672f52a67184cb885,206,83,48.203,38.203,48.203,1,3;4,2,48.203,0.0,0.0,c69c353c4d51999bb5eb50bfc703363aed078b53596e40a95e102031ddb54ca4,final_online_training_manifest.csv::soh_rated_pct
B0034_D0085,B0034,1174,ONLINE_FIXED_START_CAUSAL_10S_V1,PASS,B0034.mat,d8cd5faff49f0d5672736327c5cd16913e0a0f08fb2817f672f52a67184cb885,208,84,48.469,38.469,48.469,1,3;4,2,48.469,0.0,0.0,f526e89237cabf26c1f383812355d657790672e5f381362c443f8f225454291a,final_online_training_manifest.csv::soh_rated_pct
B0034_D0086,B0034,1175,ONLINE_FIXED_START_CAUSAL_10S_V1,PASS,B0034.mat,d8cd5faff49f0d5672736327c5cd16913e0a0f08fb2817f672f52a67184cb885,210,85,48.672,38.672,48.672,1,3;4,2,48.672,0.0,0.0,850db86d1e35114ea4088e74139c06995827da069792fa079a8da7c90c2cf425,final_online_training_manifest.csv::soh_rated_pct
B0034_D0087,B0034,1176,ONLINE_FIXED_START_CAUSAL_10S_V1,PASS,B0034.mat,d8cd5faff49f0d5672736327c5cd16913e0a0f08fb2817f672f52a67184cb885,212,86,48.578,38.578,48.578,1,3;4,2,48.578,0.0,0.0,d73a6f0caa97afb3837fed3f6f2a73b76335eac716b8ea9a3434ef0b28218a5c,final_online_training_manifest.csv::soh_rated_pct
B0034_D0088,B0034,1177,ONLINE_FIXED_START_CAUSAL_10S_V1,PASS,B0034.mat,d8cd5faff49f0d5672736327c5cd16913e0a0f08fb2817f672f52a67184cb885,216,87,48.578,38.578,48.578,1,3;4,2,48.578,0.0,0.0,5be2caf4bb21e6f8bf6f47b9411a91b671240abc8c616286794e0844d4906bcc,final_online_training_manifest.csv::soh_rated_pct
B0034_D0089,B0034,1178,ONLINE_FIXED_START_CAUSAL_10S_V1,PASS,B0034.mat,d8cd5faff49f0d5672736327c5cd16913e0a0f08fb2817f672f52a67184cb885,218,88,48.813,38.813,48.813,1,3;4,2,48.813,0.0,0.0,04312318950339724395357ae3b4ca23bb74f8213bbdb862de969d8aec2efe2e,final_online_training_manifest.csv::soh_rated_pct
B0034_D0090,B0034,1179,ONLINE_FIXED_START_CAUSAL_10S_V1,PASS,B0034.mat,d8cd5faff49f0d5672736327c5cd16913e0a0f08fb2817f672f52a67184cb885,220,89,48.859,38.859,48.859,1,3;4,2,48.859,0.0,0.0,fd7b2326b654a2f0492ad51246ee4d146b586c3061bce278cef4e75b84c24ca6,final_online_training_manifest.csv::soh_rated_pct
B0034_D0091,B0034,1180,ONLINE_FIXED_START_CAUSAL_10S_V1,PASS,B0034.mat,d8cd5faff49f0d5672736327c5cd16913e0a0f08fb2817f672f52a67184cb885,222,90,49.125,39.125,49.125,1,3;4,2,49.125,0.0,0.0,78bd697885d671c214daa640d3f241efda46cd3ea150a7a76ec55fa66e92308e,final_online_training_manifest.csv::soh_rated_pct
B0034_D0092,B0034,1181,ONLINE_FIXED_START_CAUSAL_10S_V1,PASS,B0034.mat,d8cd5faff49f0d5672736327c5cd16913e0a0f08fb2817f672f52a67184cb885,224,91,49.016000000000005,39.016000000000005,49.016000000000005,1,3;4,2,49.016000000000005,0.0,0.0,65ce75d79ad8b5ba0097fb12896284c4691b633d53300baf39530a9025dc4e9b,final_online_training_manifest.csv::soh_rated_pct
B0034_D0093,B0034,1182,ONLINE_FIXED_START_CAUSAL_10S_V1,PASS,B0034.mat,d8cd5faff49f0d5672736327c5cd16913e0a0f08fb2817f672f52a67184cb885,228,92,49.078,39.078,49.078,1,3;4,2,49.078,0.0,0.0,ca9b3585b630e5a3526f73868a5a9010dbdff4ea2a6c7a928a54f5d0041d9b89,final_online_training_manifest.csv::soh_rated_pct
B0034_D0094,B0034,1183,ONLINE_FIXED_START_CAUSAL_10S_V1,PASS,B0034.mat,d8cd5faff49f0d5672736327c5cd16913e0a0f08fb2817f672f52a67184cb885,230,93,49.25,39.25,49.25,1,3;4,2,49.25,0.0,0.0,d50257a77b6e2c8f4bd51af89e72bc590405ee5a2aecc9e38634a646c54aa4d4,final_online_training_manifest.csv::soh_rated_pct
B0034_D0095,B0034,1184,ONLINE_FIXED_START_CAUSAL_10S_V1,PASS,B0034.mat,d8cd5faff49f0d5672736327c5cd16913e0a0f08fb2817f672f52a67184cb885,232,94,49.281,39.281,49.281,1,3;4,2,49.281,0.0,0.0,5afc09bc021fad0bc4195dc410e2a3b68365763f8c252415b410998ca26b15c0,final_online_training_manifest.csv::soh_rated_pct
B0034_D0096,B0034,1185,ONLINE_FIXED_START_CAUSAL_10S_V1,PASS,B0034.mat,d8cd5faff49f0d5672736327c5cd16913e0a0f08fb2817f672f52a67184cb885,234,95,49.391,39.391,49.391,1,3;4,2,49.391,0.0,0.0,e4632f1a853ec12af51f8408a39aa29ff5f15c3ad4f6dd01dcced73e100d5063,final_online_training_manifest.csv::soh_rated_pct
B0034_D0097,B0034,1186,ONLINE_FIXED_START_CAUSAL_10S_V1,PASS,B0034.mat,d8cd5faff49f0d5672736327c5cd16913e0a0f08fb2817f672f52a67184cb885,236,96,49.5,39.5,49.5,1,3;4,2,49.5,0.0,0.0,528832ffd8000238e761b178c4f78919be0fb741cbdeeaf74051f90e882092e2,final_online_training_manifest.csv::soh_rated_pct
B0034_D0098,B0034,1187,ONLINE_FIXED_START_CAUSAL_10S_V1,PASS,B0034.mat,d8cd5faff49f0d5672736327c5cd16913e0a0f08fb2817f672f52a67184cb885,240,97,49.594,39.594,49.594,1,3;4,2,49.594,0.0,0.0,d1fbba5fc3177d52cbdad1a8e88e836fdfc46678a1f01846998eeaa3a0d7dea2,final_online_training_manifest.csv::soh_rated_pct
B0034_D0099,B0034,1188,ONLINE_FIXED_START_CAUSAL_10S_V1,PASS,B0034.mat,d8cd5faff49f0d5672736327c5cd16913e0a0f08fb2817f672f52a67184cb885,242,98,49.859,39.859,49.859,1,3;4,2,49.859,0.0,0.0,f63d1789338aa9374c3e1ca184fc5bac7edb1ba9c14d89e475f2ac5f315a50ee,final_online_training_manifest.csv::soh_rated_pct
B0034_D0100,B0034,1189,ONLINE_FIXED_START_CAUSAL_10S_V1,PASS,B0034.mat,d8cd5faff49f0d5672736327c5cd16913e0a0f08fb2817f672f52a67184cb885,244,99,49.75,39.75,49.75,1,3;4,2,49.75,0.0,0.0,c0625beeee39c077e6ace3dba9fe305387c3c01d1ded82fb845fa3977349d1d8,final_online_training_manifest.csv::soh_rated_pct
B0034_D0101,B0034,1190,ONLINE_FIXED_START_CAUSAL_10S_V1,PASS,B0034.mat,d8cd5faff49f0d5672736327c5cd16913e0a0f08fb2817f672f52a67184cb885,246,100,49.843,39.843,49.843,1,3;4,2,49.842999999999996,0.0,0.0,0eb5e17941a0a338870fa5d3ec824bcb243259774852006049e97b52c7605959,final_online_training_manifest.csv::soh_rated_pct
B0034_D0102,B0034,1191,ONLINE_FIXED_START_CAUSAL_10S_V1,PASS,B0034.mat,d8cd5faff49f0d5672736327c5cd16913e0a0f08fb2817f672f52a67184cb885,248,101,49.89,39.89,49.89,1,3;4,2,49.89,0.0,0.0,76c259f3dead5163d46a256d8163c05563a3d01c711a0f444c7dc8f677ff9ad2,final_online_training_manifest.csv::soh_rated_pct
B0034_D0103,B0034,1192,ONLINE_FIXED_START_CAUSAL_10S_V1,PASS,B0034.mat,d8cd5faff49f0d5672736327c5cd16913e0a0f08fb2817f672f52a67184cb885,252,102,50.281,40.281,50.281,1,3;4,2,50.281,0.0,0.0,b339e504cd91db7487873c15f5394f287e1600b2fa3cd5fadd25d3e70eb4573d,final_online_training_manifest.csv::soh_rated_pct
B0034_D0104,B0034,1193,ONLINE_FIXED_START_CAUSAL_10S_V1,PASS,B0034.mat,d8cd5faff49f0d5672736327c5cd16913e0a0f08fb2817f672f52a67184cb885,254,103,50.203,40.203,50.203,1,3;4,2,50.203,0.0,0.0,1bd9b80761e5f3397dc8f2163e4386a7ae9087b32b9c6cc697a3b745928df2aa,final_online_training_manifest.csv::soh_rated_pct
B0034_D0105,B0034,1194,ONLINE_FIXED_START_CAUSAL_10S_V1,PASS,B0034.mat,d8cd5faff49f0d5672736327c5cd16913e0a0f08fb2817f672f52a67184cb885,256,104,50.203,40.203,50.203,1,3;4,2,50.203,0.0,0.0,26cf3042f537779b3edf17ead65886eb384648b906a84ce3204565d0b028a47b,final_online_training_manifest.csv::soh_rated_pct
B0034_D0106,B0034,1195,ONLINE_FIXED_START_CAUSAL_10S_V1,PASS,B0034.mat,d8cd5faff49f0d5672736327c5cd16913e0a0f08fb2817f672f52a67184cb885,258,105,50.297,40.297,50.297,1,3;4,2,50.297,0.0,0.0,15c2ce8b1b4d1b77d751d8cdc340f9c53672b1191f882d278ee517f4dc904149,final_online_training_manifest.csv::soh_rated_pct
B0034_D0107,B0034,1196,ONLINE_FIXED_START_CAUSAL_10S_V1,PASS,B0034.mat,d8cd5faff49f0d5672736327c5cd16913e0a0f08fb2817f672f52a67184cb885,260,106,50.391,40.391,50.391,1,3;4,2,50.391,0.0,0.0,8ba3007a5c061047df774c97e205d7e2eb4214dfc4bdf6191e35fac56e15da3b,final_online_training_manifest.csv::soh_rated_pct
B0034_D0108,B0034,1197,ONLINE_FIXED_START_CAUSAL_10S_V1,PASS,B0034.mat,d8cd5faff49f0d5672736327c5cd16913e0a0f08fb2817f672f52a67184cb885,264,107,50.485,40.485,50.485,1,3;4,2,50.485,0.0,0.0,32818c36feba6d637178b98c5c02c1a949e44d4b4aa55fab9a9fe4dcc52fe7bf,final_online_training_manifest.csv::soh_rated_pct
B0034_D0109,B0034,1198,ONLINE_FIXED_START_CAUSAL_10S_V1,PASS,B0034.mat,d8cd5faff49f0d5672736327c5cd16913e0a0f08fb2817f672f52a67184cb885,266,108,50.579,40.579,50.579,1,3;4,2,50.579,0.0,0.0,1d58927eadf3d76486e58edf11c768bf41f1c1cea2eea42310848fa4496cc365,final_online_training_manifest.csv::soh_rated_pct
B0034_D0110,B0034,1199,ONLINE_FIXED_START_CAUSAL_10S_V1,PASS,B0034.mat,d8cd5faff49f0d5672736327c5cd16913e0a0f08fb2817f672f52a67184cb885,268,109,50.609,40.609,50.609,1,3;4,2,50.609,0.0,0.0,f926e3db652d6753787a34820a8f960d7716a5161564bc172e9c90e12b3399d8,final_online_training_manifest.csv::soh_rated_pct
B0034_D0111,B0034,1200,ONLINE_FIXED_START_CAUSAL_10S_V1,PASS,B0034.mat,d8cd5faff49f0d5672736327c5cd16913e0a0f08fb2817f672f52a67184cb885,270,110,50.688,40.688,50.688,1,3;4,2,50.688,0.0,0.0,45e5036f424d3829f874ecc86f6f82540ffa59860a341dfda29bbc084897a55e,final_online_training_manifest.csv::soh_rated_pct
B0034_D0112,B0034,1201,ONLINE_FIXED_START_CAUSAL_10S_V1,PASS,B0034.mat,d8cd5faff49f0d5672736327c5cd16913e0a0f08fb2817f672f52a67184cb885,272,111,50.875,40.875,50.875,1,3;4,2,50.875,0.0,0.0,59254bec88f1f4c1f441566f5e9b7ad1bffa276798166c87c8b90d2ad58a0671,final_online_training_manifest.csv::soh_rated_pct
B0034_D0113,B0034,1202,ONLINE_FIXED_START_CAUSAL_10S_V1,PASS,B0034.mat,d8cd5faff49f0d5672736327c5cd16913e0a0f08fb2817f672f52a67184cb885,276,112,51.078,41.078,51.078,1,3;4,2,51.077999999999996,0.0,0.0,e654054c634288b79eff67a6d0a3f16f1b184613bed1d698302b475f0bc4563e,final_online_training_manifest.csv::soh_rated_pct
B0034_D0115,B0034,1203,ONLINE_FIXED_START_CAUSAL_10S_V1,PASS,B0034.mat,d8cd5faff49f0d5672736327c5cd16913e0a0f08fb2817f672f52a67184cb885,282,114,51.016000000000005,41.016000000000005,51.016000000000005,1,3;4,2,51.016000000000005,0.0,0.0,b589d19cffd9ec7c63a4d5763a23553c2198334473fcc7b770cc59eca45655b4,final_online_training_manifest.csv::soh_rated_pct
B0034_D0116,B0034,1204,ONLINE_FIXED_START_CAUSAL_10S_V1,PASS,B0034.mat,d8cd5faff49f0d5672736327c5cd16913e0a0f08fb2817f672f52a67184cb885,284,115,51.188,41.188,51.188,1,3;4,2,51.188,0.0,0.0,626d2d2183ed5458f7def09a93caf2503161ce1cc9ccca491b65916f578f08e6,final_online_training_manifest.csv::soh_rated_pct
B0034_D0117,B0034,1205,ONLINE_FIXED_START_CAUSAL_10S_V1,PASS,B0034.mat,d8cd5faff49f0d5672736327c5cd16913e0a0f08fb2817f672f52a67184cb885,286,116,51.282,41.282,51.282,1,3;4,2,51.282,0.0,0.0,4850a30776293a1798935f6300d1e7b463e67ea684cb2585da0a694d8878ca6b,final_online_training_manifest.csv::soh_rated_pct
B0034_D0118,B0034,1206,ONLINE_FIXED_START_CAUSAL_10S_V1,PASS,B0034.mat,d8cd5faff49f0d5672736327c5cd16913e0a0f08fb2817f672f52a67184cb885,288,117,51.187,41.187,51.187,1,3;4,2,51.187,0.0,0.0,996a3b2510ea21207af3cef67efbaa323b7cb40c9c8aa7b6da79281206cd6769,final_online_training_manifest.csv::soh_rated_pct
B0034_D0119,B0034,1207,ONLINE_FIXED_START_CAUSAL_10S_V1,PASS,B0034.mat,d8cd5faff49f0d5672736327c5cd16913e0a0f08fb2817f672f52a67184cb885,290,118,51.328,41.328,51.328,1,3;4,2,51.327999999999996,0.0,0.0,bdafd5b1a2ea1aa30c2512ae4b39cfed75ae61535d762630b61c91ca65c04afd,final_online_training_manifest.csv::soh_rated_pct
B0034_D0120,B0034,1208,ONLINE_FIXED_START_CAUSAL_10S_V1,PASS,B0034.mat,d8cd5faff49f0d5672736327c5cd16913e0a0f08fb2817f672f52a67184cb885,294,119,51.547,41.547,51.547,1,3;4,2,51.547,0.0,0.0,9a21ab586be47f660298788d70fc8481f7e5ead4549665960bb3c370a5e9e0ae,final_online_training_manifest.csv::soh_rated_pct
B0034_D0121,B0034,1209,ONLINE_FIXED_START_CAUSAL_10S_V1,PASS,B0034.mat,d8cd5faff49f0d5672736327c5cd16913e0a0f08fb2817f672f52a67184cb885,296,120,51.531,41.531,51.531,1,3;4,2,51.531,0.0,0.0,4137525cba3eb63468342f73669c23b32c5fae57ade8bc42ac12a2a2ac9b9379,final_online_training_manifest.csv::soh_rated_pct
B0034_D0122,B0034,1210,ONLINE_FIXED_START_CAUSAL_10S_V1,PASS,B0034.mat,d8cd5faff49f0d5672736327c5cd16913e0a0f08fb2817f672f52a67184cb885,298,121,51.578,41.578,51.578,1,3;4,2,51.577999999999996,0.0,0.0,2f213a9f273b4c944984df1bc37b305aa7cb4f233caa5fb7b18bafee27ce240c,final_online_training_manifest.csv::soh_rated_pct
B0034_D0123,B0034,1211,ONLINE_FIXED_START_CAUSAL_10S_V1,PASS,B0034.mat,d8cd5faff49f0d5672736327c5cd16913e0a0f08fb2817f672f52a67184cb885,300,122,51.859,41.859,51.859,1,3;4,2,51.858999999999995,0.0,0.0,6ae23da097bf687c4560af5641cc5dd0b1357563896c064a94b336348f47af61,final_online_training_manifest.csv::soh_rated_pct
B0034_D0124,B0034,1212,ONLINE_FIXED_START_CAUSAL_10S_V1,PASS,B0034.mat,d8cd5faff49f0d5672736327c5cd16913e0a0f08fb2817f672f52a67184cb885,302,123,51.766000000000005,41.766000000000005,51.766000000000005,1,3;4,2,51.766000000000005,0.0,0.0,313c5169a74aa82c06c1e259c9a38af55a75e2c40892393e43d9e52062281468,final_online_training_manifest.csv::soh_rated_pct
B0034_D0125,B0034,1213,ONLINE_FIXED_START_CAUSAL_10S_V1,PASS,B0034.mat,d8cd5faff49f0d5672736327c5cd16913e0a0f08fb2817f672f52a67184cb885,306,124,51.984,41.984,51.984,1,3;4,2,51.984,0.0,0.0,9e1de1227a3ba36c4014a31f3ed5d68fa8c95c1cf82c5ded415abaa933bdf1cc,final_online_training_manifest.csv::soh_rated_pct
B0034_D0126,B0034,1214,ONLINE_FIXED_START_CAUSAL_10S_V1,PASS,B0034.mat,d8cd5faff49f0d5672736327c5cd16913e0a0f08fb2817f672f52a67184cb885,308,125,51.859,41.859,51.859,1,3;4,2,51.858999999999995,0.0,0.0,6941c59fd14bb1acdccf7d179607770a920e3129769116a4cd0c984db44f3d2a,final_online_training_manifest.csv::soh_rated_pct
B0034_D0127,B0034,1215,ONLINE_FIXED_START_CAUSAL_10S_V1,PASS,B0034.mat,d8cd5faff49f0d5672736327c5cd16913e0a0f08fb2817f672f52a67184cb885,310,126,51.968,41.968,51.968,1,3;4,2,51.968,0.0,0.0,26cb9e92c6eabcc9a9070cd20b247f93fd9b4bd0c10e7d342e95ac42920f3ca1,final_online_training_manifest.csv::soh_rated_pct
B0034_D0128,B0034,1216,ONLINE_FIXED_START_CAUSAL_10S_V1,PASS,B0034.mat,d8cd5faff49f0d5672736327c5cd16913e0a0f08fb2817f672f52a67184cb885,312,127,51.953,41.953,51.953,1,3;4,2,51.953,0.0,0.0,e5f5c5fb90b0d9e1c530e643958a029b539e3f0d1016fde0f90013ca6429c42d,final_online_training_manifest.csv::soh_rated_pct
B0034_D0129,B0034,1217,ONLINE_FIXED_START_CAUSAL_10S_V1,PASS,B0034.mat,d8cd5faff49f0d5672736327c5cd16913e0a0f08fb2817f672f52a67184cb885,314,128,52.063,42.063,52.063,1,3;4,2,52.063,0.0,0.0,214e9283fbb41abbde4ab44b021259f62e0462213446d1844469780f67341807,final_online_training_manifest.csv::soh_rated_pct
B0034_D0130,B0034,1218,ONLINE_FIXED_START_CAUSAL_10S_V1,PASS,B0034.mat,d8cd5faff49f0d5672736327c5cd16913e0a0f08fb2817f672f52a67184cb885,318,129,52.234,42.234,52.234,1,3;4,2,52.234,0.0,0.0,3d0fd15bff99e2f51a93e803ad6f3116b3284c00099529b330397b911f9f2f15,final_online_training_manifest.csv::soh_rated_pct
B0034_D0131,B0034,1219,ONLINE_FIXED_START_CAUSAL_10S_V1,PASS,B0034.mat,d8cd5faff49f0d5672736327c5cd16913e0a0f08fb2817f672f52a67184cb885,320,130,52.484,42.484,52.484,1,3;4,2,52.484,0.0,0.0,4f02d6b9491772fdb3472a9a84911238bc4301257c0c2d86b80e74b0baf8dbaf,final_online_training_manifest.csv::soh_rated_pct
B0034_D0132,B0034,1220,ONLINE_FIXED_START_CAUSAL_10S_V1,PASS,B0034.mat,d8cd5faff49f0d5672736327c5cd16913e0a0f08fb2817f672f52a67184cb885,322,131,52.454,42.454,52.454,1,3;4,2,52.454,0.0,0.0,0c7126d52035b245efec1fa60d7747bfabec27ba751f68256ec7275d97b2387d,final_online_training_manifest.csv::soh_rated_pct
B0034_D0133,B0034,1221,ONLINE_FIXED_START_CAUSAL_10S_V1,PASS,B0034.mat,d8cd5faff49f0d5672736327c5cd16913e0a0f08fb2817f672f52a67184cb885,324,132,52.375,42.375,52.375,1,3;4,2,52.375,0.0,0.0,1d933c9aad5e86e4450856e62396a4802a9c7f7f7993d1a9cd9946d98035845f,final_online_training_manifest.csv::soh_rated_pct
B0034_D0134,B0034,1222,ONLINE_FIXED_START_CAUSAL_10S_V1,PASS,B0034.mat,d8cd5faff49f0d5672736327c5cd16913e0a0f08fb2817f672f52a67184cb885,326,133,52.531,42.531,52.531,1,3;4,2,52.531,0.0,0.0,e746e115c140978e540eda699a0d67899c2f3c3f6863fbc1874983e3959e95e0,final_online_training_manifest.csv::soh_rated_pct
B0034_D0135,B0034,1223,ONLINE_FIXED_START_CAUSAL_10S_V1,PASS,B0034.mat,d8cd5faff49f0d5672736327c5cd16913e0a0f08fb2817f672f52a67184cb885,330,134,40.25,30.25,40.25,1,2;3,2,40.25,0.0,0.0,e90790665899e7add68e54841fea374149164092bdf9c81a50f84c4e31e0db8a,final_online_training_manifest.csv::soh_rated_pct
B0034_D0136,B0034,1224,ONLINE_FIXED_START_CAUSAL_10S_V1,PASS,B0034.mat,d8cd5faff49f0d5672736327c5cd16913e0a0f08fb2817f672f52a67184cb885,334,135,52.75,42.75,52.75,1,3;4,2,52.75,0.0,0.0,72578808c75563bafd8a4f5690ffc1abc10e379b8c3119d0961d8f4d1dc0fed9,final_online_training_manifest.csv::soh_rated_pct
B0034_D0137,B0034,1225,ONLINE_FIXED_START_CAUSAL_10S_V1,PASS,B0034.mat,d8cd5faff49f0d5672736327c5cd16913e0a0f08fb2817f672f52a67184cb885,336,136,52.875,42.875,52.875,1,3;4,2,52.875,0.0,0.0,f7f2614cf7dac1c4242e76b1b7b6c4c72b85b7bb64f0844d1af9eef3486d3d11,final_online_training_manifest.csv::soh_rated_pct
B0034_D0138,B0034,1226,ONLINE_FIXED_START_CAUSAL_10S_V1,PASS,B0034.mat,d8cd5faff49f0d5672736327c5cd16913e0a0f08fb2817f672f52a67184cb885,338,137,52.875,42.875,52.875,1,3;4,2,52.875,0.0,0.0,da41392591ac94b693fd5f445d1bdac94b6803bd39cdce5e15ea879bf27cf93b,final_online_training_manifest.csv::soh_rated_pct
B0034_D0139,B0034,1227,ONLINE_FIXED_START_CAUSAL_10S_V1,PASS,B0034.mat,d8cd5faff49f0d5672736327c5cd16913e0a0f08fb2817f672f52a67184cb885,340,138,52.891,42.891,52.891,1,3;4,2,52.891,0.0,0.0,b1f79c15c80eebf0880120ed40d57721ec90cec82fe73eaca0f1653129f8dc74,final_online_training_manifest.csv::soh_rated_pct
B0034_D0140,B0034,1228,ONLINE_FIXED_START_CAUSAL_10S_V1,PASS,B0034.mat,d8cd5faff49f0d5672736327c5cd16913e0a0f08fb2817f672f52a67184cb885,342,139,53.0,43.0,53.0,1,3;4,2,53.0,0.0,0.0,fc9c297e26373405891083abc2b869dade00dcb4ca5bd3f6839a1a08de4f6f8b,final_online_training_manifest.csv::soh_rated_pct
B0034_D0141,B0034,1229,ONLINE_FIXED_START_CAUSAL_10S_V1,PASS,B0034.mat,d8cd5faff49f0d5672736327c5cd16913e0a0f08fb2817f672f52a67184cb885,346,140,53.062,43.062,53.062,1,3;4,2,53.062,0.0,0.0,0bd7105742045a4a715bd6a7bcbea1a760c259ff18b43217f47e385806735886,final_online_training_manifest.csv::soh_rated_pct
B0034_D0142,B0034,1230,ONLINE_FIXED_START_CAUSAL_10S_V1,PASS,B0034.mat,d8cd5faff49f0d5672736327c5cd16913e0a0f08fb2817f672f52a67184cb885,348,141,53.141,43.141,53.141,1,3;4,2,53.141,0.0,0.0,e12bfa98c39e6507bef771f188ea7dc14f40e32d2591670c8fa221bef70602a7,final_online_training_manifest.csv::soh_rated_pct
B0034_D0143,B0034,1231,ONLINE_FIXED_START_CAUSAL_10S_V1,PASS,B0034.mat,d8cd5faff49f0d5672736327c5cd16913e0a0f08fb2817f672f52a67184cb885,350,142,53.203,43.203,53.203,1,3;4,2,53.203,0.0,0.0,b0ded339467d369bbf45903740fafdde61e35f3c1ba759bb7c96db6405d673c7,final_online_training_manifest.csv::soh_rated_pct
B0034_D0144,B0034,1232,ONLINE_FIXED_START_CAUSAL_10S_V1,PASS,B0034.mat,d8cd5faff49f0d5672736327c5cd16913e0a0f08fb2817f672f52a67184cb885,352,143,53.297,43.297,53.297,1,3;4,2,53.297,0.0,0.0,7e95a3e1babf20ea76f5c6c1c55972069352278ce9cea2932107ae4b66604aa2,final_online_training_manifest.csv::soh_rated_pct
B0034_D0145,B0034,1233,ONLINE_FIXED_START_CAUSAL_10S_V1,PASS,B0034.mat,d8cd5faff49f0d5672736327c5cd16913e0a0f08fb2817f672f52a67184cb885,354,144,53.359,43.359,53.359,1,3;4,2,53.359,0.0,0.0,7f8c17c0b064b54de216bae92cfbe7763801b14c8bac106f1429bf8f7d898a05,final_online_training_manifest.csv::soh_rated_pct
B0034_D0146,B0034,1234,ONLINE_FIXED_START_CAUSAL_10S_V1,PASS,B0034.mat,d8cd5faff49f0d5672736327c5cd16913e0a0f08fb2817f672f52a67184cb885,358,145,53.531,43.531,53.531,1,3;4,2,53.531,0.0,0.0,7811f4ccd2c54e6f04a9d9065ddb580648399c51a41a7ab5d77b8649a3989855,final_online_training_manifest.csv::soh_rated_pct
B0034_D0147,B0034,1235,ONLINE_FIXED_START_CAUSAL_10S_V1,PASS,B0034.mat,d8cd5faff49f0d5672736327c5cd16913e0a0f08fb2817f672f52a67184cb885,360,146,53.375,43.375,53.375,1,3;4,2,53.375,0.0,0.0,cd90629b073c97eb72455298fdc4378f7daec86fcc43441c3aa2620398b089eb,final_online_training_manifest.csv::soh_rated_pct
B0034_D0148,B0034,1236,ONLINE_FIXED_START_CAUSAL_10S_V1,PASS,B0034.mat,d8cd5faff49f0d5672736327c5cd16913e0a0f08fb2817f672f52a67184cb885,362,147,53.625,43.625,53.625,1,3;4,2,53.625,0.0,0.0,73944dc62de3e35bb76f8472ae289e75882df74b2e62e216cf23e028463b85d1,final_online_training_manifest.csv::soh_rated_pct
B0034_D0149,B0034,1237,ONLINE_FIXED_START_CAUSAL_10S_V1,PASS,B0034.mat,d8cd5faff49f0d5672736327c5cd16913e0a0f08fb2817f672f52a67184cb885,364,148,53.734,43.734,53.734,1,3;4,2,53.734,0.0,0.0,f9a29e842afd100b1b86a793bd674f8b4b3b9e87b7a998322a81694726aac5c6,final_online_training_manifest.csv::soh_rated_pct
B0034_D0150,B0034,1238,ONLINE_FIXED_START_CAUSAL_10S_V1,PASS,B0034.mat,d8cd5faff49f0d5672736327c5cd16913e0a0f08fb2817f672f52a67184cb885,366,149,53.781000000000006,43.781000000000006,53.781000000000006,1,3;4,2,53.781000000000006,0.0,0.0,33d6006c51ed51e5c27cb28801d0c30a1686905a4e3fc82b24bcc4003dd32eba,final_online_training_manifest.csv::soh_rated_pct
B0034_D0151,B0034,1239,ONLINE_FIXED_START_CAUSAL_10S_V1,PASS,B0034.mat,d8cd5faff49f0d5672736327c5cd16913e0a0f08fb2817f672f52a67184cb885,370,150,53.781,43.781,53.781,1,3;4,2,53.781,0.0,0.0,ad581ebd35a0e27a1883258576d437b2cac803243497fac657368ccd06832bed,final_online_training_manifest.csv::soh_rated_pct
B0034_D0152,B0034,1240,ONLINE_FIXED_START_CAUSAL_10S_V1,PASS,B0034.mat,d8cd5faff49f0d5672736327c5cd16913e0a0f08fb2817f672f52a67184cb885,372,151,53.89,43.89,53.89,1,3;4,2,53.89,0.0,0.0,c8f34e66cad91bd1c74885a9196d211f779f2c4f65e367ab20703a836d582e41,final_online_training_manifest.csv::soh_rated_pct
B0034_D0153,B0034,1241,ONLINE_FIXED_START_CAUSAL_10S_V1,PASS,B0034.mat,d8cd5faff49f0d5672736327c5cd16913e0a0f08fb2817f672f52a67184cb885,374,152,54.062,44.062,54.062,1,3;4,2,54.062,0.0,0.0,ee04a5d770fcd14cb0a864218f0759c6b333dfeab29cc9d13f91e7c3ee978393,final_online_training_manifest.csv::soh_rated_pct
B0034_D0154,B0034,1242,ONLINE_FIXED_START_CAUSAL_10S_V1,PASS,B0034.mat,d8cd5faff49f0d5672736327c5cd16913e0a0f08fb2817f672f52a67184cb885,376,153,53.969,43.969,53.969,1,3;4,2,53.969,0.0,0.0,4e91e08074aa217e237eb73a2677f00947df8783a3b8cb097c4fef9e64d1f199,final_online_training_manifest.csv::soh_rated_pct
B0034_D0155,B0034,1243,ONLINE_FIXED_START_CAUSAL_10S_V1,PASS,B0034.mat,d8cd5faff49f0d5672736327c5cd16913e0a0f08fb2817f672f52a67184cb885,378,154,54.281000000000006,44.281000000000006,54.281000000000006,1,3;4,2,54.281000000000006,0.0,0.0,18fd90f5b406aa8e26cffe8d5f5b0c8e180deceb96da2309a4db63dc14383532,final_online_training_manifest.csv::soh_rated_pct
B0034_D0156,B0034,1244,ONLINE_FIXED_START_CAUSAL_10S_V1,PASS,B0034.mat,d8cd5faff49f0d5672736327c5cd16913e0a0f08fb2817f672f52a67184cb885,382,155,54.344,44.344,54.344,1,3;4,2,54.344,0.0,0.0,a28753dcd861d709d2718a60fef3999c2e347fa2524527c2399c4860bea83ff6,final_online_training_manifest.csv::soh_rated_pct
B0034_D0157,B0034,1245,ONLINE_FIXED_START_CAUSAL_10S_V1,PASS,B0034.mat,d8cd5faff49f0d5672736327c5cd16913e0a0f08fb2817f672f52a67184cb885,386,156,54.203,44.203,54.203,1,3;4,2,54.202999999999996,0.0,0.0,a15797db1adf7b3624cf79562471a68221fbcc58a4637e918d68f5f69f62e84d,final_online_training_manifest.csv::soh_rated_pct
B0034_D0158,B0034,1246,ONLINE_FIXED_START_CAUSAL_10S_V1,PASS,B0034.mat,d8cd5faff49f0d5672736327c5cd16913e0a0f08fb2817f672f52a67184cb885,388,157,54.36,44.36,54.36,1,3;4,2,54.36,0.0,0.0,f4a09f2a3a91363281f05f5c2aee7ebb30073a057e2386f6a1d522f755e31d79,final_online_training_manifest.csv::soh_rated_pct
B0034_D0159,B0034,1247,ONLINE_FIXED_START_CAUSAL_10S_V1,PASS,B0034.mat,d8cd5faff49f0d5672736327c5cd16913e0a0f08fb2817f672f52a67184cb885,390,158,54.437,44.437,54.437,1,3;4,2,54.437,0.0,0.0,a63d7a0f63039512fd64ed14ac7f395b11749859e72c452de9bf5580c9ec5eca,final_online_training_manifest.csv::soh_rated_pct
B0034_D0160,B0034,1248,ONLINE_FIXED_START_CAUSAL_10S_V1,PASS,B0034.mat,d8cd5faff49f0d5672736327c5cd16913e0a0f08fb2817f672f52a67184cb885,392,159,54.437,44.437,54.437,1,3;4,2,54.437,0.0,0.0,ed12082f89f4f9e1534c8d20b1741fb4ca0b85a98569b988c876358e5b56a648,final_online_training_manifest.csv::soh_rated_pct
B0034_D0161,B0034,1249,ONLINE_FIXED_START_CAUSAL_10S_V1,PASS,B0034.mat,d8cd5faff49f0d5672736327c5cd16913e0a0f08fb2817f672f52a67184cb885,394,160,54.453,44.453,54.453,1,3;4,2,54.453,0.0,0.0,726f380a159b876b0c7ad016fcd7dabc5fc497b4406abe1bf56d2b43c3762cea,final_online_training_manifest.csv::soh_rated_pct
B0034_D0162,B0034,1250,ONLINE_FIXED_START_CAUSAL_10S_V1,PASS,B0034.mat,d8cd5faff49f0d5672736327c5cd16913e0a0f08fb2817f672f52a67184cb885,398,161,54.547,44.547,54.547,1,3;4,2,54.547,0.0,0.0,85fc92273c22ea1f0680e692d4329d4a8d40b1f2f1a2470719304e33f74e8b9d,final_online_training_manifest.csv::soh_rated_pct
B0034_D0163,B0034,1251,ONLINE_FIXED_START_CAUSAL_10S_V1,PASS,B0034.mat,d8cd5faff49f0d5672736327c5cd16913e0a0f08fb2817f672f52a67184cb885,400,162,55.078,45.078,55.078,1,3;4,2,55.077999999999996,0.0,0.0,a46c9a380f2d76ff0eb95adeb0e57041382bd789b9f39ef99e39a7799e5702b3,final_online_training_manifest.csv::soh_rated_pct
B0034_D0164,B0034,1252,ONLINE_FIXED_START_CAUSAL_10S_V1,PASS,B0034.mat,d8cd5faff49f0d5672736327c5cd16913e0a0f08fb2817f672f52a67184cb885,402,163,54.781,44.781,54.781,1,3;4,2,54.781,0.0,0.0,6297a5cf0cae213a977ba36d1108b511cb18eb311e39eda54415ba57bbef1743,final_online_training_manifest.csv::soh_rated_pct
B0034_D0165,B0034,1253,ONLINE_FIXED_START_CAUSAL_10S_V1,PASS,B0034.mat,d8cd5faff49f0d5672736327c5cd16913e0a0f08fb2817f672f52a67184cb885,404,164,54.875,44.875,54.875,1,3;4,2,54.875,0.0,0.0,9c5529c2f061f5b0cd9e6ecb3ea060e8cb83a64fe136cfbd642ce08825a4638c,final_online_training_manifest.csv::soh_rated_pct
B0034_D0166,B0034,1254,ONLINE_FIXED_START_CAUSAL_10S_V1,PASS,B0034.mat,d8cd5faff49f0d5672736327c5cd16913e0a0f08fb2817f672f52a67184cb885,406,165,54.907,44.907,54.907,1,3;4,2,54.907,0.0,0.0,38df3c685181748da6e7724b153f051832711f4a0ff2c35d8a0058d2add5ff62,final_online_training_manifest.csv::soh_rated_pct
B0034_D0167,B0034,1255,ONLINE_FIXED_START_CAUSAL_10S_V1,PASS,B0034.mat,d8cd5faff49f0d5672736327c5cd16913e0a0f08fb2817f672f52a67184cb885,410,166,54.922,44.922,54.922,1,3;4,2,54.922,0.0,0.0,5505da0313a8c701511d2f2e0c465af8057f86e99c3f77f2d30cf1bce4e4636e,final_online_training_manifest.csv::soh_rated_pct
B0034_D0168,B0034,1256,ONLINE_FIXED_START_CAUSAL_10S_V1,PASS,B0034.mat,d8cd5faff49f0d5672736327c5cd16913e0a0f08fb2817f672f52a67184cb885,412,167,55.094,45.094,55.094,1,3;4,2,55.094,0.0,0.0,f2b0702d2507ea66a4eb1d24aa0481501dbdce43c1bfb03935794826eef9d3c7,final_online_training_manifest.csv::soh_rated_pct
B0034_D0169,B0034,1257,ONLINE_FIXED_START_CAUSAL_10S_V1,PASS,B0034.mat,d8cd5faff49f0d5672736327c5cd16913e0a0f08fb2817f672f52a67184cb885,414,168,40.156000000000006,30.15600000000001,40.156000000000006,1,2;3,2,40.156000000000006,0.0,0.0,d92baa3c5c0bcdeddd5e24c50cac79942a166433d251f8513b41d91c0cb80997,final_online_training_manifest.csv::soh_rated_pct
B0034_D0170,B0034,1258,ONLINE_FIXED_START_CAUSAL_10S_V1,PASS,B0034.mat,d8cd5faff49f0d5672736327c5cd16913e0a0f08fb2817f672f52a67184cb885,416,169,40.046,30.046,40.046,1,2;3,2,40.046,0.0,0.0,23da4b5619df45da4778399d2b67ec148ec665bbab0823d3a380801f85e8e854,final_online_training_manifest.csv::soh_rated_pct
B0034_D0171,B0034,1259,ONLINE_FIXED_START_CAUSAL_10S_V1,PASS,B0034.mat,d8cd5faff49f0d5672736327c5cd16913e0a0f08fb2817f672f52a67184cb885,418,170,40.016000000000005,30.016000000000005,40.016000000000005,1,2;3,2,40.016000000000005,0.0,0.0,071248e5dbd6c07a579b9f4721548f6ba68845d94166acb498408f3916bbd0c4,final_online_training_manifest.csv::soh_rated_pct
B0034_D0172,B0034,1260,ONLINE_FIXED_START_CAUSAL_10S_V1,PASS,B0034.mat,d8cd5faff49f0d5672736327c5cd16913e0a0f08fb2817f672f52a67184cb885,422,171,40.109,30.109,40.109,1,2;3,2,40.109,0.0,0.0,a0244e9e7c43a78588ee9f72daca148052228a4a3c43113a8c7e7ab404a0c57a,final_online_training_manifest.csv::soh_rated_pct
B0034_D0173,B0034,1261,ONLINE_FIXED_START_CAUSAL_10S_V1,PASS,B0034.mat,d8cd5faff49f0d5672736327c5cd16913e0a0f08fb2817f672f52a67184cb885,424,172,40.25,30.25,40.25,1,2;3,2,40.25,0.0,0.0,2b2278df8ab0fb622a8cbf899a6d8d560a87571dfb4a6956a6af7aa9686d5975,final_online_training_manifest.csv::soh_rated_pct
B0034_D0174,B0034,1262,ONLINE_FIXED_START_CAUSAL_10S_V1,PASS,B0034.mat,d8cd5faff49f0d5672736327c5cd16913e0a0f08fb2817f672f52a67184cb885,426,173,40.359,30.358999999999995,40.359,1,2;3,2,40.358999999999995,0.0,0.0,e3c1170a6b2434e0b562b82171b85900838ae897e2a48987c89b892ce053c7a6,final_online_training_manifest.csv::soh_rated_pct
B0034_D0175,B0034,1263,ONLINE_FIXED_START_CAUSAL_10S_V1,PASS,B0034.mat,d8cd5faff49f0d5672736327c5cd16913e0a0f08fb2817f672f52a67184cb885,428,174,40.25,30.25,40.25,1,2;3,2,40.25,0.0,0.0,898a5ad8720b4f46109dac20748b561561344df25c67a433c6d9c30a728647dc,final_online_training_manifest.csv::soh_rated_pct
B0034_D0176,B0034,1264,ONLINE_FIXED_START_CAUSAL_10S_V1,PASS,B0034.mat,d8cd5faff49f0d5672736327c5cd16913e0a0f08fb2817f672f52a67184cb885,430,175,40.453,30.453,40.453,1,2;3,2,40.452999999999996,0.0,0.0,ade6d2e989b4699064df2e4f18eb8a89796f73102d8ac63a227735ffa05dc9d7,final_online_training_manifest.csv::soh_rated_pct
B0034_D0177,B0034,1265,ONLINE_FIXED_START_CAUSAL_10S_V1,PASS,B0034.mat,d8cd5faff49f0d5672736327c5cd16913e0a0f08fb2817f672f52a67184cb885,434,176,40.359,30.359,40.359,1,2;3,2,40.359,0.0,0.0,bf4c65756bf6e6863ce3e0d97ab20aba7495e4a177d4648e43d03e1f03a4e96f,final_online_training_manifest.csv::soh_rated_pct
B0034_D0178,B0034,1266,ONLINE_FIXED_START_CAUSAL_10S_V1,PASS,B0034.mat,d8cd5faff49f0d5672736327c5cd16913e0a0f08fb2817f672f52a67184cb885,438,177,40.391,30.391,40.391,1,2;3,2,40.391,0.0,0.0,c310ea706c0d8796efbba2904e514b62667081a863eee77899328b15e1755109,final_online_training_manifest.csv::soh_rated_pct
B0034_D0179,B0034,1267,ONLINE_FIXED_START_CAUSAL_10S_V1,PASS,B0034.mat,d8cd5faff49f0d5672736327c5cd16913e0a0f08fb2817f672f52a67184cb885,440,178,40.485,30.485,40.485,1,2;3,2,40.485,0.0,0.0,aa2dfdc807c7ef8fe9bb4b365e7b6f71e16cb9c65ce6966617ac9140d6e382de,final_online_training_manifest.csv::soh_rated_pct
B0034_D0180,B0034,1268,ONLINE_FIXED_START_CAUSAL_10S_V1,PASS,B0034.mat,d8cd5faff49f0d5672736327c5cd16913e0a0f08fb2817f672f52a67184cb885,442,179,40.547,30.547,40.547,1,2;3,2,40.547,0.0,0.0,1193b10bad2c2733010610a88e4a9378bbdd7f7ad5b29699ace648f0e695bf68,final_online_training_manifest.csv::soh_rated_pct
B0034_D0181,B0034,1269,ONLINE_FIXED_START_CAUSAL_10S_V1,PASS,B0034.mat,d8cd5faff49f0d5672736327c5cd16913e0a0f08fb2817f672f52a67184cb885,444,180,40.531,30.531,40.531,1,2;3,2,40.531,0.0,0.0,c6e2c2e6ec5d8479affacff8f666307ffce913446b0490c6014df3601a3a0598,final_online_training_manifest.csv::soh_rated_pct
B0034_D0182,B0034,1270,ONLINE_FIXED_START_CAUSAL_10S_V1,PASS,B0034.mat,d8cd5faff49f0d5672736327c5cd16913e0a0f08fb2817f672f52a67184cb885,446,181,40.704,30.704,40.704,1,2;3,2,40.704,0.0,0.0,a5537a4c9f4db57f26778861d836efc2460ae6d1a544a8be89e15a6a74d96ee7,final_online_training_manifest.csv::soh_rated_pct
B0034_D0183,B0034,1271,ONLINE_FIXED_START_CAUSAL_10S_V1,PASS,B0034.mat,d8cd5faff49f0d5672736327c5cd16913e0a0f08fb2817f672f52a67184cb885,450,182,40.765,30.765,40.765,1,2;3,2,40.765,0.0,0.0,658d42daaf15d4e41babe4aff4d0ab2dd1c2aaccdca405e54d771511d057b9b8,final_online_training_manifest.csv::soh_rated_pct
B0034_D0184,B0034,1272,ONLINE_FIXED_START_CAUSAL_10S_V1,PASS,B0034.mat,d8cd5faff49f0d5672736327c5cd16913e0a0f08fb2817f672f52a67184cb885,452,183,40.672,30.672000000000004,40.672,1,2;3,2,40.672000000000004,0.0,0.0,ae0b64095a9c416ca4d4158ea90fb63bf48c64a753c4e6b0bc75bb8867ba300e,final_online_training_manifest.csv::soh_rated_pct
B0034_D0185,B0034,1273,ONLINE_FIXED_START_CAUSAL_10S_V1,PASS,B0034.mat,d8cd5faff49f0d5672736327c5cd16913e0a0f08fb2817f672f52a67184cb885,454,184,40.718,30.718000000000004,40.718,1,2;3,2,40.718,0.0,0.0,a7e1eb098bbe1fa576e00f5333333bac4847a9b0af714d602421ca62e5191ef1,final_online_training_manifest.csv::soh_rated_pct
B0034_D0186,B0034,1274,ONLINE_FIXED_START_CAUSAL_10S_V1,PASS,B0034.mat,d8cd5faff49f0d5672736327c5cd16913e0a0f08fb2817f672f52a67184cb885,456,185,40.75,30.75,40.75,1,2;3,2,40.75,0.0,0.0,8240f792b524e0b6f9ee804147b027a95dc1b21fc5f4a9ce85c4748dd4540152,final_online_training_manifest.csv::soh_rated_pct
B0034_D0187,B0034,1275,ONLINE_FIXED_START_CAUSAL_10S_V1,PASS,B0034.mat,d8cd5faff49f0d5672736327c5cd16913e0a0f08fb2817f672f52a67184cb885,458,186,40.922,30.922,40.922,1,2;3,2,40.922,0.0,0.0,7418632a56c11de62a07b4b5c3ef419841b4bfd36def87ad47d6974efad84953,final_online_training_manifest.csv::soh_rated_pct
B0034_D0188,B0034,1276,ONLINE_FIXED_START_CAUSAL_10S_V1,PASS,B0034.mat,d8cd5faff49f0d5672736327c5cd16913e0a0f08fb2817f672f52a67184cb885,462,187,41.032,31.032,41.032,1,2;3,2,41.032,0.0,0.0,16977ca8d86757802a74512d6b401b5358aa7216de03afc49b22bf79c8ccaa89,final_online_training_manifest.csv::soh_rated_pct
B0034_D0189,B0034,1277,ONLINE_FIXED_START_CAUSAL_10S_V1,PASS,B0034.mat,d8cd5faff49f0d5672736327c5cd16913e0a0f08fb2817f672f52a67184cb885,464,188,41.109,31.109,41.109,1,2;3,2,41.109,0.0,0.0,7e3a4ead8f3c120e4f841cca40eff9ecf07a48b3891d2165a85256ef3fbdb001,final_online_training_manifest.csv::soh_rated_pct
B0034_D0190,B0034,1278,ONLINE_FIXED_START_CAUSAL_10S_V1,PASS,B0034.mat,d8cd5faff49f0d5672736327c5cd16913e0a0f08fb2817f672f52a67184cb885,466,189,41.078,31.078,41.078,1,2;3,2,41.077999999999996,0.0,0.0,7d312cf7fd20fea83f042d13f7e5c60cef1f70ba78860406d8b31cccae9751a5,final_online_training_manifest.csv::soh_rated_pct
B0034_D0191,B0034,1279,ONLINE_FIXED_START_CAUSAL_10S_V1,PASS,B0034.mat,d8cd5faff49f0d5672736327c5cd16913e0a0f08fb2817f672f52a67184cb885,468,190,41.062,31.062,41.062,1,2;3,2,41.062,0.0,0.0,7840ba14ecaee1ba8811f34875e3b8cf23c93199d89c903f4c9e906b9b416f47,final_online_training_manifest.csv::soh_rated_pct
B0034_D0192,B0034,1280,ONLINE_FIXED_START_CAUSAL_10S_V1,PASS,B0034.mat,d8cd5faff49f0d5672736327c5cd16913e0a0f08fb2817f672f52a67184cb885,470,191,41.093,31.093,41.093,1,2;3,2,41.092999999999996,0.0,0.0,6b570994f691a33b54bc6917a4dcc541ec6ecd9ca3bedd21a74a1161754c70a2,final_online_training_manifest.csv::soh_rated_pct
B0034_D0193,B0034,1281,ONLINE_FIXED_START_CAUSAL_10S_V1,PASS,B0034.mat,d8cd5faff49f0d5672736327c5cd16913e0a0f08fb2817f672f52a67184cb885,474,192,41.657,31.657000000000004,41.657,1,2;3,2,41.657000000000004,0.0,0.0,767132b133fbb46b68e80bd25622727c77f5b426ad10737d28e3f5cce52221d2,final_online_training_manifest.csv::soh_rated_pct
B0034_D0194,B0034,1282,ONLINE_FIXED_START_CAUSAL_10S_V1,PASS,B0034.mat,d8cd5faff49f0d5672736327c5cd16913e0a0f08fb2817f672f52a67184cb885,476,193,41.281000000000006,31.28100000000001,41.281000000000006,1,2;3,2,41.281000000000006,0.0,0.0,a153578a50f2b1f75e5d213ddc0d5fa4561f770147f247302c286c15abeccda8,final_online_training_manifest.csv::soh_rated_pct
B0034_D0195,B0034,1283,ONLINE_FIXED_START_CAUSAL_10S_V1,PASS,B0034.mat,d8cd5faff49f0d5672736327c5cd16913e0a0f08fb2817f672f52a67184cb885,478,194,41.125,31.125,41.125,1,2;3,2,41.125,0.0,0.0,2294742c1412f1b5c4aba5fec5da51a37a3c8d195c374f266faa3d694dd22959,final_online_training_manifest.csv::soh_rated_pct
B0034_D0196,B0034,1284,ONLINE_FIXED_START_CAUSAL_10S_V1,PASS,B0034.mat,d8cd5faff49f0d5672736327c5cd16913e0a0f08fb2817f672f52a67184cb885,480,195,41.219,31.219,41.219,1,2;3,2,41.219,0.0,0.0,30f7313d5be1e832b5679c15c19417680fa1069018ed2a380af29a263e15d90a,final_online_training_manifest.csv::soh_rated_pct
B0034_D0197,B0034,1285,ONLINE_FIXED_START_CAUSAL_10S_V1,PASS,B0034.mat,d8cd5faff49f0d5672736327c5cd16913e0a0f08fb2817f672f52a67184cb885,482,196,41.375,31.375,41.375,1,2;3,2,41.375,0.0,0.0,e2680210684e8b1e99a8fe8f2b2815f24a88292cacb826f58ef4c38479f0d45b,final_online_training_manifest.csv::soh_rated_pct
B0036_D0002,B0036,1286,ONLINE_FIXED_START_CAUSAL_10S_V1,PASS,B0036.mat,40511cccf0262d61b8345fdfe6c4e0a67ccc42e7f5e869ec32c7f33619e7dc15,4,1,38.391,28.391,38.391,2,2;3;4,3,38.391,0.0,0.0,6640716787ed5f872ca79ecf6312cea482bec636250d4e097f1d272eae0797f5,final_online_training_manifest.csv::soh_rated_pct
B0036_D0003,B0036,1287,ONLINE_FIXED_START_CAUSAL_10S_V1,PASS,B0036.mat,40511cccf0262d61b8345fdfe6c4e0a67ccc42e7f5e869ec32c7f33619e7dc15,6,2,38.578,28.578000000000003,38.578,2,2;3;4,3,38.578,0.0,0.0,9e6093a378be1072c5a6057775cc053ab5548f2e6c008e0bd2d4db4d4e40fc62,final_online_training_manifest.csv::soh_rated_pct
B0036_D0004,B0036,1288,ONLINE_FIXED_START_CAUSAL_10S_V1,PASS,B0036.mat,40511cccf0262d61b8345fdfe6c4e0a67ccc42e7f5e869ec32c7f33619e7dc15,8,3,38.75,28.75,38.75,2,2;3;4,3,38.75,0.0,0.0,d1d5548e867d4cad9ecac7dd3fc83408e4d2ff03ca956f18e5ba0077a89b4b58,final_online_training_manifest.csv::soh_rated_pct
B0036_D0005,B0036,1289,ONLINE_FIXED_START_CAUSAL_10S_V1,PASS,B0036.mat,40511cccf0262d61b8345fdfe6c4e0a67ccc42e7f5e869ec32c7f33619e7dc15,10,4,38.875,28.875,38.875,2,2;3;4,3,38.875,0.0,0.0,a75fb8c46e370f941c9b9f6025fa196409f0fa33977d688834295e0f76e58773,final_online_training_manifest.csv::soh_rated_pct
B0036_D0006,B0036,1290,ONLINE_FIXED_START_CAUSAL_10S_V1,PASS,B0036.mat,40511cccf0262d61b8345fdfe6c4e0a67ccc42e7f5e869ec32c7f33619e7dc15,12,5,39.015,29.015,39.015,2,2;3;4,3,39.015,0.0,0.0,1fdf3dbf618d643768c67514be4e8faacd278517aad70f62edb2eab95272485c,final_online_training_manifest.csv::soh_rated_pct
B0036_D0007,B0036,1291,ONLINE_FIXED_START_CAUSAL_10S_V1,PASS,B0036.mat,40511cccf0262d61b8345fdfe6c4e0a67ccc42e7f5e869ec32c7f33619e7dc15,16,6,39.282,29.282,39.282,2,2;3;4,3,39.282,0.0,0.0,1b57ce9bb9f547d46975eca9f737123e94b27bfa0330a4992bc9c877e755ce6c,final_online_training_manifest.csv::soh_rated_pct
B0036_D0008,B0036,1292,ONLINE_FIXED_START_CAUSAL_10S_V1,PASS,B0036.mat,40511cccf0262d61b8345fdfe6c4e0a67ccc42e7f5e869ec32c7f33619e7dc15,18,7,39.344,29.344,39.344,2,2;3;4,3,39.344,0.0,0.0,7a3c5dbc62b2ff18172bcdd0cb24378f4f584eb308ca62ecf787c80ac13c5ce0,final_online_training_manifest.csv::soh_rated_pct
B0036_D0009,B0036,1293,ONLINE_FIXED_START_CAUSAL_10S_V1,PASS,B0036.mat,40511cccf0262d61b8345fdfe6c4e0a67ccc42e7f5e869ec32c7f33619e7dc15,20,8,39.672,29.672,39.672,2,2;3;4,3,39.672,0.0,0.0,6ba490f3f9a7aa365fac7974e6daa04a272c2105c99f5b5d90a28de8ff6b3e6b,final_online_training_manifest.csv::soh_rated_pct
B0036_D0010,B0036,1294,ONLINE_FIXED_START_CAUSAL_10S_V1,PASS,B0036.mat,40511cccf0262d61b8345fdfe6c4e0a67ccc42e7f5e869ec32c7f33619e7dc15,22,9,39.671,29.671,39.671,2,2;3;4,3,39.671,0.0,0.0,7acdf3c0cfdbcaf4146ae1b8fc90b647e60e54c0de56c7f2329f0ca8403fb0e9,final_online_training_manifest.csv::soh_rated_pct
B0036_D0011,B0036,1295,ONLINE_FIXED_START_CAUSAL_10S_V1,PASS,B0036.mat,40511cccf0262d61b8345fdfe6c4e0a67ccc42e7f5e869ec32c7f33619e7dc15,24,10,39.859,29.859,39.859,2,2;3;4,3,39.859,0.0,0.0,ad0ca51fa39642d37457357fc3f3e20be3fccc118b7bc9f05e8dbabc3ea24618,final_online_training_manifest.csv::soh_rated_pct
B0036_D0012,B0036,1296,ONLINE_FIXED_START_CAUSAL_10S_V1,PASS,B0036.mat,40511cccf0262d61b8345fdfe6c4e0a67ccc42e7f5e869ec32c7f33619e7dc15,28,11,40.031,30.031,40.031,2,2;3;4,3,40.031,0.0,0.0,d5cde21cb3cd7496f07fd7a48074c33b98e52a68e7d300b10c9d23e0ffa6f513,final_online_training_manifest.csv::soh_rated_pct
B0036_D0013,B0036,1297,ONLINE_FIXED_START_CAUSAL_10S_V1,PASS,B0036.mat,40511cccf0262d61b8345fdfe6c4e0a67ccc42e7f5e869ec32c7f33619e7dc15,30,12,40.313,30.313,40.313,1,3;4,2,40.313,0.0,0.0,7736485cc6d7cf879d96e8e157e6babb81cff37e5b1d297b34025bf7c35f46e6,final_online_training_manifest.csv::soh_rated_pct
B0036_D0014,B0036,1298,ONLINE_FIXED_START_CAUSAL_10S_V1,PASS,B0036.mat,40511cccf0262d61b8345fdfe6c4e0a67ccc42e7f5e869ec32c7f33619e7dc15,32,13,40.343,30.343000000000004,40.343,1,3;4,2,40.343,0.0,0.0,aacdf3d33db64ebba467be12acae6348f349214398cacf2aeb465aced24e13bd,final_online_training_manifest.csv::soh_rated_pct
B0036_D0015,B0036,1299,ONLINE_FIXED_START_CAUSAL_10S_V1,PASS,B0036.mat,40511cccf0262d61b8345fdfe6c4e0a67ccc42e7f5e869ec32c7f33619e7dc15,34,14,40.515,30.515,40.515,1,3;4,2,40.515,0.0,0.0,d096f843b2ce85bc1a6615cf801136cff9ac921b3985a82cbbfbdf54e2242393,final_online_training_manifest.csv::soh_rated_pct
B0036_D0016,B0036,1300,ONLINE_FIXED_START_CAUSAL_10S_V1,PASS,B0036.mat,40511cccf0262d61b8345fdfe6c4e0a67ccc42e7f5e869ec32c7f33619e7dc15,36,15,40.562,30.562,40.562,1,3;4,2,40.562,0.0,0.0,5bf2924a758ff13c0b7e64f5a29f9b1f3298c90f24ece1afcb89fbd6dd719800,final_online_training_manifest.csv::soh_rated_pct
B0036_D0017,B0036,1301,ONLINE_FIXED_START_CAUSAL_10S_V1,PASS,B0036.mat,40511cccf0262d61b8345fdfe6c4e0a67ccc42e7f5e869ec32c7f33619e7dc15,40,16,40.875,30.875,40.875,1,3;4,2,40.875,0.0,0.0,960b08aa0f12a54d947634df37a815b5562974e6ca1a23eb0ae0f3eff1a43d25,final_online_training_manifest.csv::soh_rated_pct
B0036_D0018,B0036,1302,ONLINE_FIXED_START_CAUSAL_10S_V1,PASS,B0036.mat,40511cccf0262d61b8345fdfe6c4e0a67ccc42e7f5e869ec32c7f33619e7dc15,42,17,40.984,30.983999999999995,40.984,1,3;4,2,40.983999999999995,0.0,0.0,4fdf60f8122434966dfd9b2041943194a9acdaaad1fdd34345f63f455c41e913,final_online_training_manifest.csv::soh_rated_pct
B0036_D0019,B0036,1303,ONLINE_FIXED_START_CAUSAL_10S_V1,PASS,B0036.mat,40511cccf0262d61b8345fdfe6c4e0a67ccc42e7f5e869ec32c7f33619e7dc15,44,18,41.109,31.109,41.109,1,3;4,2,41.109,0.0,0.0,2ed90c4d4eadf3d7d6f999eceba6bc02c44fc1469559732d3fe71353c89c7799,final_online_training_manifest.csv::soh_rated_pct
B0036_D0020,B0036,1304,ONLINE_FIXED_START_CAUSAL_10S_V1,PASS,B0036.mat,40511cccf0262d61b8345fdfe6c4e0a67ccc42e7f5e869ec32c7f33619e7dc15,46,19,41.312,31.312,41.312,1,3;4,2,41.312,0.0,0.0,984bac808c2d0e50e0d25c803c4601ff3edde8429356b186315d89d992e7057b,final_online_training_manifest.csv::soh_rated_pct
B0036_D0021,B0036,1305,ONLINE_FIXED_START_CAUSAL_10S_V1,PASS,B0036.mat,40511cccf0262d61b8345fdfe6c4e0a67ccc42e7f5e869ec32c7f33619e7dc15,48,20,41.468,31.468000000000004,41.468,1,3;4,2,41.468,0.0,0.0,ba3579020304d62da6f20e5378a1bb1408b8f8d8bf948431640258abe3c7b873,final_online_training_manifest.csv::soh_rated_pct
B0036_D0022,B0036,1306,ONLINE_FIXED_START_CAUSAL_10S_V1,PASS,B0036.mat,40511cccf0262d61b8345fdfe6c4e0a67ccc42e7f5e869ec32c7f33619e7dc15,52,21,41.453,31.453000000000003,41.453,1,3;4,2,41.453,0.0,0.0,7bbc2cd5a1982d14801baf9cd67e8610f361b8638c12eac62afa5616bbfe9034,final_online_training_manifest.csv::soh_rated_pct
B0036_D0023,B0036,1307,ONLINE_FIXED_START_CAUSAL_10S_V1,PASS,B0036.mat,40511cccf0262d61b8345fdfe6c4e0a67ccc42e7f5e869ec32c7f33619e7dc15,56,22,41.672,31.672,41.672,1,3;4,2,41.672,0.0,0.0,c647f85a3a1d9ccd74fe32d111729365122f5a46a3361e4cad25c020d3246e4b,final_online_training_manifest.csv::soh_rated_pct
B0036_D0024,B0036,1308,ONLINE_FIXED_START_CAUSAL_10S_V1,PASS,B0036.mat,40511cccf0262d61b8345fdfe6c4e0a67ccc42e7f5e869ec32c7f33619e7dc15,58,23,41.766,31.766,41.766,1,3;4,2,41.766,0.0,0.0,b7c698d9a8e0c5fce6025643d03e4b9c31810b23a5b675ac61bd87f947ee7324,final_online_training_manifest.csv::soh_rated_pct
B0036_D0025,B0036,1309,ONLINE_FIXED_START_CAUSAL_10S_V1,PASS,B0036.mat,40511cccf0262d61b8345fdfe6c4e0a67ccc42e7f5e869ec32c7f33619e7dc15,60,24,41.89,31.89,41.89,1,3;4,2,41.89,0.0,0.0,e9c44c377964369ffb09504f1853ebfbc32151fea58bdee2f37a9a68a5b978d4,final_online_training_manifest.csv::soh_rated_pct
B0036_D0026,B0036,1310,ONLINE_FIXED_START_CAUSAL_10S_V1,PASS,B0036.mat,40511cccf0262d61b8345fdfe6c4e0a67ccc42e7f5e869ec32c7f33619e7dc15,62,25,42.141000000000005,32.141000000000005,42.141000000000005,1,3;4,2,42.141000000000005,0.0,0.0,c4742ebbde4127f2bde34e6c663055ceb421db8b0e227e8b09a028f9c8022997,final_online_training_manifest.csv::soh_rated_pct
B0036_D0027,B0036,1311,ONLINE_FIXED_START_CAUSAL_10S_V1,PASS,B0036.mat,40511cccf0262d61b8345fdfe6c4e0a67ccc42e7f5e869ec32c7f33619e7dc15,64,26,42.156,32.156,42.156,1,3;4,2,42.156,0.0,0.0,8f2d6f1fbf2f0bbdc2bbfc03209d98211c1cbdda05fdfce571beffc4b22af422,final_online_training_manifest.csv::soh_rated_pct
B0036_D0028,B0036,1312,ONLINE_FIXED_START_CAUSAL_10S_V1,PASS,B0036.mat,40511cccf0262d61b8345fdfe6c4e0a67ccc42e7f5e869ec32c7f33619e7dc15,68,27,42.312,32.312,42.312,1,3;4,2,42.312,0.0,0.0,40742bdace9e0e024fafaebfffab6a52c6ca99d726c6b391fceed39243ad2153,final_online_training_manifest.csv::soh_rated_pct
B0036_D0029,B0036,1313,ONLINE_FIXED_START_CAUSAL_10S_V1,PASS,B0036.mat,40511cccf0262d61b8345fdfe6c4e0a67ccc42e7f5e869ec32c7f33619e7dc15,70,28,42.39,32.39,42.39,1,3;4,2,42.39,0.0,0.0,e19910248fc26d098b83a9027ddd4bc237ecc22e615ce311a131ab365b99a92a,final_online_training_manifest.csv::soh_rated_pct
B0036_D0030,B0036,1314,ONLINE_FIXED_START_CAUSAL_10S_V1,PASS,B0036.mat,40511cccf0262d61b8345fdfe6c4e0a67ccc42e7f5e869ec32c7f33619e7dc15,72,29,42.593,32.593,42.593,1,3;4,2,42.593,0.0,0.0,f2e316e84f1815603444b938d2af8f741f218823595d67995f101116d5361ba3,final_online_training_manifest.csv::soh_rated_pct
B0036_D0031,B0036,1315,ONLINE_FIXED_START_CAUSAL_10S_V1,PASS,B0036.mat,40511cccf0262d61b8345fdfe6c4e0a67ccc42e7f5e869ec32c7f33619e7dc15,74,30,42.703,32.703,42.703,1,3;4,2,42.703,0.0,0.0,5c12d7cb02df3a714a427ba1c8d779c901f2547ed31ab90e2b54cc358f82e331,final_online_training_manifest.csv::soh_rated_pct
B0036_D0032,B0036,1316,ONLINE_FIXED_START_CAUSAL_10S_V1,PASS,B0036.mat,40511cccf0262d61b8345fdfe6c4e0a67ccc42e7f5e869ec32c7f33619e7dc15,76,31,42.703,32.703,42.703,1,3;4,2,42.703,0.0,0.0,f1bc6c58f4ab6d317d8fb60f1d548e53415f33211ac61d5ae8f4c75fd7323d5d,final_online_training_manifest.csv::soh_rated_pct
B0036_D0033,B0036,1317,ONLINE_FIXED_START_CAUSAL_10S_V1,PASS,B0036.mat,40511cccf0262d61b8345fdfe6c4e0a67ccc42e7f5e869ec32c7f33619e7dc15,80,32,42.954,32.954,42.954,1,3;4,2,42.954,0.0,0.0,dde1db10fcf851d0c5870ed9e92c962ee0294ad6eb6bef69c3c2dd46c605fc44,final_online_training_manifest.csv::soh_rated_pct
B0036_D0034,B0036,1318,ONLINE_FIXED_START_CAUSAL_10S_V1,PASS,B0036.mat,40511cccf0262d61b8345fdfe6c4e0a67ccc42e7f5e869ec32c7f33619e7dc15,82,33,43.125,33.125,43.125,1,3;4,2,43.125,0.0,0.0,128d2f0d8e2be8d3f5bd5f7b9b0714b45c825b85e7dfecea72a6adac201a6da4,final_online_training_manifest.csv::soh_rated_pct
B0036_D0035,B0036,1319,ONLINE_FIXED_START_CAUSAL_10S_V1,PASS,B0036.mat,40511cccf0262d61b8345fdfe6c4e0a67ccc42e7f5e869ec32c7f33619e7dc15,84,34,43.297,33.297,43.297,1,3;4,2,43.297,0.0,0.0,a51445348f749820e809ba51939c984b433351e26b5686fd8841fdd95eaf6e51,final_online_training_manifest.csv::soh_rated_pct
B0036_D0036,B0036,1320,ONLINE_FIXED_START_CAUSAL_10S_V1,PASS,B0036.mat,40511cccf0262d61b8345fdfe6c4e0a67ccc42e7f5e869ec32c7f33619e7dc15,86,35,43.312,33.312,43.312,1,3;4,2,43.312,0.0,0.0,e141f9c82368081cac1ab8d0b94664a2ef3de302f6b221e0bffb00a09ae5f074,final_online_training_manifest.csv::soh_rated_pct
B0036_D0037,B0036,1321,ONLINE_FIXED_START_CAUSAL_10S_V1,PASS,B0036.mat,40511cccf0262d61b8345fdfe6c4e0a67ccc42e7f5e869ec32c7f33619e7dc15,88,36,43.39,33.39,43.39,1,3;4,2,43.39,0.0,0.0,67027516d97fbb679daf729d54e4cea7294452e62ef4c262ef81ddaaaac7e54a,final_online_training_manifest.csv::soh_rated_pct
B0036_D0038,B0036,1322,ONLINE_FIXED_START_CAUSAL_10S_V1,PASS,B0036.mat,40511cccf0262d61b8345fdfe6c4e0a67ccc42e7f5e869ec32c7f33619e7dc15,92,37,43.61,33.61,43.61,1,3;4,2,43.61,0.0,0.0,299f49d3e8df08db230791b755b5306bdbd282c4373a16bf5ac9580640b8cadc,final_online_training_manifest.csv::soh_rated_pct
B0036_D0039,B0036,1323,ONLINE_FIXED_START_CAUSAL_10S_V1,PASS,B0036.mat,40511cccf0262d61b8345fdfe6c4e0a67ccc42e7f5e869ec32c7f33619e7dc15,94,38,43.891000000000005,33.891000000000005,43.891000000000005,1,3;4,2,43.891000000000005,0.0,0.0,200310fdab1484bf8bd073287b2a4ef6adb8b709c9be9011670f6797864b56fc,final_online_training_manifest.csv::soh_rated_pct
B0036_D0040,B0036,1324,ONLINE_FIXED_START_CAUSAL_10S_V1,PASS,B0036.mat,40511cccf0262d61b8345fdfe6c4e0a67ccc42e7f5e869ec32c7f33619e7dc15,96,39,43.797,33.797000000000004,43.797,1,3;4,2,43.797000000000004,0.0,0.0,21be886d258630d0976375683b00b3ebb02f5464dc5009190cbdfd318c9ef952,final_online_training_manifest.csv::soh_rated_pct
B0036_D0041,B0036,1325,ONLINE_FIXED_START_CAUSAL_10S_V1,PASS,B0036.mat,40511cccf0262d61b8345fdfe6c4e0a67ccc42e7f5e869ec32c7f33619e7dc15,98,40,43.922,33.922000000000004,43.922,1,3;4,2,43.922000000000004,0.0,0.0,1de96fdf6ec3c0c3b9e16c18f061d96c6e9a7beb6c72f78f8ab3da662d140b4f,final_online_training_manifest.csv::soh_rated_pct
B0036_D0042,B0036,1326,ONLINE_FIXED_START_CAUSAL_10S_V1,PASS,B0036.mat,40511cccf0262d61b8345fdfe6c4e0a67ccc42e7f5e869ec32c7f33619e7dc15,100,41,44.015,34.015,44.015,1,3;4,2,44.015,0.0,0.0,36453fbf8002384a7b6622463a6907b378daebbbb51225395dce27e948c8d80d,final_online_training_manifest.csv::soh_rated_pct
B0036_D0043,B0036,1327,ONLINE_FIXED_START_CAUSAL_10S_V1,PASS,B0036.mat,40511cccf0262d61b8345fdfe6c4e0a67ccc42e7f5e869ec32c7f33619e7dc15,104,42,44.297,34.297,44.297,1,3;4,2,44.297,0.0,0.0,d6f42021dfddf1f12adef16cbf84ef5674cb6e9d1102d6122d4b8ccaea50c341,final_online_training_manifest.csv::soh_rated_pct
B0036_D0044,B0036,1328,ONLINE_FIXED_START_CAUSAL_10S_V1,PASS,B0036.mat,40511cccf0262d61b8345fdfe6c4e0a67ccc42e7f5e869ec32c7f33619e7dc15,108,43,44.328,34.328,44.328,1,3;4,2,44.327999999999996,0.0,0.0,cc9eb29874cbf4f1caf78e4cfecb4f711a9168bd322c99cc44319a68bcac2a89,final_online_training_manifest.csv::soh_rated_pct
B0036_D0045,B0036,1329,ONLINE_FIXED_START_CAUSAL_10S_V1,PASS,B0036.mat,40511cccf0262d61b8345fdfe6c4e0a67ccc42e7f5e869ec32c7f33619e7dc15,110,44,44.515,34.515,44.515,1,3;4,2,44.515,0.0,0.0,0f48a24d0ef4d8fa57acb9e845e8017dc92cd28fd75e7578d6da6d6643089f69,final_online_training_manifest.csv::soh_rated_pct
B0036_D0046,B0036,1330,ONLINE_FIXED_START_CAUSAL_10S_V1,PASS,B0036.mat,40511cccf0262d61b8345fdfe6c4e0a67ccc42e7f5e869ec32c7f33619e7dc15,112,45,44.5,34.5,44.5,1,3;4,2,44.5,0.0,0.0,c60f2c214f620faa913c5befa13ccf241ed642269b90e447f406ea414500e8da,final_online_training_manifest.csv::soh_rated_pct
B0036_D0047,B0036,1331,ONLINE_FIXED_START_CAUSAL_10S_V1,PASS,B0036.mat,40511cccf0262d61b8345fdfe6c4e0a67ccc42e7f5e869ec32c7f33619e7dc15,116,46,44.563,34.563,44.563,1,3;4,2,44.563,0.0,0.0,fdc22a0384983cf1f732a05b17766ebf91a2cdf64cb72ee328912716e497db04,final_online_training_manifest.csv::soh_rated_pct
B0036_D0048,B0036,1332,ONLINE_FIXED_START_CAUSAL_10S_V1,PASS,B0036.mat,40511cccf0262d61b8345fdfe6c4e0a67ccc42e7f5e869ec32c7f33619e7dc15,118,47,44.672,34.672,44.672,1,3;4,2,44.672,0.0,0.0,4bcf2c771981027e9e0b5920584afef9bcbe551d9a72c780d7b86368fc6572de,final_online_training_manifest.csv::soh_rated_pct
B0036_D0049,B0036,1333,ONLINE_FIXED_START_CAUSAL_10S_V1,PASS,B0036.mat,40511cccf0262d61b8345fdfe6c4e0a67ccc42e7f5e869ec32c7f33619e7dc15,120,48,44.75,34.75,44.75,1,3;4,2,44.75,0.0,0.0,1eb506875581755341e3054dc24e0c4e08f600446a325fba8ccf1ec3c7bf4c63,final_online_training_manifest.csv::soh_rated_pct
B0036_D0050,B0036,1334,ONLINE_FIXED_START_CAUSAL_10S_V1,PASS,B0036.mat,40511cccf0262d61b8345fdfe6c4e0a67ccc42e7f5e869ec32c7f33619e7dc15,122,49,44.907,34.907,44.907,1,3;4,2,44.907,0.0,0.0,8bd4884d34557c954628d00468a3a638af5db129592784b1827dc6dd947a6401,final_online_training_manifest.csv::soh_rated_pct
B0036_D0051,B0036,1335,ONLINE_FIXED_START_CAUSAL_10S_V1,PASS,B0036.mat,40511cccf0262d61b8345fdfe6c4e0a67ccc42e7f5e869ec32c7f33619e7dc15,124,50,44.938,34.938,44.938,1,3;4,2,44.938,0.0,0.0,6f7e8a4973fcc7d56b3c6332335b7264c86382c715995e3df1aa50be4e79e7ca,final_online_training_manifest.csv::soh_rated_pct
B0036_D0052,B0036,1336,ONLINE_FIXED_START_CAUSAL_10S_V1,PASS,B0036.mat,40511cccf0262d61b8345fdfe6c4e0a67ccc42e7f5e869ec32c7f33619e7dc15,128,51,45.093,35.093,45.093,1,3;4,2,45.093,0.0,0.0,546f1b166d4f6142f8154181a15f10ea7806b8cc41834fedb8932d0ae51deff5,final_online_training_manifest.csv::soh_rated_pct
B0036_D0053,B0036,1337,ONLINE_FIXED_START_CAUSAL_10S_V1,PASS,B0036.mat,40511cccf0262d61b8345fdfe6c4e0a67ccc42e7f5e869ec32c7f33619e7dc15,130,52,45.203,35.203,45.203,1,3;4,2,45.202999999999996,0.0,0.0,67cc549a45b9ed92f4df5290494dea51ad7d73e630f90fefc50a03da1f0b9f38,final_online_training_manifest.csv::soh_rated_pct
B0036_D0054,B0036,1338,ONLINE_FIXED_START_CAUSAL_10S_V1,PASS,B0036.mat,40511cccf0262d61b8345fdfe6c4e0a67ccc42e7f5e869ec32c7f33619e7dc15,132,53,45.219,35.219,45.219,1,3;4,2,45.219,0.0,0.0,5b5032083a1c1e88ca09ef2b4cdab096d13681b9fae31663d3d69e17c8e7d346,final_online_training_manifest.csv::soh_rated_pct
B0036_D0055,B0036,1339,ONLINE_FIXED_START_CAUSAL_10S_V1,PASS,B0036.mat,40511cccf0262d61b8345fdfe6c4e0a67ccc42e7f5e869ec32c7f33619e7dc15,134,54,45.422,35.422,45.422,1,3;4,2,45.422,0.0,0.0,a68f3e39de7ec234758c340260d007959384b99af8dc7e7c50f57a46487f7aeb,final_online_training_manifest.csv::soh_rated_pct
B0036_D0056,B0036,1340,ONLINE_FIXED_START_CAUSAL_10S_V1,PASS,B0036.mat,40511cccf0262d61b8345fdfe6c4e0a67ccc42e7f5e869ec32c7f33619e7dc15,136,55,45.625,35.625,45.625,1,3;4,2,45.625,0.0,0.0,3d4a80e6b903d76c5c7e84d9d0625e8a4cb8e7acdf519a2cb498fbc974f24f4b,final_online_training_manifest.csv::soh_rated_pct
B0036_D0057,B0036,1341,ONLINE_FIXED_START_CAUSAL_10S_V1,PASS,B0036.mat,40511cccf0262d61b8345fdfe6c4e0a67ccc42e7f5e869ec32c7f33619e7dc15,140,56,45.734,35.733999999999995,45.734,1,3;4,2,45.733999999999995,0.0,0.0,4ca34003dfbf407220e7f35dab0cee13c08c5263b2a9af61caeb9c804032749d,final_online_training_manifest.csv::soh_rated_pct
B0036_D0058,B0036,1342,ONLINE_FIXED_START_CAUSAL_10S_V1,PASS,B0036.mat,40511cccf0262d61b8345fdfe6c4e0a67ccc42e7f5e869ec32c7f33619e7dc15,142,57,45.844,35.844,45.844,1,3;4,2,45.844,0.0,0.0,e2ebcee2c4683e908cfc1d46374ee9e23e862667dddc03a780a97dd7088ad8c4,final_online_training_manifest.csv::soh_rated_pct
B0036_D0059,B0036,1343,ONLINE_FIXED_START_CAUSAL_10S_V1,PASS,B0036.mat,40511cccf0262d61b8345fdfe6c4e0a67ccc42e7f5e869ec32c7f33619e7dc15,144,58,45.86,35.86,45.86,1,3;4,2,45.86,0.0,0.0,fc02d0a5b6f816b1b652a830e94a2b2d1e1366ff2d04d62dff6d218fca27a09e,final_online_training_manifest.csv::soh_rated_pct
B0036_D0060,B0036,1344,ONLINE_FIXED_START_CAUSAL_10S_V1,PASS,B0036.mat,40511cccf0262d61b8345fdfe6c4e0a67ccc42e7f5e869ec32c7f33619e7dc15,146,59,45.859,35.858999999999995,45.859,1,3;4,2,45.858999999999995,0.0,0.0,e7b9930060cc08b95a825e060bc2a61ace7819d9110a6b79df750ce31ff78dbe,final_online_training_manifest.csv::soh_rated_pct
B0036_D0061,B0036,1345,ONLINE_FIXED_START_CAUSAL_10S_V1,PASS,B0036.mat,40511cccf0262d61b8345fdfe6c4e0a67ccc42e7f5e869ec32c7f33619e7dc15,148,60,46.062,36.062,46.062,1,3;4,2,46.062,0.0,0.0,de610255c50c18b5a0a289e6a961ee48866d21d100700812079589d7cf3126b7,final_online_training_manifest.csv::soh_rated_pct
B0036_D0062,B0036,1346,ONLINE_FIXED_START_CAUSAL_10S_V1,PASS,B0036.mat,40511cccf0262d61b8345fdfe6c4e0a67ccc42e7f5e869ec32c7f33619e7dc15,152,61,46.156,36.156,46.156,1,3;4,2,46.156,0.0,0.0,517d6ac99531ddd1809746fae7636665233af1cf7f349c7aedb40c93132d9604,final_online_training_manifest.csv::soh_rated_pct
B0036_D0063,B0036,1347,ONLINE_FIXED_START_CAUSAL_10S_V1,PASS,B0036.mat,40511cccf0262d61b8345fdfe6c4e0a67ccc42e7f5e869ec32c7f33619e7dc15,154,62,46.344,36.344,46.344,1,3;4,2,46.343999999999994,0.0,0.0,c04daa1272f795c51a042d2795d8d8215b2136a36e5a15bfa51b5098e905b52f,final_online_training_manifest.csv::soh_rated_pct
B0036_D0064,B0036,1348,ONLINE_FIXED_START_CAUSAL_10S_V1,PASS,B0036.mat,40511cccf0262d61b8345fdfe6c4e0a67ccc42e7f5e869ec32c7f33619e7dc15,156,63,46.313,36.313,46.313,1,3;4,2,46.312999999999995,0.0,0.0,2ee715b8ae1e423632571fb5d6d033a33b8ef23e66a40b3f3f32dfeb161629ab,final_online_training_manifest.csv::soh_rated_pct
B0036_D0065,B0036,1349,ONLINE_FIXED_START_CAUSAL_10S_V1,PASS,B0036.mat,40511cccf0262d61b8345fdfe6c4e0a67ccc42e7f5e869ec32c7f33619e7dc15,158,64,46.438,36.438,46.438,1,3;4,2,46.438,0.0,0.0,9b221d91229b3020c2176b7360ed2f188903ad44b66ca8c929c8604e60258baa,final_online_training_manifest.csv::soh_rated_pct
B0036_D0066,B0036,1350,ONLINE_FIXED_START_CAUSAL_10S_V1,PASS,B0036.mat,40511cccf0262d61b8345fdfe6c4e0a67ccc42e7f5e869ec32c7f33619e7dc15,160,65,46.641,36.641,46.641,1,3;4,2,46.641,0.0,0.0,fc8eac0086c6ed75fff2eed7cde3007c49c7fa4ecbd4201899a25b6d6c6df2c2,final_online_training_manifest.csv::soh_rated_pct
B0036_D0067,B0036,1351,ONLINE_FIXED_START_CAUSAL_10S_V1,PASS,B0036.mat,40511cccf0262d61b8345fdfe6c4e0a67ccc42e7f5e869ec32c7f33619e7dc15,164,66,46.609,36.609,46.609,1,3;4,2,46.609,0.0,0.0,9675a516f0b88b97e7e517acb90da770c2924912cee6f2d1b233b6025f544256,final_online_training_manifest.csv::soh_rated_pct
B0036_D0068,B0036,1352,ONLINE_FIXED_START_CAUSAL_10S_V1,PASS,B0036.mat,40511cccf0262d61b8345fdfe6c4e0a67ccc42e7f5e869ec32c7f33619e7dc15,168,67,46.859,36.859,46.859,1,3;4,2,46.859,0.0,0.0,215f79eae62d8ce75645b006d50a1898d728e6e631a039154cceeb832da7b082,final_online_training_manifest.csv::soh_rated_pct
B0036_D0069,B0036,1353,ONLINE_FIXED_START_CAUSAL_10S_V1,PASS,B0036.mat,40511cccf0262d61b8345fdfe6c4e0a67ccc42e7f5e869ec32c7f33619e7dc15,170,68,46.984,36.984,46.984,1,3;4,2,46.984,0.0,0.0,8632a55d6c2e03b8d9a57a9559ac6652b002ea7ba9efd7bc97e7f1ff7ffa4125,final_online_training_manifest.csv::soh_rated_pct
B0036_D0070,B0036,1354,ONLINE_FIXED_START_CAUSAL_10S_V1,PASS,B0036.mat,40511cccf0262d61b8345fdfe6c4e0a67ccc42e7f5e869ec32c7f33619e7dc15,172,69,47.14,37.14,47.14,1,3;4,2,47.14,0.0,0.0,d0dda9956f06d74286993b1b8c13af4579ba44d22ce2b88022d4da9fc99b3733,final_online_training_manifest.csv::soh_rated_pct
B0036_D0071,B0036,1355,ONLINE_FIXED_START_CAUSAL_10S_V1,PASS,B0036.mat,40511cccf0262d61b8345fdfe6c4e0a67ccc42e7f5e869ec32c7f33619e7dc15,174,70,47.0,37.0,47.0,1,3;4,2,47.0,0.0,0.0,f2686646a77ea9d4277fd67483671bf9980ec113e527016b737a8a24d9eb0c3a,final_online_training_manifest.csv::soh_rated_pct
B0036_D0072,B0036,1356,ONLINE_FIXED_START_CAUSAL_10S_V1,PASS,B0036.mat,40511cccf0262d61b8345fdfe6c4e0a67ccc42e7f5e869ec32c7f33619e7dc15,176,71,47.187,37.187,47.187,1,3;4,2,47.187,0.0,0.0,f30f5bb7afd704a333de77fce0ba9a50b4b5d90b16e3f58edfc47cee3562a790,final_online_training_manifest.csv::soh_rated_pct
B0036_D0073,B0036,1357,ONLINE_FIXED_START_CAUSAL_10S_V1,PASS,B0036.mat,40511cccf0262d61b8345fdfe6c4e0a67ccc42e7f5e869ec32c7f33619e7dc15,180,72,47.219,37.219,47.219,1,3;4,2,47.218999999999994,0.0,0.0,8315ab606c4983fd12f5cbcfcd2c6d85b0214f3ed77a6bacd861928825b55f58,final_online_training_manifest.csv::soh_rated_pct
B0036_D0074,B0036,1358,ONLINE_FIXED_START_CAUSAL_10S_V1,PASS,B0036.mat,40511cccf0262d61b8345fdfe6c4e0a67ccc42e7f5e869ec32c7f33619e7dc15,182,73,47.516,37.516,47.516,1,3;4,2,47.516,0.0,0.0,948843cffea0774b4c1e6fd5acaf5a52ba2fe1d9a9423dc863f9c5688ec70933,final_online_training_manifest.csv::soh_rated_pct
B0036_D0075,B0036,1359,ONLINE_FIXED_START_CAUSAL_10S_V1,PASS,B0036.mat,40511cccf0262d61b8345fdfe6c4e0a67ccc42e7f5e869ec32c7f33619e7dc15,184,74,47.406,37.406,47.406,1,3;4,2,47.406,0.0,0.0,10bd64d63bf8be0b4379dd940f7655acf36d56300dc721597b493d6f4dc16b94,final_online_training_manifest.csv::soh_rated_pct
B0036_D0076,B0036,1360,ONLINE_FIXED_START_CAUSAL_10S_V1,PASS,B0036.mat,40511cccf0262d61b8345fdfe6c4e0a67ccc42e7f5e869ec32c7f33619e7dc15,186,75,47.578,37.578,47.578,1,3;4,2,47.578,0.0,0.0,2a35d0a06480fe7d75e824260dfd1239882892899b3ff451d64ddacdbcd8e191,final_online_training_manifest.csv::soh_rated_pct
B0036_D0077,B0036,1361,ONLINE_FIXED_START_CAUSAL_10S_V1,PASS,B0036.mat,40511cccf0262d61b8345fdfe6c4e0a67ccc42e7f5e869ec32c7f33619e7dc15,188,76,47.609,37.609,47.609,1,3;4,2,47.609,0.0,0.0,53a5c5d0b0eaa4d5cf6ece6d3d0d2fd06c065e2702da75603513da0170067e80,final_online_training_manifest.csv::soh_rated_pct
B0036_D0078,B0036,1362,ONLINE_FIXED_START_CAUSAL_10S_V1,PASS,B0036.mat,40511cccf0262d61b8345fdfe6c4e0a67ccc42e7f5e869ec32c7f33619e7dc15,192,77,47.828,37.828,47.828,1,3;4,2,47.828,0.0,0.0,0e80ab06e9152a5c1b0a429a95040cb3e648b406cc697738ffbfd83212f129c9,final_online_training_manifest.csv::soh_rated_pct
B0036_D0079,B0036,1363,ONLINE_FIXED_START_CAUSAL_10S_V1,PASS,B0036.mat,40511cccf0262d61b8345fdfe6c4e0a67ccc42e7f5e869ec32c7f33619e7dc15,194,78,47.859,37.859,47.859,1,3;4,2,47.859,0.0,0.0,486f4acee1bca826f126857b26fb4882c160398f1d8c0aedab127e74dfe4bf80,final_online_training_manifest.csv::soh_rated_pct
B0036_D0080,B0036,1364,ONLINE_FIXED_START_CAUSAL_10S_V1,PASS,B0036.mat,40511cccf0262d61b8345fdfe6c4e0a67ccc42e7f5e869ec32c7f33619e7dc15,196,79,48.047,38.047,48.047,1,3;4,2,48.047,0.0,0.0,dca82973f3715bee558bd996ef82fa77484a771298e46982659a6bdc0b0efd9c,final_online_training_manifest.csv::soh_rated_pct
B0036_D0081,B0036,1365,ONLINE_FIXED_START_CAUSAL_10S_V1,PASS,B0036.mat,40511cccf0262d61b8345fdfe6c4e0a67ccc42e7f5e869ec32c7f33619e7dc15,198,80,48.047,38.047,48.047,1,3;4,2,48.047,0.0,0.0,70ad2ba8b2ca3afd084c322cc613e83cc73bd947173c503ab626769eab5865d6,final_online_training_manifest.csv::soh_rated_pct
B0036_D0082,B0036,1366,ONLINE_FIXED_START_CAUSAL_10S_V1,PASS,B0036.mat,40511cccf0262d61b8345fdfe6c4e0a67ccc42e7f5e869ec32c7f33619e7dc15,200,81,48.109,38.109,48.109,1,3;4,2,48.109,0.0,0.0,6106ac390083490624a085f4da1c3bd683bfee503fb6fd8743717405d34b6350,final_online_training_manifest.csv::soh_rated_pct
B0036_D0083,B0036,1367,ONLINE_FIXED_START_CAUSAL_10S_V1,PASS,B0036.mat,40511cccf0262d61b8345fdfe6c4e0a67ccc42e7f5e869ec32c7f33619e7dc15,204,82,48.266,38.266,48.266,1,3;4,2,48.266,0.0,0.0,a430a005ebaa44c3651052b598621b5a005a626d11d181e493c9d8409f9885f2,final_online_training_manifest.csv::soh_rated_pct
B0036_D0084,B0036,1368,ONLINE_FIXED_START_CAUSAL_10S_V1,PASS,B0036.mat,40511cccf0262d61b8345fdfe6c4e0a67ccc42e7f5e869ec32c7f33619e7dc15,206,83,48.203,38.203,48.203,1,3;4,2,48.203,0.0,0.0,d1b1f35ef788e38d0b1dac182e7aa1e0dcefb0fe472b4ea4d11f0c55861750bb,final_online_training_manifest.csv::soh_rated_pct
B0036_D0085,B0036,1369,ONLINE_FIXED_START_CAUSAL_10S_V1,PASS,B0036.mat,40511cccf0262d61b8345fdfe6c4e0a67ccc42e7f5e869ec32c7f33619e7dc15,208,84,48.469,38.469,48.469,1,3;4,2,48.469,0.0,0.0,2bc4974e754fae2e5913d1a742f9d148d5dc87fe9e31559b7c7dd223abf1d1b6,final_online_training_manifest.csv::soh_rated_pct
B0036_D0086,B0036,1370,ONLINE_FIXED_START_CAUSAL_10S_V1,PASS,B0036.mat,40511cccf0262d61b8345fdfe6c4e0a67ccc42e7f5e869ec32c7f33619e7dc15,210,85,48.672,38.672,48.672,1,3;4,2,48.672,0.0,0.0,bc1422642cf36ec57339ceb23d76269412d44da8f2fbf787359ea9b0c71187c3,final_online_training_manifest.csv::soh_rated_pct
B0036_D0087,B0036,1371,ONLINE_FIXED_START_CAUSAL_10S_V1,PASS,B0036.mat,40511cccf0262d61b8345fdfe6c4e0a67ccc42e7f5e869ec32c7f33619e7dc15,212,86,48.578,38.578,48.578,1,3;4,2,48.578,0.0,0.0,8aab7b5793184ff25e764f73c548caaad4a76e4564d604947a4bf16d48651bc6,final_online_training_manifest.csv::soh_rated_pct
B0036_D0088,B0036,1372,ONLINE_FIXED_START_CAUSAL_10S_V1,PASS,B0036.mat,40511cccf0262d61b8345fdfe6c4e0a67ccc42e7f5e869ec32c7f33619e7dc15,216,87,48.578,38.578,48.578,1,3;4,2,48.578,0.0,0.0,db7c9ed59e4014f740e84e490673957cbaadf6cbbd69dbb5be21e88f6fcb757c,final_online_training_manifest.csv::soh_rated_pct
B0036_D0089,B0036,1373,ONLINE_FIXED_START_CAUSAL_10S_V1,PASS,B0036.mat,40511cccf0262d61b8345fdfe6c4e0a67ccc42e7f5e869ec32c7f33619e7dc15,218,88,48.813,38.813,48.813,1,3;4,2,48.813,0.0,0.0,cf1b13bf94bf50dc07b0a1aa5a5bf5932600b93322901e492372855a9896991a,final_online_training_manifest.csv::soh_rated_pct
B0036_D0090,B0036,1374,ONLINE_FIXED_START_CAUSAL_10S_V1,PASS,B0036.mat,40511cccf0262d61b8345fdfe6c4e0a67ccc42e7f5e869ec32c7f33619e7dc15,220,89,48.859,38.859,48.859,1,3;4,2,48.859,0.0,0.0,aacb01e03ddf8390c03fbd8b39b1289b8e11bf1c7eb4dd6999a303a7090f7bd3,final_online_training_manifest.csv::soh_rated_pct
B0036_D0091,B0036,1375,ONLINE_FIXED_START_CAUSAL_10S_V1,PASS,B0036.mat,40511cccf0262d61b8345fdfe6c4e0a67ccc42e7f5e869ec32c7f33619e7dc15,222,90,49.125,39.125,49.125,1,3;4,2,49.125,0.0,0.0,3ee23e633fa005568d76b63ae4921f4488a6c01f6c468d1ef29ee3e64c77a7d2,final_online_training_manifest.csv::soh_rated_pct
B0036_D0092,B0036,1376,ONLINE_FIXED_START_CAUSAL_10S_V1,PASS,B0036.mat,40511cccf0262d61b8345fdfe6c4e0a67ccc42e7f5e869ec32c7f33619e7dc15,224,91,49.016000000000005,39.016000000000005,49.016000000000005,1,3;4,2,49.016000000000005,0.0,0.0,5375bfb1eb4758ef2e6446bccfa8771970cdf030111f4e86dbf208444ec4a49f,final_online_training_manifest.csv::soh_rated_pct
B0036_D0093,B0036,1377,ONLINE_FIXED_START_CAUSAL_10S_V1,PASS,B0036.mat,40511cccf0262d61b8345fdfe6c4e0a67ccc42e7f5e869ec32c7f33619e7dc15,228,92,49.078,39.078,49.078,1,3;4,2,49.078,0.0,0.0,826cc52381ef1cf3c55bc294ee972a3b4e23a836fdf86dfc61040d5715c91962,final_online_training_manifest.csv::soh_rated_pct
B0036_D0094,B0036,1378,ONLINE_FIXED_START_CAUSAL_10S_V1,PASS,B0036.mat,40511cccf0262d61b8345fdfe6c4e0a67ccc42e7f5e869ec32c7f33619e7dc15,230,93,49.25,39.25,49.25,1,3;4,2,49.25,0.0,0.0,0b4491c376c631f1444f61913ded84e9c9f61c1f886027d4c5ccc453a758028a,final_online_training_manifest.csv::soh_rated_pct
B0036_D0095,B0036,1379,ONLINE_FIXED_START_CAUSAL_10S_V1,PASS,B0036.mat,40511cccf0262d61b8345fdfe6c4e0a67ccc42e7f5e869ec32c7f33619e7dc15,232,94,49.281,39.281,49.281,1,3;4,2,49.281,0.0,0.0,2424a5633c49402229101cb933284e7c81654fb7cb54c8f4162766181dbe3592,final_online_training_manifest.csv::soh_rated_pct
B0036_D0096,B0036,1380,ONLINE_FIXED_START_CAUSAL_10S_V1,PASS,B0036.mat,40511cccf0262d61b8345fdfe6c4e0a67ccc42e7f5e869ec32c7f33619e7dc15,234,95,49.391,39.391,49.391,1,3;4,2,49.391,0.0,0.0,dbe24930bd1505119912bdd29c028760bc29bec16d89df95c33d69b231b89c1e,final_online_training_manifest.csv::soh_rated_pct
B0036_D0097,B0036,1381,ONLINE_FIXED_START_CAUSAL_10S_V1,PASS,B0036.mat,40511cccf0262d61b8345fdfe6c4e0a67ccc42e7f5e869ec32c7f33619e7dc15,236,96,49.5,39.5,49.5,1,3;4,2,49.5,0.0,0.0,af1d4ae8cabe1ece666813fbdf4d4c9bfbb7afdc12551d985d03290ee13f0443,final_online_training_manifest.csv::soh_rated_pct
B0036_D0098,B0036,1382,ONLINE_FIXED_START_CAUSAL_10S_V1,PASS,B0036.mat,40511cccf0262d61b8345fdfe6c4e0a67ccc42e7f5e869ec32c7f33619e7dc15,240,97,49.594,39.594,49.594,1,3;4,2,49.594,0.0,0.0,9b7f50bd60a24906e2d0bcb2a75b5176a1c29b1c99b2d636d9d193887e14d8ea,final_online_training_manifest.csv::soh_rated_pct
B0036_D0099,B0036,1383,ONLINE_FIXED_START_CAUSAL_10S_V1,PASS,B0036.mat,40511cccf0262d61b8345fdfe6c4e0a67ccc42e7f5e869ec32c7f33619e7dc15,242,98,49.859,39.859,49.859,1,3;4,2,49.859,0.0,0.0,3ff8e0510b4ec0c41fc73f883fb1df2fb8311ef92a005950f3a97272caa94b2a,final_online_training_manifest.csv::soh_rated_pct
B0036_D0100,B0036,1384,ONLINE_FIXED_START_CAUSAL_10S_V1,PASS,B0036.mat,40511cccf0262d61b8345fdfe6c4e0a67ccc42e7f5e869ec32c7f33619e7dc15,244,99,49.75,39.75,49.75,1,3;4,2,49.75,0.0,0.0,c249c2509969dc708819ddbce41e16ffeabd124765651751a2fac48c1e03afea,final_online_training_manifest.csv::soh_rated_pct
B0036_D0101,B0036,1385,ONLINE_FIXED_START_CAUSAL_10S_V1,PASS,B0036.mat,40511cccf0262d61b8345fdfe6c4e0a67ccc42e7f5e869ec32c7f33619e7dc15,246,100,49.843,39.843,49.843,1,3;4,2,49.842999999999996,0.0,0.0,16eaf94a349c740dc9b3b1ef26d57f42abcff322c730f4f320b42b8b095b402b,final_online_training_manifest.csv::soh_rated_pct
B0036_D0102,B0036,1386,ONLINE_FIXED_START_CAUSAL_10S_V1,PASS,B0036.mat,40511cccf0262d61b8345fdfe6c4e0a67ccc42e7f5e869ec32c7f33619e7dc15,248,101,49.89,39.89,49.89,1,3;4,2,49.89,0.0,0.0,1f73353ebd36500f9d0c382fa91f1f7f1b8f3c0fbd10d6bb045a5b300b1df2b4,final_online_training_manifest.csv::soh_rated_pct
B0036_D0103,B0036,1387,ONLINE_FIXED_START_CAUSAL_10S_V1,PASS,B0036.mat,40511cccf0262d61b8345fdfe6c4e0a67ccc42e7f5e869ec32c7f33619e7dc15,252,102,50.281,40.281,50.281,1,3;4,2,50.281,0.0,0.0,51dbf7d7c5275f8cd3231e558bc06a3007674b9cb71fc572d2e86f6957e72431,final_online_training_manifest.csv::soh_rated_pct
B0036_D0104,B0036,1388,ONLINE_FIXED_START_CAUSAL_10S_V1,PASS,B0036.mat,40511cccf0262d61b8345fdfe6c4e0a67ccc42e7f5e869ec32c7f33619e7dc15,254,103,50.203,40.203,50.203,1,3;4,2,50.203,0.0,0.0,97f0b3a398013b32a4ff98ef85439e31942f7f0d142ba4d6771e6fd860cc0061,final_online_training_manifest.csv::soh_rated_pct
B0036_D0105,B0036,1389,ONLINE_FIXED_START_CAUSAL_10S_V1,PASS,B0036.mat,40511cccf0262d61b8345fdfe6c4e0a67ccc42e7f5e869ec32c7f33619e7dc15,256,104,50.203,40.203,50.203,1,3;4,2,50.203,0.0,0.0,1e356a46685ad9aaaf3cf7f35614afe35fc1fdc5d835a125c448e7a0d7a2f505,final_online_training_manifest.csv::soh_rated_pct
B0036_D0106,B0036,1390,ONLINE_FIXED_START_CAUSAL_10S_V1,PASS,B0036.mat,40511cccf0262d61b8345fdfe6c4e0a67ccc42e7f5e869ec32c7f33619e7dc15,258,105,50.297,40.297,50.297,1,3;4,2,50.297,0.0,0.0,178d8d1289c6c93cf18dc464f090665a8f49514581d03884ec6d818538b21df2,final_online_training_manifest.csv::soh_rated_pct
B0036_D0107,B0036,1391,ONLINE_FIXED_START_CAUSAL_10S_V1,PASS,B0036.mat,40511cccf0262d61b8345fdfe6c4e0a67ccc42e7f5e869ec32c7f33619e7dc15,260,106,50.391,40.391,50.391,1,3;4,2,50.391,0.0,0.0,233cf5a1d914f6c9574f121ecbba2e1a8cc6105c5b15897b067e0a69b94728b9,final_online_training_manifest.csv::soh_rated_pct
B0036_D0108,B0036,1392,ONLINE_FIXED_START_CAUSAL_10S_V1,PASS,B0036.mat,40511cccf0262d61b8345fdfe6c4e0a67ccc42e7f5e869ec32c7f33619e7dc15,264,107,50.485,40.485,50.485,1,3;4,2,50.485,0.0,0.0,bbd124cc8a092137b6d68d81be84d9e2e3069c38810f0d863444e2018e38339c,final_online_training_manifest.csv::soh_rated_pct
B0036_D0109,B0036,1393,ONLINE_FIXED_START_CAUSAL_10S_V1,PASS,B0036.mat,40511cccf0262d61b8345fdfe6c4e0a67ccc42e7f5e869ec32c7f33619e7dc15,266,108,50.579,40.579,50.579,1,3;4,2,50.579,0.0,0.0,475d0555cecf29fb83f0d5ba5310a4aab1d732b276a4a9fc31b263641a822bfb,final_online_training_manifest.csv::soh_rated_pct
B0036_D0110,B0036,1394,ONLINE_FIXED_START_CAUSAL_10S_V1,PASS,B0036.mat,40511cccf0262d61b8345fdfe6c4e0a67ccc42e7f5e869ec32c7f33619e7dc15,268,109,50.609,40.609,50.609,1,3;4,2,50.609,0.0,0.0,c4dba8299e2b0341fc53b6e88966c86d052dae5187dfffbdb6427d61ed23202a,final_online_training_manifest.csv::soh_rated_pct
B0036_D0111,B0036,1395,ONLINE_FIXED_START_CAUSAL_10S_V1,PASS,B0036.mat,40511cccf0262d61b8345fdfe6c4e0a67ccc42e7f5e869ec32c7f33619e7dc15,270,110,50.688,40.688,50.688,1,3;4,2,50.688,0.0,0.0,5ff3d9b73c71cb4356aedbd4264412037bf6bc5be83793b23a3d3bd21cbea337,final_online_training_manifest.csv::soh_rated_pct
B0036_D0112,B0036,1396,ONLINE_FIXED_START_CAUSAL_10S_V1,PASS,B0036.mat,40511cccf0262d61b8345fdfe6c4e0a67ccc42e7f5e869ec32c7f33619e7dc15,272,111,50.875,40.875,50.875,1,3;4,2,50.875,0.0,0.0,0f01419f0ef8645bc33c0dfaa4748cf6474a6f59046d7316838e0ad795ca8db7,final_online_training_manifest.csv::soh_rated_pct
B0036_D0113,B0036,1397,ONLINE_FIXED_START_CAUSAL_10S_V1,PASS,B0036.mat,40511cccf0262d61b8345fdfe6c4e0a67ccc42e7f5e869ec32c7f33619e7dc15,276,112,51.078,41.078,51.078,1,3;4,2,51.077999999999996,0.0,0.0,e2123b2e739bd8e4393d445e4cb567f136d41ceabf56814aa9526b13a6250c73,final_online_training_manifest.csv::soh_rated_pct
B0036_D0115,B0036,1398,ONLINE_FIXED_START_CAUSAL_10S_V1,PASS,B0036.mat,40511cccf0262d61b8345fdfe6c4e0a67ccc42e7f5e869ec32c7f33619e7dc15,282,114,51.016000000000005,41.016000000000005,51.016000000000005,1,3;4,2,51.016000000000005,0.0,0.0,eee33fc838415a7fe4e65b428855ead5b5acffd7c78a90a2aa2c5dda91eb5bc1,final_online_training_manifest.csv::soh_rated_pct
B0036_D0116,B0036,1399,ONLINE_FIXED_START_CAUSAL_10S_V1,PASS,B0036.mat,40511cccf0262d61b8345fdfe6c4e0a67ccc42e7f5e869ec32c7f33619e7dc15,284,115,51.188,41.188,51.188,1,3;4,2,51.188,0.0,0.0,89490d685d09c6f712b5149bc9d3dbc044927ddb85ed25ed2a2648202045c9d8,final_online_training_manifest.csv::soh_rated_pct
B0036_D0117,B0036,1400,ONLINE_FIXED_START_CAUSAL_10S_V1,PASS,B0036.mat,40511cccf0262d61b8345fdfe6c4e0a67ccc42e7f5e869ec32c7f33619e7dc15,286,116,51.282,41.282,51.282,1,3;4,2,51.282,0.0,0.0,2932f7e29e6665258f9ffe0a0b3a00fd8989b9ccb980892c1918a4d005782839,final_online_training_manifest.csv::soh_rated_pct
B0036_D0118,B0036,1401,ONLINE_FIXED_START_CAUSAL_10S_V1,PASS,B0036.mat,40511cccf0262d61b8345fdfe6c4e0a67ccc42e7f5e869ec32c7f33619e7dc15,288,117,51.187,41.187,51.187,1,3;4,2,51.187,0.0,0.0,d291ad61c4b8e54e056ad9c535d01a16006330db355de3e39ad6422e1c2b0176,final_online_training_manifest.csv::soh_rated_pct
B0036_D0119,B0036,1402,ONLINE_FIXED_START_CAUSAL_10S_V1,PASS,B0036.mat,40511cccf0262d61b8345fdfe6c4e0a67ccc42e7f5e869ec32c7f33619e7dc15,290,118,51.328,41.328,51.328,1,3;4,2,51.327999999999996,0.0,0.0,95f4665a3b339fbafc1dff8a9d8206d7839951ae835bf22d92e79d7fa02860e9,final_online_training_manifest.csv::soh_rated_pct
B0036_D0120,B0036,1403,ONLINE_FIXED_START_CAUSAL_10S_V1,PASS,B0036.mat,40511cccf0262d61b8345fdfe6c4e0a67ccc42e7f5e869ec32c7f33619e7dc15,294,119,51.547,41.547,51.547,1,3;4,2,51.547,0.0,0.0,6f13e2fe4cc01d0701e06e5c8437c1e9e222b52fc937209ed77720b09c92b76d,final_online_training_manifest.csv::soh_rated_pct
B0036_D0121,B0036,1404,ONLINE_FIXED_START_CAUSAL_10S_V1,PASS,B0036.mat,40511cccf0262d61b8345fdfe6c4e0a67ccc42e7f5e869ec32c7f33619e7dc15,296,120,51.531,41.531,51.531,1,3;4,2,51.531,0.0,0.0,7014bc57c1d0f29f0cc875482f4b4c0bbb712d023b716c0dd997de7c008468bb,final_online_training_manifest.csv::soh_rated_pct
B0036_D0122,B0036,1405,ONLINE_FIXED_START_CAUSAL_10S_V1,PASS,B0036.mat,40511cccf0262d61b8345fdfe6c4e0a67ccc42e7f5e869ec32c7f33619e7dc15,298,121,51.578,41.578,51.578,1,3;4,2,51.577999999999996,0.0,0.0,81f52f1c8a98c098295f6d149ddabed7a4a75a880156fe04a19f21c94c96fb26,final_online_training_manifest.csv::soh_rated_pct
B0036_D0123,B0036,1406,ONLINE_FIXED_START_CAUSAL_10S_V1,PASS,B0036.mat,40511cccf0262d61b8345fdfe6c4e0a67ccc42e7f5e869ec32c7f33619e7dc15,300,122,51.859,41.859,51.859,1,3;4,2,51.858999999999995,0.0,0.0,eaeff6fc3affdf28d3100e610835e562a891cc27cc482e8993ac0daa0882251b,final_online_training_manifest.csv::soh_rated_pct
B0036_D0124,B0036,1407,ONLINE_FIXED_START_CAUSAL_10S_V1,PASS,B0036.mat,40511cccf0262d61b8345fdfe6c4e0a67ccc42e7f5e869ec32c7f33619e7dc15,302,123,51.766000000000005,41.766000000000005,51.766000000000005,1,3;4,2,51.766000000000005,0.0,0.0,537c324cce815a8ed95dc9816fd140d7b77450e6dc03582b643fd49c2bfbe63f,final_online_training_manifest.csv::soh_rated_pct
B0036_D0125,B0036,1408,ONLINE_FIXED_START_CAUSAL_10S_V1,PASS,B0036.mat,40511cccf0262d61b8345fdfe6c4e0a67ccc42e7f5e869ec32c7f33619e7dc15,306,124,51.984,41.984,51.984,1,3;4,2,51.984,0.0,0.0,977ca15de2212090ef6072c4d9166ac17115c37b59988de126e1ce08ca50d94e,final_online_training_manifest.csv::soh_rated_pct
B0036_D0126,B0036,1409,ONLINE_FIXED_START_CAUSAL_10S_V1,PASS,B0036.mat,40511cccf0262d61b8345fdfe6c4e0a67ccc42e7f5e869ec32c7f33619e7dc15,308,125,51.859,41.859,51.859,1,3;4,2,51.858999999999995,0.0,0.0,750210596acd3ea78636c7368cb59e49768567955bc20d1176fc4a8f1cf01acf,final_online_training_manifest.csv::soh_rated_pct
B0036_D0127,B0036,1410,ONLINE_FIXED_START_CAUSAL_10S_V1,PASS,B0036.mat,40511cccf0262d61b8345fdfe6c4e0a67ccc42e7f5e869ec32c7f33619e7dc15,310,126,51.968,41.968,51.968,1,3;4,2,51.968,0.0,0.0,9fdb2aeb846e544e99428a67f6f1d436e20574b4a7ed59167c9137751c7c267f,final_online_training_manifest.csv::soh_rated_pct
B0036_D0128,B0036,1411,ONLINE_FIXED_START_CAUSAL_10S_V1,PASS,B0036.mat,40511cccf0262d61b8345fdfe6c4e0a67ccc42e7f5e869ec32c7f33619e7dc15,312,127,51.953,41.953,51.953,1,3;4,2,51.953,0.0,0.0,35c160cea6b77d8339572afa603fc23c340e8cc58a002fe0d3007e0c752779da,final_online_training_manifest.csv::soh_rated_pct
B0036_D0129,B0036,1412,ONLINE_FIXED_START_CAUSAL_10S_V1,PASS,B0036.mat,40511cccf0262d61b8345fdfe6c4e0a67ccc42e7f5e869ec32c7f33619e7dc15,314,128,52.063,42.063,52.063,1,3;4,2,52.063,0.0,0.0,2065f2d9063356ae1a5891c1dadc13a5294d25b5499236c8ae573d3c2f6ff001,final_online_training_manifest.csv::soh_rated_pct
B0036_D0130,B0036,1413,ONLINE_FIXED_START_CAUSAL_10S_V1,PASS,B0036.mat,40511cccf0262d61b8345fdfe6c4e0a67ccc42e7f5e869ec32c7f33619e7dc15,318,129,52.234,42.234,52.234,1,3;4,2,52.234,0.0,0.0,9a3d7680e1e8d85a43a13efb9022791ac81104270e095c1e56fcf903fc2a7dc2,final_online_training_manifest.csv::soh_rated_pct
B0036_D0131,B0036,1414,ONLINE_FIXED_START_CAUSAL_10S_V1,PASS,B0036.mat,40511cccf0262d61b8345fdfe6c4e0a67ccc42e7f5e869ec32c7f33619e7dc15,320,130,52.484,42.484,52.484,1,3;4,2,52.484,0.0,0.0,6eaef60c13740bfbe12f05caf9badccc575594c50d18b80bf6a031831d6e14a8,final_online_training_manifest.csv::soh_rated_pct
B0036_D0132,B0036,1415,ONLINE_FIXED_START_CAUSAL_10S_V1,PASS,B0036.mat,40511cccf0262d61b8345fdfe6c4e0a67ccc42e7f5e869ec32c7f33619e7dc15,322,131,52.454,42.454,52.454,1,3;4,2,52.454,0.0,0.0,8e0c16bf2e23f995fec3afcda8ad70e83add97fcad7a3c43d09623d8ae9a3bc1,final_online_training_manifest.csv::soh_rated_pct
B0036_D0133,B0036,1416,ONLINE_FIXED_START_CAUSAL_10S_V1,PASS,B0036.mat,40511cccf0262d61b8345fdfe6c4e0a67ccc42e7f5e869ec32c7f33619e7dc15,324,132,52.375,42.375,52.375,1,3;4,2,52.375,0.0,0.0,0d5007b861d57a10a246ca034ddf16b65d4e02224911ba574fcf8852b9da2cec,final_online_training_manifest.csv::soh_rated_pct
B0036_D0134,B0036,1417,ONLINE_FIXED_START_CAUSAL_10S_V1,PASS,B0036.mat,40511cccf0262d61b8345fdfe6c4e0a67ccc42e7f5e869ec32c7f33619e7dc15,326,133,52.531,42.531,52.531,1,3;4,2,52.531,0.0,0.0,e735cf3bcd94c41969fe2c3eff2bb7b8c9b7b01b7eeede9598a2877f38c015d2,final_online_training_manifest.csv::soh_rated_pct
B0036_D0135,B0036,1418,ONLINE_FIXED_START_CAUSAL_10S_V1,PASS,B0036.mat,40511cccf0262d61b8345fdfe6c4e0a67ccc42e7f5e869ec32c7f33619e7dc15,330,134,40.25,30.25,40.25,1,2;3,2,40.25,0.0,0.0,635ab61b755fb22c1fcc6ceb2992838201f45aafd6dde581ad1bc1d3892c2c65,final_online_training_manifest.csv::soh_rated_pct
B0036_D0136,B0036,1419,ONLINE_FIXED_START_CAUSAL_10S_V1,PASS,B0036.mat,40511cccf0262d61b8345fdfe6c4e0a67ccc42e7f5e869ec32c7f33619e7dc15,334,135,52.75,42.75,52.75,1,3;4,2,52.75,0.0,0.0,c68b4517b8662c3af71173bfd38ef0fdb499c57b6c9885f2014386f17f17357b,final_online_training_manifest.csv::soh_rated_pct
B0036_D0137,B0036,1420,ONLINE_FIXED_START_CAUSAL_10S_V1,PASS,B0036.mat,40511cccf0262d61b8345fdfe6c4e0a67ccc42e7f5e869ec32c7f33619e7dc15,336,136,52.875,42.875,52.875,1,3;4,2,52.875,0.0,0.0,22ecdef3a6af96a479031276667a897c0a941c0d3a09a9df32a53a2c4c27e74a,final_online_training_manifest.csv::soh_rated_pct
B0036_D0138,B0036,1421,ONLINE_FIXED_START_CAUSAL_10S_V1,PASS,B0036.mat,40511cccf0262d61b8345fdfe6c4e0a67ccc42e7f5e869ec32c7f33619e7dc15,338,137,52.875,42.875,52.875,1,3;4,2,52.875,0.0,0.0,1b98946af215789c8b70a9a82b0a023afa954445aec9588d217268fc719f59af,final_online_training_manifest.csv::soh_rated_pct
B0036_D0139,B0036,1422,ONLINE_FIXED_START_CAUSAL_10S_V1,PASS,B0036.mat,40511cccf0262d61b8345fdfe6c4e0a67ccc42e7f5e869ec32c7f33619e7dc15,340,138,52.891,42.891,52.891,1,3;4,2,52.891,0.0,0.0,4f31cb8afe622f7227bf0ab1e3114eb21149d9d8db69d2d6e456621668532d16,final_online_training_manifest.csv::soh_rated_pct
B0036_D0140,B0036,1423,ONLINE_FIXED_START_CAUSAL_10S_V1,PASS,B0036.mat,40511cccf0262d61b8345fdfe6c4e0a67ccc42e7f5e869ec32c7f33619e7dc15,342,139,53.0,43.0,53.0,1,3;4,2,53.0,0.0,0.0,000b04731c371750956797aeddae6fbf11fee3910d37eb8184c6d6078533325f,final_online_training_manifest.csv::soh_rated_pct
B0036_D0141,B0036,1424,ONLINE_FIXED_START_CAUSAL_10S_V1,PASS,B0036.mat,40511cccf0262d61b8345fdfe6c4e0a67ccc42e7f5e869ec32c7f33619e7dc15,346,140,53.062,43.062,53.062,1,3;4,2,53.062,0.0,0.0,ddb93d4725e3a30c2c8cec6d89611dab7b662216a777d5a9d83dfe38d19d365e,final_online_training_manifest.csv::soh_rated_pct
B0036_D0142,B0036,1425,ONLINE_FIXED_START_CAUSAL_10S_V1,PASS,B0036.mat,40511cccf0262d61b8345fdfe6c4e0a67ccc42e7f5e869ec32c7f33619e7dc15,348,141,53.141,43.141,53.141,1,3;4,2,53.141,0.0,0.0,50a3dfcded2d3d2b376cbd03f9203840876b96938d7ffdc5bb377ab9e49b14bf,final_online_training_manifest.csv::soh_rated_pct
B0036_D0143,B0036,1426,ONLINE_FIXED_START_CAUSAL_10S_V1,PASS,B0036.mat,40511cccf0262d61b8345fdfe6c4e0a67ccc42e7f5e869ec32c7f33619e7dc15,350,142,53.203,43.203,53.203,1,3;4,2,53.203,0.0,0.0,da64d82d9ebeb67cb2729669f8d705606a4b8481ebccdf41c7b3bd36af0e4d7b,final_online_training_manifest.csv::soh_rated_pct
B0036_D0144,B0036,1427,ONLINE_FIXED_START_CAUSAL_10S_V1,PASS,B0036.mat,40511cccf0262d61b8345fdfe6c4e0a67ccc42e7f5e869ec32c7f33619e7dc15,352,143,53.297,43.297,53.297,1,3;4,2,53.297,0.0,0.0,bb382299bc8cab65c3041da92747969ef759280491381e5d9f817cb4ee59dc91,final_online_training_manifest.csv::soh_rated_pct
B0036_D0145,B0036,1428,ONLINE_FIXED_START_CAUSAL_10S_V1,PASS,B0036.mat,40511cccf0262d61b8345fdfe6c4e0a67ccc42e7f5e869ec32c7f33619e7dc15,354,144,53.359,43.359,53.359,1,3;4,2,53.359,0.0,0.0,c2ea2f0dcb922a76d9a39e84f29a191820ad84f86cea61c8fdd5789e18e3c518,final_online_training_manifest.csv::soh_rated_pct
B0036_D0146,B0036,1429,ONLINE_FIXED_START_CAUSAL_10S_V1,PASS,B0036.mat,40511cccf0262d61b8345fdfe6c4e0a67ccc42e7f5e869ec32c7f33619e7dc15,358,145,53.531,43.531,53.531,1,3;4,2,53.531,0.0,0.0,1d485af6dacd84be9261700c850ee7ab9736dd3a60d0ad320f538b26b93a53a8,final_online_training_manifest.csv::soh_rated_pct
B0036_D0147,B0036,1430,ONLINE_FIXED_START_CAUSAL_10S_V1,PASS,B0036.mat,40511cccf0262d61b8345fdfe6c4e0a67ccc42e7f5e869ec32c7f33619e7dc15,360,146,53.375,43.375,53.375,1,3;4,2,53.375,0.0,0.0,d27d17e35d0f568aae28fe1b7e2e6a7b371ecdc96516f4cd1dd152b9a2bf4dd8,final_online_training_manifest.csv::soh_rated_pct
B0036_D0148,B0036,1431,ONLINE_FIXED_START_CAUSAL_10S_V1,PASS,B0036.mat,40511cccf0262d61b8345fdfe6c4e0a67ccc42e7f5e869ec32c7f33619e7dc15,362,147,53.625,43.625,53.625,1,3;4,2,53.625,0.0,0.0,5bbd0fb1a64f97683c4d46c0d78515b01008775d8a3b803ef85585d9f4fca025,final_online_training_manifest.csv::soh_rated_pct
B0036_D0149,B0036,1432,ONLINE_FIXED_START_CAUSAL_10S_V1,PASS,B0036.mat,40511cccf0262d61b8345fdfe6c4e0a67ccc42e7f5e869ec32c7f33619e7dc15,364,148,53.734,43.734,53.734,1,3;4,2,53.734,0.0,0.0,07e771aa9c8e6091a743ce5845746bdea3dff1027d1bf1859b28ce94a9a55ea1,final_online_training_manifest.csv::soh_rated_pct
B0036_D0150,B0036,1433,ONLINE_FIXED_START_CAUSAL_10S_V1,PASS,B0036.mat,40511cccf0262d61b8345fdfe6c4e0a67ccc42e7f5e869ec32c7f33619e7dc15,366,149,53.781000000000006,43.781000000000006,53.781000000000006,1,3;4,2,53.781000000000006,0.0,0.0,3a0cb681df8452e451a39ab79a379a83a1024ea386e7f77ce9e60850a001d9fc,final_online_training_manifest.csv::soh_rated_pct
B0036_D0151,B0036,1434,ONLINE_FIXED_START_CAUSAL_10S_V1,PASS,B0036.mat,40511cccf0262d61b8345fdfe6c4e0a67ccc42e7f5e869ec32c7f33619e7dc15,370,150,53.781,43.781,53.781,1,3;4,2,53.781,0.0,0.0,069aab83886d96484d15c7e714e04b0144860c2208dd4757b72107854ccd03d7,final_online_training_manifest.csv::soh_rated_pct
B0036_D0152,B0036,1435,ONLINE_FIXED_START_CAUSAL_10S_V1,PASS,B0036.mat,40511cccf0262d61b8345fdfe6c4e0a67ccc42e7f5e869ec32c7f33619e7dc15,372,151,53.89,43.89,53.89,1,3;4,2,53.89,0.0,0.0,82ad1525efe32d5fb432fe41a4458663e8b04088a80aed1a4124166c92dfe07e,final_online_training_manifest.csv::soh_rated_pct
B0036_D0153,B0036,1436,ONLINE_FIXED_START_CAUSAL_10S_V1,PASS,B0036.mat,40511cccf0262d61b8345fdfe6c4e0a67ccc42e7f5e869ec32c7f33619e7dc15,374,152,54.062,44.062,54.062,1,3;4,2,54.062,0.0,0.0,ba49dda1a3b4bf909f3c7ed7530906e6b03bf7b08a018c6728a27d08c388c184,final_online_training_manifest.csv::soh_rated_pct
B0036_D0154,B0036,1437,ONLINE_FIXED_START_CAUSAL_10S_V1,PASS,B0036.mat,40511cccf0262d61b8345fdfe6c4e0a67ccc42e7f5e869ec32c7f33619e7dc15,376,153,53.969,43.969,53.969,1,3;4,2,53.969,0.0,0.0,57540feecea4afb55cb01d5b7f031ec0c01c0df35dc79d0d96781a110d9b0448,final_online_training_manifest.csv::soh_rated_pct
B0036_D0155,B0036,1438,ONLINE_FIXED_START_CAUSAL_10S_V1,PASS,B0036.mat,40511cccf0262d61b8345fdfe6c4e0a67ccc42e7f5e869ec32c7f33619e7dc15,378,154,54.281000000000006,44.281000000000006,54.281000000000006,1,3;4,2,54.281000000000006,0.0,0.0,b2e625145fbaec22a39dce85e184cc0dc0639cd7466d2841ef41e19e716e69c0,final_online_training_manifest.csv::soh_rated_pct
B0036_D0156,B0036,1439,ONLINE_FIXED_START_CAUSAL_10S_V1,PASS,B0036.mat,40511cccf0262d61b8345fdfe6c4e0a67ccc42e7f5e869ec32c7f33619e7dc15,382,155,54.344,44.344,54.344,1,3;4,2,54.344,0.0,0.0,d37470a68edce20fd6d99aaf93e4dd5b7a12d08f1d7220f6aac5e99b8aba26e3,final_online_training_manifest.csv::soh_rated_pct
B0036_D0157,B0036,1440,ONLINE_FIXED_START_CAUSAL_10S_V1,PASS,B0036.mat,40511cccf0262d61b8345fdfe6c4e0a67ccc42e7f5e869ec32c7f33619e7dc15,386,156,54.203,44.203,54.203,1,3;4,2,54.202999999999996,0.0,0.0,cce3c72e6275026a69ea19214ed885cec5c19af3b9f3cf4913e009d3c71e7cc1,final_online_training_manifest.csv::soh_rated_pct
B0036_D0158,B0036,1441,ONLINE_FIXED_START_CAUSAL_10S_V1,PASS,B0036.mat,40511cccf0262d61b8345fdfe6c4e0a67ccc42e7f5e869ec32c7f33619e7dc15,388,157,54.36,44.36,54.36,1,3;4,2,54.36,0.0,0.0,69553b62df8410755dc0fe10bb387f83ac47317f725a40f64c665eb85cb4eabe,final_online_training_manifest.csv::soh_rated_pct
B0036_D0159,B0036,1442,ONLINE_FIXED_START_CAUSAL_10S_V1,PASS,B0036.mat,40511cccf0262d61b8345fdfe6c4e0a67ccc42e7f5e869ec32c7f33619e7dc15,390,158,54.437,44.437,54.437,1,3;4,2,54.437,0.0,0.0,14111f2b5ace6a28893ad7aa6ebe579d2f36d3a3dba095677f13d89d4ed47029,final_online_training_manifest.csv::soh_rated_pct
B0036_D0160,B0036,1443,ONLINE_FIXED_START_CAUSAL_10S_V1,PASS,B0036.mat,40511cccf0262d61b8345fdfe6c4e0a67ccc42e7f5e869ec32c7f33619e7dc15,392,159,54.437,44.437,54.437,1,3;4,2,54.437,0.0,0.0,fe24b00c01c9ffad3cb4708245363c2ac521bc514aefc2c2570e0c0f2d98657a,final_online_training_manifest.csv::soh_rated_pct
B0036_D0161,B0036,1444,ONLINE_FIXED_START_CAUSAL_10S_V1,PASS,B0036.mat,40511cccf0262d61b8345fdfe6c4e0a67ccc42e7f5e869ec32c7f33619e7dc15,394,160,54.453,44.453,54.453,1,3;4,2,54.453,0.0,0.0,c482098e99834f71e55e7e9f38151c19544fbe244b96ce44d24943f781e3c021,final_online_training_manifest.csv::soh_rated_pct
B0036_D0162,B0036,1445,ONLINE_FIXED_START_CAUSAL_10S_V1,PASS,B0036.mat,40511cccf0262d61b8345fdfe6c4e0a67ccc42e7f5e869ec32c7f33619e7dc15,398,161,54.547,44.547,54.547,1,3;4,2,54.547,0.0,0.0,5e839bb7b3bb679af91ff19a1545fe9caf00f1588aad3b8ae8b7f578182ef0a5,final_online_training_manifest.csv::soh_rated_pct
B0036_D0163,B0036,1446,ONLINE_FIXED_START_CAUSAL_10S_V1,PASS,B0036.mat,40511cccf0262d61b8345fdfe6c4e0a67ccc42e7f5e869ec32c7f33619e7dc15,400,162,55.078,45.078,55.078,1,3;4,2,55.077999999999996,0.0,0.0,1dd2d15b20a9d1d975f42740f8995437065d18e579f362d32552e86798940f00,final_online_training_manifest.csv::soh_rated_pct
B0036_D0164,B0036,1447,ONLINE_FIXED_START_CAUSAL_10S_V1,PASS,B0036.mat,40511cccf0262d61b8345fdfe6c4e0a67ccc42e7f5e869ec32c7f33619e7dc15,402,163,54.781,44.781,54.781,1,3;4,2,54.781,0.0,0.0,5a9ae124e6118d4f1229a5634948ca8f106408b3f97568f33fd6ff29d9fbcb96,final_online_training_manifest.csv::soh_rated_pct
B0036_D0165,B0036,1448,ONLINE_FIXED_START_CAUSAL_10S_V1,PASS,B0036.mat,40511cccf0262d61b8345fdfe6c4e0a67ccc42e7f5e869ec32c7f33619e7dc15,404,164,54.875,44.875,54.875,1,3;4,2,54.875,0.0,0.0,a1006dfe884e31ec7bb6b952bc1211d11a42bfa1877aea76bc78f24ad8a0f1be,final_online_training_manifest.csv::soh_rated_pct
B0036_D0166,B0036,1449,ONLINE_FIXED_START_CAUSAL_10S_V1,PASS,B0036.mat,40511cccf0262d61b8345fdfe6c4e0a67ccc42e7f5e869ec32c7f33619e7dc15,406,165,54.907,44.907,54.907,1,3;4,2,54.907,0.0,0.0,e664b7b9f9c003ce32e3816091d40ff040c3258398eff165d41865f8f6900491,final_online_training_manifest.csv::soh_rated_pct
B0036_D0167,B0036,1450,ONLINE_FIXED_START_CAUSAL_10S_V1,PASS,B0036.mat,40511cccf0262d61b8345fdfe6c4e0a67ccc42e7f5e869ec32c7f33619e7dc15,410,166,54.922,44.922,54.922,1,3;4,2,54.922,0.0,0.0,8a163f6f1fceca32cd7f12c2f90df595bde9c4d556b954e1f64ff20816cf33a2,final_online_training_manifest.csv::soh_rated_pct
B0036_D0168,B0036,1451,ONLINE_FIXED_START_CAUSAL_10S_V1,PASS,B0036.mat,40511cccf0262d61b8345fdfe6c4e0a67ccc42e7f5e869ec32c7f33619e7dc15,412,167,55.094,45.094,55.094,1,3;4,2,55.094,0.0,0.0,d57357fafaf7cec236ecbca33de11cf20cb86c26ebe75c6130038d7467a35842,final_online_training_manifest.csv::soh_rated_pct
B0036_D0169,B0036,1452,ONLINE_FIXED_START_CAUSAL_10S_V1,PASS,B0036.mat,40511cccf0262d61b8345fdfe6c4e0a67ccc42e7f5e869ec32c7f33619e7dc15,414,168,40.156000000000006,30.15600000000001,40.156000000000006,1,2;3,2,40.156000000000006,0.0,0.0,7a14e9c29bc436dc1de710d5f94652659263a180dd90eeb5b5e3f65ede254da8,final_online_training_manifest.csv::soh_rated_pct
B0036_D0170,B0036,1453,ONLINE_FIXED_START_CAUSAL_10S_V1,PASS,B0036.mat,40511cccf0262d61b8345fdfe6c4e0a67ccc42e7f5e869ec32c7f33619e7dc15,416,169,40.046,30.046,40.046,1,2;3,2,40.046,0.0,0.0,9138ea93f7a86c4213ef928a7abebc15d1e792e800fa1ede926e816a9b8a523b,final_online_training_manifest.csv::soh_rated_pct
B0036_D0171,B0036,1454,ONLINE_FIXED_START_CAUSAL_10S_V1,PASS,B0036.mat,40511cccf0262d61b8345fdfe6c4e0a67ccc42e7f5e869ec32c7f33619e7dc15,418,170,40.016000000000005,30.016000000000005,40.016000000000005,1,2;3,2,40.016000000000005,0.0,0.0,68e3e860846741d6f391f87cededdfe531ca2d26db6ca35d58da68559b60890b,final_online_training_manifest.csv::soh_rated_pct
B0036_D0172,B0036,1455,ONLINE_FIXED_START_CAUSAL_10S_V1,PASS,B0036.mat,40511cccf0262d61b8345fdfe6c4e0a67ccc42e7f5e869ec32c7f33619e7dc15,422,171,40.109,30.109,40.109,1,2;3,2,40.109,0.0,0.0,c1f155ba9d8d27a93820c9777b34f659f0f22d9a27a2232bb543c26e9e3a31ce,final_online_training_manifest.csv::soh_rated_pct
B0036_D0173,B0036,1456,ONLINE_FIXED_START_CAUSAL_10S_V1,PASS,B0036.mat,40511cccf0262d61b8345fdfe6c4e0a67ccc42e7f5e869ec32c7f33619e7dc15,424,172,40.25,30.25,40.25,1,2;3,2,40.25,0.0,0.0,7303eb3b6b3faf47c4961529024383e98711cca9b6d92506381a5e806e60a37e,final_online_training_manifest.csv::soh_rated_pct
B0036_D0174,B0036,1457,ONLINE_FIXED_START_CAUSAL_10S_V1,PASS,B0036.mat,40511cccf0262d61b8345fdfe6c4e0a67ccc42e7f5e869ec32c7f33619e7dc15,426,173,40.359,30.358999999999995,40.359,1,2;3,2,40.358999999999995,0.0,0.0,baea9c0b00d83ed890b89a03a904deeaa1b58ad1f60e28338458b6980473fcbe,final_online_training_manifest.csv::soh_rated_pct
B0036_D0175,B0036,1458,ONLINE_FIXED_START_CAUSAL_10S_V1,PASS,B0036.mat,40511cccf0262d61b8345fdfe6c4e0a67ccc42e7f5e869ec32c7f33619e7dc15,428,174,40.25,30.25,40.25,1,2;3,2,40.25,0.0,0.0,c205451eb0c334e20b300874071f12e95e70602306af0936ab9453505d5f2aea,final_online_training_manifest.csv::soh_rated_pct
B0036_D0176,B0036,1459,ONLINE_FIXED_START_CAUSAL_10S_V1,PASS,B0036.mat,40511cccf0262d61b8345fdfe6c4e0a67ccc42e7f5e869ec32c7f33619e7dc15,430,175,40.453,30.453,40.453,1,2;3,2,40.452999999999996,0.0,0.0,d041f5947066bee7e112b73f07977448af44b77451483dbc827ce6ce59d8ac42,final_online_training_manifest.csv::soh_rated_pct
B0036_D0177,B0036,1460,ONLINE_FIXED_START_CAUSAL_10S_V1,PASS,B0036.mat,40511cccf0262d61b8345fdfe6c4e0a67ccc42e7f5e869ec32c7f33619e7dc15,434,176,40.359,30.359,40.359,1,2;3,2,40.359,0.0,0.0,dfc05eb3ab3aa07f0c1a705d158e49d8efae812a33a484f0c30ddd5254d16433,final_online_training_manifest.csv::soh_rated_pct
B0036_D0178,B0036,1461,ONLINE_FIXED_START_CAUSAL_10S_V1,PASS,B0036.mat,40511cccf0262d61b8345fdfe6c4e0a67ccc42e7f5e869ec32c7f33619e7dc15,438,177,40.391,30.391,40.391,1,2;3,2,40.391,0.0,0.0,463f4d448ee820e8f5c63bef482579435d36216c144fd190a06df0555b8b4fdf,final_online_training_manifest.csv::soh_rated_pct
B0036_D0179,B0036,1462,ONLINE_FIXED_START_CAUSAL_10S_V1,PASS,B0036.mat,40511cccf0262d61b8345fdfe6c4e0a67ccc42e7f5e869ec32c7f33619e7dc15,440,178,40.485,30.485,40.485,1,2;3,2,40.485,0.0,0.0,62d3aa7b772317fa2d1bdf335133fecda5086448c2d8569e014c1113ee1f51a7,final_online_training_manifest.csv::soh_rated_pct
B0036_D0180,B0036,1463,ONLINE_FIXED_START_CAUSAL_10S_V1,PASS,B0036.mat,40511cccf0262d61b8345fdfe6c4e0a67ccc42e7f5e869ec32c7f33619e7dc15,442,179,40.547,30.547,40.547,1,2;3,2,40.547,0.0,0.0,6b3ce03390e188c1d7ffa023ff63520594b28bc34f5ddf9fe8ed15fbac091dce,final_online_training_manifest.csv::soh_rated_pct
B0036_D0181,B0036,1464,ONLINE_FIXED_START_CAUSAL_10S_V1,PASS,B0036.mat,40511cccf0262d61b8345fdfe6c4e0a67ccc42e7f5e869ec32c7f33619e7dc15,444,180,40.531,30.531,40.531,1,2;3,2,40.531,0.0,0.0,835d4a9792c87749926208400bf394f1a740376d607b96a94cef9cc52331d863,final_online_training_manifest.csv::soh_rated_pct
B0036_D0182,B0036,1465,ONLINE_FIXED_START_CAUSAL_10S_V1,PASS,B0036.mat,40511cccf0262d61b8345fdfe6c4e0a67ccc42e7f5e869ec32c7f33619e7dc15,446,181,40.704,30.704,40.704,1,2;3,2,40.704,0.0,0.0,7dd5b05b079d3ef1311ce0924ceecdd38b98cc832bb841be4f2a161760aaf3cd,final_online_training_manifest.csv::soh_rated_pct
B0036_D0183,B0036,1466,ONLINE_FIXED_START_CAUSAL_10S_V1,PASS,B0036.mat,40511cccf0262d61b8345fdfe6c4e0a67ccc42e7f5e869ec32c7f33619e7dc15,450,182,40.765,30.765,40.765,1,2;3,2,40.765,0.0,0.0,8f6586856e111bba3a7cefab73135e51ed2481b115237b3a5e256d883c444dea,final_online_training_manifest.csv::soh_rated_pct
B0036_D0184,B0036,1467,ONLINE_FIXED_START_CAUSAL_10S_V1,PASS,B0036.mat,40511cccf0262d61b8345fdfe6c4e0a67ccc42e7f5e869ec32c7f33619e7dc15,452,183,40.672,30.672000000000004,40.672,1,2;3,2,40.672000000000004,0.0,0.0,3ab8ce22727175b9cc734b795e5132fcce17cdb10aa0deba0d62af1cca6045a2,final_online_training_manifest.csv::soh_rated_pct
B0036_D0185,B0036,1468,ONLINE_FIXED_START_CAUSAL_10S_V1,PASS,B0036.mat,40511cccf0262d61b8345fdfe6c4e0a67ccc42e7f5e869ec32c7f33619e7dc15,454,184,40.718,30.718000000000004,40.718,1,2;3,2,40.718,0.0,0.0,050d6bc54324feb3c1637f773bf289d2b5454e0ecaa2444036cf3d5e9cd1ef65,final_online_training_manifest.csv::soh_rated_pct
B0036_D0186,B0036,1469,ONLINE_FIXED_START_CAUSAL_10S_V1,PASS,B0036.mat,40511cccf0262d61b8345fdfe6c4e0a67ccc42e7f5e869ec32c7f33619e7dc15,456,185,40.75,30.75,40.75,1,2;3,2,40.75,0.0,0.0,485d85f3c0df5d5a6e346df72569604d5effef54ad634e676dea2c5f09666242,final_online_training_manifest.csv::soh_rated_pct
B0036_D0187,B0036,1470,ONLINE_FIXED_START_CAUSAL_10S_V1,PASS,B0036.mat,40511cccf0262d61b8345fdfe6c4e0a67ccc42e7f5e869ec32c7f33619e7dc15,458,186,40.922,30.922,40.922,1,2;3,2,40.922,0.0,0.0,6f42f5c97e263c7d3b9f649d48d3bb439ae057600a5ecc2e74177c53cd0fe8ab,final_online_training_manifest.csv::soh_rated_pct
B0036_D0188,B0036,1471,ONLINE_FIXED_START_CAUSAL_10S_V1,PASS,B0036.mat,40511cccf0262d61b8345fdfe6c4e0a67ccc42e7f5e869ec32c7f33619e7dc15,462,187,41.032,31.032,41.032,1,2;3,2,41.032,0.0,0.0,7e03e671a5eebdfff95ceefc56c66368878d91851d46eb7ca0d95cd137590cf5,final_online_training_manifest.csv::soh_rated_pct
B0036_D0189,B0036,1472,ONLINE_FIXED_START_CAUSAL_10S_V1,PASS,B0036.mat,40511cccf0262d61b8345fdfe6c4e0a67ccc42e7f5e869ec32c7f33619e7dc15,464,188,41.109,31.109,41.109,1,2;3,2,41.109,0.0,0.0,478ca002a6b520d20acd4936d6474f1f612bd69af4d0a16f659791da6fcc100c,final_online_training_manifest.csv::soh_rated_pct
B0036_D0190,B0036,1473,ONLINE_FIXED_START_CAUSAL_10S_V1,PASS,B0036.mat,40511cccf0262d61b8345fdfe6c4e0a67ccc42e7f5e869ec32c7f33619e7dc15,466,189,41.078,31.078,41.078,1,2;3,2,41.077999999999996,0.0,0.0,49b22cff5d8269c86ae3f7b7657dddb4fe6f5dcfb087b8d0b8aacaa7f366175e,final_online_training_manifest.csv::soh_rated_pct
B0036_D0191,B0036,1474,ONLINE_FIXED_START_CAUSAL_10S_V1,PASS,B0036.mat,40511cccf0262d61b8345fdfe6c4e0a67ccc42e7f5e869ec32c7f33619e7dc15,468,190,41.062,31.062,41.062,1,2;3,2,41.062,0.0,0.0,702d1e357d258fefb2405dcee35eebdbfb7b61237abdcc67b59c6e4647afae50,final_online_training_manifest.csv::soh_rated_pct
B0036_D0192,B0036,1475,ONLINE_FIXED_START_CAUSAL_10S_V1,PASS,B0036.mat,40511cccf0262d61b8345fdfe6c4e0a67ccc42e7f5e869ec32c7f33619e7dc15,470,191,41.093,31.093,41.093,1,2;3,2,41.092999999999996,0.0,0.0,61be9845ddd4b92d1501bc1964d0c798825bd2d8a7ab849f2133150a1bbf0dbd,final_online_training_manifest.csv::soh_rated_pct
B0036_D0193,B0036,1476,ONLINE_FIXED_START_CAUSAL_10S_V1,PASS,B0036.mat,40511cccf0262d61b8345fdfe6c4e0a67ccc42e7f5e869ec32c7f33619e7dc15,474,192,41.657,31.657000000000004,41.657,1,2;3,2,41.657000000000004,0.0,0.0,1a6e460870866d9c92cbdfbe8cc43fd0fa053c707a0efee764cbbaa61167511b,final_online_training_manifest.csv::soh_rated_pct
B0036_D0194,B0036,1477,ONLINE_FIXED_START_CAUSAL_10S_V1,PASS,B0036.mat,40511cccf0262d61b8345fdfe6c4e0a67ccc42e7f5e869ec32c7f33619e7dc15,476,193,41.281000000000006,31.28100000000001,41.281000000000006,1,2;3,2,41.281000000000006,0.0,0.0,6f7c8ecff4ccb8418f4a138c5db37bd136cf277268fe117d439968a21767d3d0,final_online_training_manifest.csv::soh_rated_pct
B0036_D0195,B0036,1478,ONLINE_FIXED_START_CAUSAL_10S_V1,PASS,B0036.mat,40511cccf0262d61b8345fdfe6c4e0a67ccc42e7f5e869ec32c7f33619e7dc15,478,194,41.125,31.125,41.125,1,2;3,2,41.125,0.0,0.0,5ea0d8f0c1da073ee41369c8beec59b3e501befcc45b5049cb3a490aeec3705a,final_online_training_manifest.csv::soh_rated_pct
B0036_D0196,B0036,1479,ONLINE_FIXED_START_CAUSAL_10S_V1,PASS,B0036.mat,40511cccf0262d61b8345fdfe6c4e0a67ccc42e7f5e869ec32c7f33619e7dc15,480,195,41.219,31.219,41.219,1,2;3,2,41.219,0.0,0.0,d83eb7f502e26c734179ecf754d075eebefde33bbc8793ef34c79c8fc38bb0f5,final_online_training_manifest.csv::soh_rated_pct
B0036_D0197,B0036,1480,ONLINE_FIXED_START_CAUSAL_10S_V1,PASS,B0036.mat,40511cccf0262d61b8345fdfe6c4e0a67ccc42e7f5e869ec32c7f33619e7dc15,482,196,41.375,31.375,41.375,1,2;3,2,41.375,0.0,0.0,5d81a318509b847a8e21b25187f14984304b068bb1e6803b721860b5e29d5c67,final_online_training_manifest.csv::soh_rated_pct
B0038_D0001,B0038,1481,ONLINE_FIXED_START_CAUSAL_10S_V1,PASS,B0038.mat,41d4a6977e3f3a46623f80ad8f6e5ba6ad83a2746403f71966c88a4722ffd409,0,0,38.219,28.219,38.219,2,2;3;4,3,38.219,0.0,0.0,9d08ead9d0b8a23e925fc03fb0cf198e8e907cef342fd5141fbf5eb9d6da7c5a,final_online_training_manifest.csv::soh_rated_pct
B0038_D0002,B0038,1482,ONLINE_FIXED_START_CAUSAL_10S_V1,PASS,B0038.mat,41d4a6977e3f3a46623f80ad8f6e5ba6ad83a2746403f71966c88a4722ffd409,4,1,38.235,28.235,38.235,2,2;3;4,3,38.235,0.0,0.0,b119afb63b3ce50579f99fd1c70f10998393e0853886a8fbeb84b0e7e8e2714e,final_online_training_manifest.csv::soh_rated_pct
B0038_D0003,B0038,1483,ONLINE_FIXED_START_CAUSAL_10S_V1,PASS,B0038.mat,41d4a6977e3f3a46623f80ad8f6e5ba6ad83a2746403f71966c88a4722ffd409,6,2,38.437,28.437,38.437,2,2;3;4,3,38.437,0.0,0.0,2d97025ff4277fd0c9c7a6298d9172214ebc5ac44a8652eee246072f925503ce,final_online_training_manifest.csv::soh_rated_pct
B0038_D0004,B0038,1484,ONLINE_FIXED_START_CAUSAL_10S_V1,PASS,B0038.mat,41d4a6977e3f3a46623f80ad8f6e5ba6ad83a2746403f71966c88a4722ffd409,8,3,38.672,28.672000000000004,38.672,2,2;3;4,3,38.672000000000004,0.0,0.0,cabd31d3004edfd7f321db91ce298ccdd3234d35e65db8a15446a49f0c2527f2,final_online_training_manifest.csv::soh_rated_pct
B0038_D0005,B0038,1485,ONLINE_FIXED_START_CAUSAL_10S_V1,PASS,B0038.mat,41d4a6977e3f3a46623f80ad8f6e5ba6ad83a2746403f71966c88a4722ffd409,10,4,38.922,28.922,38.922,2,2;3;4,3,38.922,0.0,0.0,71d29721511c309c8ceec0e487fdaadd1a9af2e358a11baa78f4dab7dbaf61e3,final_online_training_manifest.csv::soh_rated_pct
B0038_D0006,B0038,1486,ONLINE_FIXED_START_CAUSAL_10S_V1,PASS,B0038.mat,41d4a6977e3f3a46623f80ad8f6e5ba6ad83a2746403f71966c88a4722ffd409,12,5,39.094,29.094,39.094,2,2;3;4,3,39.094,0.0,0.0,b5b6abaa4ff6c500ab5b3a8eeded5f263310e3c62246b84fea4e5fa6512e7de7,final_online_training_manifest.csv::soh_rated_pct
B0038_D0007,B0038,1487,ONLINE_FIXED_START_CAUSAL_10S_V1,PASS,B0038.mat,41d4a6977e3f3a46623f80ad8f6e5ba6ad83a2746403f71966c88a4722ffd409,16,6,39.422,29.422,39.422,2,2;3;4,3,39.422,0.0,0.0,60a24d35755a10dc8bd4378a350e67564e3af9d91f3874a3476fcedc8c657fba,final_online_training_manifest.csv::soh_rated_pct
B0038_D0008,B0038,1488,ONLINE_FIXED_START_CAUSAL_10S_V1,PASS,B0038.mat,41d4a6977e3f3a46623f80ad8f6e5ba6ad83a2746403f71966c88a4722ffd409,20,7,39.531000000000006,29.53100000000001,39.531000000000006,2,2;3;4,3,39.531000000000006,0.0,0.0,fb73686219c6f3e44bc1beccd99ca9c72666a196fb07880a4b870534338ead27,final_online_training_manifest.csv::soh_rated_pct
B0038_D0009,B0038,1489,ONLINE_FIXED_START_CAUSAL_10S_V1,PASS,B0038.mat,41d4a6977e3f3a46623f80ad8f6e5ba6ad83a2746403f71966c88a4722ffd409,22,8,39.422,29.422,39.422,2,2;3;4,3,39.422,0.0,0.0,1146b736cfc7fb03d3f92489ea4096d9f8db2510615e9d55c0b339cf946d8d04,final_online_training_manifest.csv::soh_rated_pct
B0038_D0010,B0038,1490,ONLINE_FIXED_START_CAUSAL_10S_V1,PASS,B0038.mat,41d4a6977e3f3a46623f80ad8f6e5ba6ad83a2746403f71966c88a4722ffd409,24,9,39.704,29.704,39.704,2,2;3;4,3,39.704,0.0,0.0,923e19cdb727d34387c74354bdcaf7615614610fd3ea8b031c0d49cf2ab08e7e,final_online_training_manifest.csv::soh_rated_pct
B0038_D0011,B0038,1491,ONLINE_FIXED_START_CAUSAL_10S_V1,PASS,B0038.mat,41d4a6977e3f3a46623f80ad8f6e5ba6ad83a2746403f71966c88a4722ffd409,26,10,39.797,29.797,39.797,2,2;3;4,3,39.797,0.0,0.0,c589bd7f0a8c5bcf64e3c5721d5866ee2a188ea3b7b85759e241698ee81366b9,final_online_training_manifest.csv::soh_rated_pct
B0038_D0012,B0038,1492,ONLINE_FIXED_START_CAUSAL_10S_V1,PASS,B0038.mat,41d4a6977e3f3a46623f80ad8f6e5ba6ad83a2746403f71966c88a4722ffd409,28,11,40.0,30.0,40.0,2,2;3;4,3,40.0,0.0,0.0,d27eefb08ba77e7eb307a78bf12a23859235d18b387ce8f61aaea46f6c727fba,final_online_training_manifest.csv::soh_rated_pct
B0038_D0013,B0038,1493,ONLINE_FIXED_START_CAUSAL_10S_V1,PASS,B0038.mat,41d4a6977e3f3a46623f80ad8f6e5ba6ad83a2746403f71966c88a4722ffd409,32,12,40.125,30.125,40.125,2,2;3;4,3,40.125,0.0,0.0,6f1a558fdfb47a9bb995fa20815ac2b3916420a9cb4eb27a57bbcd517224f7cf,final_online_training_manifest.csv::soh_rated_pct
B0038_D0014,B0038,1494,ONLINE_FIXED_START_CAUSAL_10S_V1,PASS,B0038.mat,41d4a6977e3f3a46623f80ad8f6e5ba6ad83a2746403f71966c88a4722ffd409,36,13,40.218,30.218000000000004,40.218,1,3;4,2,40.218,0.0,0.0,ad82d709005145d871f9d62748bad9691fb2a559f7fb6b4b7e02102c21090e81,final_online_training_manifest.csv::soh_rated_pct
B0038_D0015,B0038,1495,ONLINE_FIXED_START_CAUSAL_10S_V1,PASS,B0038.mat,41d4a6977e3f3a46623f80ad8f6e5ba6ad83a2746403f71966c88a4722ffd409,38,14,40.578,30.578000000000003,40.578,1,3;4,2,40.578,0.0,0.0,29785f5335b66b64aa44cd5b47a6d2f8196b603648532195a03d6c6a78d77fe5,final_online_training_manifest.csv::soh_rated_pct
B0038_D0016,B0038,1496,ONLINE_FIXED_START_CAUSAL_10S_V1,PASS,B0038.mat,41d4a6977e3f3a46623f80ad8f6e5ba6ad83a2746403f71966c88a4722ffd409,40,15,40.719,30.719,40.719,1,3;4,2,40.719,0.0,0.0,5f51e7398ccc938a67522619fa654100992030eed3e4a9335f48df9d910ac0db,final_online_training_manifest.csv::soh_rated_pct
B0038_D0017,B0038,1497,ONLINE_FIXED_START_CAUSAL_10S_V1,PASS,B0038.mat,41d4a6977e3f3a46623f80ad8f6e5ba6ad83a2746403f71966c88a4722ffd409,42,16,40.735,30.735,40.735,1,3;4,2,40.735,0.0,0.0,94540ae553e719365d1ad6731fcf0e04bdde9dfcc921016142484c9b29ddf312,final_online_training_manifest.csv::soh_rated_pct
B0038_D0018,B0038,1498,ONLINE_FIXED_START_CAUSAL_10S_V1,PASS,B0038.mat,41d4a6977e3f3a46623f80ad8f6e5ba6ad83a2746403f71966c88a4722ffd409,44,17,40.969,30.969,40.969,1,3;4,2,40.968999999999994,0.0,0.0,4e0c2f4e94788df564058dfbad1dc2e1975cfa841563078f1b792995a960c6fa,final_online_training_manifest.csv::soh_rated_pct
B0038_D0019,B0038,1499,ONLINE_FIXED_START_CAUSAL_10S_V1,PASS,B0038.mat,41d4a6977e3f3a46623f80ad8f6e5ba6ad83a2746403f71966c88a4722ffd409,48,18,41.063,31.063,41.063,1,3;4,2,41.063,0.0,0.0,ad47da4b8000aa7b0d5bd71307a8152495574fede7f509af0f16764b2638b6ae,final_online_training_manifest.csv::soh_rated_pct
B0038_D0020,B0038,1500,ONLINE_FIXED_START_CAUSAL_10S_V1,PASS,B0038.mat,41d4a6977e3f3a46623f80ad8f6e5ba6ad83a2746403f71966c88a4722ffd409,52,19,41.344,31.344,41.344,1,3;4,2,41.343999999999994,0.0,0.0,764b8bfeac30b72c6c56cc993fec4db7d3b08018a4357da234cebedc10dc419c,final_online_training_manifest.csv::soh_rated_pct
B0038_D0021,B0038,1501,ONLINE_FIXED_START_CAUSAL_10S_V1,PASS,B0038.mat,41d4a6977e3f3a46623f80ad8f6e5ba6ad83a2746403f71966c88a4722ffd409,54,20,41.328,31.328000000000003,41.328,1,3;4,2,41.328,0.0,0.0,6468c45ace8319ab9df424a6b593bf689f453613eabc96e7aae0bb7b5f86a6d7,final_online_training_manifest.csv::soh_rated_pct
B0038_D0022,B0038,1502,ONLINE_FIXED_START_CAUSAL_10S_V1,PASS,B0038.mat,41d4a6977e3f3a46623f80ad8f6e5ba6ad83a2746403f71966c88a4722ffd409,56,21,41.485,31.485,41.485,1,3;4,2,41.485,0.0,0.0,0df14429e8a363a76da3bdae5e92b53e1e64064030cb44791e0aab43fd559746,final_online_training_manifest.csv::soh_rated_pct
B0038_D0023,B0038,1503,ONLINE_FIXED_START_CAUSAL_10S_V1,PASS,B0038.mat,41d4a6977e3f3a46623f80ad8f6e5ba6ad83a2746403f71966c88a4722ffd409,58,22,41.735,31.735,41.735,1,3;4,2,41.735,0.0,0.0,b1495f2c669c98ff43ca07f942a845fe9ad9f7d06293c22cfef385d6d632f915,final_online_training_manifest.csv::soh_rated_pct
B0038_D0024,B0038,1504,ONLINE_FIXED_START_CAUSAL_10S_V1,PASS,B0038.mat,41d4a6977e3f3a46623f80ad8f6e5ba6ad83a2746403f71966c88a4722ffd409,60,23,41.937000000000005,31.937000000000005,41.937000000000005,1,3;4,2,41.937000000000005,0.0,0.0,02585baf936640364e3c9b5fddd6184017b899a690a7c87359cd13dfc23690d9,final_online_training_manifest.csv::soh_rated_pct
B0038_D0025,B0038,1505,ONLINE_FIXED_START_CAUSAL_10S_V1,PASS,B0038.mat,41d4a6977e3f3a46623f80ad8f6e5ba6ad83a2746403f71966c88a4722ffd409,64,24,42.078,32.078,42.078,1,3;4,2,42.078,0.0,0.0,e707cf402dc454a30b56b67e1857f7e64b9333fc873d513194bd2600773c0f4d,final_online_training_manifest.csv::soh_rated_pct
B0038_D0026,B0038,1506,ONLINE_FIXED_START_CAUSAL_10S_V1,PASS,B0038.mat,41d4a6977e3f3a46623f80ad8f6e5ba6ad83a2746403f71966c88a4722ffd409,66,25,42.156,32.156,42.156,1,3;4,2,42.156,0.0,0.0,5d0b435c49d60b022acca155cb9e518d4a0fe3a9f7c1c07202d20cfcb7a0f08b,final_online_training_manifest.csv::soh_rated_pct
B0038_D0027,B0038,1507,ONLINE_FIXED_START_CAUSAL_10S_V1,PASS,B0038.mat,41d4a6977e3f3a46623f80ad8f6e5ba6ad83a2746403f71966c88a4722ffd409,68,26,42.25,32.25,42.25,1,3;4,2,42.25,0.0,0.0,80e28fa810e8d895417021613fd4c39fd1cf2dffe7535621136482d46dadf312,final_online_training_manifest.csv::soh_rated_pct
B0038_D0028,B0038,1508,ONLINE_FIXED_START_CAUSAL_10S_V1,PASS,B0038.mat,41d4a6977e3f3a46623f80ad8f6e5ba6ad83a2746403f71966c88a4722ffd409,70,27,42.453,32.453,42.453,1,3;4,2,42.453,0.0,0.0,e9cc7b99f5717d67512c47d2c37883a8b0c8be8920acc71839d79d8fd291e02c,final_online_training_manifest.csv::soh_rated_pct
B0038_D0029,B0038,1509,ONLINE_FIXED_START_CAUSAL_10S_V1,PASS,B0038.mat,41d4a6977e3f3a46623f80ad8f6e5ba6ad83a2746403f71966c88a4722ffd409,72,28,42.531000000000006,32.531000000000006,42.531000000000006,1,3;4,2,42.531000000000006,0.0,0.0,f265cd02df74420332e750633d6779cba58393fc4ccde250475723afe081537a,final_online_training_manifest.csv::soh_rated_pct
B0038_D0030,B0038,1510,ONLINE_FIXED_START_CAUSAL_10S_V1,PASS,B0038.mat,41d4a6977e3f3a46623f80ad8f6e5ba6ad83a2746403f71966c88a4722ffd409,76,29,42.578,32.578,42.578,1,3;4,2,42.578,0.0,0.0,fe2c07830d3bc8e08c3573f03655ffb07a770c0c1d2aa7727276881ff12f5d79,final_online_training_manifest.csv::soh_rated_pct
B0038_D0031,B0038,1511,ONLINE_FIXED_START_CAUSAL_10S_V1,PASS,B0038.mat,41d4a6977e3f3a46623f80ad8f6e5ba6ad83a2746403f71966c88a4722ffd409,78,30,42.765,32.765,42.765,1,3;4,2,42.765,0.0,0.0,fa96411b0eb861658762e8d55b28e6b3bfa7ce4111b19b82db394b260546dfec,final_online_training_manifest.csv::soh_rated_pct
B0038_D0032,B0038,1512,ONLINE_FIXED_START_CAUSAL_10S_V1,PASS,B0038.mat,41d4a6977e3f3a46623f80ad8f6e5ba6ad83a2746403f71966c88a4722ffd409,80,31,42.954,32.954,42.954,1,3;4,2,42.954,0.0,0.0,305f10b06a59508470fd244a72d1c7afe2955cbd186aa86682dd4447b86c112c,final_online_training_manifest.csv::soh_rated_pct
B0038_D0033,B0038,1513,ONLINE_FIXED_START_CAUSAL_10S_V1,PASS,B0038.mat,41d4a6977e3f3a46623f80ad8f6e5ba6ad83a2746403f71966c88a4722ffd409,82,32,43.188,33.188,43.188,1,3;4,2,43.188,0.0,0.0,903eac0d9583a77cd508564fced814fe738fa08007afb01ed4adab99ef54a3df,final_online_training_manifest.csv::soh_rated_pct
B0038_D0034,B0038,1514,ONLINE_FIXED_START_CAUSAL_10S_V1,PASS,B0038.mat,41d4a6977e3f3a46623f80ad8f6e5ba6ad83a2746403f71966c88a4722ffd409,84,33,43.11,33.11,43.11,1,3;4,2,43.11,0.0,0.0,2e87ef01def4748f3d9e4efc38d073a729d5e0d8c42a76a99b27a117281c8c19,final_online_training_manifest.csv::soh_rated_pct
B0038_D0035,B0038,1515,ONLINE_FIXED_START_CAUSAL_10S_V1,PASS,B0038.mat,41d4a6977e3f3a46623f80ad8f6e5ba6ad83a2746403f71966c88a4722ffd409,88,34,43.39,33.39,43.39,1,3;4,2,43.39,0.0,0.0,fc85f534ccbc099dfb573732faaa1365be7e9adca0b960a773a22dabd38ca950,final_online_training_manifest.csv::soh_rated_pct
B0038_D0036,B0038,1516,ONLINE_FIXED_START_CAUSAL_10S_V1,PASS,B0038.mat,41d4a6977e3f3a46623f80ad8f6e5ba6ad83a2746403f71966c88a4722ffd409,90,35,43.469,33.468999999999994,43.469,1,3;4,2,43.468999999999994,0.0,0.0,deb3430cb0fea697a24583393db21087d35d9845d677396072a5921bc617c6c0,final_online_training_manifest.csv::soh_rated_pct
B0038_D0037,B0038,1517,ONLINE_FIXED_START_CAUSAL_10S_V1,PASS,B0038.mat,41d4a6977e3f3a46623f80ad8f6e5ba6ad83a2746403f71966c88a4722ffd409,92,36,43.516,33.516,43.516,1,3;4,2,43.516,0.0,0.0,69db5a5e2a92800ffca0d49c91a246bb5749b3484f4b6e517c93d2c82953be38,final_online_training_manifest.csv::soh_rated_pct
B0038_D0038,B0038,1518,ONLINE_FIXED_START_CAUSAL_10S_V1,PASS,B0038.mat,41d4a6977e3f3a46623f80ad8f6e5ba6ad83a2746403f71966c88a4722ffd409,94,37,43.656,33.656,43.656,1,3;4,2,43.656,0.0,0.0,b71ff3effba3eb45a1e7a0f89105539d9b6f46d08351b4f27394ea0b0c3074b9,final_online_training_manifest.csv::soh_rated_pct
B0038_D0039,B0038,1519,ONLINE_FIXED_START_CAUSAL_10S_V1,PASS,B0038.mat,41d4a6977e3f3a46623f80ad8f6e5ba6ad83a2746403f71966c88a4722ffd409,96,38,43.829,33.829,43.829,1,3;4,2,43.829,0.0,0.0,c9c713d2165a73ee54d4e997d6817d08b13006105738a6850dbea05aae64ad69,final_online_training_manifest.csv::soh_rated_pct
B0038_D0040,B0038,1520,ONLINE_FIXED_START_CAUSAL_10S_V1,PASS,B0038.mat,41d4a6977e3f3a46623f80ad8f6e5ba6ad83a2746403f71966c88a4722ffd409,100,39,44.219,34.218999999999994,44.219,1,3;4,2,44.218999999999994,0.0,0.0,930bc02dbb05b8b0c524696a9d279db759b5884d4d03d4f6bc2afde9b6e581e9,final_online_training_manifest.csv::soh_rated_pct
B0038_D0041,B0038,1521,ONLINE_FIXED_START_CAUSAL_10S_V1,PASS,B0038.mat,41d4a6977e3f3a46623f80ad8f6e5ba6ad83a2746403f71966c88a4722ffd409,104,40,44.156,34.156,44.156,1,3;4,2,44.156,0.0,0.0,2c0bbf25932152a4ef84f623fdd96e7537b8ccc0397768e2f5b9281c27d72a1d,final_online_training_manifest.csv::soh_rated_pct
B0038_D0042,B0038,1522,ONLINE_FIXED_START_CAUSAL_10S_V1,PASS,B0038.mat,41d4a6977e3f3a46623f80ad8f6e5ba6ad83a2746403f71966c88a4722ffd409,106,41,44.375,34.375,44.375,1,3;4,2,44.375,0.0,0.0,6d9a1d6345b569f96142010dbe1d9dcde2c8e1ed8a44f9d4ae0becd4dea732cf,final_online_training_manifest.csv::soh_rated_pct
B0038_D0043,B0038,1523,ONLINE_FIXED_START_CAUSAL_10S_V1,PASS,B0038.mat,41d4a6977e3f3a46623f80ad8f6e5ba6ad83a2746403f71966c88a4722ffd409,108,42,44.344,34.343999999999994,44.344,1,3;4,2,44.343999999999994,0.0,0.0,793f70e4d20b84b7ba61903db333b76cfe6e6ca51bd8b9b3b9e7d4c2729484d1,final_online_training_manifest.csv::soh_rated_pct
B0038_D0044,B0038,1524,ONLINE_FIXED_START_CAUSAL_10S_V1,PASS,B0038.mat,41d4a6977e3f3a46623f80ad8f6e5ba6ad83a2746403f71966c88a4722ffd409,110,43,44.454,34.454,44.454,1,3;4,2,44.454,0.0,0.0,4479a2352f308e3db56eaff0d9f919c29a8e7b05b63a5d6ac4e8bf0536198aa3,final_online_training_manifest.csv::soh_rated_pct
B0038_D0045,B0038,1525,ONLINE_FIXED_START_CAUSAL_10S_V1,PASS,B0038.mat,41d4a6977e3f3a46623f80ad8f6e5ba6ad83a2746403f71966c88a4722ffd409,112,44,44.468,34.468,44.468,1,3;4,2,44.468,0.0,0.0,0729b24aa9d838e7b0889a58576b563177320d7ad5545015e4936bd9278c2759,final_online_training_manifest.csv::soh_rated_pct
B0038_D0046,B0038,1526,ONLINE_FIXED_START_CAUSAL_10S_V1,PASS,B0038.mat,41d4a6977e3f3a46623f80ad8f6e5ba6ad83a2746403f71966c88a4722ffd409,116,45,44.813,34.813,44.813,1,3;4,2,44.813,0.0,0.0,634add6af15224d966a03b006fef85b010e5cddb7c47286193d873cc54cc3f03,final_online_training_manifest.csv::soh_rated_pct
B0038_D0047,B0038,1527,ONLINE_FIXED_START_CAUSAL_10S_V1,PASS,B0038.mat,41d4a6977e3f3a46623f80ad8f6e5ba6ad83a2746403f71966c88a4722ffd409,120,46,44.813,34.813,44.813,1,3;4,2,44.813,0.0,0.0,81a510c1a08c4b9d913e4be76fa8aac042ef22111ce9128caadfc52d39504672,final_online_training_manifest.csv::soh_rated_pct
B0039_D0013,B0039,1528,ONLINE_FIXED_START_CAUSAL_10S_V1,PASS,B0039.mat,0ea0a44622b61f13306cfc9c7080c7a6a8eb187da38607bfdc776974fcb5f000,32,12,40.125,30.125,40.125,2,2;3;4,3,40.125,0.0,0.0,62f0409c9cb4ab2cb1b8a9969afc8dcb7134c7561b470d302597ed244570898b,final_online_training_manifest.csv::soh_rated_pct
B0039_D0014,B0039,1529,ONLINE_FIXED_START_CAUSAL_10S_V1,PASS,B0039.mat,0ea0a44622b61f13306cfc9c7080c7a6a8eb187da38607bfdc776974fcb5f000,36,13,40.218,30.218000000000004,40.218,1,3;4,2,40.218,0.0,0.0,8e28bdb5ad456ac5488f1b8c6acc73121afdc26fe1004e9b05ae6a73c042765b,final_online_training_manifest.csv::soh_rated_pct
B0039_D0015,B0039,1530,ONLINE_FIXED_START_CAUSAL_10S_V1,PASS,B0039.mat,0ea0a44622b61f13306cfc9c7080c7a6a8eb187da38607bfdc776974fcb5f000,38,14,40.578,30.578000000000003,40.578,1,3;4,2,40.578,0.0,0.0,265de12d6e4909da21d3a953950cbdccee96b4318f9bc1f7c66071d040ed94f1,final_online_training_manifest.csv::soh_rated_pct
B0039_D0016,B0039,1531,ONLINE_FIXED_START_CAUSAL_10S_V1,PASS,B0039.mat,0ea0a44622b61f13306cfc9c7080c7a6a8eb187da38607bfdc776974fcb5f000,40,15,40.719,30.719,40.719,1,3;4,2,40.719,0.0,0.0,895d9b2dce485940c79e2e7448470174e4391490c36bba7d599eec18433e5830,final_online_training_manifest.csv::soh_rated_pct
B0039_D0017,B0039,1532,ONLINE_FIXED_START_CAUSAL_10S_V1,PASS,B0039.mat,0ea0a44622b61f13306cfc9c7080c7a6a8eb187da38607bfdc776974fcb5f000,42,16,40.735,30.735,40.735,1,3;4,2,40.735,0.0,0.0,b3e94d2a42a8b83777a7fdcd4cf1f1d04a15e8d3a5959dd4ddbc18ed2a73c56a,final_online_training_manifest.csv::soh_rated_pct
B0039_D0018,B0039,1533,ONLINE_FIXED_START_CAUSAL_10S_V1,PASS,B0039.mat,0ea0a44622b61f13306cfc9c7080c7a6a8eb187da38607bfdc776974fcb5f000,44,17,40.969,30.969,40.969,1,3;4,2,40.968999999999994,0.0,0.0,571b8a50e3c82b198d5e4266cc9bb942662ef0aefad1a7c42b0d5e8d4eed0c7d,final_online_training_manifest.csv::soh_rated_pct
B0039_D0019,B0039,1534,ONLINE_FIXED_START_CAUSAL_10S_V1,PASS,B0039.mat,0ea0a44622b61f13306cfc9c7080c7a6a8eb187da38607bfdc776974fcb5f000,48,18,41.063,31.063,41.063,1,3;4,2,41.063,0.0,0.0,7cd4c336c8a160f5a4792b56e7b474dc58dae9d5b280c9af67139ec2bdfa60ef,final_online_training_manifest.csv::soh_rated_pct
B0039_D0020,B0039,1535,ONLINE_FIXED_START_CAUSAL_10S_V1,PASS,B0039.mat,0ea0a44622b61f13306cfc9c7080c7a6a8eb187da38607bfdc776974fcb5f000,52,19,41.344,31.344,41.344,1,3;4,2,41.343999999999994,0.0,0.0,b71fc19e18f6a8aef53d16d91422dbc6d1df0c5bd70a49498484cb6832abdf89,final_online_training_manifest.csv::soh_rated_pct
B0039_D0021,B0039,1536,ONLINE_FIXED_START_CAUSAL_10S_V1,PASS,B0039.mat,0ea0a44622b61f13306cfc9c7080c7a6a8eb187da38607bfdc776974fcb5f000,54,20,41.328,31.328000000000003,41.328,1,3;4,2,41.328,0.0,0.0,2922257fcd4e590c16fb121617a429212315c6b5164697e9b3c0b374a2f3c3d0,final_online_training_manifest.csv::soh_rated_pct
B0039_D0022,B0039,1537,ONLINE_FIXED_START_CAUSAL_10S_V1,PASS,B0039.mat,0ea0a44622b61f13306cfc9c7080c7a6a8eb187da38607bfdc776974fcb5f000,56,21,41.485,31.485,41.485,1,3;4,2,41.485,0.0,0.0,f235574d02ddd500c52bec31db3235d7ad452bba1931029f41fcc215747775fa,final_online_training_manifest.csv::soh_rated_pct
B0039_D0023,B0039,1538,ONLINE_FIXED_START_CAUSAL_10S_V1,PASS,B0039.mat,0ea0a44622b61f13306cfc9c7080c7a6a8eb187da38607bfdc776974fcb5f000,58,22,41.735,31.735,41.735,1,3;4,2,41.735,0.0,0.0,5bca103c53d133096de507cee8a470e729c032665c64b0ae5eb555c62b8c38cb,final_online_training_manifest.csv::soh_rated_pct
B0039_D0024,B0039,1539,ONLINE_FIXED_START_CAUSAL_10S_V1,PASS,B0039.mat,0ea0a44622b61f13306cfc9c7080c7a6a8eb187da38607bfdc776974fcb5f000,60,23,41.937000000000005,31.937000000000005,41.937000000000005,1,3;4,2,41.937000000000005,0.0,0.0,8e8459cd34a8e690fd0bbf75f63388493d80fc480fd71eafdc79b88f4882705b,final_online_training_manifest.csv::soh_rated_pct
B0039_D0025,B0039,1540,ONLINE_FIXED_START_CAUSAL_10S_V1,PASS,B0039.mat,0ea0a44622b61f13306cfc9c7080c7a6a8eb187da38607bfdc776974fcb5f000,64,24,42.078,32.078,42.078,1,3;4,2,42.078,0.0,0.0,eb17a7b4e00466894ecb2fe9e67f516f2a3c7f19d275e2c5d0df9b6a767fafaa,final_online_training_manifest.csv::soh_rated_pct
B0039_D0026,B0039,1541,ONLINE_FIXED_START_CAUSAL_10S_V1,PASS,B0039.mat,0ea0a44622b61f13306cfc9c7080c7a6a8eb187da38607bfdc776974fcb5f000,66,25,42.156,32.156,42.156,1,3;4,2,42.156,0.0,0.0,8f6f507006ed6dc7e06f256312cb99f80bd38fb4370342da9c1759ba36fac1ce,final_online_training_manifest.csv::soh_rated_pct
B0039_D0027,B0039,1542,ONLINE_FIXED_START_CAUSAL_10S_V1,PASS,B0039.mat,0ea0a44622b61f13306cfc9c7080c7a6a8eb187da38607bfdc776974fcb5f000,68,26,42.25,32.25,42.25,1,3;4,2,42.25,0.0,0.0,1afe0b0e6924b5dbbaca8fe75f8411c4510e6c447d5211699f10bbf7671134d6,final_online_training_manifest.csv::soh_rated_pct
B0039_D0028,B0039,1543,ONLINE_FIXED_START_CAUSAL_10S_V1,PASS,B0039.mat,0ea0a44622b61f13306cfc9c7080c7a6a8eb187da38607bfdc776974fcb5f000,70,27,42.453,32.453,42.453,1,3;4,2,42.453,0.0,0.0,9ad5bd1d0280e535d58f9bde3bbf966a249cca1fcb64e84ecef4292ee7e65568,final_online_training_manifest.csv::soh_rated_pct
B0039_D0029,B0039,1544,ONLINE_FIXED_START_CAUSAL_10S_V1,PASS,B0039.mat,0ea0a44622b61f13306cfc9c7080c7a6a8eb187da38607bfdc776974fcb5f000,72,28,42.531000000000006,32.531000000000006,42.531000000000006,1,3;4,2,42.531000000000006,0.0,0.0,3bdc37a57bc5c3ab5c59f9bd6745ac26aa356f30ec911c5f21544af97051ff12,final_online_training_manifest.csv::soh_rated_pct
B0039_D0030,B0039,1545,ONLINE_FIXED_START_CAUSAL_10S_V1,PASS,B0039.mat,0ea0a44622b61f13306cfc9c7080c7a6a8eb187da38607bfdc776974fcb5f000,76,29,42.578,32.578,42.578,1,3;4,2,42.578,0.0,0.0,35a56aaf5640ebd916698b50e80b9b2d8821ddd0aab75af4fc9c38a126df4d00,final_online_training_manifest.csv::soh_rated_pct
B0039_D0031,B0039,1546,ONLINE_FIXED_START_CAUSAL_10S_V1,PASS,B0039.mat,0ea0a44622b61f13306cfc9c7080c7a6a8eb187da38607bfdc776974fcb5f000,78,30,42.765,32.765,42.765,1,3;4,2,42.765,0.0,0.0,3135dae3cdcf514e22f7e1f80c52bc4310a4cf961efb92c86933751d3d37ea3c,final_online_training_manifest.csv::soh_rated_pct
B0039_D0032,B0039,1547,ONLINE_FIXED_START_CAUSAL_10S_V1,PASS,B0039.mat,0ea0a44622b61f13306cfc9c7080c7a6a8eb187da38607bfdc776974fcb5f000,80,31,42.954,32.954,42.954,1,3;4,2,42.954,0.0,0.0,43083bd3c4463aa2b765014f458901e02793e64b7326de63dc8b15fe55e58f52,final_online_training_manifest.csv::soh_rated_pct
B0039_D0033,B0039,1548,ONLINE_FIXED_START_CAUSAL_10S_V1,PASS,B0039.mat,0ea0a44622b61f13306cfc9c7080c7a6a8eb187da38607bfdc776974fcb5f000,82,32,43.188,33.188,43.188,1,3;4,2,43.188,0.0,0.0,56140c0dbba548d9e8043b53edb9fd5c198152e6831978da72221d288a8198a4,final_online_training_manifest.csv::soh_rated_pct
B0039_D0034,B0039,1549,ONLINE_FIXED_START_CAUSAL_10S_V1,PASS,B0039.mat,0ea0a44622b61f13306cfc9c7080c7a6a8eb187da38607bfdc776974fcb5f000,84,33,43.11,33.11,43.11,1,3;4,2,43.11,0.0,0.0,261897617b4f6535f11f4207804350d665f1591e5b84cde5c98fe94d4aa801c1,final_online_training_manifest.csv::soh_rated_pct
B0039_D0035,B0039,1550,ONLINE_FIXED_START_CAUSAL_10S_V1,PASS,B0039.mat,0ea0a44622b61f13306cfc9c7080c7a6a8eb187da38607bfdc776974fcb5f000,88,34,43.39,33.39,43.39,1,3;4,2,43.39,0.0,0.0,32b54a52fd2a15e6dda28d077ff5b81bb72c22582369d2bc1db4c4994522a210,final_online_training_manifest.csv::soh_rated_pct
B0039_D0036,B0039,1551,ONLINE_FIXED_START_CAUSAL_10S_V1,PASS,B0039.mat,0ea0a44622b61f13306cfc9c7080c7a6a8eb187da38607bfdc776974fcb5f000,90,35,43.469,33.468999999999994,43.469,1,3;4,2,43.468999999999994,0.0,0.0,2a24865955c02205666e7b280a8141f59840b2a7d86666364b5213b04e06b95b,final_online_training_manifest.csv::soh_rated_pct
B0039_D0037,B0039,1552,ONLINE_FIXED_START_CAUSAL_10S_V1,PASS,B0039.mat,0ea0a44622b61f13306cfc9c7080c7a6a8eb187da38607bfdc776974fcb5f000,92,36,43.516,33.516,43.516,1,3;4,2,43.516,0.0,0.0,0b7262bcc9d6c88a7b3680a79f1a2473ee04b69584e42be9a6a45c6ebf541c17,final_online_training_manifest.csv::soh_rated_pct
B0039_D0038,B0039,1553,ONLINE_FIXED_START_CAUSAL_10S_V1,PASS,B0039.mat,0ea0a44622b61f13306cfc9c7080c7a6a8eb187da38607bfdc776974fcb5f000,94,37,43.656,33.656,43.656,1,3;4,2,43.656,0.0,0.0,5ba1c7b4cd03e9e6ae7aef7261608f873b5b43777785855b9f25617131c1a830,final_online_training_manifest.csv::soh_rated_pct
B0039_D0039,B0039,1554,ONLINE_FIXED_START_CAUSAL_10S_V1,PASS,B0039.mat,0ea0a44622b61f13306cfc9c7080c7a6a8eb187da38607bfdc776974fcb5f000,96,38,43.829,33.829,43.829,1,3;4,2,43.829,0.0,0.0,469d2b142182839496b388b663a3d11beb234c2c644a480e9c3c7a9e63256a13,final_online_training_manifest.csv::soh_rated_pct
B0039_D0040,B0039,1555,ONLINE_FIXED_START_CAUSAL_10S_V1,PASS,B0039.mat,0ea0a44622b61f13306cfc9c7080c7a6a8eb187da38607bfdc776974fcb5f000,100,39,44.219,34.218999999999994,44.219,1,3;4,2,44.218999999999994,0.0,0.0,171ddcf2c081ebef03de5750cc0fac60cbf850d2cd98336f52756032cad02129,final_online_training_manifest.csv::soh_rated_pct
B0039_D0041,B0039,1556,ONLINE_FIXED_START_CAUSAL_10S_V1,PASS,B0039.mat,0ea0a44622b61f13306cfc9c7080c7a6a8eb187da38607bfdc776974fcb5f000,104,40,44.156,34.156,44.156,1,3;4,2,44.156,0.0,0.0,b03eac400cb39ac717bbd082953748b00cce457dc5dcaee47abb3511a49f66a4,final_online_training_manifest.csv::soh_rated_pct
B0039_D0042,B0039,1557,ONLINE_FIXED_START_CAUSAL_10S_V1,PASS,B0039.mat,0ea0a44622b61f13306cfc9c7080c7a6a8eb187da38607bfdc776974fcb5f000,106,41,44.375,34.375,44.375,1,3;4,2,44.375,0.0,0.0,5c446eaaa3a8a6c1471889d6b4838e2cf0390a66e213166056e9ceac99e1568e,final_online_training_manifest.csv::soh_rated_pct
B0039_D0043,B0039,1558,ONLINE_FIXED_START_CAUSAL_10S_V1,PASS,B0039.mat,0ea0a44622b61f13306cfc9c7080c7a6a8eb187da38607bfdc776974fcb5f000,108,42,44.344,34.343999999999994,44.344,1,3;4,2,44.343999999999994,0.0,0.0,db45e163d4bc47cb0a7666ed593a9436ecdeec1e4a7d77655d7c1e45c3870db6,final_online_training_manifest.csv::soh_rated_pct
B0039_D0044,B0039,1559,ONLINE_FIXED_START_CAUSAL_10S_V1,PASS,B0039.mat,0ea0a44622b61f13306cfc9c7080c7a6a8eb187da38607bfdc776974fcb5f000,110,43,44.454,34.454,44.454,1,3;4,2,44.454,0.0,0.0,cef069f08d0fadf77ae48810fd42b30081c2e6cf7fbcf2f82cab3907d81d13be,final_online_training_manifest.csv::soh_rated_pct
B0039_D0045,B0039,1560,ONLINE_FIXED_START_CAUSAL_10S_V1,PASS,B0039.mat,0ea0a44622b61f13306cfc9c7080c7a6a8eb187da38607bfdc776974fcb5f000,112,44,44.468,34.468,44.468,1,3;4,2,44.468,0.0,0.0,169e7a9b00e847fd3eb2f61cb3304b8ef446bc0a644c43170f627702e12715e7,final_online_training_manifest.csv::soh_rated_pct
B0039_D0046,B0039,1561,ONLINE_FIXED_START_CAUSAL_10S_V1,PASS,B0039.mat,0ea0a44622b61f13306cfc9c7080c7a6a8eb187da38607bfdc776974fcb5f000,116,45,44.813,34.813,44.813,1,3;4,2,44.813,0.0,0.0,43c73ec6abb36404ca0e347ca26f937f6711273a5c11eedb67a11f6010efd9dc,final_online_training_manifest.csv::soh_rated_pct
B0039_D0047,B0039,1562,ONLINE_FIXED_START_CAUSAL_10S_V1,PASS,B0039.mat,0ea0a44622b61f13306cfc9c7080c7a6a8eb187da38607bfdc776974fcb5f000,120,46,44.813,34.813,44.813,1,3;4,2,44.813,0.0,0.0,0e2c223fb195c524d8262cfe928d3436f542c6966f299d09bbc1ccf58859b82d,final_online_training_manifest.csv::soh_rated_pct
B0040_D0001,B0040,1563,ONLINE_FIXED_START_CAUSAL_10S_V1,PASS,B0040.mat,1d7eb3dbf82bda46837831756999d911211b9ed0cc892c7e2e8d7f9059a5e013,0,0,38.219,28.219,38.219,2,2;3;4,3,38.219,0.0,0.0,f5523343dcc2bb5f63e42aa86f07aeebdb916d014a6b5694ae0fefaad2913893,final_online_training_manifest.csv::soh_rated_pct
B0040_D0002,B0040,1564,ONLINE_FIXED_START_CAUSAL_10S_V1,PASS,B0040.mat,1d7eb3dbf82bda46837831756999d911211b9ed0cc892c7e2e8d7f9059a5e013,4,1,38.235,28.235,38.235,2,2;3;4,3,38.235,0.0,0.0,42200001e818cbd8682d87ee636454bdef0f7fa460a6411853d72b207330acc5,final_online_training_manifest.csv::soh_rated_pct
B0040_D0003,B0040,1565,ONLINE_FIXED_START_CAUSAL_10S_V1,PASS,B0040.mat,1d7eb3dbf82bda46837831756999d911211b9ed0cc892c7e2e8d7f9059a5e013,6,2,38.437,28.437,38.437,2,2;3;4,3,38.437,0.0,0.0,cc8c4197726b3139189ea5e7da01d3a1a28446e944bcca2705c2a13a66755f49,final_online_training_manifest.csv::soh_rated_pct
B0040_D0004,B0040,1566,ONLINE_FIXED_START_CAUSAL_10S_V1,PASS,B0040.mat,1d7eb3dbf82bda46837831756999d911211b9ed0cc892c7e2e8d7f9059a5e013,8,3,38.672,28.672000000000004,38.672,2,2;3;4,3,38.672000000000004,0.0,0.0,46087371d9d9a6eb1823bb53e1af644ce5767566d38ebe5b90ab42452e193530,final_online_training_manifest.csv::soh_rated_pct
B0040_D0005,B0040,1567,ONLINE_FIXED_START_CAUSAL_10S_V1,PASS,B0040.mat,1d7eb3dbf82bda46837831756999d911211b9ed0cc892c7e2e8d7f9059a5e013,10,4,38.922,28.922,38.922,2,2;3;4,3,38.922,0.0,0.0,0b95390709210b7bdcb7ec469186272e9e72d612fb577a03c4436e5b6d7d9e5b,final_online_training_manifest.csv::soh_rated_pct
B0040_D0006,B0040,1568,ONLINE_FIXED_START_CAUSAL_10S_V1,PASS,B0040.mat,1d7eb3dbf82bda46837831756999d911211b9ed0cc892c7e2e8d7f9059a5e013,12,5,39.094,29.094,39.094,2,2;3;4,3,39.094,0.0,0.0,c9a0f1954d6595dbde8142a3873545af1ca97b6c2a8ee22af519ad5c9b4d6084,final_online_training_manifest.csv::soh_rated_pct
B0040_D0007,B0040,1569,ONLINE_FIXED_START_CAUSAL_10S_V1,PASS,B0040.mat,1d7eb3dbf82bda46837831756999d911211b9ed0cc892c7e2e8d7f9059a5e013,16,6,39.422,29.422,39.422,2,2;3;4,3,39.422,0.0,0.0,70ff17a88a495c8c8e2381ae122d99c8e6d31eb856f58ee239c6dc05f668b642,final_online_training_manifest.csv::soh_rated_pct
B0040_D0008,B0040,1570,ONLINE_FIXED_START_CAUSAL_10S_V1,PASS,B0040.mat,1d7eb3dbf82bda46837831756999d911211b9ed0cc892c7e2e8d7f9059a5e013,20,7,39.531000000000006,29.53100000000001,39.531000000000006,2,2;3;4,3,39.531000000000006,0.0,0.0,63345cd534b486828a962cfd3eada4116447545c8509a4a126e1cb50a2066ed7,final_online_training_manifest.csv::soh_rated_pct
B0040_D0009,B0040,1571,ONLINE_FIXED_START_CAUSAL_10S_V1,PASS,B0040.mat,1d7eb3dbf82bda46837831756999d911211b9ed0cc892c7e2e8d7f9059a5e013,22,8,39.422,29.422,39.422,2,2;3;4,3,39.422,0.0,0.0,452cd79758f44b94a246fefbd4149f05ce587204b829e029e057ab2e182890c0,final_online_training_manifest.csv::soh_rated_pct
B0040_D0010,B0040,1572,ONLINE_FIXED_START_CAUSAL_10S_V1,PASS,B0040.mat,1d7eb3dbf82bda46837831756999d911211b9ed0cc892c7e2e8d7f9059a5e013,24,9,39.704,29.704,39.704,2,2;3;4,3,39.704,0.0,0.0,1980441b54042f26af080eaf73e4db32098fb5c1b99827e108f82dea11f1e289,final_online_training_manifest.csv::soh_rated_pct
B0040_D0011,B0040,1573,ONLINE_FIXED_START_CAUSAL_10S_V1,PASS,B0040.mat,1d7eb3dbf82bda46837831756999d911211b9ed0cc892c7e2e8d7f9059a5e013,26,10,39.797,29.797,39.797,2,2;3;4,3,39.797,0.0,0.0,9d8d9430eaa5f8778dde8aea4e6bea960893e50ee35527c8445fe4449c7e9409,final_online_training_manifest.csv::soh_rated_pct
B0040_D0012,B0040,1574,ONLINE_FIXED_START_CAUSAL_10S_V1,PASS,B0040.mat,1d7eb3dbf82bda46837831756999d911211b9ed0cc892c7e2e8d7f9059a5e013,28,11,40.0,30.0,40.0,2,2;3;4,3,40.0,0.0,0.0,a6edd73a6150c2176465b13ba68ad57f8ae22d07c3b8cfa42b967fa7a6f8ca0d,final_online_training_manifest.csv::soh_rated_pct
B0040_D0013,B0040,1575,ONLINE_FIXED_START_CAUSAL_10S_V1,PASS,B0040.mat,1d7eb3dbf82bda46837831756999d911211b9ed0cc892c7e2e8d7f9059a5e013,32,12,40.125,30.125,40.125,2,2;3;4,3,40.125,0.0,0.0,4796cd67d3e02fcb5a7d96f3b36b0aa282251703351f40b8c5cf750688dca5d5,final_online_training_manifest.csv::soh_rated_pct
B0040_D0014,B0040,1576,ONLINE_FIXED_START_CAUSAL_10S_V1,PASS,B0040.mat,1d7eb3dbf82bda46837831756999d911211b9ed0cc892c7e2e8d7f9059a5e013,36,13,40.218,30.218000000000004,40.218,1,3;4,2,40.218,0.0,0.0,4e41306d6ee7e3d2063dfbd1e68a3f4d84851c1c9f1af82d836d15f2871d20ab,final_online_training_manifest.csv::soh_rated_pct
B0040_D0015,B0040,1577,ONLINE_FIXED_START_CAUSAL_10S_V1,PASS,B0040.mat,1d7eb3dbf82bda46837831756999d911211b9ed0cc892c7e2e8d7f9059a5e013,38,14,40.578,30.578000000000003,40.578,1,3;4,2,40.578,0.0,0.0,50cc8539770edb4689a5656902f606425c52d06214e8db49feb7ab0c5abf668b,final_online_training_manifest.csv::soh_rated_pct
B0040_D0016,B0040,1578,ONLINE_FIXED_START_CAUSAL_10S_V1,PASS,B0040.mat,1d7eb3dbf82bda46837831756999d911211b9ed0cc892c7e2e8d7f9059a5e013,40,15,40.719,30.719,40.719,1,3;4,2,40.719,0.0,0.0,97673715133eac6e91450fe54519dc65e78206e157600de9baa9df55d91dfe64,final_online_training_manifest.csv::soh_rated_pct
B0040_D0017,B0040,1579,ONLINE_FIXED_START_CAUSAL_10S_V1,PASS,B0040.mat,1d7eb3dbf82bda46837831756999d911211b9ed0cc892c7e2e8d7f9059a5e013,42,16,40.735,30.735,40.735,1,3;4,2,40.735,0.0,0.0,7256aea640efc9d4d217f95b2b5f4462afeca08a6f08a0aa4a60b648698a0885,final_online_training_manifest.csv::soh_rated_pct
B0040_D0018,B0040,1580,ONLINE_FIXED_START_CAUSAL_10S_V1,PASS,B0040.mat,1d7eb3dbf82bda46837831756999d911211b9ed0cc892c7e2e8d7f9059a5e013,44,17,40.969,30.969,40.969,1,3;4,2,40.968999999999994,0.0,0.0,0efe1925b08b6eb6a9215aaa2e9367c6b28078906fbd3f8fdd9543195cb0ca65,final_online_training_manifest.csv::soh_rated_pct
B0040_D0019,B0040,1581,ONLINE_FIXED_START_CAUSAL_10S_V1,PASS,B0040.mat,1d7eb3dbf82bda46837831756999d911211b9ed0cc892c7e2e8d7f9059a5e013,48,18,41.063,31.063,41.063,1,3;4,2,41.063,0.0,0.0,badc059c541c8df449e423718ceeb5ef9294ab85c12062c96ae2600d8b01c86e,final_online_training_manifest.csv::soh_rated_pct
B0040_D0020,B0040,1582,ONLINE_FIXED_START_CAUSAL_10S_V1,PASS,B0040.mat,1d7eb3dbf82bda46837831756999d911211b9ed0cc892c7e2e8d7f9059a5e013,52,19,41.344,31.344,41.344,1,3;4,2,41.343999999999994,0.0,0.0,5dc7c99ccbe863a6a5ef6e7ace27dbcfc3c419dbebee07d0ae7938824981fadf,final_online_training_manifest.csv::soh_rated_pct
B0040_D0021,B0040,1583,ONLINE_FIXED_START_CAUSAL_10S_V1,PASS,B0040.mat,1d7eb3dbf82bda46837831756999d911211b9ed0cc892c7e2e8d7f9059a5e013,54,20,41.328,31.328000000000003,41.328,1,3;4,2,41.328,0.0,0.0,c00ecab0611894499ef79ddab0095cf89559e356f157374952124343b9c0933b,final_online_training_manifest.csv::soh_rated_pct
B0040_D0022,B0040,1584,ONLINE_FIXED_START_CAUSAL_10S_V1,PASS,B0040.mat,1d7eb3dbf82bda46837831756999d911211b9ed0cc892c7e2e8d7f9059a5e013,56,21,41.485,31.485,41.485,1,3;4,2,41.485,0.0,0.0,0142cfe4b9a4488cb0d802bf43448befb78f6af5e4a9f3c203a1070f0381af2c,final_online_training_manifest.csv::soh_rated_pct
B0040_D0023,B0040,1585,ONLINE_FIXED_START_CAUSAL_10S_V1,PASS,B0040.mat,1d7eb3dbf82bda46837831756999d911211b9ed0cc892c7e2e8d7f9059a5e013,58,22,41.735,31.735,41.735,1,3;4,2,41.735,0.0,0.0,d56916a24732c8a2c14858340fdb92857ca4fee1fb9ad0454ca0ccbbe56fb84d,final_online_training_manifest.csv::soh_rated_pct
B0040_D0024,B0040,1586,ONLINE_FIXED_START_CAUSAL_10S_V1,PASS,B0040.mat,1d7eb3dbf82bda46837831756999d911211b9ed0cc892c7e2e8d7f9059a5e013,60,23,41.937000000000005,31.937000000000005,41.937000000000005,1,3;4,2,41.937000000000005,0.0,0.0,00c875426f2f20f39d5a1e8861b3b6afe40778159809604694ac4589c9e4ff91,final_online_training_manifest.csv::soh_rated_pct
B0040_D0025,B0040,1587,ONLINE_FIXED_START_CAUSAL_10S_V1,PASS,B0040.mat,1d7eb3dbf82bda46837831756999d911211b9ed0cc892c7e2e8d7f9059a5e013,64,24,42.078,32.078,42.078,1,3;4,2,42.078,0.0,0.0,31840f16182ecb3c3bcc2973cae72fdfe55cf2d5e015e24e7a6fbb35b1251706,final_online_training_manifest.csv::soh_rated_pct
B0040_D0026,B0040,1588,ONLINE_FIXED_START_CAUSAL_10S_V1,PASS,B0040.mat,1d7eb3dbf82bda46837831756999d911211b9ed0cc892c7e2e8d7f9059a5e013,66,25,42.156,32.156,42.156,1,3;4,2,42.156,0.0,0.0,fe22f1f9424aae9961e9dff41ab193cc56757f4e17ec50ca3b00ec82b63ae229,final_online_training_manifest.csv::soh_rated_pct
B0040_D0027,B0040,1589,ONLINE_FIXED_START_CAUSAL_10S_V1,PASS,B0040.mat,1d7eb3dbf82bda46837831756999d911211b9ed0cc892c7e2e8d7f9059a5e013,68,26,42.25,32.25,42.25,1,3;4,2,42.25,0.0,0.0,5a7902ab6795b3675040052d1cca81b91b5c7f984acfa4c95d6004bfdcbb1ae2,final_online_training_manifest.csv::soh_rated_pct
B0040_D0028,B0040,1590,ONLINE_FIXED_START_CAUSAL_10S_V1,PASS,B0040.mat,1d7eb3dbf82bda46837831756999d911211b9ed0cc892c7e2e8d7f9059a5e013,70,27,42.453,32.453,42.453,1,3;4,2,42.453,0.0,0.0,841c6082c02ffa28c50212f3e6159a1a57c03bc241df1954dae4afa3804280ec,final_online_training_manifest.csv::soh_rated_pct
B0040_D0029,B0040,1591,ONLINE_FIXED_START_CAUSAL_10S_V1,PASS,B0040.mat,1d7eb3dbf82bda46837831756999d911211b9ed0cc892c7e2e8d7f9059a5e013,72,28,42.531000000000006,32.531000000000006,42.531000000000006,1,3;4,2,42.531000000000006,0.0,0.0,23f02408467f0f846e9d2b9cede0f1a2920a9e9acf717ea93e70c779bc54d0da,final_online_training_manifest.csv::soh_rated_pct
B0040_D0030,B0040,1592,ONLINE_FIXED_START_CAUSAL_10S_V1,PASS,B0040.mat,1d7eb3dbf82bda46837831756999d911211b9ed0cc892c7e2e8d7f9059a5e013,76,29,42.578,32.578,42.578,1,3;4,2,42.578,0.0,0.0,f949551358f1ec9ea3732ce30eb3016a1236826948d787a4413a3a95cb55e70c,final_online_training_manifest.csv::soh_rated_pct
B0040_D0031,B0040,1593,ONLINE_FIXED_START_CAUSAL_10S_V1,PASS,B0040.mat,1d7eb3dbf82bda46837831756999d911211b9ed0cc892c7e2e8d7f9059a5e013,78,30,42.765,32.765,42.765,1,3;4,2,42.765,0.0,0.0,49cef992e5215fa8b4acb1d7a77b96f1788ed9d4799f1efd8dd27ba9193278a2,final_online_training_manifest.csv::soh_rated_pct
B0040_D0032,B0040,1594,ONLINE_FIXED_START_CAUSAL_10S_V1,PASS,B0040.mat,1d7eb3dbf82bda46837831756999d911211b9ed0cc892c7e2e8d7f9059a5e013,80,31,42.954,32.954,42.954,1,3;4,2,42.954,0.0,0.0,177726b0d68ca751464ae1e686df72bdee3a9f027b30052e982f75604c869d94,final_online_training_manifest.csv::soh_rated_pct
B0040_D0033,B0040,1595,ONLINE_FIXED_START_CAUSAL_10S_V1,PASS,B0040.mat,1d7eb3dbf82bda46837831756999d911211b9ed0cc892c7e2e8d7f9059a5e013,82,32,43.188,33.188,43.188,1,3;4,2,43.188,0.0,0.0,a3669ec6dfe028c69ecdb0b10c40c8a33034da93cd9047ee3a351db0cc39290f,final_online_training_manifest.csv::soh_rated_pct
B0040_D0034,B0040,1596,ONLINE_FIXED_START_CAUSAL_10S_V1,PASS,B0040.mat,1d7eb3dbf82bda46837831756999d911211b9ed0cc892c7e2e8d7f9059a5e013,84,33,43.11,33.11,43.11,1,3;4,2,43.11,0.0,0.0,54d04fd92179a1bca145b7d5830b70928b7229f42ecbf7ebc14aa5234ffba6a1,final_online_training_manifest.csv::soh_rated_pct
B0040_D0035,B0040,1597,ONLINE_FIXED_START_CAUSAL_10S_V1,PASS,B0040.mat,1d7eb3dbf82bda46837831756999d911211b9ed0cc892c7e2e8d7f9059a5e013,88,34,43.39,33.39,43.39,1,3;4,2,43.39,0.0,0.0,e54bc4f553cdb21b971a2a46a0b5f2c105782981160caa8747713767f95e3db7,final_online_training_manifest.csv::soh_rated_pct
B0040_D0036,B0040,1598,ONLINE_FIXED_START_CAUSAL_10S_V1,PASS,B0040.mat,1d7eb3dbf82bda46837831756999d911211b9ed0cc892c7e2e8d7f9059a5e013,90,35,43.469,33.468999999999994,43.469,1,3;4,2,43.468999999999994,0.0,0.0,3ec4ba7e66b2961b323ca9ec31e1bc179dca47d0c366a6a5456e5276fe8b9273,final_online_training_manifest.csv::soh_rated_pct
B0040_D0037,B0040,1599,ONLINE_FIXED_START_CAUSAL_10S_V1,PASS,B0040.mat,1d7eb3dbf82bda46837831756999d911211b9ed0cc892c7e2e8d7f9059a5e013,92,36,43.516,33.516,43.516,1,3;4,2,43.516,0.0,0.0,6d698e5e4a3708f42723e867ba06792bd8ab4ca644b67ecec66e9d57f1d8724e,final_online_training_manifest.csv::soh_rated_pct
B0040_D0038,B0040,1600,ONLINE_FIXED_START_CAUSAL_10S_V1,PASS,B0040.mat,1d7eb3dbf82bda46837831756999d911211b9ed0cc892c7e2e8d7f9059a5e013,94,37,43.656,33.656,43.656,1,3;4,2,43.656,0.0,0.0,8a1cc08a64f0d1c7b925f80a80514a0461fea8ce621d4c4a35db4ad43df15b49,final_online_training_manifest.csv::soh_rated_pct
B0040_D0039,B0040,1601,ONLINE_FIXED_START_CAUSAL_10S_V1,PASS,B0040.mat,1d7eb3dbf82bda46837831756999d911211b9ed0cc892c7e2e8d7f9059a5e013,96,38,43.829,33.829,43.829,1,3;4,2,43.829,0.0,0.0,dfcaff98fd06ec02618b088304750757126bb1ff9bf0f712995106009f5613b1,final_online_training_manifest.csv::soh_rated_pct
B0040_D0040,B0040,1602,ONLINE_FIXED_START_CAUSAL_10S_V1,PASS,B0040.mat,1d7eb3dbf82bda46837831756999d911211b9ed0cc892c7e2e8d7f9059a5e013,100,39,44.219,34.218999999999994,44.219,1,3;4,2,44.218999999999994,0.0,0.0,3ff682c118d25cb34d76b2d3009dea81260d5f5a3c15a34c4aeff769048adca3,final_online_training_manifest.csv::soh_rated_pct
B0040_D0041,B0040,1603,ONLINE_FIXED_START_CAUSAL_10S_V1,PASS,B0040.mat,1d7eb3dbf82bda46837831756999d911211b9ed0cc892c7e2e8d7f9059a5e013,104,40,44.156,34.156,44.156,1,3;4,2,44.156,0.0,0.0,f5f32924057cfe5b1dc848849c6a71021d149e877f390a7f24e297f581977859,final_online_training_manifest.csv::soh_rated_pct
B0040_D0042,B0040,1604,ONLINE_FIXED_START_CAUSAL_10S_V1,PASS,B0040.mat,1d7eb3dbf82bda46837831756999d911211b9ed0cc892c7e2e8d7f9059a5e013,106,41,44.375,34.375,44.375,1,3;4,2,44.375,0.0,0.0,793f3bc098e11d3458ecf4a622cecb6deef8b7323b76287b5ad9f84f25d4fa74,final_online_training_manifest.csv::soh_rated_pct
B0040_D0043,B0040,1605,ONLINE_FIXED_START_CAUSAL_10S_V1,PASS,B0040.mat,1d7eb3dbf82bda46837831756999d911211b9ed0cc892c7e2e8d7f9059a5e013,108,42,44.344,34.343999999999994,44.344,1,3;4,2,44.343999999999994,0.0,0.0,4eeceb3a5a6aebf273745f9f8f4408d44b56587ce4a81d386073afd2e52d4b14,final_online_training_manifest.csv::soh_rated_pct
B0040_D0044,B0040,1606,ONLINE_FIXED_START_CAUSAL_10S_V1,PASS,B0040.mat,1d7eb3dbf82bda46837831756999d911211b9ed0cc892c7e2e8d7f9059a5e013,110,43,44.454,34.454,44.454,1,3;4,2,44.454,0.0,0.0,5cfe722de4abb173143ba19c9626c038b0efec47c5d455a06eac52012a25c198,final_online_training_manifest.csv::soh_rated_pct
B0040_D0045,B0040,1607,ONLINE_FIXED_START_CAUSAL_10S_V1,PASS,B0040.mat,1d7eb3dbf82bda46837831756999d911211b9ed0cc892c7e2e8d7f9059a5e013,112,44,44.468,34.468,44.468,1,3;4,2,44.468,0.0,0.0,be5144093f19bff3eb4d452368260fc1f4089fe005455bbd545b7b538ec47ce5,final_online_training_manifest.csv::soh_rated_pct
B0040_D0047,B0040,1608,ONLINE_FIXED_START_CAUSAL_10S_V1,PASS,B0040.mat,1d7eb3dbf82bda46837831756999d911211b9ed0cc892c7e2e8d7f9059a5e013,120,46,44.813,34.813,44.813,1,3;4,2,44.813,0.0,0.0,f91a230689499fbbae0adf2308f90d4ef183a36f3008ad09e7bb486c3d1f3c36,final_online_training_manifest.csv::soh_rated_pct
B0041_D0043,B0041,1609,ONLINE_FIXED_START_CAUSAL_10S_V1,PASS,B0041.mat,a5440bfb8a141a123ed255ddccaec736b7e04028bce266f04da44c99d53c1eaf,103,42,47.046,37.046,47.046,1,3;4,2,47.046,0.0,0.0,cb6b0f9d8562769ec2ac09d0de07ff7f48815de6359bbaace7d3d771da1eb8cc,final_online_training_manifest.csv::soh_rated_pct
B0041_D0044,B0041,1610,ONLINE_FIXED_START_CAUSAL_10S_V1,PASS,B0041.mat,a5440bfb8a141a123ed255ddccaec736b7e04028bce266f04da44c99d53c1eaf,107,43,47.203,37.203,47.203,1,3;4,2,47.203,0.0,0.0,9087f3e37328b069f76cd07608fcfc9d5c452b2dc791f27c36cf0ced091b5840,final_online_training_manifest.csv::soh_rated_pct
B0041_D0045,B0041,1611,ONLINE_FIXED_START_CAUSAL_10S_V1,PASS,B0041.mat,a5440bfb8a141a123ed255ddccaec736b7e04028bce266f04da44c99d53c1eaf,109,44,47.25,37.25,47.25,1,3;4,2,47.25,0.0,0.0,38576407fb016102de1bbb6bd62d4541b3bf21eb1832327d2502b685d34be5f0,final_online_training_manifest.csv::soh_rated_pct
B0041_D0046,B0041,1612,ONLINE_FIXED_START_CAUSAL_10S_V1,PASS,B0041.mat,a5440bfb8a141a123ed255ddccaec736b7e04028bce266f04da44c99d53c1eaf,111,45,47.422,37.422,47.422,1,3;4,2,47.422000000000004,0.0,0.0,ee7a27166ba78d10771c23bc13c857156afdf7690b72f412c6b33fce4e1cbddb,final_online_training_manifest.csv::soh_rated_pct
B0041_D0047,B0041,1613,ONLINE_FIXED_START_CAUSAL_10S_V1,PASS,B0041.mat,a5440bfb8a141a123ed255ddccaec736b7e04028bce266f04da44c99d53c1eaf,113,46,47.375,37.375,47.375,1,3;4,2,47.375,0.0,0.0,fcaecaf63271e6280f3c443a5615474fc58a9472d74b7535cac2003d0eaa6f92,final_online_training_manifest.csv::soh_rated_pct
B0041_D0048,B0041,1614,ONLINE_FIXED_START_CAUSAL_10S_V1,PASS,B0041.mat,a5440bfb8a141a123ed255ddccaec736b7e04028bce266f04da44c99d53c1eaf,115,47,47.625,37.625,47.625,1,3;4,2,47.625,0.0,0.0,7025a95cc6ef28541745a9962704f736ce3bad78d87a78282f266d08311665b8,final_online_training_manifest.csv::soh_rated_pct
B0041_D0049,B0041,1615,ONLINE_FIXED_START_CAUSAL_10S_V1,PASS,B0041.mat,a5440bfb8a141a123ed255ddccaec736b7e04028bce266f04da44c99d53c1eaf,119,48,47.703,37.703,47.703,1,3;4,2,47.703,0.0,0.0,9e6504a0fbc48164ecd6eb088105218d521b45a7335fa619d28b176524b0a819,final_online_training_manifest.csv::soh_rated_pct
B0041_D0050,B0041,1616,ONLINE_FIXED_START_CAUSAL_10S_V1,PASS,B0041.mat,a5440bfb8a141a123ed255ddccaec736b7e04028bce266f04da44c99d53c1eaf,121,49,47.828,37.828,47.828,1,3;4,2,47.827999999999996,0.0,0.0,fb814a9b18843ca424d8b65c855b955d70b7f03f85425872cb3fd782819d44b8,final_online_training_manifest.csv::soh_rated_pct
B0041_D0051,B0041,1617,ONLINE_FIXED_START_CAUSAL_10S_V1,PASS,B0041.mat,a5440bfb8a141a123ed255ddccaec736b7e04028bce266f04da44c99d53c1eaf,123,50,48.328,38.328,48.328,1,3;4,2,48.328,0.0,0.0,fe3e0b92cdc42a33d334151131b24d265cd454aedfb1d9cbb18f29e22747748c,final_online_training_manifest.csv::soh_rated_pct
B0041_D0052,B0041,1618,ONLINE_FIXED_START_CAUSAL_10S_V1,PASS,B0041.mat,a5440bfb8a141a123ed255ddccaec736b7e04028bce266f04da44c99d53c1eaf,125,51,48.031,38.031,48.031,1,3;4,2,48.031,0.0,0.0,5acb0f83a162790d4f5bbb6215955cfa7d3e4990d4c91fe5b6346977c5ba2446,final_online_training_manifest.csv::soh_rated_pct
B0041_D0053,B0041,1619,ONLINE_FIXED_START_CAUSAL_10S_V1,PASS,B0041.mat,a5440bfb8a141a123ed255ddccaec736b7e04028bce266f04da44c99d53c1eaf,127,52,48.204,38.204,48.204,1,3;4,2,48.204,0.0,0.0,58e545d582d8a68433d2d083bc7fe370412710f86417d8f683f7f7de5fbcd6c3,final_online_training_manifest.csv::soh_rated_pct
B0041_D0054,B0041,1620,ONLINE_FIXED_START_CAUSAL_10S_V1,PASS,B0041.mat,a5440bfb8a141a123ed255ddccaec736b7e04028bce266f04da44c99d53c1eaf,131,53,48.063,38.063,48.063,1,3;4,2,48.063,0.0,0.0,01363946a839bef1cea586f4b600ea383484fa64947b111ee2b78e97f001b632,final_online_training_manifest.csv::soh_rated_pct
B0041_D0055,B0041,1621,ONLINE_FIXED_START_CAUSAL_10S_V1,PASS,B0041.mat,a5440bfb8a141a123ed255ddccaec736b7e04028bce266f04da44c99d53c1eaf,133,54,48.422,38.422,48.422,1,3;4,2,48.422,0.0,0.0,9bece72c5fcff1df9ae395368920fbb976c26669bb52827ab58211965b6d8bda,final_online_training_manifest.csv::soh_rated_pct
B0041_D0056,B0041,1622,ONLINE_FIXED_START_CAUSAL_10S_V1,PASS,B0041.mat,a5440bfb8a141a123ed255ddccaec736b7e04028bce266f04da44c99d53c1eaf,135,55,48.359,38.359,48.359,1,3;4,2,48.359,0.0,0.0,4da20c871acda7f8aa4e8648c4a950442877689c66e6757b734e907dd44f0c03,final_online_training_manifest.csv::soh_rated_pct
B0041_D0057,B0041,1623,ONLINE_FIXED_START_CAUSAL_10S_V1,PASS,B0041.mat,a5440bfb8a141a123ed255ddccaec736b7e04028bce266f04da44c99d53c1eaf,137,56,48.703,38.703,48.703,1,3;4,2,48.703,0.0,0.0,e506af949ae150194d72c5f54efa3cd83da8bc9db06f82a0618808e131dd0783,final_online_training_manifest.csv::soh_rated_pct
B0041_D0058,B0041,1624,ONLINE_FIXED_START_CAUSAL_10S_V1,PASS,B0041.mat,a5440bfb8a141a123ed255ddccaec736b7e04028bce266f04da44c99d53c1eaf,139,57,48.547,38.547,48.547,1,3;4,2,48.547000000000004,0.0,0.0,3bca722309414110260e83cb6040bce946d22b0a339109711ac7c4b4fe2c9978,final_online_training_manifest.csv::soh_rated_pct
B0041_D0059,B0041,1625,ONLINE_FIXED_START_CAUSAL_10S_V1,PASS,B0041.mat,a5440bfb8a141a123ed255ddccaec736b7e04028bce266f04da44c99d53c1eaf,143,58,48.828,38.828,48.828,1,3;4,2,48.828,0.0,0.0,1e4b8e698fc69183d067b132f169d846ae41a06af82b16149b37a7498f2be92b,final_online_training_manifest.csv::soh_rated_pct
B0041_D0060,B0041,1626,ONLINE_FIXED_START_CAUSAL_10S_V1,PASS,B0041.mat,a5440bfb8a141a123ed255ddccaec736b7e04028bce266f04da44c99d53c1eaf,145,59,48.766,38.766,48.766,1,3;4,2,48.766,0.0,0.0,5ac1092ae98cb254c0563cb2ffebcaaf420788af7dddb5522ce860e2923f0a0f,final_online_training_manifest.csv::soh_rated_pct
B0041_D0061,B0041,1627,ONLINE_FIXED_START_CAUSAL_10S_V1,PASS,B0041.mat,a5440bfb8a141a123ed255ddccaec736b7e04028bce266f04da44c99d53c1eaf,147,60,48.938,38.938,48.938,1,3;4,2,48.938,0.0,0.0,c4e6df284b4ffefdb2b7ab96bb5a9cafc7354293966df581297e5f12e422fff9,final_online_training_manifest.csv::soh_rated_pct
B0041_D0062,B0041,1628,ONLINE_FIXED_START_CAUSAL_10S_V1,PASS,B0041.mat,a5440bfb8a141a123ed255ddccaec736b7e04028bce266f04da44c99d53c1eaf,149,61,48.984,38.984,48.984,1,3;4,2,48.984,0.0,0.0,2689799fa2f6742f2e7b90850c424115c9e357e78dfbaf471e17a488857a5e5d,final_online_training_manifest.csv::soh_rated_pct
B0041_D0063,B0041,1629,ONLINE_FIXED_START_CAUSAL_10S_V1,PASS,B0041.mat,a5440bfb8a141a123ed255ddccaec736b7e04028bce266f04da44c99d53c1eaf,151,62,49.078,39.078,49.078,1,3;4,2,49.078,0.0,0.0,143f8f7d05e850ee5f8bfd7e6fcf6b846ef2c0434d787ef5213d418a793ee24c,final_online_training_manifest.csv::soh_rated_pct
B0041_D0064,B0041,1630,ONLINE_FIXED_START_CAUSAL_10S_V1,PASS,B0041.mat,a5440bfb8a141a123ed255ddccaec736b7e04028bce266f04da44c99d53c1eaf,155,63,49.234,39.234,49.234,1,3;4,2,49.234,0.0,0.0,31d8d87bd9c0fcdb6f19fbb35b27011a7d214962938af5bf3196e66d1f2be331,final_online_training_manifest.csv::soh_rated_pct
B0041_D0065,B0041,1631,ONLINE_FIXED_START_CAUSAL_10S_V1,PASS,B0041.mat,a5440bfb8a141a123ed255ddccaec736b7e04028bce266f04da44c99d53c1eaf,157,64,49.39,39.39,49.39,1,3;4,2,49.39,0.0,0.0,1603c78e1aaed5a325ce76b39e98c7a255f99943965869104bc3c7b2c7357070,final_online_training_manifest.csv::soh_rated_pct
B0041_D0066,B0041,1632,ONLINE_FIXED_START_CAUSAL_10S_V1,PASS,B0041.mat,a5440bfb8a141a123ed255ddccaec736b7e04028bce266f04da44c99d53c1eaf,159,65,49.422,39.422,49.422,1,3;4,2,49.422,0.0,0.0,75c346412696f85de159afe9227e81ede7afa3cb32d4a5fc36edc269403b204e,final_online_training_manifest.csv::soh_rated_pct
B0041_D0067,B0041,1633,ONLINE_FIXED_START_CAUSAL_10S_V1,PASS,B0041.mat,a5440bfb8a141a123ed255ddccaec736b7e04028bce266f04da44c99d53c1eaf,161,66,49.531000000000006,39.531000000000006,49.531000000000006,1,3;4,2,49.531000000000006,0.0,0.0,09ed65f14a220ed7b8808b7081411a689217d8a03128b38dda9a1a4e05630d7c,final_online_training_manifest.csv::soh_rated_pct
B0042_D0001,B0042,1634,ONLINE_FIXED_START_CAUSAL_10S_V1,PASS,B0042.mat,4c39701508278c7a4f14e8af299f2510403dca30f2627fcf30c0ad7dc9f33675,2,0,38.25,28.25,38.25,2,2;3;4,3,38.25,0.0,0.0,3ad8a845c59d5791f6e1896412071d224fe51cdbf47234a4f2660dae3a4b1595,final_online_training_manifest.csv::soh_rated_pct
B0042_D0002,B0042,1635,ONLINE_FIXED_START_CAUSAL_10S_V1,PASS,B0042.mat,4c39701508278c7a4f14e8af299f2510403dca30f2627fcf30c0ad7dc9f33675,4,1,38.406000000000006,28.40600000000001,38.406000000000006,2,2;3;4,3,38.406000000000006,0.0,0.0,461c1f13048097cb3930c8ec9c91a59287d06d5a43843747073fad472333e172,final_online_training_manifest.csv::soh_rated_pct
B0042_D0003,B0042,1636,ONLINE_FIXED_START_CAUSAL_10S_V1,PASS,B0042.mat,4c39701508278c7a4f14e8af299f2510403dca30f2627fcf30c0ad7dc9f33675,6,2,38.813,28.813,38.813,2,2;3;4,3,38.813,0.0,0.0,3ae21d416c596cc91e95981c2e706c72c0ce1b1ebc4f449ba5796fe3e04b0068,final_online_training_manifest.csv::soh_rated_pct
B0042_D0004,B0042,1637,ONLINE_FIXED_START_CAUSAL_10S_V1,PASS,B0042.mat,4c39701508278c7a4f14e8af299f2510403dca30f2627fcf30c0ad7dc9f33675,8,3,38.891000000000005,28.891000000000005,38.891000000000005,2,2;3;4,3,38.891000000000005,0.0,0.0,2d00ef7c8905b4e35fe16f6e2ecf24f68139d5f78fb1e4074dfeb74264f1788f,final_online_training_manifest.csv::soh_rated_pct
B0042_D0005,B0042,1638,ONLINE_FIXED_START_CAUSAL_10S_V1,PASS,B0042.mat,4c39701508278c7a4f14e8af299f2510403dca30f2627fcf30c0ad7dc9f33675,10,4,38.969,28.969,38.969,2,2;3;4,3,38.969,0.0,0.0,8bd4efbe9bf4dbebb145fbdddedcbbacdf8b805e6d1a3e3655a48eecaedd9199,final_online_training_manifest.csv::soh_rated_pct
B0042_D0007,B0042,1639,ONLINE_FIXED_START_CAUSAL_10S_V1,PASS,B0042.mat,4c39701508278c7a4f14e8af299f2510403dca30f2627fcf30c0ad7dc9f33675,16,6,39.312000000000005,29.312000000000005,39.312000000000005,2,2;3;4,3,39.312000000000005,0.0,0.0,5b4d38da18fc762becfae320564618aa6ab0f041a6fd07a02167c7d7783b9ed7,final_online_training_manifest.csv::soh_rated_pct
B0042_D0008,B0042,1640,ONLINE_FIXED_START_CAUSAL_10S_V1,PASS,B0042.mat,4c39701508278c7a4f14e8af299f2510403dca30f2627fcf30c0ad7dc9f33675,18,7,39.515,29.515,39.515,2,2;3;4,3,39.515,0.0,0.0,c4ae51350404115c5d17a2ffc4a0a10a0d537753f15eb3817db2df94b8efe843,final_online_training_manifest.csv::soh_rated_pct
B0042_D0009,B0042,1641,ONLINE_FIXED_START_CAUSAL_10S_V1,PASS,B0042.mat,4c39701508278c7a4f14e8af299f2510403dca30f2627fcf30c0ad7dc9f33675,20,8,39.656,29.656,39.656,2,2;3;4,3,39.656,0.0,0.0,358c26c3f0896ef50bb3c65831715cf9a2507c73d80ed950a5a562e561d31188,final_online_training_manifest.csv::soh_rated_pct
B0042_D0010,B0042,1642,ONLINE_FIXED_START_CAUSAL_10S_V1,PASS,B0042.mat,4c39701508278c7a4f14e8af299f2510403dca30f2627fcf30c0ad7dc9f33675,22,9,39.938,29.938,39.938,2,2;3;4,3,39.938,0.0,0.0,ddbfacbbb7af927b1b708aaeadc0d2e2506e800e7dbecf5216b1fa44f6f6e3d4,final_online_training_manifest.csv::soh_rated_pct
B0042_D0011,B0042,1643,ONLINE_FIXED_START_CAUSAL_10S_V1,PASS,B0042.mat,4c39701508278c7a4f14e8af299f2510403dca30f2627fcf30c0ad7dc9f33675,26,10,40.078,30.078000000000003,40.078,2,2;3;4,3,40.078,0.0,0.0,6ece6a68f0b594b7a39194c754afaa65cf312fa101d92d7cf3f2ebe2fb3bba8f,final_online_training_manifest.csv::soh_rated_pct
B0042_D0012,B0042,1644,ONLINE_FIXED_START_CAUSAL_10S_V1,PASS,B0042.mat,4c39701508278c7a4f14e8af299f2510403dca30f2627fcf30c0ad7dc9f33675,28,11,40.078,30.078000000000003,40.078,2,3;4,2,40.078,0.0,0.0,a6cc1a1237690fa1f91aaaa2c081c4ef4d30397fe7b351c2370350669eeb7088,final_online_training_manifest.csv::soh_rated_pct
B0042_D0013,B0042,1645,ONLINE_FIXED_START_CAUSAL_10S_V1,PASS,B0042.mat,4c39701508278c7a4f14e8af299f2510403dca30f2627fcf30c0ad7dc9f33675,30,12,40.313,30.312999999999995,40.313,1,3;4,2,40.312999999999995,0.0,0.0,398084b4c82e69b8d7e54832f27a7ba13c80c1ad51b37fbe7de3d4461af07b9b,final_online_training_manifest.csv::soh_rated_pct
B0042_D0014,B0042,1646,ONLINE_FIXED_START_CAUSAL_10S_V1,PASS,B0042.mat,4c39701508278c7a4f14e8af299f2510403dca30f2627fcf30c0ad7dc9f33675,32,13,40.406000000000006,30.40600000000001,40.406000000000006,1,3;4,2,40.406000000000006,0.0,0.0,92b86a4d81b89d36d3efa2bf6b685e1d6cd74dcc21b7a3553bfd9a72f4e1b808,final_online_training_manifest.csv::soh_rated_pct
B0042_D0015,B0042,1647,ONLINE_FIXED_START_CAUSAL_10S_V1,PASS,B0042.mat,4c39701508278c7a4f14e8af299f2510403dca30f2627fcf30c0ad7dc9f33675,34,14,40.656000000000006,30.65600000000001,40.656000000000006,1,3;4,2,40.656000000000006,0.0,0.0,a929c5a2c8b3a156cc870fc0a1e7494c93cc7e0ac1eb8fce86e99f7ba0e5ccca,final_online_training_manifest.csv::soh_rated_pct
B0042_D0016,B0042,1648,ONLINE_FIXED_START_CAUSAL_10S_V1,PASS,B0042.mat,4c39701508278c7a4f14e8af299f2510403dca30f2627fcf30c0ad7dc9f33675,38,15,40.828,30.828000000000003,40.828,1,3;4,2,40.828,0.0,0.0,b7512236507063e8f4bffd0829a5db29fa2ad88e9a0c5637efd2d0e37b450b46,final_online_training_manifest.csv::soh_rated_pct
B0042_D0017,B0042,1649,ONLINE_FIXED_START_CAUSAL_10S_V1,PASS,B0042.mat,4c39701508278c7a4f14e8af299f2510403dca30f2627fcf30c0ad7dc9f33675,40,16,40.969,30.969,40.969,1,3;4,2,40.969,0.0,0.0,6da6823e35d4de3d65852cced98616bea6cb74e203c8dc43855926f8da1fbe1e,final_online_training_manifest.csv::soh_rated_pct
B0042_D0018,B0042,1650,ONLINE_FIXED_START_CAUSAL_10S_V1,PASS,B0042.mat,4c39701508278c7a4f14e8af299f2510403dca30f2627fcf30c0ad7dc9f33675,42,17,41.156000000000006,31.15600000000001,41.156000000000006,1,3;4,2,41.156000000000006,0.0,0.0,f68119aaef7eb36103b65faa5a5cd71468836c4366143b5a2482cc79188a0554,final_online_training_manifest.csv::soh_rated_pct
B0042_D0019,B0042,1651,ONLINE_FIXED_START_CAUSAL_10S_V1,PASS,B0042.mat,4c39701508278c7a4f14e8af299f2510403dca30f2627fcf30c0ad7dc9f33675,44,18,41.219,31.219,41.219,1,3;4,2,41.219,0.0,0.0,10b082113b3b6f91753e09b13b40dd1bdb94a7d373ff77c59d25fef08139d55b,final_online_training_manifest.csv::soh_rated_pct
B0042_D0020,B0042,1652,ONLINE_FIXED_START_CAUSAL_10S_V1,PASS,B0042.mat,4c39701508278c7a4f14e8af299f2510403dca30f2627fcf30c0ad7dc9f33675,46,19,42.094,32.094,42.094,1,3;4,2,42.094,0.0,0.0,eaed35cfa8babf368a05cc358f35cdbdb32cc6e8f3a492affb95579af2c9b9a4,final_online_training_manifest.csv::soh_rated_pct
B0042_D0021,B0042,1653,ONLINE_FIXED_START_CAUSAL_10S_V1,PASS,B0042.mat,4c39701508278c7a4f14e8af299f2510403dca30f2627fcf30c0ad7dc9f33675,50,20,41.453,31.453,41.453,1,3;4,2,41.452999999999996,0.0,0.0,f745fd9784f1d9142e1eb5e7e6dff9974a58fd9f9477118dd2e9ee0f599627fd,final_online_training_manifest.csv::soh_rated_pct
B0042_D0022,B0042,1654,ONLINE_FIXED_START_CAUSAL_10S_V1,PASS,B0042.mat,4c39701508278c7a4f14e8af299f2510403dca30f2627fcf30c0ad7dc9f33675,54,21,41.703,31.703000000000003,41.703,1,3;4,2,41.703,0.0,0.0,0b6ed18847009d4129b646f0f0660696f360c95c41032bce45c220b5f7558efd,final_online_training_manifest.csv::soh_rated_pct
B0042_D0023,B0042,1655,ONLINE_FIXED_START_CAUSAL_10S_V1,PASS,B0042.mat,4c39701508278c7a4f14e8af299f2510403dca30f2627fcf30c0ad7dc9f33675,56,22,41.797,31.797,41.797,1,3;4,2,41.797,0.0,0.0,dfd9473ec975e22468f3a7915aef16184e67442ef6c0f6d05e33eff3be9c5a34,final_online_training_manifest.csv::soh_rated_pct
B0042_D0024,B0042,1656,ONLINE_FIXED_START_CAUSAL_10S_V1,PASS,B0042.mat,4c39701508278c7a4f14e8af299f2510403dca30f2627fcf30c0ad7dc9f33675,58,23,42.031,32.031,42.031,1,3;4,2,42.031,0.0,0.0,0402e33d75ebe4834d76132f4b44071973ff97348c8d1ee133f90fcae39b2c63,final_online_training_manifest.csv::soh_rated_pct
B0042_D0025,B0042,1657,ONLINE_FIXED_START_CAUSAL_10S_V1,PASS,B0042.mat,4c39701508278c7a4f14e8af299f2510403dca30f2627fcf30c0ad7dc9f33675,60,24,42.063,32.063,42.063,1,3;4,2,42.063,0.0,0.0,0f86d85a75593582969d78fa14d09361eddba367584adf008fd8b0d27d8baa04,final_online_training_manifest.csv::soh_rated_pct
B0042_D0026,B0042,1658,ONLINE_FIXED_START_CAUSAL_10S_V1,PASS,B0042.mat,4c39701508278c7a4f14e8af299f2510403dca30f2627fcf30c0ad7dc9f33675,62,25,42.187,32.187,42.187,1,3;4,2,42.187,0.0,0.0,51a7d19449937b93cc62a013a0fcbf1bc64538c619720c7083afe8914c9d31b1,final_online_training_manifest.csv::soh_rated_pct
B0042_D0027,B0042,1659,ONLINE_FIXED_START_CAUSAL_10S_V1,PASS,B0042.mat,4c39701508278c7a4f14e8af299f2510403dca30f2627fcf30c0ad7dc9f33675,66,26,42.406,32.406,42.406,1,3;4,2,42.406,0.0,0.0,ed3f49f24659a01072ba640829dd6cbde2c982f57faffec13a6440d9221cedda,final_online_training_manifest.csv::soh_rated_pct
B0042_D0028,B0042,1660,ONLINE_FIXED_START_CAUSAL_10S_V1,PASS,B0042.mat,4c39701508278c7a4f14e8af299f2510403dca30f2627fcf30c0ad7dc9f33675,68,27,42.469,32.469,42.469,1,3;4,2,42.469,0.0,0.0,b58dafc342a4bb93b64eab13d3f7f6ce63bd7d61dffc1b5d975b50d64cf7c6f0,final_online_training_manifest.csv::soh_rated_pct
B0042_D0029,B0042,1661,ONLINE_FIXED_START_CAUSAL_10S_V1,PASS,B0042.mat,4c39701508278c7a4f14e8af299f2510403dca30f2627fcf30c0ad7dc9f33675,70,28,42.61,32.61,42.61,1,3;4,2,42.61,0.0,0.0,7be14c717c3ad3bcf71c320bb3848cba55273b271513b2ddf28642cd47c15787,final_online_training_manifest.csv::soh_rated_pct
B0042_D0030,B0042,1662,ONLINE_FIXED_START_CAUSAL_10S_V1,PASS,B0042.mat,4c39701508278c7a4f14e8af299f2510403dca30f2627fcf30c0ad7dc9f33675,72,29,42.781,32.781,42.781,1,3;4,2,42.781,0.0,0.0,33a5622a3fbeb66385b4dd103f914f6a37b62c15452307985c8010e7ec990876,final_online_training_manifest.csv::soh_rated_pct
B0042_D0031,B0042,1663,ONLINE_FIXED_START_CAUSAL_10S_V1,PASS,B0042.mat,4c39701508278c7a4f14e8af299f2510403dca30f2627fcf30c0ad7dc9f33675,74,30,42.859,32.858999999999995,42.859,1,3;4,2,42.858999999999995,0.0,0.0,2c001d0ae608b500ed1938877e3dd2fb641ab87c84636db793f2b698fab49047,final_online_training_manifest.csv::soh_rated_pct
B0042_D0032,B0042,1664,ONLINE_FIXED_START_CAUSAL_10S_V1,PASS,B0042.mat,4c39701508278c7a4f14e8af299f2510403dca30f2627fcf30c0ad7dc9f33675,78,31,43.047,33.047,43.047,1,3;4,2,43.047,0.0,0.0,326306ed8d82371c38b5ec704d2f2bd603f7b89bb622b24a0c7136d020cd8364,final_online_training_manifest.csv::soh_rated_pct
B0042_D0033,B0042,1665,ONLINE_FIXED_START_CAUSAL_10S_V1,PASS,B0042.mat,4c39701508278c7a4f14e8af299f2510403dca30f2627fcf30c0ad7dc9f33675,80,32,43.156,33.156,43.156,1,3;4,2,43.156,0.0,0.0,98c4dc5378979229e04b733c520dca13fc2dbccb7938d0032364b224cea2c1d1,final_online_training_manifest.csv::soh_rated_pct
B0042_D0034,B0042,1666,ONLINE_FIXED_START_CAUSAL_10S_V1,PASS,B0042.mat,4c39701508278c7a4f14e8af299f2510403dca30f2627fcf30c0ad7dc9f33675,82,33,43.266,33.266,43.266,1,3;4,2,43.266,0.0,0.0,3850af772bf28ec634653f4316dd9df7e5d39ae0ce88963e749cc6cff5c2e10b,final_online_training_manifest.csv::soh_rated_pct
B0042_D0035,B0042,1667,ONLINE_FIXED_START_CAUSAL_10S_V1,PASS,B0042.mat,4c39701508278c7a4f14e8af299f2510403dca30f2627fcf30c0ad7dc9f33675,84,34,43.422,33.422,43.422,1,3;4,2,43.422,0.0,0.0,5e8637b7849baa66271b4235d05932b15b9cb1e23235a904c7fcc0565921fe9f,final_online_training_manifest.csv::soh_rated_pct
B0042_D0036,B0042,1668,ONLINE_FIXED_START_CAUSAL_10S_V1,PASS,B0042.mat,4c39701508278c7a4f14e8af299f2510403dca30f2627fcf30c0ad7dc9f33675,86,35,43.578,33.578,43.578,1,3;4,2,43.578,0.0,0.0,36cd1c3be11a26ea128a35c0d3b024914f8184b3c86080db873343b54ca6ee16,final_online_training_manifest.csv::soh_rated_pct
B0042_D0037,B0042,1669,ONLINE_FIXED_START_CAUSAL_10S_V1,PASS,B0042.mat,4c39701508278c7a4f14e8af299f2510403dca30f2627fcf30c0ad7dc9f33675,90,36,43.625,33.625,43.625,1,3;4,2,43.625,0.0,0.0,99cda730859075aa2fb5defc698d8ee228405b08a0cbbc83117b4904492ec0a3,final_online_training_manifest.csv::soh_rated_pct
B0042_D0038,B0042,1670,ONLINE_FIXED_START_CAUSAL_10S_V1,PASS,B0042.mat,4c39701508278c7a4f14e8af299f2510403dca30f2627fcf30c0ad7dc9f33675,92,37,43.75,33.75,43.75,1,3;4,2,43.75,0.0,0.0,79937a5f43bfd0afcb92775883a3abb7501cca45ea2e9ce95e06a50ee6ce4fe3,final_online_training_manifest.csv::soh_rated_pct
B0042_D0039,B0042,1671,ONLINE_FIXED_START_CAUSAL_10S_V1,PASS,B0042.mat,4c39701508278c7a4f14e8af299f2510403dca30f2627fcf30c0ad7dc9f33675,94,38,43.828,33.828,43.828,1,3;4,2,43.827999999999996,0.0,0.0,2eda37e3359bc72e40bff20ce0d879054f78363242a07c7e0c0cbb6ca683e4da,final_online_training_manifest.csv::soh_rated_pct
B0042_D0040,B0042,1672,ONLINE_FIXED_START_CAUSAL_10S_V1,PASS,B0042.mat,4c39701508278c7a4f14e8af299f2510403dca30f2627fcf30c0ad7dc9f33675,96,39,43.938,33.938,43.938,1,3;4,2,43.938,0.0,0.0,2352d140ebe45cd53a78348bd505f5852e800773925d11c4142f6f71bd8b75ed,final_online_training_manifest.csv::soh_rated_pct
B0042_D0041,B0042,1673,ONLINE_FIXED_START_CAUSAL_10S_V1,PASS,B0042.mat,4c39701508278c7a4f14e8af299f2510403dca30f2627fcf30c0ad7dc9f33675,98,40,44.046,34.046,44.046,1,3;4,2,44.046,0.0,0.0,36a7b78770b6ce130315e07bc03abc4c6655b1178127568b289bc37b151f8120,final_online_training_manifest.csv::soh_rated_pct
B0042_D0088,B0042,1674,ONLINE_FIXED_START_CAUSAL_10S_V1,PASS,B0042.mat,4c39701508278c7a4f14e8af299f2510403dca30f2627fcf30c0ad7dc9f33675,215,87,47.046,37.046,47.046,1,3;4,2,47.046,0.0,0.0,d7494930a66ba9c1a92c32a947fd31f48dbff79e0f41e0e6a9cd247dce2793ed,final_online_training_manifest.csv::soh_rated_pct
B0042_D0089,B0042,1675,ONLINE_FIXED_START_CAUSAL_10S_V1,PASS,B0042.mat,4c39701508278c7a4f14e8af299f2510403dca30f2627fcf30c0ad7dc9f33675,219,88,47.203,37.203,47.203,1,3;4,2,47.203,0.0,0.0,eae4f6add15496ae6c9f3b23864ca0486cf65c773ac9ca21635c270d5a184cc1,final_online_training_manifest.csv::soh_rated_pct
B0042_D0090,B0042,1676,ONLINE_FIXED_START_CAUSAL_10S_V1,PASS,B0042.mat,4c39701508278c7a4f14e8af299f2510403dca30f2627fcf30c0ad7dc9f33675,221,89,47.25,37.25,47.25,1,3;4,2,47.25,0.0,0.0,d9d2c54d9ac430dbaa23b5ec4607cbd200b006df7d7568ec5d4a7bef1a1703cc,final_online_training_manifest.csv::soh_rated_pct
B0042_D0091,B0042,1677,ONLINE_FIXED_START_CAUSAL_10S_V1,PASS,B0042.mat,4c39701508278c7a4f14e8af299f2510403dca30f2627fcf30c0ad7dc9f33675,223,90,47.422,37.422,47.422,1,3;4,2,47.422000000000004,0.0,0.0,322ab12bb67ea087ce2a9201ec3f684ee875d55e17569595117455a719226e2e,final_online_training_manifest.csv::soh_rated_pct
B0042_D0092,B0042,1678,ONLINE_FIXED_START_CAUSAL_10S_V1,PASS,B0042.mat,4c39701508278c7a4f14e8af299f2510403dca30f2627fcf30c0ad7dc9f33675,225,91,47.375,37.375,47.375,1,3;4,2,47.375,0.0,0.0,1da15ff976c9ecc5665135f34757c3069d1fd73c195e487f20d8e7d64e804343,final_online_training_manifest.csv::soh_rated_pct
B0042_D0093,B0042,1679,ONLINE_FIXED_START_CAUSAL_10S_V1,PASS,B0042.mat,4c39701508278c7a4f14e8af299f2510403dca30f2627fcf30c0ad7dc9f33675,227,92,47.625,37.625,47.625,1,3;4,2,47.625,0.0,0.0,20af339876f64b54c5b60368c13d24d20935d9bc975d4e8f764badedae224556,final_online_training_manifest.csv::soh_rated_pct
B0042_D0094,B0042,1680,ONLINE_FIXED_START_CAUSAL_10S_V1,PASS,B0042.mat,4c39701508278c7a4f14e8af299f2510403dca30f2627fcf30c0ad7dc9f33675,231,93,47.703,37.703,47.703,1,3;4,2,47.703,0.0,0.0,103758ae6eb3156d16634d804d72efc302a8ea31a8cc271bb98e6c56e740cfa9,final_online_training_manifest.csv::soh_rated_pct
B0042_D0095,B0042,1681,ONLINE_FIXED_START_CAUSAL_10S_V1,PASS,B0042.mat,4c39701508278c7a4f14e8af299f2510403dca30f2627fcf30c0ad7dc9f33675,233,94,47.828,37.828,47.828,1,3;4,2,47.827999999999996,0.0,0.0,fe9dacf17dbb1f5a04876c3d3e6ca49971369f85ffe3f3bb27cec37dba3b2d77,final_online_training_manifest.csv::soh_rated_pct
B0042_D0096,B0042,1682,ONLINE_FIXED_START_CAUSAL_10S_V1,PASS,B0042.mat,4c39701508278c7a4f14e8af299f2510403dca30f2627fcf30c0ad7dc9f33675,235,95,48.328,38.328,48.328,1,3;4,2,48.328,0.0,0.0,5eacfee5e0814ec95c6e9c229a0466f77cf9ba48f1eb430b66e780c3ce0295bd,final_online_training_manifest.csv::soh_rated_pct
B0042_D0097,B0042,1683,ONLINE_FIXED_START_CAUSAL_10S_V1,PASS,B0042.mat,4c39701508278c7a4f14e8af299f2510403dca30f2627fcf30c0ad7dc9f33675,237,96,48.031,38.031,48.031,1,3;4,2,48.031,0.0,0.0,3fd15ec94c872973449573b8b2df8ffb1ddacf0800a80302c3a201ef40076881,final_online_training_manifest.csv::soh_rated_pct
B0042_D0098,B0042,1684,ONLINE_FIXED_START_CAUSAL_10S_V1,PASS,B0042.mat,4c39701508278c7a4f14e8af299f2510403dca30f2627fcf30c0ad7dc9f33675,239,97,48.204,38.204,48.204,1,3;4,2,48.204,0.0,0.0,312b6c9688b74c7542b3ec785d1392524fa5ab50b6214615dbc54245fe143163,final_online_training_manifest.csv::soh_rated_pct
B0042_D0099,B0042,1685,ONLINE_FIXED_START_CAUSAL_10S_V1,PASS,B0042.mat,4c39701508278c7a4f14e8af299f2510403dca30f2627fcf30c0ad7dc9f33675,243,98,48.063,38.063,48.063,1,3;4,2,48.063,0.0,0.0,21bcc1b6aee24d4792947fd86131f8f619ce98202180a6f87c0397d682eb72b4,final_online_training_manifest.csv::soh_rated_pct
B0042_D0100,B0042,1686,ONLINE_FIXED_START_CAUSAL_10S_V1,PASS,B0042.mat,4c39701508278c7a4f14e8af299f2510403dca30f2627fcf30c0ad7dc9f33675,245,99,48.422,38.422,48.422,1,3;4,2,48.422,0.0,0.0,8a89883a6c3ba015e2a5e907340757f61f0a5d74f16454a2f1741cc43173607d,final_online_training_manifest.csv::soh_rated_pct
B0042_D0101,B0042,1687,ONLINE_FIXED_START_CAUSAL_10S_V1,PASS,B0042.mat,4c39701508278c7a4f14e8af299f2510403dca30f2627fcf30c0ad7dc9f33675,247,100,48.359,38.359,48.359,1,3;4,2,48.359,0.0,0.0,13688091f753808369c40fe723587e8aaeb8e6ece8affeb9a59015c660c6eb19,final_online_training_manifest.csv::soh_rated_pct
B0042_D0102,B0042,1688,ONLINE_FIXED_START_CAUSAL_10S_V1,PASS,B0042.mat,4c39701508278c7a4f14e8af299f2510403dca30f2627fcf30c0ad7dc9f33675,249,101,48.703,38.703,48.703,1,3;4,2,48.703,0.0,0.0,c6564c43e0659a193faefd15e5feab89cd25d4e81114ac036543523e4dcad81e,final_online_training_manifest.csv::soh_rated_pct
B0042_D0103,B0042,1689,ONLINE_FIXED_START_CAUSAL_10S_V1,PASS,B0042.mat,4c39701508278c7a4f14e8af299f2510403dca30f2627fcf30c0ad7dc9f33675,251,102,48.547,38.547,48.547,1,3;4,2,48.547000000000004,0.0,0.0,6a1814b4df45c2217975699cb33b99655e62b80c04c48cbc101d530b5df25fcb,final_online_training_manifest.csv::soh_rated_pct
B0042_D0104,B0042,1690,ONLINE_FIXED_START_CAUSAL_10S_V1,PASS,B0042.mat,4c39701508278c7a4f14e8af299f2510403dca30f2627fcf30c0ad7dc9f33675,255,103,48.828,38.828,48.828,1,3;4,2,48.828,0.0,0.0,1788959866dbf0320ed649f23e5c3e17e0bd895bdcc6d1c615b631b670badf88,final_online_training_manifest.csv::soh_rated_pct
B0042_D0105,B0042,1691,ONLINE_FIXED_START_CAUSAL_10S_V1,PASS,B0042.mat,4c39701508278c7a4f14e8af299f2510403dca30f2627fcf30c0ad7dc9f33675,257,104,48.766,38.766,48.766,1,3;4,2,48.766,0.0,0.0,c560461cadc4e84691e79d7fd79a6efe09825d1933ec4cf53186a2737236644e,final_online_training_manifest.csv::soh_rated_pct
B0042_D0106,B0042,1692,ONLINE_FIXED_START_CAUSAL_10S_V1,PASS,B0042.mat,4c39701508278c7a4f14e8af299f2510403dca30f2627fcf30c0ad7dc9f33675,259,105,48.938,38.938,48.938,1,3;4,2,48.938,0.0,0.0,818565ce0bd73f7ee61c7ce2832c73b44ebf2151aeaec6add0872b82f1e878fc,final_online_training_manifest.csv::soh_rated_pct
B0042_D0107,B0042,1693,ONLINE_FIXED_START_CAUSAL_10S_V1,PASS,B0042.mat,4c39701508278c7a4f14e8af299f2510403dca30f2627fcf30c0ad7dc9f33675,261,106,48.984,38.984,48.984,1,3;4,2,48.984,0.0,0.0,a4ec2b4b0c102cdac4005ee95082f6a30e11f27e5b6e1cb49164691c56b5d71e,final_online_training_manifest.csv::soh_rated_pct
B0042_D0108,B0042,1694,ONLINE_FIXED_START_CAUSAL_10S_V1,PASS,B0042.mat,4c39701508278c7a4f14e8af299f2510403dca30f2627fcf30c0ad7dc9f33675,263,107,49.078,39.078,49.078,1,3;4,2,49.078,0.0,0.0,0b7292681228a9673033026158d6df32fd54493214b176aeff4b471318f698c7,final_online_training_manifest.csv::soh_rated_pct
B0042_D0109,B0042,1695,ONLINE_FIXED_START_CAUSAL_10S_V1,PASS,B0042.mat,4c39701508278c7a4f14e8af299f2510403dca30f2627fcf30c0ad7dc9f33675,267,108,49.234,39.234,49.234,1,3;4,2,49.234,0.0,0.0,aa15c188a5c83054ad536c39fe54f412d6c5cd921f8ed4d4f049727245fa5731,final_online_training_manifest.csv::soh_rated_pct
B0042_D0110,B0042,1696,ONLINE_FIXED_START_CAUSAL_10S_V1,PASS,B0042.mat,4c39701508278c7a4f14e8af299f2510403dca30f2627fcf30c0ad7dc9f33675,269,109,49.39,39.39,49.39,1,3;4,2,49.39,0.0,0.0,d3b0688253ec83de9b66f9909dcd6c6a26d122d5dee0014d568a4f638585be1f,final_online_training_manifest.csv::soh_rated_pct
B0042_D0111,B0042,1697,ONLINE_FIXED_START_CAUSAL_10S_V1,PASS,B0042.mat,4c39701508278c7a4f14e8af299f2510403dca30f2627fcf30c0ad7dc9f33675,271,110,49.422,39.422,49.422,1,3;4,2,49.422,0.0,0.0,94fa3c7f47180b34b88f5c0fec3c53769f17fe351d0673a74bde75b07055f256,final_online_training_manifest.csv::soh_rated_pct
B0042_D0112,B0042,1698,ONLINE_FIXED_START_CAUSAL_10S_V1,PASS,B0042.mat,4c39701508278c7a4f14e8af299f2510403dca30f2627fcf30c0ad7dc9f33675,273,111,49.531000000000006,39.531000000000006,49.531000000000006,1,3;4,2,49.531000000000006,0.0,0.0,188991759d666c635f60c10759509707d754ffcdf322f0a8ce95f548785619ff,final_online_training_manifest.csv::soh_rated_pct
B0043_D0001,B0043,1699,ONLINE_FIXED_START_CAUSAL_10S_V1,PASS,B0043.mat,3e937018342628667a0b1cf30ce804aebed9a1d79577de372d5232ad4bf96034,2,0,38.25,28.25,38.25,2,2;3;4,3,38.25,0.0,0.0,f2702dbf4a9652ef8914d226cc5e3142d0007fd9f774fa9e3cc9bcd0875556a1,final_online_training_manifest.csv::soh_rated_pct
B0043_D0002,B0043,1700,ONLINE_FIXED_START_CAUSAL_10S_V1,PASS,B0043.mat,3e937018342628667a0b1cf30ce804aebed9a1d79577de372d5232ad4bf96034,4,1,38.406000000000006,28.40600000000001,38.406000000000006,2,2;3;4,3,38.406000000000006,0.0,0.0,6592965c404728c6a91c7ccfb0ef5b4cfc5f86fd9ecbd3994229a7ce1ed16077,final_online_training_manifest.csv::soh_rated_pct
B0043_D0003,B0043,1701,ONLINE_FIXED_START_CAUSAL_10S_V1,PASS,B0043.mat,3e937018342628667a0b1cf30ce804aebed9a1d79577de372d5232ad4bf96034,6,2,38.813,28.813,38.813,2,2;3;4,3,38.813,0.0,0.0,47c0ba71a14bd5c2e3d3a6b024345aa997649e424c3e03a8100ff2e1b640959e,final_online_training_manifest.csv::soh_rated_pct
B0043_D0004,B0043,1702,ONLINE_FIXED_START_CAUSAL_10S_V1,PASS,B0043.mat,3e937018342628667a0b1cf30ce804aebed9a1d79577de372d5232ad4bf96034,8,3,38.891000000000005,28.891000000000005,38.891000000000005,2,2;3;4,3,38.891000000000005,0.0,0.0,7b1daf2a3804bb29ad82466db7231a67141c4d025dbf5f041cc02daa9e6d5a2a,final_online_training_manifest.csv::soh_rated_pct
B0043_D0005,B0043,1703,ONLINE_FIXED_START_CAUSAL_10S_V1,PASS,B0043.mat,3e937018342628667a0b1cf30ce804aebed9a1d79577de372d5232ad4bf96034,10,4,38.969,28.969,38.969,2,2;3;4,3,38.969,0.0,0.0,0110f8618e978bfe2a8666ef25e12f869507bdcefd59f83789cdcd79fe5fdcf2,final_online_training_manifest.csv::soh_rated_pct
B0043_D0007,B0043,1704,ONLINE_FIXED_START_CAUSAL_10S_V1,PASS,B0043.mat,3e937018342628667a0b1cf30ce804aebed9a1d79577de372d5232ad4bf96034,16,6,39.312000000000005,29.312000000000005,39.312000000000005,2,2;3;4,3,39.312000000000005,0.0,0.0,64f9eb4319dfe6b8967506e04b75b6957e8968598c2d6f32a8bbb0791918af06,final_online_training_manifest.csv::soh_rated_pct
B0043_D0008,B0043,1705,ONLINE_FIXED_START_CAUSAL_10S_V1,PASS,B0043.mat,3e937018342628667a0b1cf30ce804aebed9a1d79577de372d5232ad4bf96034,18,7,39.515,29.515,39.515,2,2;3;4,3,39.515,0.0,0.0,f1a6b930b5cb453add825842b72f37fb841914dcae62cbbf037582fe13b29b83,final_online_training_manifest.csv::soh_rated_pct
B0043_D0009,B0043,1706,ONLINE_FIXED_START_CAUSAL_10S_V1,PASS,B0043.mat,3e937018342628667a0b1cf30ce804aebed9a1d79577de372d5232ad4bf96034,20,8,39.656,29.656,39.656,2,2;3;4,3,39.656,0.0,0.0,84e0b26efc19b3c69cd9a081f5fe58d1058b139636db73c609b21b4a2c518115,final_online_training_manifest.csv::soh_rated_pct
B0043_D0010,B0043,1707,ONLINE_FIXED_START_CAUSAL_10S_V1,PASS,B0043.mat,3e937018342628667a0b1cf30ce804aebed9a1d79577de372d5232ad4bf96034,22,9,39.938,29.938,39.938,2,2;3;4,3,39.938,0.0,0.0,1353ec15952b2af314df717cd0a2119cacbb2be575a50cbd4ef4fcfd522c32c2,final_online_training_manifest.csv::soh_rated_pct
B0043_D0011,B0043,1708,ONLINE_FIXED_START_CAUSAL_10S_V1,PASS,B0043.mat,3e937018342628667a0b1cf30ce804aebed9a1d79577de372d5232ad4bf96034,26,10,40.078,30.078000000000003,40.078,2,2;3;4,3,40.078,0.0,0.0,cccfcedc3117e38cf715d9f48f587a53b89cc3da4d8609e2faa49f1aedb59a87,final_online_training_manifest.csv::soh_rated_pct
B0043_D0012,B0043,1709,ONLINE_FIXED_START_CAUSAL_10S_V1,PASS,B0043.mat,3e937018342628667a0b1cf30ce804aebed9a1d79577de372d5232ad4bf96034,28,11,40.078,30.078000000000003,40.078,2,3;4,2,40.078,0.0,0.0,ec174c41659377ef7bad834fcdc134873b3502e928fe9cec3566dc298d736331,final_online_training_manifest.csv::soh_rated_pct
B0043_D0013,B0043,1710,ONLINE_FIXED_START_CAUSAL_10S_V1,PASS,B0043.mat,3e937018342628667a0b1cf30ce804aebed9a1d79577de372d5232ad4bf96034,30,12,40.313,30.312999999999995,40.313,1,3;4,2,40.312999999999995,0.0,0.0,ff3907b3934ee2edacc42e1bde69665c3b0d5821d4933c5597d95253667930df,final_online_training_manifest.csv::soh_rated_pct
B0043_D0014,B0043,1711,ONLINE_FIXED_START_CAUSAL_10S_V1,PASS,B0043.mat,3e937018342628667a0b1cf30ce804aebed9a1d79577de372d5232ad4bf96034,32,13,40.406000000000006,30.40600000000001,40.406000000000006,1,3;4,2,40.406000000000006,0.0,0.0,d370a6edbd0db4a8f02d9f71eeea3e421eaa6e2d7c3a6335b790590c81f23064,final_online_training_manifest.csv::soh_rated_pct
B0043_D0015,B0043,1712,ONLINE_FIXED_START_CAUSAL_10S_V1,PASS,B0043.mat,3e937018342628667a0b1cf30ce804aebed9a1d79577de372d5232ad4bf96034,34,14,40.656000000000006,30.65600000000001,40.656000000000006,1,3;4,2,40.656000000000006,0.0,0.0,25a2f8ab2ee968997a9020493fb113f99f1659ea78507af473dfbcec118cf86f,final_online_training_manifest.csv::soh_rated_pct
B0043_D0016,B0043,1713,ONLINE_FIXED_START_CAUSAL_10S_V1,PASS,B0043.mat,3e937018342628667a0b1cf30ce804aebed9a1d79577de372d5232ad4bf96034,38,15,40.828,30.828000000000003,40.828,1,3;4,2,40.828,0.0,0.0,0d77c93a04623751c9e5fd313f1ad84a6487e5895d4306a1044f92ff0919612b,final_online_training_manifest.csv::soh_rated_pct
B0043_D0017,B0043,1714,ONLINE_FIXED_START_CAUSAL_10S_V1,PASS,B0043.mat,3e937018342628667a0b1cf30ce804aebed9a1d79577de372d5232ad4bf96034,40,16,40.969,30.969,40.969,1,3;4,2,40.969,0.0,0.0,edf1f83be1a6f707b19f96f433f07289aa6a15343e43f8fb96f328f5fd3b1595,final_online_training_manifest.csv::soh_rated_pct
B0043_D0018,B0043,1715,ONLINE_FIXED_START_CAUSAL_10S_V1,PASS,B0043.mat,3e937018342628667a0b1cf30ce804aebed9a1d79577de372d5232ad4bf96034,42,17,41.156000000000006,31.15600000000001,41.156000000000006,1,3;4,2,41.156000000000006,0.0,0.0,fd6cd4212e0f6fbf89b1b219a59bce201adac18299bec7ffd3a61315383cad38,final_online_training_manifest.csv::soh_rated_pct
B0043_D0019,B0043,1716,ONLINE_FIXED_START_CAUSAL_10S_V1,PASS,B0043.mat,3e937018342628667a0b1cf30ce804aebed9a1d79577de372d5232ad4bf96034,44,18,41.219,31.219,41.219,1,3;4,2,41.219,0.0,0.0,05e6b763c3c1bb084116f403fb8972a19c2b752cbed555f9dfa9c9bd22564970,final_online_training_manifest.csv::soh_rated_pct
B0043_D0020,B0043,1717,ONLINE_FIXED_START_CAUSAL_10S_V1,PASS,B0043.mat,3e937018342628667a0b1cf30ce804aebed9a1d79577de372d5232ad4bf96034,46,19,42.094,32.094,42.094,1,3;4,2,42.094,0.0,0.0,00f585d54f2246718df6e7d840103ac16b148b46818335d8e2faffc08601dac7,final_online_training_manifest.csv::soh_rated_pct
B0043_D0021,B0043,1718,ONLINE_FIXED_START_CAUSAL_10S_V1,PASS,B0043.mat,3e937018342628667a0b1cf30ce804aebed9a1d79577de372d5232ad4bf96034,50,20,41.453,31.453,41.453,1,3;4,2,41.452999999999996,0.0,0.0,3951186ff721b1f60d4dc886ca15f138ee4a59c5187e004f0a4488042bcfeddd,final_online_training_manifest.csv::soh_rated_pct
B0043_D0022,B0043,1719,ONLINE_FIXED_START_CAUSAL_10S_V1,PASS,B0043.mat,3e937018342628667a0b1cf30ce804aebed9a1d79577de372d5232ad4bf96034,54,21,41.703,31.703000000000003,41.703,1,3;4,2,41.703,0.0,0.0,03ace854d4b556a97e9241a9a99def0bda7c4ef41822e563b4b5b37e1eecbc34,final_online_training_manifest.csv::soh_rated_pct
B0043_D0023,B0043,1720,ONLINE_FIXED_START_CAUSAL_10S_V1,PASS,B0043.mat,3e937018342628667a0b1cf30ce804aebed9a1d79577de372d5232ad4bf96034,56,22,41.797,31.797,41.797,1,3;4,2,41.797,0.0,0.0,e00bafad05b7e2563e3072a121883e65e21375cf94312cd29c5781cc6411bcfc,final_online_training_manifest.csv::soh_rated_pct
B0043_D0024,B0043,1721,ONLINE_FIXED_START_CAUSAL_10S_V1,PASS,B0043.mat,3e937018342628667a0b1cf30ce804aebed9a1d79577de372d5232ad4bf96034,58,23,42.031,32.031,42.031,1,3;4,2,42.031,0.0,0.0,9a1f191913f7193abd5b47ccbfe8fc3d11d903d0cc14a5196a2b7f44cebb8b71,final_online_training_manifest.csv::soh_rated_pct
B0043_D0025,B0043,1722,ONLINE_FIXED_START_CAUSAL_10S_V1,PASS,B0043.mat,3e937018342628667a0b1cf30ce804aebed9a1d79577de372d5232ad4bf96034,60,24,42.063,32.063,42.063,1,3;4,2,42.063,0.0,0.0,2d8b05650375ce73d6ace491f7316cd4832032b4e8d88e402c7459972d99c621,final_online_training_manifest.csv::soh_rated_pct
B0043_D0026,B0043,1723,ONLINE_FIXED_START_CAUSAL_10S_V1,PASS,B0043.mat,3e937018342628667a0b1cf30ce804aebed9a1d79577de372d5232ad4bf96034,62,25,42.187,32.187,42.187,1,3;4,2,42.187,0.0,0.0,9239901508748b262675026dbe979a64379da7f7170d592cd5e75d50cfb41bb3,final_online_training_manifest.csv::soh_rated_pct
B0043_D0027,B0043,1724,ONLINE_FIXED_START_CAUSAL_10S_V1,PASS,B0043.mat,3e937018342628667a0b1cf30ce804aebed9a1d79577de372d5232ad4bf96034,66,26,42.406,32.406,42.406,1,3;4,2,42.406,0.0,0.0,7dbcc8b7658ad98c11ed7a59d293065bce36ee0ac57e8e7e4fcb4e738c617ed3,final_online_training_manifest.csv::soh_rated_pct
B0043_D0028,B0043,1725,ONLINE_FIXED_START_CAUSAL_10S_V1,PASS,B0043.mat,3e937018342628667a0b1cf30ce804aebed9a1d79577de372d5232ad4bf96034,68,27,42.469,32.469,42.469,1,3;4,2,42.469,0.0,0.0,53c76a41993516ae5b3b4a59429f0ed0647d66eaaf1c47aa3474ab71a0712087,final_online_training_manifest.csv::soh_rated_pct
B0043_D0029,B0043,1726,ONLINE_FIXED_START_CAUSAL_10S_V1,PASS,B0043.mat,3e937018342628667a0b1cf30ce804aebed9a1d79577de372d5232ad4bf96034,70,28,42.61,32.61,42.61,1,3;4,2,42.61,0.0,0.0,dd2bd86827abc161d90f228423574a73b467e2f0a677aa343ffcdacf515e4baa,final_online_training_manifest.csv::soh_rated_pct
B0043_D0030,B0043,1727,ONLINE_FIXED_START_CAUSAL_10S_V1,PASS,B0043.mat,3e937018342628667a0b1cf30ce804aebed9a1d79577de372d5232ad4bf96034,72,29,42.781,32.781,42.781,1,3;4,2,42.781,0.0,0.0,d8623863306ce41ef71e62a2565b24e3d14305d7ecbb86e513bc23453efb9af6,final_online_training_manifest.csv::soh_rated_pct
B0043_D0031,B0043,1728,ONLINE_FIXED_START_CAUSAL_10S_V1,PASS,B0043.mat,3e937018342628667a0b1cf30ce804aebed9a1d79577de372d5232ad4bf96034,74,30,42.859,32.858999999999995,42.859,1,3;4,2,42.858999999999995,0.0,0.0,f83cdcd6692c1fac59ca0853e626860fd305d4aaf3682b3fddbf7a33f6725c49,final_online_training_manifest.csv::soh_rated_pct
B0043_D0032,B0043,1729,ONLINE_FIXED_START_CAUSAL_10S_V1,PASS,B0043.mat,3e937018342628667a0b1cf30ce804aebed9a1d79577de372d5232ad4bf96034,78,31,43.047,33.047,43.047,1,3;4,2,43.047,0.0,0.0,f7bcded29a7fe716caeffc67bad832697059a439d9586901f7da35e91bf351c6,final_online_training_manifest.csv::soh_rated_pct
B0043_D0033,B0043,1730,ONLINE_FIXED_START_CAUSAL_10S_V1,PASS,B0043.mat,3e937018342628667a0b1cf30ce804aebed9a1d79577de372d5232ad4bf96034,80,32,43.156,33.156,43.156,1,3;4,2,43.156,0.0,0.0,1150ffe7216e03d89fba274578b4ca57b965919b134ee42a5e7ae8ae266b6d83,final_online_training_manifest.csv::soh_rated_pct
B0043_D0034,B0043,1731,ONLINE_FIXED_START_CAUSAL_10S_V1,PASS,B0043.mat,3e937018342628667a0b1cf30ce804aebed9a1d79577de372d5232ad4bf96034,82,33,43.266,33.266,43.266,1,3;4,2,43.266,0.0,0.0,89cdccb4dce133c0c09d8a590ca8cb7251ffed318681b188952df302df5b5173,final_online_training_manifest.csv::soh_rated_pct
B0043_D0035,B0043,1732,ONLINE_FIXED_START_CAUSAL_10S_V1,PASS,B0043.mat,3e937018342628667a0b1cf30ce804aebed9a1d79577de372d5232ad4bf96034,84,34,43.422,33.422,43.422,1,3;4,2,43.422,0.0,0.0,de2d9470366d2b00d8e94e1d5a71a8c8c8b3ef580a1d8402c702317d110ac1ae,final_online_training_manifest.csv::soh_rated_pct
B0043_D0036,B0043,1733,ONLINE_FIXED_START_CAUSAL_10S_V1,PASS,B0043.mat,3e937018342628667a0b1cf30ce804aebed9a1d79577de372d5232ad4bf96034,86,35,43.578,33.578,43.578,1,3;4,2,43.578,0.0,0.0,6f1c4fec2319c1e39bdebb0ad0ba4fca7d302e3759b18aa105c8abbcb204c10f,final_online_training_manifest.csv::soh_rated_pct
B0043_D0037,B0043,1734,ONLINE_FIXED_START_CAUSAL_10S_V1,PASS,B0043.mat,3e937018342628667a0b1cf30ce804aebed9a1d79577de372d5232ad4bf96034,90,36,43.625,33.625,43.625,1,3;4,2,43.625,0.0,0.0,59d997544de09f225c0600ae865eaf65f502d32a99e972ef57ec445cd27089d5,final_online_training_manifest.csv::soh_rated_pct
B0043_D0038,B0043,1735,ONLINE_FIXED_START_CAUSAL_10S_V1,PASS,B0043.mat,3e937018342628667a0b1cf30ce804aebed9a1d79577de372d5232ad4bf96034,92,37,43.75,33.75,43.75,1,3;4,2,43.75,0.0,0.0,fe9c80100f80dd4b466a3b64459d21263249356052728fb05e92114d84d941d1,final_online_training_manifest.csv::soh_rated_pct
B0043_D0039,B0043,1736,ONLINE_FIXED_START_CAUSAL_10S_V1,PASS,B0043.mat,3e937018342628667a0b1cf30ce804aebed9a1d79577de372d5232ad4bf96034,94,38,43.828,33.828,43.828,1,3;4,2,43.827999999999996,0.0,0.0,54acd21e07db7cf0748680f85da6e45e764d9a9a8921da47dba73517959096da,final_online_training_manifest.csv::soh_rated_pct
B0043_D0040,B0043,1737,ONLINE_FIXED_START_CAUSAL_10S_V1,PASS,B0043.mat,3e937018342628667a0b1cf30ce804aebed9a1d79577de372d5232ad4bf96034,96,39,43.938,33.938,43.938,1,3;4,2,43.938,0.0,0.0,4bb86143c27b5c844d695a9c059924de3c13f8b4174386b6ad77007376cdf5d9,final_online_training_manifest.csv::soh_rated_pct
B0043_D0041,B0043,1738,ONLINE_FIXED_START_CAUSAL_10S_V1,PASS,B0043.mat,3e937018342628667a0b1cf30ce804aebed9a1d79577de372d5232ad4bf96034,98,40,44.046,34.046,44.046,1,3;4,2,44.046,0.0,0.0,96cf317acf84a94c8e2b20186a90fd4955f3b7f9730473578b714b124791af32,final_online_training_manifest.csv::soh_rated_pct
B0043_D0088,B0043,1739,ONLINE_FIXED_START_CAUSAL_10S_V1,PASS,B0043.mat,3e937018342628667a0b1cf30ce804aebed9a1d79577de372d5232ad4bf96034,215,87,47.046,37.046,47.046,1,3;4,2,47.046,0.0,0.0,b8fce4c61c78bb7452e2684b00ae1a4caa2550da1ad9309c1b413927b9e1e1d4,final_online_training_manifest.csv::soh_rated_pct
B0043_D0089,B0043,1740,ONLINE_FIXED_START_CAUSAL_10S_V1,PASS,B0043.mat,3e937018342628667a0b1cf30ce804aebed9a1d79577de372d5232ad4bf96034,219,88,47.203,37.203,47.203,1,3;4,2,47.203,0.0,0.0,7044b1d3f18dd77fa30e2005e8bd732cc4041cfab436869a3c084144644239d9,final_online_training_manifest.csv::soh_rated_pct
B0043_D0090,B0043,1741,ONLINE_FIXED_START_CAUSAL_10S_V1,PASS,B0043.mat,3e937018342628667a0b1cf30ce804aebed9a1d79577de372d5232ad4bf96034,221,89,47.25,37.25,47.25,1,3;4,2,47.25,0.0,0.0,62f49f7dbaa01a4bb380dbe1577b17423a10c333ccfb58ce89e997fe8a1ca4e7,final_online_training_manifest.csv::soh_rated_pct
B0043_D0091,B0043,1742,ONLINE_FIXED_START_CAUSAL_10S_V1,PASS,B0043.mat,3e937018342628667a0b1cf30ce804aebed9a1d79577de372d5232ad4bf96034,223,90,47.422,37.422,47.422,1,3;4,2,47.422000000000004,0.0,0.0,287597dbf892795012d7e09852416a1b3e2e9bd1e426d0c541ed9a8248fdb42b,final_online_training_manifest.csv::soh_rated_pct
B0043_D0092,B0043,1743,ONLINE_FIXED_START_CAUSAL_10S_V1,PASS,B0043.mat,3e937018342628667a0b1cf30ce804aebed9a1d79577de372d5232ad4bf96034,225,91,47.375,37.375,47.375,1,3;4,2,47.375,0.0,0.0,0d220f9f1511793a2327defa59f91fae0873610c11f406127b44a5c390e5fe50,final_online_training_manifest.csv::soh_rated_pct
B0043_D0093,B0043,1744,ONLINE_FIXED_START_CAUSAL_10S_V1,PASS,B0043.mat,3e937018342628667a0b1cf30ce804aebed9a1d79577de372d5232ad4bf96034,227,92,47.625,37.625,47.625,1,3;4,2,47.625,0.0,0.0,29ba09ca8178f522a0b80784a03d07600990846364511b9575d966a3153c79b6,final_online_training_manifest.csv::soh_rated_pct
B0043_D0094,B0043,1745,ONLINE_FIXED_START_CAUSAL_10S_V1,PASS,B0043.mat,3e937018342628667a0b1cf30ce804aebed9a1d79577de372d5232ad4bf96034,231,93,47.703,37.703,47.703,1,3;4,2,47.703,0.0,0.0,ce67d3e882dbcc6d2156c4490934d0fce995b44c6b5bde591774402d569d6b0f,final_online_training_manifest.csv::soh_rated_pct
B0043_D0095,B0043,1746,ONLINE_FIXED_START_CAUSAL_10S_V1,PASS,B0043.mat,3e937018342628667a0b1cf30ce804aebed9a1d79577de372d5232ad4bf96034,233,94,47.828,37.828,47.828,1,3;4,2,47.827999999999996,0.0,0.0,ef6a10b033e1147cc1a136120c1a929756025f7f7f54c4743edd7d7672fb1db8,final_online_training_manifest.csv::soh_rated_pct
B0043_D0096,B0043,1747,ONLINE_FIXED_START_CAUSAL_10S_V1,PASS,B0043.mat,3e937018342628667a0b1cf30ce804aebed9a1d79577de372d5232ad4bf96034,235,95,48.328,38.328,48.328,1,3;4,2,48.328,0.0,0.0,cc2a663803818bc15496de0523d9c58e027b2463f7446cc8cd4f4c5568701c5a,final_online_training_manifest.csv::soh_rated_pct
B0043_D0097,B0043,1748,ONLINE_FIXED_START_CAUSAL_10S_V1,PASS,B0043.mat,3e937018342628667a0b1cf30ce804aebed9a1d79577de372d5232ad4bf96034,237,96,48.031,38.031,48.031,1,3;4,2,48.031,0.0,0.0,1d37fd6317ed5dc5c8ac049cd05305fa882cab0266d3017e3c89efa6a1155fe0,final_online_training_manifest.csv::soh_rated_pct
B0043_D0098,B0043,1749,ONLINE_FIXED_START_CAUSAL_10S_V1,PASS,B0043.mat,3e937018342628667a0b1cf30ce804aebed9a1d79577de372d5232ad4bf96034,239,97,48.204,38.204,48.204,1,3;4,2,48.204,0.0,0.0,2f12ca897e70fb357db27faad37324bd869e8574e26673421b8c1e7b28cf671f,final_online_training_manifest.csv::soh_rated_pct
B0043_D0099,B0043,1750,ONLINE_FIXED_START_CAUSAL_10S_V1,PASS,B0043.mat,3e937018342628667a0b1cf30ce804aebed9a1d79577de372d5232ad4bf96034,243,98,48.063,38.063,48.063,1,3;4,2,48.063,0.0,0.0,eaa709356156d0cfaf048f63d0e6a03df10b18f0d8be585525ee0e4b822ff010,final_online_training_manifest.csv::soh_rated_pct
B0043_D0100,B0043,1751,ONLINE_FIXED_START_CAUSAL_10S_V1,PASS,B0043.mat,3e937018342628667a0b1cf30ce804aebed9a1d79577de372d5232ad4bf96034,245,99,48.422,38.422,48.422,1,3;4,2,48.422,0.0,0.0,f2922a61bd84fa89bded684086bc57c60dde45503f080f49af18dc83df08164e,final_online_training_manifest.csv::soh_rated_pct
B0043_D0101,B0043,1752,ONLINE_FIXED_START_CAUSAL_10S_V1,PASS,B0043.mat,3e937018342628667a0b1cf30ce804aebed9a1d79577de372d5232ad4bf96034,247,100,48.359,38.359,48.359,1,3;4,2,48.359,0.0,0.0,b1ed83405d62dc84c48d06688ccb700df533ffd11a62a855e72c01ab6fcd0a6d,final_online_training_manifest.csv::soh_rated_pct
B0043_D0102,B0043,1753,ONLINE_FIXED_START_CAUSAL_10S_V1,PASS,B0043.mat,3e937018342628667a0b1cf30ce804aebed9a1d79577de372d5232ad4bf96034,249,101,48.703,38.703,48.703,1,3;4,2,48.703,0.0,0.0,35af184ad0c055de87fec47878082a1c9f0697c020e9f9d159e23d41bcbd2920,final_online_training_manifest.csv::soh_rated_pct
B0043_D0103,B0043,1754,ONLINE_FIXED_START_CAUSAL_10S_V1,PASS,B0043.mat,3e937018342628667a0b1cf30ce804aebed9a1d79577de372d5232ad4bf96034,251,102,48.547,38.547,48.547,1,3;4,2,48.547000000000004,0.0,0.0,88c393f7f6005a1603f8d8ca749eb438c01befcb8d9ec12f5cd5f50f1598a8a2,final_online_training_manifest.csv::soh_rated_pct
B0043_D0104,B0043,1755,ONLINE_FIXED_START_CAUSAL_10S_V1,PASS,B0043.mat,3e937018342628667a0b1cf30ce804aebed9a1d79577de372d5232ad4bf96034,255,103,48.828,38.828,48.828,1,3;4,2,48.828,0.0,0.0,023bee81558dcf4f105b385e9e6f4da9adae64dc4528a48b57017b505afe4af5,final_online_training_manifest.csv::soh_rated_pct
B0043_D0105,B0043,1756,ONLINE_FIXED_START_CAUSAL_10S_V1,PASS,B0043.mat,3e937018342628667a0b1cf30ce804aebed9a1d79577de372d5232ad4bf96034,257,104,48.766,38.766,48.766,1,3;4,2,48.766,0.0,0.0,e3a147e05bc272cff203c7e735fc1dca521711a562a8a89b35a7362f41b12b5d,final_online_training_manifest.csv::soh_rated_pct
B0043_D0106,B0043,1757,ONLINE_FIXED_START_CAUSAL_10S_V1,PASS,B0043.mat,3e937018342628667a0b1cf30ce804aebed9a1d79577de372d5232ad4bf96034,259,105,48.938,38.938,48.938,1,3;4,2,48.938,0.0,0.0,ed458d0b2e21059c09eb07a280676e521daef5dfb5cf96778249ef8261ec0901,final_online_training_manifest.csv::soh_rated_pct
B0043_D0107,B0043,1758,ONLINE_FIXED_START_CAUSAL_10S_V1,PASS,B0043.mat,3e937018342628667a0b1cf30ce804aebed9a1d79577de372d5232ad4bf96034,261,106,48.984,38.984,48.984,1,3;4,2,48.984,0.0,0.0,a97ad016ee2c94e4d4d69a53b94fa674f39ec6155a93969f3c17a4bb0333812d,final_online_training_manifest.csv::soh_rated_pct
B0043_D0108,B0043,1759,ONLINE_FIXED_START_CAUSAL_10S_V1,PASS,B0043.mat,3e937018342628667a0b1cf30ce804aebed9a1d79577de372d5232ad4bf96034,263,107,49.078,39.078,49.078,1,3;4,2,49.078,0.0,0.0,709da49d1c5a3eef09d3a038c73feccb041ea1e5b9733041690375a8542999f3,final_online_training_manifest.csv::soh_rated_pct
B0043_D0109,B0043,1760,ONLINE_FIXED_START_CAUSAL_10S_V1,PASS,B0043.mat,3e937018342628667a0b1cf30ce804aebed9a1d79577de372d5232ad4bf96034,267,108,49.234,39.234,49.234,1,3;4,2,49.234,0.0,0.0,a34858582fd4c96c437fa8e674c9b765e651356fd6a9bfbe6d2cdb6e4f2faede,final_online_training_manifest.csv::soh_rated_pct
B0043_D0110,B0043,1761,ONLINE_FIXED_START_CAUSAL_10S_V1,PASS,B0043.mat,3e937018342628667a0b1cf30ce804aebed9a1d79577de372d5232ad4bf96034,269,109,49.39,39.39,49.39,1,3;4,2,49.39,0.0,0.0,e27b34171c7f3ae9acf9bd52e0abf293428e1e21834bc11b4cafe336f0c740e5,final_online_training_manifest.csv::soh_rated_pct
B0043_D0111,B0043,1762,ONLINE_FIXED_START_CAUSAL_10S_V1,PASS,B0043.mat,3e937018342628667a0b1cf30ce804aebed9a1d79577de372d5232ad4bf96034,271,110,49.422,39.422,49.422,1,3;4,2,49.422,0.0,0.0,29cacdd225a76f099dc408f081fc9d491f3bb4c2a4b93e49d80cc99a8c4b9694,final_online_training_manifest.csv::soh_rated_pct
B0043_D0112,B0043,1763,ONLINE_FIXED_START_CAUSAL_10S_V1,PASS,B0043.mat,3e937018342628667a0b1cf30ce804aebed9a1d79577de372d5232ad4bf96034,273,111,49.531000000000006,39.531000000000006,49.531000000000006,1,3;4,2,49.531000000000006,0.0,0.0,a4e3cb101559aebc8dd67dc2cf9827921a926e04245dd77bde2434fc034433f7,final_online_training_manifest.csv::soh_rated_pct
B0044_D0001,B0044,1764,ONLINE_FIXED_START_CAUSAL_10S_V1,PASS,B0044.mat,e66d3620de32f134619eaf9692a41d2ab70fa3f8c49211c2b303261504974f30,2,0,38.25,28.25,38.25,2,2;3;4,3,38.25,0.0,0.0,2b72e55156d6c8ebf0ffa3391209ec2588d8ef2f2064029cf67425ceb4d86e10,final_online_training_manifest.csv::soh_rated_pct
B0044_D0002,B0044,1765,ONLINE_FIXED_START_CAUSAL_10S_V1,PASS,B0044.mat,e66d3620de32f134619eaf9692a41d2ab70fa3f8c49211c2b303261504974f30,4,1,38.406000000000006,28.40600000000001,38.406000000000006,2,2;3;4,3,38.406000000000006,0.0,0.0,d9265f83c876b305af4551ed2f6d679400b4fb279fb66ca980b0ceba5e79db98,final_online_training_manifest.csv::soh_rated_pct
B0044_D0003,B0044,1766,ONLINE_FIXED_START_CAUSAL_10S_V1,PASS,B0044.mat,e66d3620de32f134619eaf9692a41d2ab70fa3f8c49211c2b303261504974f30,6,2,38.813,28.813,38.813,2,2;3;4,3,38.813,0.0,0.0,f48b09f577429606c5ab8f67ec38a57c35d7a4d04a0fb5715d4561a108b5640a,final_online_training_manifest.csv::soh_rated_pct
B0044_D0004,B0044,1767,ONLINE_FIXED_START_CAUSAL_10S_V1,PASS,B0044.mat,e66d3620de32f134619eaf9692a41d2ab70fa3f8c49211c2b303261504974f30,8,3,38.891000000000005,28.891000000000005,38.891000000000005,2,2;3;4,3,38.891000000000005,0.0,0.0,b3c420c42d1c56444fdfb866afe12b0a21692daaba8a7f41afe5a418e9ebc262,final_online_training_manifest.csv::soh_rated_pct
B0044_D0005,B0044,1768,ONLINE_FIXED_START_CAUSAL_10S_V1,PASS,B0044.mat,e66d3620de32f134619eaf9692a41d2ab70fa3f8c49211c2b303261504974f30,10,4,38.969,28.969,38.969,2,2;3;4,3,38.969,0.0,0.0,ee27974b6b71e325664681b37b677645d4c8a3418430be3b2140b2b06af9c3f0,final_online_training_manifest.csv::soh_rated_pct
B0044_D0007,B0044,1769,ONLINE_FIXED_START_CAUSAL_10S_V1,PASS,B0044.mat,e66d3620de32f134619eaf9692a41d2ab70fa3f8c49211c2b303261504974f30,16,6,39.312000000000005,29.312000000000005,39.312000000000005,2,2;3;4,3,39.312000000000005,0.0,0.0,eee8a6655a9083d46d291113df3c2e6a2940c0a34176da90649e27b5567174b5,final_online_training_manifest.csv::soh_rated_pct
B0044_D0008,B0044,1770,ONLINE_FIXED_START_CAUSAL_10S_V1,PASS,B0044.mat,e66d3620de32f134619eaf9692a41d2ab70fa3f8c49211c2b303261504974f30,18,7,39.515,29.515,39.515,2,2;3;4,3,39.515,0.0,0.0,8b6e66fdaa28a8e090301dc7dd83be375c84443fcea00265eaedd004e01faa5d,final_online_training_manifest.csv::soh_rated_pct
B0044_D0009,B0044,1771,ONLINE_FIXED_START_CAUSAL_10S_V1,PASS,B0044.mat,e66d3620de32f134619eaf9692a41d2ab70fa3f8c49211c2b303261504974f30,20,8,39.656,29.656,39.656,2,2;3;4,3,39.656,0.0,0.0,3952da6a359a444bef79d58d3f7ba0492e6b39632b63ecde24c6e93bd34248bc,final_online_training_manifest.csv::soh_rated_pct
B0044_D0010,B0044,1772,ONLINE_FIXED_START_CAUSAL_10S_V1,PASS,B0044.mat,e66d3620de32f134619eaf9692a41d2ab70fa3f8c49211c2b303261504974f30,22,9,39.938,29.938,39.938,2,2;3;4,3,39.938,0.0,0.0,9a1c7cb3ab41301677dd1c5cec6cf0024f54a2a4d1c184bc80ceb910ba4abee9,final_online_training_manifest.csv::soh_rated_pct
B0044_D0011,B0044,1773,ONLINE_FIXED_START_CAUSAL_10S_V1,PASS,B0044.mat,e66d3620de32f134619eaf9692a41d2ab70fa3f8c49211c2b303261504974f30,26,10,40.078,30.078000000000003,40.078,2,2;3;4,3,40.078,0.0,0.0,3dcf3f164de791dd9c24be399d5159b565f1ecc53e1a4424400357a963034d33,final_online_training_manifest.csv::soh_rated_pct
B0044_D0012,B0044,1774,ONLINE_FIXED_START_CAUSAL_10S_V1,PASS,B0044.mat,e66d3620de32f134619eaf9692a41d2ab70fa3f8c49211c2b303261504974f30,28,11,40.078,30.078000000000003,40.078,2,3;4,2,40.078,0.0,0.0,cd9eb7c9c5877dd610cfb227b54f8fd68e365728e4f6ecc9b32e7d603e3b7814,final_online_training_manifest.csv::soh_rated_pct
B0044_D0013,B0044,1775,ONLINE_FIXED_START_CAUSAL_10S_V1,PASS,B0044.mat,e66d3620de32f134619eaf9692a41d2ab70fa3f8c49211c2b303261504974f30,30,12,40.313,30.312999999999995,40.313,1,3;4,2,40.312999999999995,0.0,0.0,73757bfc72300dbb54c97cc66189683320a9d24c88754f71a14d9f7398a196a7,final_online_training_manifest.csv::soh_rated_pct
B0044_D0014,B0044,1776,ONLINE_FIXED_START_CAUSAL_10S_V1,PASS,B0044.mat,e66d3620de32f134619eaf9692a41d2ab70fa3f8c49211c2b303261504974f30,32,13,40.406000000000006,30.40600000000001,40.406000000000006,1,3;4,2,40.406000000000006,0.0,0.0,436166ebba13111cde5dc7922bce11e0a185d5ec2c64a2af5ab929a4887b7119,final_online_training_manifest.csv::soh_rated_pct
B0044_D0015,B0044,1777,ONLINE_FIXED_START_CAUSAL_10S_V1,PASS,B0044.mat,e66d3620de32f134619eaf9692a41d2ab70fa3f8c49211c2b303261504974f30,34,14,40.656000000000006,30.65600000000001,40.656000000000006,1,3;4,2,40.656000000000006,0.0,0.0,91040bb690e98306b9f1c4977280dae05d76dcaca74d169fc5510dd8584fc86a,final_online_training_manifest.csv::soh_rated_pct
B0044_D0016,B0044,1778,ONLINE_FIXED_START_CAUSAL_10S_V1,PASS,B0044.mat,e66d3620de32f134619eaf9692a41d2ab70fa3f8c49211c2b303261504974f30,38,15,40.828,30.828000000000003,40.828,1,3;4,2,40.828,0.0,0.0,9270e14e749f1d56b164d839c53b09a07bc7a4691a02f638a76ac1f2f630590d,final_online_training_manifest.csv::soh_rated_pct
B0044_D0017,B0044,1779,ONLINE_FIXED_START_CAUSAL_10S_V1,PASS,B0044.mat,e66d3620de32f134619eaf9692a41d2ab70fa3f8c49211c2b303261504974f30,40,16,40.969,30.969,40.969,1,3;4,2,40.969,0.0,0.0,874daf32287847d1401b15b6127179a717845ac52a4e7b217613433f8e280e34,final_online_training_manifest.csv::soh_rated_pct
B0044_D0018,B0044,1780,ONLINE_FIXED_START_CAUSAL_10S_V1,PASS,B0044.mat,e66d3620de32f134619eaf9692a41d2ab70fa3f8c49211c2b303261504974f30,42,17,41.156000000000006,31.15600000000001,41.156000000000006,1,3;4,2,41.156000000000006,0.0,0.0,104704b29b409066b90fd1b62a3227b0cb3e08f8ffe6927a901235326949ae3a,final_online_training_manifest.csv::soh_rated_pct
B0044_D0019,B0044,1781,ONLINE_FIXED_START_CAUSAL_10S_V1,PASS,B0044.mat,e66d3620de32f134619eaf9692a41d2ab70fa3f8c49211c2b303261504974f30,44,18,41.219,31.219,41.219,1,3;4,2,41.219,0.0,0.0,6e6a615eb796bd63ba17e73b0cce678e92cbf4da255feb3289c3df4e459b82a8,final_online_training_manifest.csv::soh_rated_pct
B0044_D0020,B0044,1782,ONLINE_FIXED_START_CAUSAL_10S_V1,PASS,B0044.mat,e66d3620de32f134619eaf9692a41d2ab70fa3f8c49211c2b303261504974f30,46,19,42.094,32.094,42.094,1,3;4,2,42.094,0.0,0.0,32e8cd99f292e817d36e41b67c4184aab282636ce5884fd2c2e360d227034ee4,final_online_training_manifest.csv::soh_rated_pct
B0044_D0021,B0044,1783,ONLINE_FIXED_START_CAUSAL_10S_V1,PASS,B0044.mat,e66d3620de32f134619eaf9692a41d2ab70fa3f8c49211c2b303261504974f30,50,20,41.453,31.453,41.453,1,3;4,2,41.452999999999996,0.0,0.0,cc2f5b768d449e276ef0e539ab1ba71f904648963de434b798ad5f4d2cd11b8b,final_online_training_manifest.csv::soh_rated_pct
B0044_D0022,B0044,1784,ONLINE_FIXED_START_CAUSAL_10S_V1,PASS,B0044.mat,e66d3620de32f134619eaf9692a41d2ab70fa3f8c49211c2b303261504974f30,54,21,41.703,31.703000000000003,41.703,1,3;4,2,41.703,0.0,0.0,a751e1c91a58644bb0081df86dcf51fb0c859efd6148ce675e5c6cd90ec4fa88,final_online_training_manifest.csv::soh_rated_pct
B0044_D0023,B0044,1785,ONLINE_FIXED_START_CAUSAL_10S_V1,PASS,B0044.mat,e66d3620de32f134619eaf9692a41d2ab70fa3f8c49211c2b303261504974f30,56,22,41.797,31.797,41.797,1,3;4,2,41.797,0.0,0.0,ba359d13a53cd65844daa3b1d17b9f666bae1a508ac4ba717abf9e0c2340c5b0,final_online_training_manifest.csv::soh_rated_pct
B0044_D0024,B0044,1786,ONLINE_FIXED_START_CAUSAL_10S_V1,PASS,B0044.mat,e66d3620de32f134619eaf9692a41d2ab70fa3f8c49211c2b303261504974f30,58,23,42.031,32.031,42.031,1,3;4,2,42.031,0.0,0.0,801e17f5c9341fea119139bc175b783be40859d0e7fab05cf1210bca1c7bec17,final_online_training_manifest.csv::soh_rated_pct
B0044_D0025,B0044,1787,ONLINE_FIXED_START_CAUSAL_10S_V1,PASS,B0044.mat,e66d3620de32f134619eaf9692a41d2ab70fa3f8c49211c2b303261504974f30,60,24,42.063,32.063,42.063,1,3;4,2,42.063,0.0,0.0,98998cb01cbaa95345c9023cf857ba374077261c751a2a3f2e6f8793efd71e61,final_online_training_manifest.csv::soh_rated_pct
B0044_D0026,B0044,1788,ONLINE_FIXED_START_CAUSAL_10S_V1,PASS,B0044.mat,e66d3620de32f134619eaf9692a41d2ab70fa3f8c49211c2b303261504974f30,62,25,42.187,32.187,42.187,1,3;4,2,42.187,0.0,0.0,c701e8656193537e4367a6eadaa7d8fa71f4424a32fc3c771debee6756dbf598,final_online_training_manifest.csv::soh_rated_pct
B0044_D0027,B0044,1789,ONLINE_FIXED_START_CAUSAL_10S_V1,PASS,B0044.mat,e66d3620de32f134619eaf9692a41d2ab70fa3f8c49211c2b303261504974f30,66,26,42.406,32.406,42.406,1,3;4,2,42.406,0.0,0.0,57417ba91ed736fe7180c62cfd1e6386cc30d25ab0db86f4e04126dfb3e6480c,final_online_training_manifest.csv::soh_rated_pct
B0044_D0028,B0044,1790,ONLINE_FIXED_START_CAUSAL_10S_V1,PASS,B0044.mat,e66d3620de32f134619eaf9692a41d2ab70fa3f8c49211c2b303261504974f30,68,27,42.469,32.469,42.469,1,3;4,2,42.469,0.0,0.0,0d1bbbdcff06eef2549c41e3e9a67b9075b674a41761960029677f06233453cb,final_online_training_manifest.csv::soh_rated_pct
B0044_D0029,B0044,1791,ONLINE_FIXED_START_CAUSAL_10S_V1,PASS,B0044.mat,e66d3620de32f134619eaf9692a41d2ab70fa3f8c49211c2b303261504974f30,70,28,42.61,32.61,42.61,1,3;4,2,42.61,0.0,0.0,6a7864458a35f01a8186ce22b054d45aa15a80f4f1b6a1b85eeda7b0e7637bed,final_online_training_manifest.csv::soh_rated_pct
B0044_D0030,B0044,1792,ONLINE_FIXED_START_CAUSAL_10S_V1,PASS,B0044.mat,e66d3620de32f134619eaf9692a41d2ab70fa3f8c49211c2b303261504974f30,72,29,42.781,32.781,42.781,1,3;4,2,42.781,0.0,0.0,94c6bea3a18e7929f8b3806e1dffc71862f53b6395dd75783f6040839931c0b8,final_online_training_manifest.csv::soh_rated_pct
B0044_D0031,B0044,1793,ONLINE_FIXED_START_CAUSAL_10S_V1,PASS,B0044.mat,e66d3620de32f134619eaf9692a41d2ab70fa3f8c49211c2b303261504974f30,74,30,42.859,32.858999999999995,42.859,1,3;4,2,42.858999999999995,0.0,0.0,d0c2c754767b3b0e9b7f936fbec5e58982a39b5812cbbe67832ef5edf16986b1,final_online_training_manifest.csv::soh_rated_pct
B0044_D0032,B0044,1794,ONLINE_FIXED_START_CAUSAL_10S_V1,PASS,B0044.mat,e66d3620de32f134619eaf9692a41d2ab70fa3f8c49211c2b303261504974f30,78,31,43.047,33.047,43.047,1,3;4,2,43.047,0.0,0.0,b143902149f00519b157823e88a7e6b67a4ca270762de27b9eeb85cc0062252e,final_online_training_manifest.csv::soh_rated_pct
B0044_D0033,B0044,1795,ONLINE_FIXED_START_CAUSAL_10S_V1,PASS,B0044.mat,e66d3620de32f134619eaf9692a41d2ab70fa3f8c49211c2b303261504974f30,80,32,43.156,33.156,43.156,1,3;4,2,43.156,0.0,0.0,5e54d6ea1de93c18ec9683505118414b0a317e1e7313653fee820cfa0ed474ff,final_online_training_manifest.csv::soh_rated_pct
B0044_D0034,B0044,1796,ONLINE_FIXED_START_CAUSAL_10S_V1,PASS,B0044.mat,e66d3620de32f134619eaf9692a41d2ab70fa3f8c49211c2b303261504974f30,82,33,43.266,33.266,43.266,1,3;4,2,43.266,0.0,0.0,47f58ae94acbb91e3ada3acafdbe921794d5fa14ead0215cf3303094129fae2a,final_online_training_manifest.csv::soh_rated_pct
B0044_D0035,B0044,1797,ONLINE_FIXED_START_CAUSAL_10S_V1,PASS,B0044.mat,e66d3620de32f134619eaf9692a41d2ab70fa3f8c49211c2b303261504974f30,84,34,43.422,33.422,43.422,1,3;4,2,43.422,0.0,0.0,52a10ba314a6e1a21a3a2a17f191d61e72f8e15a45687b238269a07fc9d6eade,final_online_training_manifest.csv::soh_rated_pct
B0044_D0036,B0044,1798,ONLINE_FIXED_START_CAUSAL_10S_V1,PASS,B0044.mat,e66d3620de32f134619eaf9692a41d2ab70fa3f8c49211c2b303261504974f30,86,35,43.578,33.578,43.578,1,3;4,2,43.578,0.0,0.0,9d51e45e20f82e34ff2ec50be61c052f3f10781c2e6a91ddad48916a2b9f460b,final_online_training_manifest.csv::soh_rated_pct
B0044_D0037,B0044,1799,ONLINE_FIXED_START_CAUSAL_10S_V1,PASS,B0044.mat,e66d3620de32f134619eaf9692a41d2ab70fa3f8c49211c2b303261504974f30,90,36,43.625,33.625,43.625,1,3;4,2,43.625,0.0,0.0,7ed1797c0a9a14ccfbdc87cdc749f8c77e8c7bdba06e7534e7831d3d6eeada2a,final_online_training_manifest.csv::soh_rated_pct
B0044_D0038,B0044,1800,ONLINE_FIXED_START_CAUSAL_10S_V1,PASS,B0044.mat,e66d3620de32f134619eaf9692a41d2ab70fa3f8c49211c2b303261504974f30,92,37,43.75,33.75,43.75,1,3;4,2,43.75,0.0,0.0,5811b5fb44ba58b9c08cfe44549b853e7b00bbf4404b772e703bc66e38dd3ad4,final_online_training_manifest.csv::soh_rated_pct
B0044_D0039,B0044,1801,ONLINE_FIXED_START_CAUSAL_10S_V1,PASS,B0044.mat,e66d3620de32f134619eaf9692a41d2ab70fa3f8c49211c2b303261504974f30,94,38,43.828,33.828,43.828,1,3;4,2,43.827999999999996,0.0,0.0,c881f635e41c50f00e29f41fd1b1840f7ed9251a1f4359a0ebbb0c49d27fe024,final_online_training_manifest.csv::soh_rated_pct
B0044_D0040,B0044,1802,ONLINE_FIXED_START_CAUSAL_10S_V1,PASS,B0044.mat,e66d3620de32f134619eaf9692a41d2ab70fa3f8c49211c2b303261504974f30,96,39,43.938,33.938,43.938,1,3;4,2,43.938,0.0,0.0,436957358853ef64bcc3b073dbf52f51f55a4f1df64f7aa7233c9c5e019909ae,final_online_training_manifest.csv::soh_rated_pct
B0044_D0041,B0044,1803,ONLINE_FIXED_START_CAUSAL_10S_V1,PASS,B0044.mat,e66d3620de32f134619eaf9692a41d2ab70fa3f8c49211c2b303261504974f30,98,40,44.046,34.046,44.046,1,3;4,2,44.046,0.0,0.0,c2ea14253da0a6e49fa33539c4e840f3c6d946f520907926a4eae0398dfac077,final_online_training_manifest.csv::soh_rated_pct
B0044_D0088,B0044,1804,ONLINE_FIXED_START_CAUSAL_10S_V1,PASS,B0044.mat,e66d3620de32f134619eaf9692a41d2ab70fa3f8c49211c2b303261504974f30,215,87,47.046,37.046,47.046,1,3;4,2,47.046,0.0,0.0,d25cf67bc0cf5976f747a306484f8b32c9996e89c5800e76225c63a325409ffe,final_online_training_manifest.csv::soh_rated_pct
B0044_D0089,B0044,1805,ONLINE_FIXED_START_CAUSAL_10S_V1,PASS,B0044.mat,e66d3620de32f134619eaf9692a41d2ab70fa3f8c49211c2b303261504974f30,219,88,47.203,37.203,47.203,1,3;4,2,47.203,0.0,0.0,1ef6822485ec4cf8a30f2080983f81ceffe2540170c370a64565edf461f4006c,final_online_training_manifest.csv::soh_rated_pct
B0044_D0090,B0044,1806,ONLINE_FIXED_START_CAUSAL_10S_V1,PASS,B0044.mat,e66d3620de32f134619eaf9692a41d2ab70fa3f8c49211c2b303261504974f30,221,89,47.25,37.25,47.25,1,3;4,2,47.25,0.0,0.0,358ac61f6277138f404117395f979a8759efb2041a6d5e430ec48e2ec7172c5d,final_online_training_manifest.csv::soh_rated_pct
B0044_D0091,B0044,1807,ONLINE_FIXED_START_CAUSAL_10S_V1,PASS,B0044.mat,e66d3620de32f134619eaf9692a41d2ab70fa3f8c49211c2b303261504974f30,223,90,47.422,37.422,47.422,1,3;4,2,47.422000000000004,0.0,0.0,0c7555b0f52985369671304a12e624fd1044a6c359dc3adfc5589b34cd5a7f62,final_online_training_manifest.csv::soh_rated_pct
B0044_D0092,B0044,1808,ONLINE_FIXED_START_CAUSAL_10S_V1,PASS,B0044.mat,e66d3620de32f134619eaf9692a41d2ab70fa3f8c49211c2b303261504974f30,225,91,47.375,37.375,47.375,1,3;4,2,47.375,0.0,0.0,1375a77f594047304f62c08bb850fbaefad44a50a66932bda4b9cd5af0be6a29,final_online_training_manifest.csv::soh_rated_pct
B0044_D0093,B0044,1809,ONLINE_FIXED_START_CAUSAL_10S_V1,PASS,B0044.mat,e66d3620de32f134619eaf9692a41d2ab70fa3f8c49211c2b303261504974f30,227,92,47.625,37.625,47.625,1,3;4,2,47.625,0.0,0.0,bf72ee9018bcf58347f991298685f9fc72e522ecab5f018f32bda5d8544e9e6f,final_online_training_manifest.csv::soh_rated_pct
B0044_D0094,B0044,1810,ONLINE_FIXED_START_CAUSAL_10S_V1,PASS,B0044.mat,e66d3620de32f134619eaf9692a41d2ab70fa3f8c49211c2b303261504974f30,231,93,47.703,37.703,47.703,1,3;4,2,47.703,0.0,0.0,b9e8b4fdc2f4f091a2f19e0175d9134598ffb2b21075de21a6b9d71b3441ca63,final_online_training_manifest.csv::soh_rated_pct
B0044_D0095,B0044,1811,ONLINE_FIXED_START_CAUSAL_10S_V1,PASS,B0044.mat,e66d3620de32f134619eaf9692a41d2ab70fa3f8c49211c2b303261504974f30,233,94,47.828,37.828,47.828,1,3;4,2,47.827999999999996,0.0,0.0,726462638eed4d11e1cfb6de4cf5af730d406721841cedd2ad11bccc05a4cbad,final_online_training_manifest.csv::soh_rated_pct
B0044_D0096,B0044,1812,ONLINE_FIXED_START_CAUSAL_10S_V1,PASS,B0044.mat,e66d3620de32f134619eaf9692a41d2ab70fa3f8c49211c2b303261504974f30,235,95,48.328,38.328,48.328,1,3;4,2,48.328,0.0,0.0,80ee5173115efb8b00a0c52fbddb72bd172f03d862a2cd86bc047e1b374adafe,final_online_training_manifest.csv::soh_rated_pct
B0044_D0097,B0044,1813,ONLINE_FIXED_START_CAUSAL_10S_V1,PASS,B0044.mat,e66d3620de32f134619eaf9692a41d2ab70fa3f8c49211c2b303261504974f30,237,96,48.031,38.031,48.031,1,3;4,2,48.031,0.0,0.0,385a9a6627ce7098db7e0ee69a03bc0cbddfdc2e320081a5afde78ed9c529539,final_online_training_manifest.csv::soh_rated_pct
B0044_D0098,B0044,1814,ONLINE_FIXED_START_CAUSAL_10S_V1,PASS,B0044.mat,e66d3620de32f134619eaf9692a41d2ab70fa3f8c49211c2b303261504974f30,239,97,48.204,38.204,48.204,1,3;4,2,48.204,0.0,0.0,ea1f6572bbdd1760df82ba201d3fe96d7876494da63bd11a643a5fd855568581,final_online_training_manifest.csv::soh_rated_pct
B0044_D0099,B0044,1815,ONLINE_FIXED_START_CAUSAL_10S_V1,PASS,B0044.mat,e66d3620de32f134619eaf9692a41d2ab70fa3f8c49211c2b303261504974f30,243,98,48.063,38.063,48.063,1,3;4,2,48.063,0.0,0.0,47e2f8994f75537bf697878d020b99e7078e664b1c36e07028086675de10a18e,final_online_training_manifest.csv::soh_rated_pct
B0044_D0100,B0044,1816,ONLINE_FIXED_START_CAUSAL_10S_V1,PASS,B0044.mat,e66d3620de32f134619eaf9692a41d2ab70fa3f8c49211c2b303261504974f30,245,99,48.422,38.422,48.422,1,3;4,2,48.422,0.0,0.0,0ac19c5649513a2e2cc30c6da3b58e3c570f6002c63075ddb8d9519e2c2b9c63,final_online_training_manifest.csv::soh_rated_pct
B0044_D0101,B0044,1817,ONLINE_FIXED_START_CAUSAL_10S_V1,PASS,B0044.mat,e66d3620de32f134619eaf9692a41d2ab70fa3f8c49211c2b303261504974f30,247,100,48.359,38.359,48.359,1,3;4,2,48.359,0.0,0.0,65de334a0bb0d63eefaeeb532c4d3a74e3bdcf6d47f53ba3bd45c9c143898b8b,final_online_training_manifest.csv::soh_rated_pct
B0044_D0102,B0044,1818,ONLINE_FIXED_START_CAUSAL_10S_V1,PASS,B0044.mat,e66d3620de32f134619eaf9692a41d2ab70fa3f8c49211c2b303261504974f30,249,101,48.703,38.703,48.703,1,3;4,2,48.703,0.0,0.0,ccf54b0788403befde87f56c7fe7675c8b83599e2037997ace95e462fe603020,final_online_training_manifest.csv::soh_rated_pct
B0044_D0103,B0044,1819,ONLINE_FIXED_START_CAUSAL_10S_V1,PASS,B0044.mat,e66d3620de32f134619eaf9692a41d2ab70fa3f8c49211c2b303261504974f30,251,102,48.547,38.547,48.547,1,3;4,2,48.547000000000004,0.0,0.0,770dcdfba582c17d16104b654a93a8ffa179e23605032fcaa003d0e5d696e7cf,final_online_training_manifest.csv::soh_rated_pct
B0044_D0104,B0044,1820,ONLINE_FIXED_START_CAUSAL_10S_V1,PASS,B0044.mat,e66d3620de32f134619eaf9692a41d2ab70fa3f8c49211c2b303261504974f30,255,103,48.828,38.828,48.828,1,3;4,2,48.828,0.0,0.0,b66c898903c29aa7f1601e35e36bd8db15ea7b673b16268f1e86c923c4fbd6be,final_online_training_manifest.csv::soh_rated_pct
B0044_D0105,B0044,1821,ONLINE_FIXED_START_CAUSAL_10S_V1,PASS,B0044.mat,e66d3620de32f134619eaf9692a41d2ab70fa3f8c49211c2b303261504974f30,257,104,48.766,38.766,48.766,1,3;4,2,48.766,0.0,0.0,1ae20891b7e6826448ecd8b54fe0c63ef52eb50bc3da02a9893dfeb47fe8aefb,final_online_training_manifest.csv::soh_rated_pct
B0044_D0106,B0044,1822,ONLINE_FIXED_START_CAUSAL_10S_V1,PASS,B0044.mat,e66d3620de32f134619eaf9692a41d2ab70fa3f8c49211c2b303261504974f30,259,105,48.938,38.938,48.938,1,3;4,2,48.938,0.0,0.0,7416c278ed638c6eb0d1916cddeac72346ad0a157b316a2fdfa47baccb1ccb67,final_online_training_manifest.csv::soh_rated_pct
B0044_D0107,B0044,1823,ONLINE_FIXED_START_CAUSAL_10S_V1,PASS,B0044.mat,e66d3620de32f134619eaf9692a41d2ab70fa3f8c49211c2b303261504974f30,261,106,48.984,38.984,48.984,1,3;4,2,48.984,0.0,0.0,eccfd2b151677804d6f5008e3f9a77621e43f66557ba1e7af1b2faecaab088fd,final_online_training_manifest.csv::soh_rated_pct
B0044_D0108,B0044,1824,ONLINE_FIXED_START_CAUSAL_10S_V1,PASS,B0044.mat,e66d3620de32f134619eaf9692a41d2ab70fa3f8c49211c2b303261504974f30,263,107,49.078,39.078,49.078,1,3;4,2,49.078,0.0,0.0,2820a8792216506355f330b72a5da834532496bf3ffa601d109f3d1d70702099,final_online_training_manifest.csv::soh_rated_pct
B0044_D0109,B0044,1825,ONLINE_FIXED_START_CAUSAL_10S_V1,PASS,B0044.mat,e66d3620de32f134619eaf9692a41d2ab70fa3f8c49211c2b303261504974f30,267,108,49.234,39.234,49.234,1,3;4,2,49.234,0.0,0.0,d757bd275ad8c72d8f5e07e69f50dd183c868d3487b1cdbe188d18bbaab5359d,final_online_training_manifest.csv::soh_rated_pct
B0044_D0110,B0044,1826,ONLINE_FIXED_START_CAUSAL_10S_V1,PASS,B0044.mat,e66d3620de32f134619eaf9692a41d2ab70fa3f8c49211c2b303261504974f30,269,109,49.39,39.39,49.39,1,3;4,2,49.39,0.0,0.0,62db340bf4dd2f7d22bfaa525391a4316c0b75f8c90b9894210f57c260ba010d,final_online_training_manifest.csv::soh_rated_pct
B0044_D0111,B0044,1827,ONLINE_FIXED_START_CAUSAL_10S_V1,PASS,B0044.mat,e66d3620de32f134619eaf9692a41d2ab70fa3f8c49211c2b303261504974f30,271,110,49.422,39.422,49.422,1,3;4,2,49.422,0.0,0.0,0e4d8c1c379dde3eb8fb77bae8fff71823e26244fd3879240dd0572f32fc107c,final_online_training_manifest.csv::soh_rated_pct
B0044_D0112,B0044,1828,ONLINE_FIXED_START_CAUSAL_10S_V1,PASS,B0044.mat,e66d3620de32f134619eaf9692a41d2ab70fa3f8c49211c2b303261504974f30,273,111,49.531000000000006,39.531000000000006,49.531000000000006,1,3;4,2,49.531000000000006,0.0,0.0,19b3359d9baab7e6876f490bfa4cc6c5931ced9b180ca10df39b193758d46da8,final_online_training_manifest.csv::soh_rated_pct
B0045_D0001,B0045,1829,ONLINE_FIXED_START_CAUSAL_10S_V1,PASS,B0045.mat,dc8e4cc149fe87f4ff855f30f0d31155ada6f467d06f5365550bab9370670fe3,0,0,49.625,39.625,49.625,1,3;4,2,49.625,0.0,0.0,172c8f023cd3ce3dff09d4621a1266c07058dc7ba11a72ec39d5a92482b4021e,final_online_training_manifest.csv::soh_rated_pct
B0045_D0002,B0045,1830,ONLINE_FIXED_START_CAUSAL_10S_V1,PASS,B0045.mat,dc8e4cc149fe87f4ff855f30f0d31155ada6f467d06f5365550bab9370670fe3,4,1,49.609,39.609,49.609,1,3;4,2,49.609,0.0,0.0,182bd39f9b955e8ead29c12be8d46cefb74cda434e112a38e5979c319b215103,final_online_training_manifest.csv::soh_rated_pct
B0045_D0003,B0045,1831,ONLINE_FIXED_START_CAUSAL_10S_V1,PASS,B0045.mat,dc8e4cc149fe87f4ff855f30f0d31155ada6f467d06f5365550bab9370670fe3,6,2,49.672,39.672,49.672,1,3;4,2,49.672,0.0,0.0,c569b0347770131189995a39ccac1f8a2b1c1f56890875246eb5a25bbc7ef876,final_online_training_manifest.csv::soh_rated_pct
B0045_D0004,B0045,1832,ONLINE_FIXED_START_CAUSAL_10S_V1,PASS,B0045.mat,dc8e4cc149fe87f4ff855f30f0d31155ada6f467d06f5365550bab9370670fe3,8,3,49.844,39.844,49.844,1,3;4,2,49.843999999999994,0.0,0.0,54cdb0fe200711e08352eecd27c0331a06a4932800675a9c3fe57364f45c985b,final_online_training_manifest.csv::soh_rated_pct
B0045_D0005,B0045,1833,ONLINE_FIXED_START_CAUSAL_10S_V1,PASS,B0045.mat,dc8e4cc149fe87f4ff855f30f0d31155ada6f467d06f5365550bab9370670fe3,10,4,49.968,39.968,49.968,1,3;4,2,49.968,0.0,0.0,342807a6cc100981ecbd1aa749679e91b039d4d63213d75587d5915fd39c885b,final_online_training_manifest.csv::soh_rated_pct
B0045_D0006,B0045,1834,ONLINE_FIXED_START_CAUSAL_10S_V1,PASS,B0045.mat,dc8e4cc149fe87f4ff855f30f0d31155ada6f467d06f5365550bab9370670fe3,12,5,50.219,40.219,50.219,1,3;4,2,50.219,0.0,0.0,1ae172ca921721c27bd87c11f5aac5f71670acb98feb09307e401c5523b836a6,final_online_training_manifest.csv::soh_rated_pct
B0045_D0007,B0045,1835,ONLINE_FIXED_START_CAUSAL_10S_V1,PASS,B0045.mat,dc8e4cc149fe87f4ff855f30f0d31155ada6f467d06f5365550bab9370670fe3,16,6,50.25,40.25,50.25,1,3;4,2,50.25,0.0,0.0,5f33f2bb13317d8a7595733436b482a0358217eaa15780567f09a40e08395932,final_online_training_manifest.csv::soh_rated_pct
B0045_D0008,B0045,1836,ONLINE_FIXED_START_CAUSAL_10S_V1,PASS,B0045.mat,dc8e4cc149fe87f4ff855f30f0d31155ada6f467d06f5365550bab9370670fe3,20,7,50.296,40.296,50.296,1,3;4,2,50.296,0.0,0.0,0a87c323b6d24bdb2c5c16c9ef6359e0bf83055fc5854aaba3800a75276973c0,final_online_training_manifest.csv::soh_rated_pct
B0045_D0009,B0045,1837,ONLINE_FIXED_START_CAUSAL_10S_V1,PASS,B0045.mat,dc8e4cc149fe87f4ff855f30f0d31155ada6f467d06f5365550bab9370670fe3,22,8,50.407,40.407,50.407,1,3;4,2,50.407,0.0,0.0,ffe1472c631cc66e969ed678dc9268a5980c5d823ddd3bcd864f95586d513256,final_online_training_manifest.csv::soh_rated_pct
B0045_D0010,B0045,1838,ONLINE_FIXED_START_CAUSAL_10S_V1,PASS,B0045.mat,dc8e4cc149fe87f4ff855f30f0d31155ada6f467d06f5365550bab9370670fe3,24,9,50.469,40.469,50.469,1,3;4,2,50.469,0.0,0.0,17d370e556b74bea6956cb4c4c80ab32d0fcfa31e4a57d0dfa8a9d0bd5eb79ac,final_online_training_manifest.csv::soh_rated_pct
B0045_D0011,B0045,1839,ONLINE_FIXED_START_CAUSAL_10S_V1,PASS,B0045.mat,dc8e4cc149fe87f4ff855f30f0d31155ada6f467d06f5365550bab9370670fe3,26,10,50.594,40.594,50.594,1,3;4,2,50.594,0.0,0.0,93e1edaeed1dc2124e7a71d9f471d64d0458772091e701e7381e8e4d8ec4bd38,final_online_training_manifest.csv::soh_rated_pct
B0045_D0012,B0045,1840,ONLINE_FIXED_START_CAUSAL_10S_V1,PASS,B0045.mat,dc8e4cc149fe87f4ff855f30f0d31155ada6f467d06f5365550bab9370670fe3,28,11,50.657,40.657,50.657,1,3;4,2,50.657,0.0,0.0,e0ee6101022a84f43474c8a2f5ea8ceb9d49fc6330d7f88bfa01b41645275001,final_online_training_manifest.csv::soh_rated_pct
B0045_D0013,B0045,1841,ONLINE_FIXED_START_CAUSAL_10S_V1,PASS,B0045.mat,dc8e4cc149fe87f4ff855f30f0d31155ada6f467d06f5365550bab9370670fe3,32,12,50.875,40.875,50.875,1,3;4,2,50.875,0.0,0.0,9514fdaf19f157059f98400da28cac094d77c4abaeec944fa4e0927097bbeebd,final_online_training_manifest.csv::soh_rated_pct
B0045_D0014,B0045,1842,ONLINE_FIXED_START_CAUSAL_10S_V1,PASS,B0045.mat,dc8e4cc149fe87f4ff855f30f0d31155ada6f467d06f5365550bab9370670fe3,36,13,50.75,40.75,50.75,1,3;4,2,50.75,0.0,0.0,626adda54e1fc5ae8904c8bcae3c5999b390a0bb3ec80159a2109636fffe74e9,final_online_training_manifest.csv::soh_rated_pct
B0045_D0015,B0045,1843,ONLINE_FIXED_START_CAUSAL_10S_V1,PASS,B0045.mat,dc8e4cc149fe87f4ff855f30f0d31155ada6f467d06f5365550bab9370670fe3,38,14,50.985,40.985,50.985,1,3;4,2,50.985,0.0,0.0,540353b37b60d46b15972230807c053594d3262e88114fe678d44deb6dbdd1d8,final_online_training_manifest.csv::soh_rated_pct
B0045_D0016,B0045,1844,ONLINE_FIXED_START_CAUSAL_10S_V1,PASS,B0045.mat,dc8e4cc149fe87f4ff855f30f0d31155ada6f467d06f5365550bab9370670fe3,40,15,51.0,41.0,51.0,1,3;4,2,51.0,0.0,0.0,c36ee507e7c85026d948accc3d76536e6e4f547eef8eeb8841caa170c8e54281,final_online_training_manifest.csv::soh_rated_pct
B0045_D0017,B0045,1845,ONLINE_FIXED_START_CAUSAL_10S_V1,PASS,B0045.mat,dc8e4cc149fe87f4ff855f30f0d31155ada6f467d06f5365550bab9370670fe3,42,16,50.968,40.968,50.968,1,3;4,2,50.968,0.0,0.0,8536d53c614941bee926107f9f3278b47ac502deb2888cbaf1b0f49ab823d72a,final_online_training_manifest.csv::soh_rated_pct
B0045_D0018,B0045,1846,ONLINE_FIXED_START_CAUSAL_10S_V1,PASS,B0045.mat,dc8e4cc149fe87f4ff855f30f0d31155ada6f467d06f5365550bab9370670fe3,44,17,51.235,41.235,51.235,1,3;4,2,51.235,0.0,0.0,b53803a49a59c455ec66e200c57069bd73f987e4ea4d9ea73511ccffe07b5ab6,final_online_training_manifest.csv::soh_rated_pct
B0045_D0019,B0045,1847,ONLINE_FIXED_START_CAUSAL_10S_V1,PASS,B0045.mat,dc8e4cc149fe87f4ff855f30f0d31155ada6f467d06f5365550bab9370670fe3,48,18,51.39,41.39,51.39,1,3;4,2,51.39,0.0,0.0,aa48df933f099814b153198bd3dfe9626af9fdcdb1fdf2d40a7c7677f20d2c58,final_online_training_manifest.csv::soh_rated_pct
B0045_D0021,B0045,1848,ONLINE_FIXED_START_CAUSAL_10S_V1,PASS,B0045.mat,dc8e4cc149fe87f4ff855f30f0d31155ada6f467d06f5365550bab9370670fe3,52,20,51.406,41.406,51.406,1,3;4,2,51.406,0.0,0.0,3627e3d058ce505da7a04b072f904b25e006304c8fd434ffc8fd6a2195fed71f,final_online_training_manifest.csv::soh_rated_pct
B0045_D0022,B0045,1849,ONLINE_FIXED_START_CAUSAL_10S_V1,PASS,B0045.mat,dc8e4cc149fe87f4ff855f30f0d31155ada6f467d06f5365550bab9370670fe3,54,21,51.594,41.594,51.594,1,3;4,2,51.594,0.0,0.0,0c70f4457daeb314221d1fd37f4415c666e225bed8d3f29ec883eea7aad788a2,final_online_training_manifest.csv::soh_rated_pct
B0045_D0023,B0045,1850,ONLINE_FIXED_START_CAUSAL_10S_V1,PASS,B0045.mat,dc8e4cc149fe87f4ff855f30f0d31155ada6f467d06f5365550bab9370670fe3,56,22,51.719,41.719,51.719,1,3;4,2,51.719,0.0,0.0,6de1640421cd24bc184555b41e59da3e0351bf21812eee810a31bf8f35f1b4a9,final_online_training_manifest.csv::soh_rated_pct
B0045_D0024,B0045,1851,ONLINE_FIXED_START_CAUSAL_10S_V1,PASS,B0045.mat,dc8e4cc149fe87f4ff855f30f0d31155ada6f467d06f5365550bab9370670fe3,60,23,51.75,41.75,51.75,1,3;4,2,51.75,0.0,0.0,c183bbd4c97d16152cd917603ee875564166b9cdffb87771d50e46aaa10bf29a,final_online_training_manifest.csv::soh_rated_pct
B0045_D0025,B0045,1852,ONLINE_FIXED_START_CAUSAL_10S_V1,PASS,B0045.mat,dc8e4cc149fe87f4ff855f30f0d31155ada6f467d06f5365550bab9370670fe3,62,24,51.89,41.89,51.89,1,3;4,2,51.89,0.0,0.0,552ee8425df632620168b31fa2a04b9b795eebdb344c4b2f6acba2ee7e725d58,final_online_training_manifest.csv::soh_rated_pct
B0045_D0026,B0045,1853,ONLINE_FIXED_START_CAUSAL_10S_V1,PASS,B0045.mat,dc8e4cc149fe87f4ff855f30f0d31155ada6f467d06f5365550bab9370670fe3,64,25,51.891,41.891,51.891,1,3;4,2,51.891,0.0,0.0,22ced4de86e1b29535b9bbb2d0228a7db4a436c9dd9aa998fb0f974a1dfba804,final_online_training_manifest.csv::soh_rated_pct
B0045_D0027,B0045,1854,ONLINE_FIXED_START_CAUSAL_10S_V1,PASS,B0045.mat,dc8e4cc149fe87f4ff855f30f0d31155ada6f467d06f5365550bab9370670fe3,66,26,52.031000000000006,42.031000000000006,52.031000000000006,1,3;4,2,52.031000000000006,0.0,0.0,4ecbe1a83e695403e02755018632f0acceb7aa8867717a728fa30676fa342182,final_online_training_manifest.csv::soh_rated_pct
B0045_D0028,B0045,1855,ONLINE_FIXED_START_CAUSAL_10S_V1,PASS,B0045.mat,dc8e4cc149fe87f4ff855f30f0d31155ada6f467d06f5365550bab9370670fe3,68,27,52.375,42.375,52.375,1,3;4,2,52.375,0.0,0.0,0702d1ac99de71392f59886b49bdbf5f283b7f3f169332852678dead3b0491b0,final_online_training_manifest.csv::soh_rated_pct
B0045_D0029,B0045,1856,ONLINE_FIXED_START_CAUSAL_10S_V1,PASS,B0045.mat,dc8e4cc149fe87f4ff855f30f0d31155ada6f467d06f5365550bab9370670fe3,72,28,52.172,42.172,52.172,1,3;4,2,52.172000000000004,0.0,0.0,c3129a2e93fdc2f2f5f575c5a27c5118c765a5f5705916a30fa476a2ae0914e0,final_online_training_manifest.csv::soh_rated_pct
B0045_D0030,B0045,1857,ONLINE_FIXED_START_CAUSAL_10S_V1,PASS,B0045.mat,dc8e4cc149fe87f4ff855f30f0d31155ada6f467d06f5365550bab9370670fe3,74,29,52.5,42.5,52.5,1,3;4,2,52.5,0.0,0.0,6dd6f8332e789bf75795413741910a6e1003ae8d50e828250da713d0c2cb5831,final_online_training_manifest.csv::soh_rated_pct
B0045_D0031,B0045,1858,ONLINE_FIXED_START_CAUSAL_10S_V1,PASS,B0045.mat,dc8e4cc149fe87f4ff855f30f0d31155ada6f467d06f5365550bab9370670fe3,76,30,52.5,42.5,52.5,1,3;4,2,52.5,0.0,0.0,ed461bb683292bf5df44b2189afacc71e4c25c06d2173acd8e85138ca36e1e25,final_online_training_manifest.csv::soh_rated_pct
B0045_D0032,B0045,1859,ONLINE_FIXED_START_CAUSAL_10S_V1,PASS,B0045.mat,dc8e4cc149fe87f4ff855f30f0d31155ada6f467d06f5365550bab9370670fe3,78,31,52.485,42.485,52.485,1,3;4,2,52.485,0.0,0.0,71bc95635425132e534131389e40f60a0aa1189ddf7ed8db888b41b0075c1fec,final_online_training_manifest.csv::soh_rated_pct
B0045_D0033,B0045,1860,ONLINE_FIXED_START_CAUSAL_10S_V1,PASS,B0045.mat,dc8e4cc149fe87f4ff855f30f0d31155ada6f467d06f5365550bab9370670fe3,80,32,52.5,42.5,52.5,1,3;4,2,52.5,0.0,0.0,8a70215338c9308159560d2c36c08876c2e165cea523c6d06edc0ca3d23bb3d4,final_online_training_manifest.csv::soh_rated_pct
B0045_D0034,B0045,1861,ONLINE_FIXED_START_CAUSAL_10S_V1,PASS,B0045.mat,dc8e4cc149fe87f4ff855f30f0d31155ada6f467d06f5365550bab9370670fe3,84,33,52.625,42.625,52.625,1,3;4,2,52.625,0.0,0.0,0f63e3fe0169c8421bdea5a05add6a00fb466cb8e4b515d521d0e12867e55f30,final_online_training_manifest.csv::soh_rated_pct
B0045_D0035,B0045,1862,ONLINE_FIXED_START_CAUSAL_10S_V1,PASS,B0045.mat,dc8e4cc149fe87f4ff855f30f0d31155ada6f467d06f5365550bab9370670fe3,88,34,52.75,42.75,52.75,1,3;4,2,52.75,0.0,0.0,f9b36fb5cfbc18571ce51f5c189edb25f6113d70ceea9a68a9d4bf50f6d90f7f,final_online_training_manifest.csv::soh_rated_pct
B0045_D0036,B0045,1863,ONLINE_FIXED_START_CAUSAL_10S_V1,PASS,B0045.mat,dc8e4cc149fe87f4ff855f30f0d31155ada6f467d06f5365550bab9370670fe3,90,35,52.703,42.703,52.703,1,3;4,2,52.703,0.0,0.0,040c232b120a7a91c5088269abbae674dc253d9b18a3b397f256ad96af333e6e,final_online_training_manifest.csv::soh_rated_pct
B0045_D0037,B0045,1864,ONLINE_FIXED_START_CAUSAL_10S_V1,PASS,B0045.mat,dc8e4cc149fe87f4ff855f30f0d31155ada6f467d06f5365550bab9370670fe3,92,36,52.797,42.797,52.797,1,3;4,2,52.797,0.0,0.0,9196ac24fd198fb52b2cc770808312a5bafb20aab1c2536bb422042602c6fe5e,final_online_training_manifest.csv::soh_rated_pct
B0045_D0038,B0045,1865,ONLINE_FIXED_START_CAUSAL_10S_V1,PASS,B0045.mat,dc8e4cc149fe87f4ff855f30f0d31155ada6f467d06f5365550bab9370670fe3,94,37,52.922,42.922,52.922,1,3;4,2,52.922,0.0,0.0,94c77d81be4984601c684a4505126207cbda70a209c2a99dacbd2d387009d2cc,final_online_training_manifest.csv::soh_rated_pct
B0045_D0039,B0045,1866,ONLINE_FIXED_START_CAUSAL_10S_V1,PASS,B0045.mat,dc8e4cc149fe87f4ff855f30f0d31155ada6f467d06f5365550bab9370670fe3,96,38,53.157,43.157,53.157,1,3;4,2,53.157,0.0,0.0,963a04bb55bdce03a68d0c5ff81ab2c2f7812e6e183919b1fee98785b2e78548,final_online_training_manifest.csv::soh_rated_pct
B0045_D0040,B0045,1867,ONLINE_FIXED_START_CAUSAL_10S_V1,PASS,B0045.mat,dc8e4cc149fe87f4ff855f30f0d31155ada6f467d06f5365550bab9370670fe3,100,39,53.047,43.047,53.047,1,3;4,2,53.047,0.0,0.0,14759a4894e6030ac0c3b6f0d8d51c96efb265718b7d5e5b7be049849cceb91c,final_online_training_manifest.csv::soh_rated_pct
B0045_D0041,B0045,1868,ONLINE_FIXED_START_CAUSAL_10S_V1,PASS,B0045.mat,dc8e4cc149fe87f4ff855f30f0d31155ada6f467d06f5365550bab9370670fe3,102,40,53.344,43.344,53.344,1,3;4,2,53.344,0.0,0.0,e275fc9f98c43d82b8241ba3e243cde1c09a6f199debf6916ba97d1952af93f4,final_online_training_manifest.csv::soh_rated_pct
B0045_D0042,B0045,1869,ONLINE_FIXED_START_CAUSAL_10S_V1,PASS,B0045.mat,dc8e4cc149fe87f4ff855f30f0d31155ada6f467d06f5365550bab9370670fe3,104,41,53.281,43.281,53.281,1,3;4,2,53.281,0.0,0.0,e6df73fb44518b289663374af52767fca0e4bbf09a2a793ead918ca40babfb2f,final_online_training_manifest.csv::soh_rated_pct
B0045_D0043,B0045,1870,ONLINE_FIXED_START_CAUSAL_10S_V1,PASS,B0045.mat,dc8e4cc149fe87f4ff855f30f0d31155ada6f467d06f5365550bab9370670fe3,106,42,53.375,43.375,53.375,1,3;4,2,53.375,0.0,0.0,47e28251c29f42bc6c2c672206185bf1ea26a35635abe0ba875e62fc3f221b75,final_online_training_manifest.csv::soh_rated_pct
B0045_D0044,B0045,1871,ONLINE_FIXED_START_CAUSAL_10S_V1,PASS,B0045.mat,dc8e4cc149fe87f4ff855f30f0d31155ada6f467d06f5365550bab9370670fe3,108,43,53.422,43.422,53.422,1,3;4,2,53.422,0.0,0.0,1aa894aebebec86076f820d12cfc82c1bd04ff9e54306cd7d3da5c5d7cd5486f,final_online_training_manifest.csv::soh_rated_pct
B0045_D0045,B0045,1872,ONLINE_FIXED_START_CAUSAL_10S_V1,PASS,B0045.mat,dc8e4cc149fe87f4ff855f30f0d31155ada6f467d06f5365550bab9370670fe3,112,44,53.562,43.562,53.562,1,3;4,2,53.562,0.0,0.0,2d91688a206b429ad58d2f3134a835959d7418824e0ac3bac5ba0b4a7f6210ab,final_online_training_manifest.csv::soh_rated_pct
B0045_D0046,B0045,1873,ONLINE_FIXED_START_CAUSAL_10S_V1,PASS,B0045.mat,dc8e4cc149fe87f4ff855f30f0d31155ada6f467d06f5365550bab9370670fe3,114,45,53.547,43.547,53.547,1,3;4,2,53.547,0.0,0.0,d11332d59389542e57f755ffef6d7b1fd74375bfaa93044feffbf3147ec394c1,final_online_training_manifest.csv::soh_rated_pct
B0045_D0047,B0045,1874,ONLINE_FIXED_START_CAUSAL_10S_V1,PASS,B0045.mat,dc8e4cc149fe87f4ff855f30f0d31155ada6f467d06f5365550bab9370670fe3,116,46,53.828,43.828,53.828,1,3;4,2,53.828,0.0,0.0,fc4acc6b9c50c237a664c03cce85bdd03ea572aadfef3ccdd5b06722aa667f5d,final_online_training_manifest.csv::soh_rated_pct
B0045_D0048,B0045,1875,ONLINE_FIXED_START_CAUSAL_10S_V1,PASS,B0045.mat,dc8e4cc149fe87f4ff855f30f0d31155ada6f467d06f5365550bab9370670fe3,118,47,53.953,43.953,53.953,1,3;4,2,53.953,0.0,0.0,2b7c062a561fa4b4fc6f5ee7a561af0931d023a2328d88b9c19cbb22afbf7e61,final_online_training_manifest.csv::soh_rated_pct
B0045_D0049,B0045,1876,ONLINE_FIXED_START_CAUSAL_10S_V1,PASS,B0045.mat,dc8e4cc149fe87f4ff855f30f0d31155ada6f467d06f5365550bab9370670fe3,120,48,53.938,43.938,53.938,1,3;4,2,53.938,0.0,0.0,e161637f7bd8a3072b9a366d549ce8f50682710f03983953f6220956d0a6ff61,final_online_training_manifest.csv::soh_rated_pct
B0045_D0050,B0045,1877,ONLINE_FIXED_START_CAUSAL_10S_V1,PASS,B0045.mat,dc8e4cc149fe87f4ff855f30f0d31155ada6f467d06f5365550bab9370670fe3,124,49,54.047,44.047,54.047,1,3;4,2,54.047,0.0,0.0,7fa63c0f22cd0535bae279381b69e7e3f25573686a09c0e23da854f332c92202,final_online_training_manifest.csv::soh_rated_pct
B0045_D0051,B0045,1878,ONLINE_FIXED_START_CAUSAL_10S_V1,PASS,B0045.mat,dc8e4cc149fe87f4ff855f30f0d31155ada6f467d06f5365550bab9370670fe3,126,50,53.969,43.969,53.969,1,3;4,2,53.968999999999994,0.0,0.0,448a8f1aedd7e9ca479b8861906b00353a41589669249e62c6e4ef05995f069f,final_online_training_manifest.csv::soh_rated_pct
B0045_D0052,B0045,1879,ONLINE_FIXED_START_CAUSAL_10S_V1,PASS,B0045.mat,dc8e4cc149fe87f4ff855f30f0d31155ada6f467d06f5365550bab9370670fe3,128,51,54.109,44.109,54.109,1,3;4,2,54.109,0.0,0.0,ce5388ae190e660b512b961a1aab1fff9df3d747979eb7c5620251deda33a40c,final_online_training_manifest.csv::soh_rated_pct
B0045_D0053,B0045,1880,ONLINE_FIXED_START_CAUSAL_10S_V1,PASS,B0045.mat,dc8e4cc149fe87f4ff855f30f0d31155ada6f467d06f5365550bab9370670fe3,130,52,54.218,44.218,54.218,1,3;4,2,54.217999999999996,0.0,0.0,37e813e9a298ae6b7208155577ba5fe04b14954c1f649eb8a7263f51a7a2a596,final_online_training_manifest.csv::soh_rated_pct
B0045_D0054,B0045,1881,ONLINE_FIXED_START_CAUSAL_10S_V1,PASS,B0045.mat,dc8e4cc149fe87f4ff855f30f0d31155ada6f467d06f5365550bab9370670fe3,132,53,54.297,44.297,54.297,1,3;4,2,54.297,0.0,0.0,f0fe2548d21915f97d5c8f73a76c06baae3361f643cb3840eea10eab991808cf,final_online_training_manifest.csv::soh_rated_pct
B0045_D0055,B0045,1882,ONLINE_FIXED_START_CAUSAL_10S_V1,PASS,B0045.mat,dc8e4cc149fe87f4ff855f30f0d31155ada6f467d06f5365550bab9370670fe3,136,54,54.484,44.484,54.484,1,3;4,2,54.484,0.0,0.0,1e3f026538f33221b0e3710fdfbe243254a18c1ce0c5e98340c0dd18ea3ac396,final_online_training_manifest.csv::soh_rated_pct
B0045_D0056,B0045,1883,ONLINE_FIXED_START_CAUSAL_10S_V1,PASS,B0045.mat,dc8e4cc149fe87f4ff855f30f0d31155ada6f467d06f5365550bab9370670fe3,140,55,54.437,44.437,54.437,1,3;4,2,54.437,0.0,0.0,2d9e3514cb860d49e0ac627a1b9df688692431506eb1d26bf9b7cabdd82baf81,final_online_training_manifest.csv::soh_rated_pct
B0045_D0057,B0045,1884,ONLINE_FIXED_START_CAUSAL_10S_V1,PASS,B0045.mat,dc8e4cc149fe87f4ff855f30f0d31155ada6f467d06f5365550bab9370670fe3,142,56,54.547,44.547,54.547,1,3;4,2,54.547,0.0,0.0,1cff284acba86b5885a937ae3baaec66ea783f9712981134a116bc5ebd4057f2,final_online_training_manifest.csv::soh_rated_pct
B0045_D0058,B0045,1885,ONLINE_FIXED_START_CAUSAL_10S_V1,PASS,B0045.mat,dc8e4cc149fe87f4ff855f30f0d31155ada6f467d06f5365550bab9370670fe3,144,57,54.797,44.797,54.797,1,3;4,2,54.797,0.0,0.0,c71834d0cbd68ae26bec7c786a7bde3f02a3b62ff2908625d198287b7e075105,final_online_training_manifest.csv::soh_rated_pct
B0045_D0059,B0045,1886,ONLINE_FIXED_START_CAUSAL_10S_V1,PASS,B0045.mat,dc8e4cc149fe87f4ff855f30f0d31155ada6f467d06f5365550bab9370670fe3,146,58,54.734,44.734,54.734,1,3;4,2,54.734,0.0,0.0,16e05a5dd91ba69f907d8902c6bfe4d16452255ea8e7187b385fba6a4b190519,final_online_training_manifest.csv::soh_rated_pct
B0045_D0060,B0045,1887,ONLINE_FIXED_START_CAUSAL_10S_V1,PASS,B0045.mat,dc8e4cc149fe87f4ff855f30f0d31155ada6f467d06f5365550bab9370670fe3,148,59,54.828,44.828,54.828,1,3;4,2,54.828,0.0,0.0,87465f35f9a841b85b6501f2e0f70c930717e1ff1e0bdc170e6d9f2f87480dee,final_online_training_manifest.csv::soh_rated_pct
B0045_D0061,B0045,1888,ONLINE_FIXED_START_CAUSAL_10S_V1,PASS,B0045.mat,dc8e4cc149fe87f4ff855f30f0d31155ada6f467d06f5365550bab9370670fe3,152,60,54.828,44.828,54.828,1,3;4,2,54.828,0.0,0.0,e533f75bb29b3bd61253d7a14a8e6638625f6b37bdb8c7fb84def0c76d4971b9,final_online_training_manifest.csv::soh_rated_pct
B0045_D0062,B0045,1889,ONLINE_FIXED_START_CAUSAL_10S_V1,PASS,B0045.mat,dc8e4cc149fe87f4ff855f30f0d31155ada6f467d06f5365550bab9370670fe3,156,61,55.032,45.032,55.032,1,3;4,2,55.032,0.0,0.0,feb48789da006cbe42cb68be0e6f913366bf577d247f291bd04b685a51f23c0b,final_online_training_manifest.csv::soh_rated_pct
B0045_D0063,B0045,1890,ONLINE_FIXED_START_CAUSAL_10S_V1,PASS,B0045.mat,dc8e4cc149fe87f4ff855f30f0d31155ada6f467d06f5365550bab9370670fe3,158,62,40.125,30.125,40.125,1,2;3,2,40.125,0.0,0.0,682d4e496f417f8593fe70a85de9fac41bc5ae58d10e5d0165e30d9b25729f77,final_online_training_manifest.csv::soh_rated_pct
B0045_D0064,B0045,1891,ONLINE_FIXED_START_CAUSAL_10S_V1,PASS,B0045.mat,dc8e4cc149fe87f4ff855f30f0d31155ada6f467d06f5365550bab9370670fe3,160,63,40.219,30.219,40.219,1,2;3,2,40.219,0.0,0.0,9bc65bfa2b231a58df8cf1c68a824ffa7e31941329cceefad0784d16e95be29d,final_online_training_manifest.csv::soh_rated_pct
B0045_D0065,B0045,1892,ONLINE_FIXED_START_CAUSAL_10S_V1,PASS,B0045.mat,dc8e4cc149fe87f4ff855f30f0d31155ada6f467d06f5365550bab9370670fe3,162,64,40.141,30.141,40.141,1,2;3,2,40.141,0.0,0.0,c58e66c84b9256f959f3af3afb9af2f167ac9b269fa48b49198b0fbb77df513c,final_online_training_manifest.csv::soh_rated_pct
B0045_D0067,B0045,1893,ONLINE_FIXED_START_CAUSAL_10S_V1,PASS,B0045.mat,dc8e4cc149fe87f4ff855f30f0d31155ada6f467d06f5365550bab9370670fe3,168,66,40.437,30.437,40.437,1,2;3,2,40.437,0.0,0.0,9ab55fb2f6d12854d603ab985c2ad25e1e1bd765e758ef33eff88f8f015f4dbc,final_online_training_manifest.csv::soh_rated_pct
B0045_D0068,B0045,1894,ONLINE_FIXED_START_CAUSAL_10S_V1,PASS,B0045.mat,dc8e4cc149fe87f4ff855f30f0d31155ada6f467d06f5365550bab9370670fe3,172,67,40.532,30.532,40.532,1,2;3,2,40.532,0.0,0.0,3dd7e95864300c6bb0aef3b7d0679da5aaf8ff2c90b24206d8a200ea10a1018e,final_online_training_manifest.csv::soh_rated_pct
B0045_D0069,B0045,1895,ONLINE_FIXED_START_CAUSAL_10S_V1,PASS,B0045.mat,dc8e4cc149fe87f4ff855f30f0d31155ada6f467d06f5365550bab9370670fe3,174,68,40.5,30.5,40.5,1,2;3,2,40.5,0.0,0.0,e059aab754b803d73bd7a7e5bd8ec50c48fa677681a87af05640103b3e45a9ef,final_online_training_manifest.csv::soh_rated_pct
B0045_D0070,B0045,1896,ONLINE_FIXED_START_CAUSAL_10S_V1,PASS,B0045.mat,dc8e4cc149fe87f4ff855f30f0d31155ada6f467d06f5365550bab9370670fe3,176,69,40.422,30.422,40.422,1,2;3,2,40.422,0.0,0.0,c7497848585310ea10aef0c621b3e57a9ae5b944fce199331b8383e45380bb0d,final_online_training_manifest.csv::soh_rated_pct
B0045_D0071,B0045,1897,ONLINE_FIXED_START_CAUSAL_10S_V1,PASS,B0045.mat,dc8e4cc149fe87f4ff855f30f0d31155ada6f467d06f5365550bab9370670fe3,178,70,40.484,30.483999999999995,40.484,1,2;3,2,40.483999999999995,0.0,0.0,9535b02eb861a9796307ab97113c0340bca88bd6c20a5d832e0971f85d88700f,final_online_training_manifest.csv::soh_rated_pct
B0045_D0072,B0045,1898,ONLINE_FIXED_START_CAUSAL_10S_V1,PASS,B0045.mat,dc8e4cc149fe87f4ff855f30f0d31155ada6f467d06f5365550bab9370670fe3,180,71,40.532,30.532,40.532,1,2;3,2,40.532,0.0,0.0,7f76037ac21e197920cf716a41f84f733d55a5e20808b406628bbdb620f66ab9,final_online_training_manifest.csv::soh_rated_pct
B0046_D0001,B0046,1899,ONLINE_FIXED_START_CAUSAL_10S_V1,PASS,B0046.mat,fe62dffc7079f6131e591415c740f6863364b23e728fe2aa7286a9c749dcdebc,0,0,49.625,39.625,49.625,1,3;4,2,49.625,0.0,0.0,18d47f985c5e80bb2adb18fc9c3df330e5b3996887d2fc1e801263bff0169730,final_online_training_manifest.csv::soh_rated_pct
B0046_D0002,B0046,1900,ONLINE_FIXED_START_CAUSAL_10S_V1,PASS,B0046.mat,fe62dffc7079f6131e591415c740f6863364b23e728fe2aa7286a9c749dcdebc,4,1,49.609,39.609,49.609,1,3;4,2,49.609,0.0,0.0,70f18fd6596c7cd69f9e9aaea7def5f99eeb229fe65f4ba137d6d50645ca00a1,final_online_training_manifest.csv::soh_rated_pct
B0046_D0003,B0046,1901,ONLINE_FIXED_START_CAUSAL_10S_V1,PASS,B0046.mat,fe62dffc7079f6131e591415c740f6863364b23e728fe2aa7286a9c749dcdebc,6,2,49.672,39.672,49.672,1,3;4,2,49.672,0.0,0.0,a6a8414068c2fe78cdcaaf9da406cbbc6b02bbd38c4ba574ee68874420cc4092,final_online_training_manifest.csv::soh_rated_pct
B0046_D0004,B0046,1902,ONLINE_FIXED_START_CAUSAL_10S_V1,PASS,B0046.mat,fe62dffc7079f6131e591415c740f6863364b23e728fe2aa7286a9c749dcdebc,8,3,49.844,39.844,49.844,1,3;4,2,49.843999999999994,0.0,0.0,9c1865a6e5e730d609e96844f241a04a2afe0201ec404f56c087d00fb0ae2618,final_online_training_manifest.csv::soh_rated_pct
B0046_D0005,B0046,1903,ONLINE_FIXED_START_CAUSAL_10S_V1,PASS,B0046.mat,fe62dffc7079f6131e591415c740f6863364b23e728fe2aa7286a9c749dcdebc,10,4,49.968,39.968,49.968,1,3;4,2,49.968,0.0,0.0,321b0739cebf66d1bffc3c51f8c9099b86898d970e707d0e1e7ec097d910979d,final_online_training_manifest.csv::soh_rated_pct
B0046_D0006,B0046,1904,ONLINE_FIXED_START_CAUSAL_10S_V1,PASS,B0046.mat,fe62dffc7079f6131e591415c740f6863364b23e728fe2aa7286a9c749dcdebc,12,5,50.219,40.219,50.219,1,3;4,2,50.219,0.0,0.0,dc7a45feeb84211a9c406fb02752fa7b3fed798be806796e0d233fdab127ea2d,final_online_training_manifest.csv::soh_rated_pct
B0046_D0007,B0046,1905,ONLINE_FIXED_START_CAUSAL_10S_V1,PASS,B0046.mat,fe62dffc7079f6131e591415c740f6863364b23e728fe2aa7286a9c749dcdebc,16,6,50.25,40.25,50.25,1,3;4,2,50.25,0.0,0.0,95141821b6f1edce72f5c811b710eea2bb84b103e95f2626d34d99237cf561dd,final_online_training_manifest.csv::soh_rated_pct
B0046_D0008,B0046,1906,ONLINE_FIXED_START_CAUSAL_10S_V1,PASS,B0046.mat,fe62dffc7079f6131e591415c740f6863364b23e728fe2aa7286a9c749dcdebc,20,7,50.296,40.296,50.296,1,3;4,2,50.296,0.0,0.0,06fbe418050a3ea7b1ebbfd372f3abf832ef9d6c37757bae6497180614dacb77,final_online_training_manifest.csv::soh_rated_pct
B0046_D0009,B0046,1907,ONLINE_FIXED_START_CAUSAL_10S_V1,PASS,B0046.mat,fe62dffc7079f6131e591415c740f6863364b23e728fe2aa7286a9c749dcdebc,22,8,50.407,40.407,50.407,1,3;4,2,50.407,0.0,0.0,96ea4fb5d17faf736160383642c7f5e4a7765f366a5dcb53b021b29fdf4ad1c1,final_online_training_manifest.csv::soh_rated_pct
B0046_D0010,B0046,1908,ONLINE_FIXED_START_CAUSAL_10S_V1,PASS,B0046.mat,fe62dffc7079f6131e591415c740f6863364b23e728fe2aa7286a9c749dcdebc,24,9,50.469,40.469,50.469,1,3;4,2,50.469,0.0,0.0,36c35138845b8690208548c74cd58c09e0927b89634a5aa320c286b32c123156,final_online_training_manifest.csv::soh_rated_pct
B0046_D0011,B0046,1909,ONLINE_FIXED_START_CAUSAL_10S_V1,PASS,B0046.mat,fe62dffc7079f6131e591415c740f6863364b23e728fe2aa7286a9c749dcdebc,26,10,50.594,40.594,50.594,1,3;4,2,50.594,0.0,0.0,9c3f971c1e42e618b7d51b4cbb41b884ac9ac7cc2dd36d2a62ed6a1b278d1681,final_online_training_manifest.csv::soh_rated_pct
B0046_D0012,B0046,1910,ONLINE_FIXED_START_CAUSAL_10S_V1,PASS,B0046.mat,fe62dffc7079f6131e591415c740f6863364b23e728fe2aa7286a9c749dcdebc,28,11,50.657,40.657,50.657,1,3;4,2,50.657,0.0,0.0,9401e4eaa606dd0f6c3d6fb1c1e763adff969ff132b0ab0051b159c5c0d99967,final_online_training_manifest.csv::soh_rated_pct
B0046_D0013,B0046,1911,ONLINE_FIXED_START_CAUSAL_10S_V1,PASS,B0046.mat,fe62dffc7079f6131e591415c740f6863364b23e728fe2aa7286a9c749dcdebc,32,12,50.875,40.875,50.875,1,3;4,2,50.875,0.0,0.0,6a80da99897fe234a83eeeceb6e0d78569606649e651bdb85017b0bc69fca16c,final_online_training_manifest.csv::soh_rated_pct
B0046_D0014,B0046,1912,ONLINE_FIXED_START_CAUSAL_10S_V1,PASS,B0046.mat,fe62dffc7079f6131e591415c740f6863364b23e728fe2aa7286a9c749dcdebc,36,13,50.75,40.75,50.75,1,3;4,2,50.75,0.0,0.0,f450cc2cca11bfaca14591cf735f97707f02f502a9ea6262249a2dcc22fab03b,final_online_training_manifest.csv::soh_rated_pct
B0046_D0015,B0046,1913,ONLINE_FIXED_START_CAUSAL_10S_V1,PASS,B0046.mat,fe62dffc7079f6131e591415c740f6863364b23e728fe2aa7286a9c749dcdebc,38,14,50.985,40.985,50.985,1,3;4,2,50.985,0.0,0.0,d28dbd1f0d439abebe4b83dbd3292d44f51d7dd9a0fb7584a62f3ea60085e7ab,final_online_training_manifest.csv::soh_rated_pct
B0046_D0016,B0046,1914,ONLINE_FIXED_START_CAUSAL_10S_V1,PASS,B0046.mat,fe62dffc7079f6131e591415c740f6863364b23e728fe2aa7286a9c749dcdebc,40,15,51.0,41.0,51.0,1,3;4,2,51.0,0.0,0.0,69966d44f9ef7b2ab774a6b7224d92f26c10ae8b582d4055ec5bc670fc047738,final_online_training_manifest.csv::soh_rated_pct
B0046_D0017,B0046,1915,ONLINE_FIXED_START_CAUSAL_10S_V1,PASS,B0046.mat,fe62dffc7079f6131e591415c740f6863364b23e728fe2aa7286a9c749dcdebc,42,16,50.968,40.968,50.968,1,3;4,2,50.968,0.0,0.0,b22a2dfe5d935fff7b0ebea4d6a0b1f7a8fb4a9974b59ecdefb1adeae5b419d5,final_online_training_manifest.csv::soh_rated_pct
B0046_D0018,B0046,1916,ONLINE_FIXED_START_CAUSAL_10S_V1,PASS,B0046.mat,fe62dffc7079f6131e591415c740f6863364b23e728fe2aa7286a9c749dcdebc,44,17,51.235,41.235,51.235,1,3;4,2,51.235,0.0,0.0,9d85a126150fdaf424232d6b0a7ac04c665a768361ce30f7a06ded46a5f51840,final_online_training_manifest.csv::soh_rated_pct
B0046_D0019,B0046,1917,ONLINE_FIXED_START_CAUSAL_10S_V1,PASS,B0046.mat,fe62dffc7079f6131e591415c740f6863364b23e728fe2aa7286a9c749dcdebc,48,18,51.39,41.39,51.39,1,3;4,2,51.39,0.0,0.0,5053225626060f320c53a91baa1bdbfd2e3dc07da165f670d026660e6b2df719,final_online_training_manifest.csv::soh_rated_pct
B0046_D0021,B0046,1918,ONLINE_FIXED_START_CAUSAL_10S_V1,PASS,B0046.mat,fe62dffc7079f6131e591415c740f6863364b23e728fe2aa7286a9c749dcdebc,52,20,51.406,41.406,51.406,1,3;4,2,51.406,0.0,0.0,c1c37f438459fa1a63c65afc10bbf66152b737899981d7b1abd0e19a76123131,final_online_training_manifest.csv::soh_rated_pct
B0046_D0022,B0046,1919,ONLINE_FIXED_START_CAUSAL_10S_V1,PASS,B0046.mat,fe62dffc7079f6131e591415c740f6863364b23e728fe2aa7286a9c749dcdebc,54,21,51.594,41.594,51.594,1,3;4,2,51.594,0.0,0.0,c3c0d805c453e915ab77f9a089c57b67e8e0ccbf32b462edcca5fb8e68dea07c,final_online_training_manifest.csv::soh_rated_pct
B0046_D0023,B0046,1920,ONLINE_FIXED_START_CAUSAL_10S_V1,PASS,B0046.mat,fe62dffc7079f6131e591415c740f6863364b23e728fe2aa7286a9c749dcdebc,56,22,51.719,41.719,51.719,1,3;4,2,51.719,0.0,0.0,a791168cec0cb260a4c519db3f85e3a8060d8a7937940102dfa7d896762a5077,final_online_training_manifest.csv::soh_rated_pct
B0046_D0024,B0046,1921,ONLINE_FIXED_START_CAUSAL_10S_V1,PASS,B0046.mat,fe62dffc7079f6131e591415c740f6863364b23e728fe2aa7286a9c749dcdebc,60,23,51.75,41.75,51.75,1,3;4,2,51.75,0.0,0.0,cacd7976474d039fdf53bcef1e9418d18f8888560d28349aa93876af7009c9e7,final_online_training_manifest.csv::soh_rated_pct
B0046_D0025,B0046,1922,ONLINE_FIXED_START_CAUSAL_10S_V1,PASS,B0046.mat,fe62dffc7079f6131e591415c740f6863364b23e728fe2aa7286a9c749dcdebc,62,24,51.89,41.89,51.89,1,3;4,2,51.89,0.0,0.0,c6129b9ca43beaf387f072884684cce1a804d35f142e402c563d1b20d822aff0,final_online_training_manifest.csv::soh_rated_pct
B0046_D0026,B0046,1923,ONLINE_FIXED_START_CAUSAL_10S_V1,PASS,B0046.mat,fe62dffc7079f6131e591415c740f6863364b23e728fe2aa7286a9c749dcdebc,64,25,51.891,41.891,51.891,1,3;4,2,51.891,0.0,0.0,22466de7b3d8dd8daf9b66412f069917bb50fe350023af83d4c756abd472cb1c,final_online_training_manifest.csv::soh_rated_pct
B0046_D0027,B0046,1924,ONLINE_FIXED_START_CAUSAL_10S_V1,PASS,B0046.mat,fe62dffc7079f6131e591415c740f6863364b23e728fe2aa7286a9c749dcdebc,66,26,52.031000000000006,42.031000000000006,52.031000000000006,1,3;4,2,52.031000000000006,0.0,0.0,b014526aefb562113ceb7199bbda232c69497ff91f6f40e9554d6e814b06ff8d,final_online_training_manifest.csv::soh_rated_pct
B0046_D0028,B0046,1925,ONLINE_FIXED_START_CAUSAL_10S_V1,PASS,B0046.mat,fe62dffc7079f6131e591415c740f6863364b23e728fe2aa7286a9c749dcdebc,68,27,52.375,42.375,52.375,1,3;4,2,52.375,0.0,0.0,00a6799b27d6a5529ef96dd2d238292e12aa90abf50cb3510454a75981a594f0,final_online_training_manifest.csv::soh_rated_pct
B0046_D0029,B0046,1926,ONLINE_FIXED_START_CAUSAL_10S_V1,PASS,B0046.mat,fe62dffc7079f6131e591415c740f6863364b23e728fe2aa7286a9c749dcdebc,72,28,52.172,42.172,52.172,1,3;4,2,52.172000000000004,0.0,0.0,12f14148e28bb52ba774e60c6144acc8d60aecb1ab9700e2735ae024fba69d6d,final_online_training_manifest.csv::soh_rated_pct
B0046_D0030,B0046,1927,ONLINE_FIXED_START_CAUSAL_10S_V1,PASS,B0046.mat,fe62dffc7079f6131e591415c740f6863364b23e728fe2aa7286a9c749dcdebc,74,29,52.5,42.5,52.5,1,3;4,2,52.5,0.0,0.0,62aba8aa921501963a3af1d7ceb7511bdd1c0e534e7b8135031f3867968908e7,final_online_training_manifest.csv::soh_rated_pct
B0046_D0031,B0046,1928,ONLINE_FIXED_START_CAUSAL_10S_V1,PASS,B0046.mat,fe62dffc7079f6131e591415c740f6863364b23e728fe2aa7286a9c749dcdebc,76,30,52.5,42.5,52.5,1,3;4,2,52.5,0.0,0.0,2c83ea08f70704f0e62603aa3957952e5fa1031220f2b0972b60ab42be6a86f3,final_online_training_manifest.csv::soh_rated_pct
B0046_D0032,B0046,1929,ONLINE_FIXED_START_CAUSAL_10S_V1,PASS,B0046.mat,fe62dffc7079f6131e591415c740f6863364b23e728fe2aa7286a9c749dcdebc,78,31,52.485,42.485,52.485,1,3;4,2,52.485,0.0,0.0,d7fb7b6722526524f1dd5c954a067d0004e888b62e4a787db2e7297eed8a820c,final_online_training_manifest.csv::soh_rated_pct
B0046_D0033,B0046,1930,ONLINE_FIXED_START_CAUSAL_10S_V1,PASS,B0046.mat,fe62dffc7079f6131e591415c740f6863364b23e728fe2aa7286a9c749dcdebc,80,32,52.5,42.5,52.5,1,3;4,2,52.5,0.0,0.0,c536c62771831d1b4edf1ff036121c357805ddbc5f50105f6a6d88a4a718b439,final_online_training_manifest.csv::soh_rated_pct
B0046_D0034,B0046,1931,ONLINE_FIXED_START_CAUSAL_10S_V1,PASS,B0046.mat,fe62dffc7079f6131e591415c740f6863364b23e728fe2aa7286a9c749dcdebc,84,33,52.625,42.625,52.625,1,3;4,2,52.625,0.0,0.0,fe32876a81b293432119454b65294a174024043f10fc4c62a9102b99ac1ab88d,final_online_training_manifest.csv::soh_rated_pct
B0046_D0035,B0046,1932,ONLINE_FIXED_START_CAUSAL_10S_V1,PASS,B0046.mat,fe62dffc7079f6131e591415c740f6863364b23e728fe2aa7286a9c749dcdebc,88,34,52.75,42.75,52.75,1,3;4,2,52.75,0.0,0.0,6843759206dee344eedbccae48d458bb0b9fa77d71f631e0e20b20a1e7fbd9fb,final_online_training_manifest.csv::soh_rated_pct
B0046_D0036,B0046,1933,ONLINE_FIXED_START_CAUSAL_10S_V1,PASS,B0046.mat,fe62dffc7079f6131e591415c740f6863364b23e728fe2aa7286a9c749dcdebc,90,35,52.703,42.703,52.703,1,3;4,2,52.703,0.0,0.0,c77676dd19c5f1da54eb249c4c9b3cd0fa24e553c1f12a691b715b6c3c9524c3,final_online_training_manifest.csv::soh_rated_pct
B0046_D0037,B0046,1934,ONLINE_FIXED_START_CAUSAL_10S_V1,PASS,B0046.mat,fe62dffc7079f6131e591415c740f6863364b23e728fe2aa7286a9c749dcdebc,92,36,52.797,42.797,52.797,1,3;4,2,52.797,0.0,0.0,ea6e56fde014566e7253113e19d3c0fddb039dd4d3179e6ec9ba8520027f632e,final_online_training_manifest.csv::soh_rated_pct
B0046_D0038,B0046,1935,ONLINE_FIXED_START_CAUSAL_10S_V1,PASS,B0046.mat,fe62dffc7079f6131e591415c740f6863364b23e728fe2aa7286a9c749dcdebc,94,37,52.922,42.922,52.922,1,3;4,2,52.922,0.0,0.0,be96fa36ffd3cbf999bed0beed595efa7a77b95c629db9de9c693e8c6219186c,final_online_training_manifest.csv::soh_rated_pct
B0046_D0039,B0046,1936,ONLINE_FIXED_START_CAUSAL_10S_V1,PASS,B0046.mat,fe62dffc7079f6131e591415c740f6863364b23e728fe2aa7286a9c749dcdebc,96,38,53.157,43.157,53.157,1,3;4,2,53.157,0.0,0.0,070fe1b3080edf4d226f050594ac4cb0d11840259410eca57eb404460bf9a747,final_online_training_manifest.csv::soh_rated_pct
B0046_D0040,B0046,1937,ONLINE_FIXED_START_CAUSAL_10S_V1,PASS,B0046.mat,fe62dffc7079f6131e591415c740f6863364b23e728fe2aa7286a9c749dcdebc,100,39,53.047,43.047,53.047,1,3;4,2,53.047,0.0,0.0,7bcec52e403192dc0c252d8b31389cb70552a0805dd3b3874704d8147a0cd8e3,final_online_training_manifest.csv::soh_rated_pct
B0046_D0041,B0046,1938,ONLINE_FIXED_START_CAUSAL_10S_V1,PASS,B0046.mat,fe62dffc7079f6131e591415c740f6863364b23e728fe2aa7286a9c749dcdebc,102,40,53.344,43.344,53.344,1,3;4,2,53.344,0.0,0.0,3ac1474157647105a99fe47187919e48717c7a34e5bd0479e82b822aa4bd818e,final_online_training_manifest.csv::soh_rated_pct
B0046_D0042,B0046,1939,ONLINE_FIXED_START_CAUSAL_10S_V1,PASS,B0046.mat,fe62dffc7079f6131e591415c740f6863364b23e728fe2aa7286a9c749dcdebc,104,41,53.281,43.281,53.281,1,3;4,2,53.281,0.0,0.0,afb57de1c71792515c4895df525d35156b538b69b9aa80b928376570ef425ac4,final_online_training_manifest.csv::soh_rated_pct
B0046_D0043,B0046,1940,ONLINE_FIXED_START_CAUSAL_10S_V1,PASS,B0046.mat,fe62dffc7079f6131e591415c740f6863364b23e728fe2aa7286a9c749dcdebc,106,42,53.375,43.375,53.375,1,3;4,2,53.375,0.0,0.0,7ee9f3ffc139275eec61cba9bea48d54c6eb4f09aa10c0b7e877e173c92b0d40,final_online_training_manifest.csv::soh_rated_pct
B0046_D0044,B0046,1941,ONLINE_FIXED_START_CAUSAL_10S_V1,PASS,B0046.mat,fe62dffc7079f6131e591415c740f6863364b23e728fe2aa7286a9c749dcdebc,108,43,53.422,43.422,53.422,1,3;4,2,53.422,0.0,0.0,d0343500d1106b6005660fc8eb18a416b95480227bc64b500a5c2ae71d8488b1,final_online_training_manifest.csv::soh_rated_pct
B0046_D0045,B0046,1942,ONLINE_FIXED_START_CAUSAL_10S_V1,PASS,B0046.mat,fe62dffc7079f6131e591415c740f6863364b23e728fe2aa7286a9c749dcdebc,112,44,53.562,43.562,53.562,1,3;4,2,53.562,0.0,0.0,9977407dc395f27ffbb168281ba814517d5b5df9201490f67d7a19fb024c027f,final_online_training_manifest.csv::soh_rated_pct
B0046_D0046,B0046,1943,ONLINE_FIXED_START_CAUSAL_10S_V1,PASS,B0046.mat,fe62dffc7079f6131e591415c740f6863364b23e728fe2aa7286a9c749dcdebc,114,45,53.547,43.547,53.547,1,3;4,2,53.547,0.0,0.0,eb7e83e5a82ddf62e6e0678a4677c73c2508c29ecc06d7d7a242b347150b486b,final_online_training_manifest.csv::soh_rated_pct
B0046_D0047,B0046,1944,ONLINE_FIXED_START_CAUSAL_10S_V1,PASS,B0046.mat,fe62dffc7079f6131e591415c740f6863364b23e728fe2aa7286a9c749dcdebc,116,46,53.828,43.828,53.828,1,3;4,2,53.828,0.0,0.0,70c8d013f7c59a90b88a1879ce9e47052c1f9a00fa1b50e9e2ba9be732bfc15f,final_online_training_manifest.csv::soh_rated_pct
B0046_D0048,B0046,1945,ONLINE_FIXED_START_CAUSAL_10S_V1,PASS,B0046.mat,fe62dffc7079f6131e591415c740f6863364b23e728fe2aa7286a9c749dcdebc,118,47,53.953,43.953,53.953,1,3;4,2,53.953,0.0,0.0,eac926febfe403ef27cd9d3ad3d9a3e39b055f531f5c746cd98d15b2eea510bb,final_online_training_manifest.csv::soh_rated_pct
B0046_D0049,B0046,1946,ONLINE_FIXED_START_CAUSAL_10S_V1,PASS,B0046.mat,fe62dffc7079f6131e591415c740f6863364b23e728fe2aa7286a9c749dcdebc,120,48,53.938,43.938,53.938,1,3;4,2,53.938,0.0,0.0,e012e6e78f014df676cda3b15dc793cab2c40d70c3355e78682c20eb5982bbf2,final_online_training_manifest.csv::soh_rated_pct
B0046_D0050,B0046,1947,ONLINE_FIXED_START_CAUSAL_10S_V1,PASS,B0046.mat,fe62dffc7079f6131e591415c740f6863364b23e728fe2aa7286a9c749dcdebc,124,49,54.047,44.047,54.047,1,3;4,2,54.047,0.0,0.0,07fa6a80088fe7b59a253cc546393a395a03a70d51899628b915faa372e2843d,final_online_training_manifest.csv::soh_rated_pct
B0046_D0051,B0046,1948,ONLINE_FIXED_START_CAUSAL_10S_V1,PASS,B0046.mat,fe62dffc7079f6131e591415c740f6863364b23e728fe2aa7286a9c749dcdebc,126,50,53.969,43.969,53.969,1,3;4,2,53.968999999999994,0.0,0.0,940598acc48ed60a6b81f581ebf1528abfdd189d885693b77893b59dc7dc7efd,final_online_training_manifest.csv::soh_rated_pct
B0046_D0052,B0046,1949,ONLINE_FIXED_START_CAUSAL_10S_V1,PASS,B0046.mat,fe62dffc7079f6131e591415c740f6863364b23e728fe2aa7286a9c749dcdebc,128,51,54.109,44.109,54.109,1,3;4,2,54.109,0.0,0.0,4f4ea655482a5c660aec8462ce6fc7da0c3913b9d016784d5b63fcef5d3ab4a8,final_online_training_manifest.csv::soh_rated_pct
B0046_D0053,B0046,1950,ONLINE_FIXED_START_CAUSAL_10S_V1,PASS,B0046.mat,fe62dffc7079f6131e591415c740f6863364b23e728fe2aa7286a9c749dcdebc,130,52,54.218,44.218,54.218,1,3;4,2,54.217999999999996,0.0,0.0,85528a87e9cd05f30badc15334fb213156a2c3a896d893f4ddc240f3768993c4,final_online_training_manifest.csv::soh_rated_pct
B0046_D0055,B0046,1951,ONLINE_FIXED_START_CAUSAL_10S_V1,PASS,B0046.mat,fe62dffc7079f6131e591415c740f6863364b23e728fe2aa7286a9c749dcdebc,136,54,54.484,44.484,54.484,1,3;4,2,54.484,0.0,0.0,73f9b34b758bb8b9bdb766641fcfe74b472d4b463030ca8f38119acc6eee44bc,final_online_training_manifest.csv::soh_rated_pct
B0046_D0056,B0046,1952,ONLINE_FIXED_START_CAUSAL_10S_V1,PASS,B0046.mat,fe62dffc7079f6131e591415c740f6863364b23e728fe2aa7286a9c749dcdebc,140,55,54.437,44.437,54.437,1,3;4,2,54.437,0.0,0.0,433b3ca1b7080e60301d94e10788f30feeddd0396bf440da8dbead6297104b1e,final_online_training_manifest.csv::soh_rated_pct
B0046_D0057,B0046,1953,ONLINE_FIXED_START_CAUSAL_10S_V1,PASS,B0046.mat,fe62dffc7079f6131e591415c740f6863364b23e728fe2aa7286a9c749dcdebc,142,56,54.547,44.547,54.547,1,3;4,2,54.547,0.0,0.0,b652ce6da5d1bc1bbd29fdc6394a80b9d62668bdce7f88c344c98aa7090cb88c,final_online_training_manifest.csv::soh_rated_pct
B0046_D0058,B0046,1954,ONLINE_FIXED_START_CAUSAL_10S_V1,PASS,B0046.mat,fe62dffc7079f6131e591415c740f6863364b23e728fe2aa7286a9c749dcdebc,144,57,54.797,44.797,54.797,1,3;4,2,54.797,0.0,0.0,bf67f1840783fee2f6ba2f153093c8a7dd8d6b0f4f589c32300f26522be8423d,final_online_training_manifest.csv::soh_rated_pct
B0046_D0059,B0046,1955,ONLINE_FIXED_START_CAUSAL_10S_V1,PASS,B0046.mat,fe62dffc7079f6131e591415c740f6863364b23e728fe2aa7286a9c749dcdebc,146,58,54.734,44.734,54.734,1,3;4,2,54.734,0.0,0.0,0027a24683cc2ecd9f8ca493ea506af298cb1ecf02afcc54edadb4e563413449,final_online_training_manifest.csv::soh_rated_pct
B0046_D0060,B0046,1956,ONLINE_FIXED_START_CAUSAL_10S_V1,PASS,B0046.mat,fe62dffc7079f6131e591415c740f6863364b23e728fe2aa7286a9c749dcdebc,148,59,54.828,44.828,54.828,1,3;4,2,54.828,0.0,0.0,f741b6dff7c4bd2bb36151204a715d85a167c384639c893126823bb6e7d8ddbe,final_online_training_manifest.csv::soh_rated_pct
B0046_D0061,B0046,1957,ONLINE_FIXED_START_CAUSAL_10S_V1,PASS,B0046.mat,fe62dffc7079f6131e591415c740f6863364b23e728fe2aa7286a9c749dcdebc,152,60,54.828,44.828,54.828,1,3;4,2,54.828,0.0,0.0,604d56dc788c4641b62142d46d82673809c899dedeb4cc13acee593828baa514,final_online_training_manifest.csv::soh_rated_pct
B0046_D0062,B0046,1958,ONLINE_FIXED_START_CAUSAL_10S_V1,PASS,B0046.mat,fe62dffc7079f6131e591415c740f6863364b23e728fe2aa7286a9c749dcdebc,156,61,55.032,45.032,55.032,1,3;4,2,55.032,0.0,0.0,62c3c352692b46808709456a21f3b427f32522c79eee26059749d18bad575131,final_online_training_manifest.csv::soh_rated_pct
B0046_D0063,B0046,1959,ONLINE_FIXED_START_CAUSAL_10S_V1,PASS,B0046.mat,fe62dffc7079f6131e591415c740f6863364b23e728fe2aa7286a9c749dcdebc,158,62,40.125,30.125,40.125,1,2;3,2,40.125,0.0,0.0,e27bcf1d0fd328e1874389c6f22cba94ee87b0c2b9a3d7cc4074e2534203e8cb,final_online_training_manifest.csv::soh_rated_pct
B0046_D0064,B0046,1960,ONLINE_FIXED_START_CAUSAL_10S_V1,PASS,B0046.mat,fe62dffc7079f6131e591415c740f6863364b23e728fe2aa7286a9c749dcdebc,160,63,40.219,30.219,40.219,1,2;3,2,40.219,0.0,0.0,d0b932f5d137fd4d6c7877b85633651f85c73ed8384ec6ffbc55f11ce9ca18a3,final_online_training_manifest.csv::soh_rated_pct
B0046_D0065,B0046,1961,ONLINE_FIXED_START_CAUSAL_10S_V1,PASS,B0046.mat,fe62dffc7079f6131e591415c740f6863364b23e728fe2aa7286a9c749dcdebc,162,64,40.141,30.141,40.141,1,2;3,2,40.141,0.0,0.0,a862cd903bbd2aaca63deb158b8fd24d574dfcd23589d5f5f77319c884a39c0f,final_online_training_manifest.csv::soh_rated_pct
B0046_D0067,B0046,1962,ONLINE_FIXED_START_CAUSAL_10S_V1,PASS,B0046.mat,fe62dffc7079f6131e591415c740f6863364b23e728fe2aa7286a9c749dcdebc,168,66,40.437,30.437,40.437,1,2;3,2,40.437,0.0,0.0,2c6d5e3375f09c3dac0f6cd6a322879b3df8de5de3614d3cdbe178f691de8681,final_online_training_manifest.csv::soh_rated_pct
B0046_D0068,B0046,1963,ONLINE_FIXED_START_CAUSAL_10S_V1,PASS,B0046.mat,fe62dffc7079f6131e591415c740f6863364b23e728fe2aa7286a9c749dcdebc,172,67,40.532,30.532,40.532,1,2;3,2,40.532,0.0,0.0,1669f84da901c695b137e21bb3cee028260730d2d34cc11d8c4cfcab27dd6432,final_online_training_manifest.csv::soh_rated_pct
B0046_D0069,B0046,1964,ONLINE_FIXED_START_CAUSAL_10S_V1,PASS,B0046.mat,fe62dffc7079f6131e591415c740f6863364b23e728fe2aa7286a9c749dcdebc,174,68,40.5,30.5,40.5,1,2;3,2,40.5,0.0,0.0,21db4d88cf3bafde049b86fbc72a3770f4839b2fd1d7fd2be1366dbf3b812881,final_online_training_manifest.csv::soh_rated_pct
B0046_D0070,B0046,1965,ONLINE_FIXED_START_CAUSAL_10S_V1,PASS,B0046.mat,fe62dffc7079f6131e591415c740f6863364b23e728fe2aa7286a9c749dcdebc,176,69,40.422,30.422,40.422,1,2;3,2,40.422,0.0,0.0,e6b7009b89c8b6cfba1cb6c33a27aa99b4c6a0a026d70d157878899724e98ed4,final_online_training_manifest.csv::soh_rated_pct
B0046_D0071,B0046,1966,ONLINE_FIXED_START_CAUSAL_10S_V1,PASS,B0046.mat,fe62dffc7079f6131e591415c740f6863364b23e728fe2aa7286a9c749dcdebc,178,70,40.484,30.483999999999995,40.484,1,2;3,2,40.483999999999995,0.0,0.0,1270b79bd93c43418ba74abb9c25856d98b9f438d13ede80b22364c810d29314,final_online_training_manifest.csv::soh_rated_pct
B0046_D0072,B0046,1967,ONLINE_FIXED_START_CAUSAL_10S_V1,PASS,B0046.mat,fe62dffc7079f6131e591415c740f6863364b23e728fe2aa7286a9c749dcdebc,180,71,40.532,30.532,40.532,1,2;3,2,40.532,0.0,0.0,1c6155ca919ed18b98add518a4557e2643b1215df56673b3b713783e88cc4e88,final_online_training_manifest.csv::soh_rated_pct
B0047_D0001,B0047,1968,ONLINE_FIXED_START_CAUSAL_10S_V1,PASS,B0047.mat,8089a9180cf353704642c457c844d83dd2e83aa2fc43fe4f7c05322f86fd0648,0,0,49.625,39.625,49.625,1,3;4,2,49.625,0.0,0.0,47d7d9d2454fae0e0b32857c1fa66bad4dc60d934b9091484afb81b4d04fb6a4,final_online_training_manifest.csv::soh_rated_pct
B0047_D0002,B0047,1969,ONLINE_FIXED_START_CAUSAL_10S_V1,PASS,B0047.mat,8089a9180cf353704642c457c844d83dd2e83aa2fc43fe4f7c05322f86fd0648,4,1,49.609,39.609,49.609,1,3;4,2,49.609,0.0,0.0,adebfb8a750b69346186795bec111b26ac82706c2063173f51de375da9357d5c,final_online_training_manifest.csv::soh_rated_pct
B0047_D0003,B0047,1970,ONLINE_FIXED_START_CAUSAL_10S_V1,PASS,B0047.mat,8089a9180cf353704642c457c844d83dd2e83aa2fc43fe4f7c05322f86fd0648,6,2,49.672,39.672,49.672,1,3;4,2,49.672,0.0,0.0,04674e462151cad7da82a7f924e4ef14645934fb7977a3366a3ca899b1dd9075,final_online_training_manifest.csv::soh_rated_pct
B0047_D0004,B0047,1971,ONLINE_FIXED_START_CAUSAL_10S_V1,PASS,B0047.mat,8089a9180cf353704642c457c844d83dd2e83aa2fc43fe4f7c05322f86fd0648,8,3,49.844,39.844,49.844,1,3;4,2,49.843999999999994,0.0,0.0,10bba242d8acc1c2454065c5bc496436501b565bf11bd334d360b08d589fc45d,final_online_training_manifest.csv::soh_rated_pct
B0047_D0005,B0047,1972,ONLINE_FIXED_START_CAUSAL_10S_V1,PASS,B0047.mat,8089a9180cf353704642c457c844d83dd2e83aa2fc43fe4f7c05322f86fd0648,10,4,49.968,39.968,49.968,1,3;4,2,49.968,0.0,0.0,d8f4c80729833546e7e3fbfd73609a27ec343f45b598e1217b524b68b25d758a,final_online_training_manifest.csv::soh_rated_pct
B0047_D0006,B0047,1973,ONLINE_FIXED_START_CAUSAL_10S_V1,PASS,B0047.mat,8089a9180cf353704642c457c844d83dd2e83aa2fc43fe4f7c05322f86fd0648,12,5,50.219,40.219,50.219,1,3;4,2,50.219,0.0,0.0,78470544b8c08a8e034cfc5fbdb36e5af6768274ec84e9c81d3058b06e269d5e,final_online_training_manifest.csv::soh_rated_pct
B0047_D0007,B0047,1974,ONLINE_FIXED_START_CAUSAL_10S_V1,PASS,B0047.mat,8089a9180cf353704642c457c844d83dd2e83aa2fc43fe4f7c05322f86fd0648,16,6,50.25,40.25,50.25,1,3;4,2,50.25,0.0,0.0,0b1f03a5b1071225d2799c4c11fc7bc0476bec6bde7c7e40b69089ad4c2c68d3,final_online_training_manifest.csv::soh_rated_pct
B0047_D0008,B0047,1975,ONLINE_FIXED_START_CAUSAL_10S_V1,PASS,B0047.mat,8089a9180cf353704642c457c844d83dd2e83aa2fc43fe4f7c05322f86fd0648,20,7,50.296,40.296,50.296,1,3;4,2,50.296,0.0,0.0,400727f7d69be77cd94747d1a8292e01cb5b9d2242cbbf5188968a6bb010d1d9,final_online_training_manifest.csv::soh_rated_pct
B0047_D0009,B0047,1976,ONLINE_FIXED_START_CAUSAL_10S_V1,PASS,B0047.mat,8089a9180cf353704642c457c844d83dd2e83aa2fc43fe4f7c05322f86fd0648,22,8,50.407,40.407,50.407,1,3;4,2,50.407,0.0,0.0,5e87e53d7136e8d5c58c0b30cf98a48c413bf08aea5ffb03fb48d5d9f7f120f5,final_online_training_manifest.csv::soh_rated_pct
B0047_D0010,B0047,1977,ONLINE_FIXED_START_CAUSAL_10S_V1,PASS,B0047.mat,8089a9180cf353704642c457c844d83dd2e83aa2fc43fe4f7c05322f86fd0648,24,9,50.469,40.469,50.469,1,3;4,2,50.469,0.0,0.0,ba3825993857bd3d64f1997e55c8d8a8b9e51facc376055f2780ea867e7f2cd6,final_online_training_manifest.csv::soh_rated_pct
B0047_D0011,B0047,1978,ONLINE_FIXED_START_CAUSAL_10S_V1,PASS,B0047.mat,8089a9180cf353704642c457c844d83dd2e83aa2fc43fe4f7c05322f86fd0648,26,10,50.594,40.594,50.594,1,3;4,2,50.594,0.0,0.0,6e622a3c60fd6d2ae8a58924c5e2db86d076edf4b1b2d3a13fbaec5280642120,final_online_training_manifest.csv::soh_rated_pct
B0047_D0012,B0047,1979,ONLINE_FIXED_START_CAUSAL_10S_V1,PASS,B0047.mat,8089a9180cf353704642c457c844d83dd2e83aa2fc43fe4f7c05322f86fd0648,28,11,50.657,40.657,50.657,1,3;4,2,50.657,0.0,0.0,b407a95597fa542d0da931d41047c589ee40e763c7d074b21ca16b2699a81df0,final_online_training_manifest.csv::soh_rated_pct
B0047_D0013,B0047,1980,ONLINE_FIXED_START_CAUSAL_10S_V1,PASS,B0047.mat,8089a9180cf353704642c457c844d83dd2e83aa2fc43fe4f7c05322f86fd0648,32,12,50.875,40.875,50.875,1,3;4,2,50.875,0.0,0.0,0429e046142799b943e1ac93229e5d937351cd13b5527975bc5537b8f92115a9,final_online_training_manifest.csv::soh_rated_pct
B0047_D0014,B0047,1981,ONLINE_FIXED_START_CAUSAL_10S_V1,PASS,B0047.mat,8089a9180cf353704642c457c844d83dd2e83aa2fc43fe4f7c05322f86fd0648,36,13,50.75,40.75,50.75,1,3;4,2,50.75,0.0,0.0,5182503f9357debfa3c679ad99bf25d56e475b3704b7200ece44e4de87e8a015,final_online_training_manifest.csv::soh_rated_pct
B0047_D0015,B0047,1982,ONLINE_FIXED_START_CAUSAL_10S_V1,PASS,B0047.mat,8089a9180cf353704642c457c844d83dd2e83aa2fc43fe4f7c05322f86fd0648,38,14,50.985,40.985,50.985,1,3;4,2,50.985,0.0,0.0,58ccfce4a10f695696ea1b86c9b3c9d0fb98950627359a8b6eb92ec87e90f97e,final_online_training_manifest.csv::soh_rated_pct
B0047_D0016,B0047,1983,ONLINE_FIXED_START_CAUSAL_10S_V1,PASS,B0047.mat,8089a9180cf353704642c457c844d83dd2e83aa2fc43fe4f7c05322f86fd0648,40,15,51.0,41.0,51.0,1,3;4,2,51.0,0.0,0.0,4ea3b5126400f1cb00aed842a5821de796b0ab59db8b203fe11871ed12351fa6,final_online_training_manifest.csv::soh_rated_pct
B0047_D0017,B0047,1984,ONLINE_FIXED_START_CAUSAL_10S_V1,PASS,B0047.mat,8089a9180cf353704642c457c844d83dd2e83aa2fc43fe4f7c05322f86fd0648,42,16,50.968,40.968,50.968,1,3;4,2,50.968,0.0,0.0,db0e9b39dfbebed7610cea25f7a07afce94404aac7089027d9ac8f7824544ac3,final_online_training_manifest.csv::soh_rated_pct
B0047_D0018,B0047,1985,ONLINE_FIXED_START_CAUSAL_10S_V1,PASS,B0047.mat,8089a9180cf353704642c457c844d83dd2e83aa2fc43fe4f7c05322f86fd0648,44,17,51.235,41.235,51.235,1,3;4,2,51.235,0.0,0.0,0585dffdf20c7d587f646c414629fdf8e9f32f8cd8bc6739c75b11536051da4f,final_online_training_manifest.csv::soh_rated_pct
B0047_D0019,B0047,1986,ONLINE_FIXED_START_CAUSAL_10S_V1,PASS,B0047.mat,8089a9180cf353704642c457c844d83dd2e83aa2fc43fe4f7c05322f86fd0648,48,18,51.39,41.39,51.39,1,3;4,2,51.39,0.0,0.0,b426a8f337c2d790ac1702a57c9602fb00100ac6039bbcfee486ca2e15fd7c55,final_online_training_manifest.csv::soh_rated_pct
B0047_D0021,B0047,1987,ONLINE_FIXED_START_CAUSAL_10S_V1,PASS,B0047.mat,8089a9180cf353704642c457c844d83dd2e83aa2fc43fe4f7c05322f86fd0648,52,20,51.406,41.406,51.406,1,3;4,2,51.406,0.0,0.0,8ccc5a60063aee3e70c6473c8d64505833d2357734e2eb08f38a3ca00e4f8b3d,final_online_training_manifest.csv::soh_rated_pct
B0047_D0022,B0047,1988,ONLINE_FIXED_START_CAUSAL_10S_V1,PASS,B0047.mat,8089a9180cf353704642c457c844d83dd2e83aa2fc43fe4f7c05322f86fd0648,54,21,51.594,41.594,51.594,1,3;4,2,51.594,0.0,0.0,9d32fcd9b8d6324de81a48ee5951b3b88b6bca04d07159835cad1cd7f874c55a,final_online_training_manifest.csv::soh_rated_pct
B0047_D0023,B0047,1989,ONLINE_FIXED_START_CAUSAL_10S_V1,PASS,B0047.mat,8089a9180cf353704642c457c844d83dd2e83aa2fc43fe4f7c05322f86fd0648,56,22,51.719,41.719,51.719,1,3;4,2,51.719,0.0,0.0,0efa0248f677c21bf888b3ff13d2ee69867e091b2f4f21090b1425a34ed6bb88,final_online_training_manifest.csv::soh_rated_pct
B0047_D0024,B0047,1990,ONLINE_FIXED_START_CAUSAL_10S_V1,PASS,B0047.mat,8089a9180cf353704642c457c844d83dd2e83aa2fc43fe4f7c05322f86fd0648,60,23,51.75,41.75,51.75,1,3;4,2,51.75,0.0,0.0,751e5d9060308bd74d7cb908431f4d610b279483210ab373a9a84f0da6c0f39d,final_online_training_manifest.csv::soh_rated_pct
B0047_D0025,B0047,1991,ONLINE_FIXED_START_CAUSAL_10S_V1,PASS,B0047.mat,8089a9180cf353704642c457c844d83dd2e83aa2fc43fe4f7c05322f86fd0648,62,24,51.89,41.89,51.89,1,3;4,2,51.89,0.0,0.0,11893ce73502e052ce2cbbdf946582748b9504686d9c79cbf5cb44774113c9f8,final_online_training_manifest.csv::soh_rated_pct
B0047_D0026,B0047,1992,ONLINE_FIXED_START_CAUSAL_10S_V1,PASS,B0047.mat,8089a9180cf353704642c457c844d83dd2e83aa2fc43fe4f7c05322f86fd0648,64,25,51.891,41.891,51.891,1,3;4,2,51.891,0.0,0.0,f9b3e8ba7cd431790d7d23ccea5a4c993e20ee8c7fb699c04539a33f62a52993,final_online_training_manifest.csv::soh_rated_pct
B0047_D0027,B0047,1993,ONLINE_FIXED_START_CAUSAL_10S_V1,PASS,B0047.mat,8089a9180cf353704642c457c844d83dd2e83aa2fc43fe4f7c05322f86fd0648,66,26,52.031000000000006,42.031000000000006,52.031000000000006,1,3;4,2,52.031000000000006,0.0,0.0,85ba77a38b342ae244a46fe8423ca87cf3b0f4480f3bdba9097ea8daeb19168b,final_online_training_manifest.csv::soh_rated_pct
B0047_D0028,B0047,1994,ONLINE_FIXED_START_CAUSAL_10S_V1,PASS,B0047.mat,8089a9180cf353704642c457c844d83dd2e83aa2fc43fe4f7c05322f86fd0648,68,27,52.375,42.375,52.375,1,3;4,2,52.375,0.0,0.0,15248da9f62971890bd024cb118d8bbe3085a45c3cd0b73278cd7b77ef73edda,final_online_training_manifest.csv::soh_rated_pct
B0047_D0029,B0047,1995,ONLINE_FIXED_START_CAUSAL_10S_V1,PASS,B0047.mat,8089a9180cf353704642c457c844d83dd2e83aa2fc43fe4f7c05322f86fd0648,72,28,52.172,42.172,52.172,1,3;4,2,52.172000000000004,0.0,0.0,97129a98fe7ea6fcfeb545c5816a82c9bb0b9182094b40b21cd3a427b8e607f6,final_online_training_manifest.csv::soh_rated_pct
B0047_D0030,B0047,1996,ONLINE_FIXED_START_CAUSAL_10S_V1,PASS,B0047.mat,8089a9180cf353704642c457c844d83dd2e83aa2fc43fe4f7c05322f86fd0648,74,29,52.5,42.5,52.5,1,3;4,2,52.5,0.0,0.0,25bc32151b1f62dabf47ae06d9da3eb9e36f95bc7948bfdeabe24d0e6b7803ef,final_online_training_manifest.csv::soh_rated_pct
B0047_D0031,B0047,1997,ONLINE_FIXED_START_CAUSAL_10S_V1,PASS,B0047.mat,8089a9180cf353704642c457c844d83dd2e83aa2fc43fe4f7c05322f86fd0648,76,30,52.5,42.5,52.5,1,3;4,2,52.5,0.0,0.0,5ef4a253fcf36af7734517030c3b91f343b89bc54d38f508517bafc18bb234c1,final_online_training_manifest.csv::soh_rated_pct
B0047_D0032,B0047,1998,ONLINE_FIXED_START_CAUSAL_10S_V1,PASS,B0047.mat,8089a9180cf353704642c457c844d83dd2e83aa2fc43fe4f7c05322f86fd0648,78,31,52.485,42.485,52.485,1,3;4,2,52.485,0.0,0.0,2b33b715d4e5b73d64585656863049b1787d80e3558cf5babcde538b846eb0ad,final_online_training_manifest.csv::soh_rated_pct
B0047_D0033,B0047,1999,ONLINE_FIXED_START_CAUSAL_10S_V1,PASS,B0047.mat,8089a9180cf353704642c457c844d83dd2e83aa2fc43fe4f7c05322f86fd0648,80,32,52.5,42.5,52.5,1,3;4,2,52.5,0.0,0.0,0b701703ade800c1123d2fcb946ad343867ca44ed4f635596d1e8a821c1c728f,final_online_training_manifest.csv::soh_rated_pct
B0047_D0034,B0047,2000,ONLINE_FIXED_START_CAUSAL_10S_V1,PASS,B0047.mat,8089a9180cf353704642c457c844d83dd2e83aa2fc43fe4f7c05322f86fd0648,84,33,52.625,42.625,52.625,1,3;4,2,52.625,0.0,0.0,87f8bd0eef77a8913f7c12030f257631d31dca8d46a15abbed9e2edcca0c72c3,final_online_training_manifest.csv::soh_rated_pct
B0047_D0035,B0047,2001,ONLINE_FIXED_START_CAUSAL_10S_V1,PASS,B0047.mat,8089a9180cf353704642c457c844d83dd2e83aa2fc43fe4f7c05322f86fd0648,88,34,52.75,42.75,52.75,1,3;4,2,52.75,0.0,0.0,c938c64af2a647a65f6ff448999846fbde94b16f35f150bca82492c0458cf84b,final_online_training_manifest.csv::soh_rated_pct
B0047_D0036,B0047,2002,ONLINE_FIXED_START_CAUSAL_10S_V1,PASS,B0047.mat,8089a9180cf353704642c457c844d83dd2e83aa2fc43fe4f7c05322f86fd0648,90,35,52.703,42.703,52.703,1,3;4,2,52.703,0.0,0.0,a5297d41cf2cb2de2aa8556972392c607430025c14701b8ccdd8cbfcb9620529,final_online_training_manifest.csv::soh_rated_pct
B0047_D0037,B0047,2003,ONLINE_FIXED_START_CAUSAL_10S_V1,PASS,B0047.mat,8089a9180cf353704642c457c844d83dd2e83aa2fc43fe4f7c05322f86fd0648,92,36,52.797,42.797,52.797,1,3;4,2,52.797,0.0,0.0,f3dae70620a4039d50a4373a3c1f9e1d04f242dd7eda5d7a8cc266beea862c9c,final_online_training_manifest.csv::soh_rated_pct
B0047_D0038,B0047,2004,ONLINE_FIXED_START_CAUSAL_10S_V1,PASS,B0047.mat,8089a9180cf353704642c457c844d83dd2e83aa2fc43fe4f7c05322f86fd0648,94,37,52.922,42.922,52.922,1,3;4,2,52.922,0.0,0.0,13764f16669febc05573d9247f84defdbf5a6904335dc7f24b9acd75774cc9d6,final_online_training_manifest.csv::soh_rated_pct
B0047_D0039,B0047,2005,ONLINE_FIXED_START_CAUSAL_10S_V1,PASS,B0047.mat,8089a9180cf353704642c457c844d83dd2e83aa2fc43fe4f7c05322f86fd0648,96,38,53.157,43.157,53.157,1,3;4,2,53.157,0.0,0.0,74e02a60f99c2bf8da8295c90cb459652f8ae82931caa274bc9a74f414a2cb91,final_online_training_manifest.csv::soh_rated_pct
B0047_D0040,B0047,2006,ONLINE_FIXED_START_CAUSAL_10S_V1,PASS,B0047.mat,8089a9180cf353704642c457c844d83dd2e83aa2fc43fe4f7c05322f86fd0648,100,39,53.047,43.047,53.047,1,3;4,2,53.047,0.0,0.0,f10512154518ab02554683922efc71289c57fc18811801c893dcf3b4de7ac012,final_online_training_manifest.csv::soh_rated_pct
B0047_D0041,B0047,2007,ONLINE_FIXED_START_CAUSAL_10S_V1,PASS,B0047.mat,8089a9180cf353704642c457c844d83dd2e83aa2fc43fe4f7c05322f86fd0648,102,40,53.344,43.344,53.344,1,3;4,2,53.344,0.0,0.0,24363bc5252de3018a90c3ff0dd016229fb8f2871f7391acdeb134b0890230bb,final_online_training_manifest.csv::soh_rated_pct
B0047_D0042,B0047,2008,ONLINE_FIXED_START_CAUSAL_10S_V1,PASS,B0047.mat,8089a9180cf353704642c457c844d83dd2e83aa2fc43fe4f7c05322f86fd0648,104,41,53.281,43.281,53.281,1,3;4,2,53.281,0.0,0.0,b75f53e3be32f07ccf3eb9e098e26a9b59664acd865cfee0b176faefcc17c93c,final_online_training_manifest.csv::soh_rated_pct
B0047_D0043,B0047,2009,ONLINE_FIXED_START_CAUSAL_10S_V1,PASS,B0047.mat,8089a9180cf353704642c457c844d83dd2e83aa2fc43fe4f7c05322f86fd0648,106,42,53.375,43.375,53.375,1,3;4,2,53.375,0.0,0.0,75eb3bf6685a674ab34d580a0cef6be04fbb09aff4cfb61b63eb2e300f225ca0,final_online_training_manifest.csv::soh_rated_pct
B0047_D0044,B0047,2010,ONLINE_FIXED_START_CAUSAL_10S_V1,PASS,B0047.mat,8089a9180cf353704642c457c844d83dd2e83aa2fc43fe4f7c05322f86fd0648,108,43,53.422,43.422,53.422,1,3;4,2,53.422,0.0,0.0,119f1573fa2cf24deda479ca92d9b0c59b4d462336ede652c2cb9ca47f17c07a,final_online_training_manifest.csv::soh_rated_pct
B0047_D0045,B0047,2011,ONLINE_FIXED_START_CAUSAL_10S_V1,PASS,B0047.mat,8089a9180cf353704642c457c844d83dd2e83aa2fc43fe4f7c05322f86fd0648,112,44,53.562,43.562,53.562,1,3;4,2,53.562,0.0,0.0,185847014661d47ae973564d8d15470ed6ae4ef5e48643728140beb51af4fdaf,final_online_training_manifest.csv::soh_rated_pct
B0047_D0046,B0047,2012,ONLINE_FIXED_START_CAUSAL_10S_V1,PASS,B0047.mat,8089a9180cf353704642c457c844d83dd2e83aa2fc43fe4f7c05322f86fd0648,114,45,53.547,43.547,53.547,1,3;4,2,53.547,0.0,0.0,0061a278215d188e9509c0b2727e63057db4d54d008ef605381200fbfe0f556f,final_online_training_manifest.csv::soh_rated_pct
B0047_D0047,B0047,2013,ONLINE_FIXED_START_CAUSAL_10S_V1,PASS,B0047.mat,8089a9180cf353704642c457c844d83dd2e83aa2fc43fe4f7c05322f86fd0648,116,46,53.828,43.828,53.828,1,3;4,2,53.828,0.0,0.0,d12199b72d9a6ad20056daaecfb65c8c73af8dd152ce619dc6d3ac626734f09e,final_online_training_manifest.csv::soh_rated_pct
B0047_D0048,B0047,2014,ONLINE_FIXED_START_CAUSAL_10S_V1,PASS,B0047.mat,8089a9180cf353704642c457c844d83dd2e83aa2fc43fe4f7c05322f86fd0648,118,47,53.953,43.953,53.953,1,3;4,2,53.953,0.0,0.0,2ead5127fbf1113d6acb4ad9131707e09e4cf97ea78622dd9642863171b7cce3,final_online_training_manifest.csv::soh_rated_pct
B0047_D0049,B0047,2015,ONLINE_FIXED_START_CAUSAL_10S_V1,PASS,B0047.mat,8089a9180cf353704642c457c844d83dd2e83aa2fc43fe4f7c05322f86fd0648,120,48,53.938,43.938,53.938,1,3;4,2,53.938,0.0,0.0,ac7e6557e4303e39226364ae59c97f0e28a5be1f13038a33edf562b08ef74c8b,final_online_training_manifest.csv::soh_rated_pct
B0047_D0050,B0047,2016,ONLINE_FIXED_START_CAUSAL_10S_V1,PASS,B0047.mat,8089a9180cf353704642c457c844d83dd2e83aa2fc43fe4f7c05322f86fd0648,124,49,54.047,44.047,54.047,1,3;4,2,54.047,0.0,0.0,f597e5337f9c972af2887e69c05e64002ead885684cd38f7d7246ea0c67bafed,final_online_training_manifest.csv::soh_rated_pct
B0047_D0051,B0047,2017,ONLINE_FIXED_START_CAUSAL_10S_V1,PASS,B0047.mat,8089a9180cf353704642c457c844d83dd2e83aa2fc43fe4f7c05322f86fd0648,126,50,53.969,43.969,53.969,1,3;4,2,53.968999999999994,0.0,0.0,96cfb758b834bf256fe5e9f43b726485abc49cf785f37128a2b14994291dd5f0,final_online_training_manifest.csv::soh_rated_pct
B0047_D0052,B0047,2018,ONLINE_FIXED_START_CAUSAL_10S_V1,PASS,B0047.mat,8089a9180cf353704642c457c844d83dd2e83aa2fc43fe4f7c05322f86fd0648,128,51,54.109,44.109,54.109,1,3;4,2,54.109,0.0,0.0,0af016b48824279679c6ba245974dd6b6a1bf205bf4a309fc8830dd8c36c17d0,final_online_training_manifest.csv::soh_rated_pct
B0047_D0053,B0047,2019,ONLINE_FIXED_START_CAUSAL_10S_V1,PASS,B0047.mat,8089a9180cf353704642c457c844d83dd2e83aa2fc43fe4f7c05322f86fd0648,130,52,54.218,44.218,54.218,1,3;4,2,54.217999999999996,0.0,0.0,2f96bf6486bd4d38841c67094781e991f47c18e619c5f8e2df5522f6de42d3f2,final_online_training_manifest.csv::soh_rated_pct
B0047_D0055,B0047,2020,ONLINE_FIXED_START_CAUSAL_10S_V1,PASS,B0047.mat,8089a9180cf353704642c457c844d83dd2e83aa2fc43fe4f7c05322f86fd0648,136,54,54.484,44.484,54.484,1,3;4,2,54.484,0.0,0.0,85a7ef2bc7ba1803218b04b3bd5f4fd6cd5a1c57208dbcb276f646c1fb526a41,final_online_training_manifest.csv::soh_rated_pct
B0047_D0056,B0047,2021,ONLINE_FIXED_START_CAUSAL_10S_V1,PASS,B0047.mat,8089a9180cf353704642c457c844d83dd2e83aa2fc43fe4f7c05322f86fd0648,140,55,54.437,44.437,54.437,1,3;4,2,54.437,0.0,0.0,dcba0a1b73178249fa6c24091339bc4cb642d53bb588035af07f5bafc946c83e,final_online_training_manifest.csv::soh_rated_pct
B0047_D0057,B0047,2022,ONLINE_FIXED_START_CAUSAL_10S_V1,PASS,B0047.mat,8089a9180cf353704642c457c844d83dd2e83aa2fc43fe4f7c05322f86fd0648,142,56,54.547,44.547,54.547,1,3;4,2,54.547,0.0,0.0,6cd2c9d9e1c02d1cbe8489c013c4cd81165fdf51562e48bf8d28679626ced9a4,final_online_training_manifest.csv::soh_rated_pct
B0047_D0058,B0047,2023,ONLINE_FIXED_START_CAUSAL_10S_V1,PASS,B0047.mat,8089a9180cf353704642c457c844d83dd2e83aa2fc43fe4f7c05322f86fd0648,144,57,54.797,44.797,54.797,1,3;4,2,54.797,0.0,0.0,055ce4d4489928aa1576bf1c14713651afaaf9bb57b217b92bea0de70edff1d5,final_online_training_manifest.csv::soh_rated_pct
B0047_D0059,B0047,2024,ONLINE_FIXED_START_CAUSAL_10S_V1,PASS,B0047.mat,8089a9180cf353704642c457c844d83dd2e83aa2fc43fe4f7c05322f86fd0648,146,58,54.734,44.734,54.734,1,3;4,2,54.734,0.0,0.0,ec4156d3d4d3553489b61a25b506e8dbadfdc8b020a2acdabf23a0e8fa193953,final_online_training_manifest.csv::soh_rated_pct
B0047_D0060,B0047,2025,ONLINE_FIXED_START_CAUSAL_10S_V1,PASS,B0047.mat,8089a9180cf353704642c457c844d83dd2e83aa2fc43fe4f7c05322f86fd0648,148,59,54.828,44.828,54.828,1,3;4,2,54.828,0.0,0.0,1b3dc0ce12f3c228a4c3aefd8583c08f454be2aa485773294b2d2fc1ff35b92e,final_online_training_manifest.csv::soh_rated_pct
B0047_D0061,B0047,2026,ONLINE_FIXED_START_CAUSAL_10S_V1,PASS,B0047.mat,8089a9180cf353704642c457c844d83dd2e83aa2fc43fe4f7c05322f86fd0648,152,60,54.828,44.828,54.828,1,3;4,2,54.828,0.0,0.0,e91322ec3663603e38ce854e44ad88d5cfe11f718589b4f0df6d66028416455b,final_online_training_manifest.csv::soh_rated_pct
B0047_D0062,B0047,2027,ONLINE_FIXED_START_CAUSAL_10S_V1,PASS,B0047.mat,8089a9180cf353704642c457c844d83dd2e83aa2fc43fe4f7c05322f86fd0648,156,61,55.032,45.032,55.032,1,3;4,2,55.032,0.0,0.0,93d471eedc55fd77d89a765fe6baf2fde7845bc3de679dbb0fe79e4ac1114025,final_online_training_manifest.csv::soh_rated_pct
B0047_D0063,B0047,2028,ONLINE_FIXED_START_CAUSAL_10S_V1,PASS,B0047.mat,8089a9180cf353704642c457c844d83dd2e83aa2fc43fe4f7c05322f86fd0648,158,62,40.125,30.125,40.125,1,2;3,2,40.125,0.0,0.0,61deb5a23be2d5fd0cc3eda2156164ae86747ab32d257186112f96a41976e695,final_online_training_manifest.csv::soh_rated_pct
B0047_D0064,B0047,2029,ONLINE_FIXED_START_CAUSAL_10S_V1,PASS,B0047.mat,8089a9180cf353704642c457c844d83dd2e83aa2fc43fe4f7c05322f86fd0648,160,63,40.219,30.219,40.219,1,2;3,2,40.219,0.0,0.0,0fd43cd00ff18580ab74aefd63654fa018a660b3bb7f256f52d4805fb488d514,final_online_training_manifest.csv::soh_rated_pct
B0047_D0065,B0047,2030,ONLINE_FIXED_START_CAUSAL_10S_V1,PASS,B0047.mat,8089a9180cf353704642c457c844d83dd2e83aa2fc43fe4f7c05322f86fd0648,162,64,40.141,30.141,40.141,1,2;3,2,40.141,0.0,0.0,eeae47cb9e1498c93bb329bca8801f0b29d192ebd7dd5693de3e22ce0e2212c7,final_online_training_manifest.csv::soh_rated_pct
B0047_D0067,B0047,2031,ONLINE_FIXED_START_CAUSAL_10S_V1,PASS,B0047.mat,8089a9180cf353704642c457c844d83dd2e83aa2fc43fe4f7c05322f86fd0648,168,66,40.437,30.437,40.437,1,2;3,2,40.437,0.0,0.0,d5fb4b92f50cc4dfa15b39a2e8008833ae8130f46510b8b71fd9e1fef1d8acc2,final_online_training_manifest.csv::soh_rated_pct
B0047_D0068,B0047,2032,ONLINE_FIXED_START_CAUSAL_10S_V1,PASS,B0047.mat,8089a9180cf353704642c457c844d83dd2e83aa2fc43fe4f7c05322f86fd0648,172,67,40.532,30.532,40.532,1,2;3,2,40.532,0.0,0.0,ed00cc3acdd35ab47a2bf455857b84a706b788cdc590146467ee1c2bbfddf051,final_online_training_manifest.csv::soh_rated_pct
B0047_D0069,B0047,2033,ONLINE_FIXED_START_CAUSAL_10S_V1,PASS,B0047.mat,8089a9180cf353704642c457c844d83dd2e83aa2fc43fe4f7c05322f86fd0648,174,68,40.5,30.5,40.5,1,2;3,2,40.5,0.0,0.0,e6482f4f28d070fe1fd00e85b790256efa16204a6bf564f72e0311a62c77d792,final_online_training_manifest.csv::soh_rated_pct
B0047_D0070,B0047,2034,ONLINE_FIXED_START_CAUSAL_10S_V1,PASS,B0047.mat,8089a9180cf353704642c457c844d83dd2e83aa2fc43fe4f7c05322f86fd0648,176,69,40.422,30.422,40.422,1,2;3,2,40.422,0.0,0.0,1ff1f314b492f49a1424ed0cde5951b78e0250466add4754a889f1845fd11ff7,final_online_training_manifest.csv::soh_rated_pct
B0047_D0071,B0047,2035,ONLINE_FIXED_START_CAUSAL_10S_V1,PASS,B0047.mat,8089a9180cf353704642c457c844d83dd2e83aa2fc43fe4f7c05322f86fd0648,178,70,40.484,30.483999999999995,40.484,1,2;3,2,40.483999999999995,0.0,0.0,97afe82c74b42e73a9863d1509e07a6ba541150146b421c16659ee7a462169f8,final_online_training_manifest.csv::soh_rated_pct
B0047_D0072,B0047,2036,ONLINE_FIXED_START_CAUSAL_10S_V1,PASS,B0047.mat,8089a9180cf353704642c457c844d83dd2e83aa2fc43fe4f7c05322f86fd0648,180,71,40.532,30.532,40.532,1,2;3,2,40.532,0.0,0.0,af9a6c25e6e1a3a7f9d706efac03d0a1d564d82f07cec674c3945943d8cdbf27,final_online_training_manifest.csv::soh_rated_pct
B0048_D0001,B0048,2037,ONLINE_FIXED_START_CAUSAL_10S_V1,PASS,B0048.mat,341219d38d8531e0a89ecaa18736b79e1547d22edea4a1d45357bb5bfeb7757d,0,0,49.625,39.625,49.625,1,3;4,2,49.625,0.0,0.0,1ecb0c1945fc207c74580ec61d100410d401e3a8e8902f3289ec30cc56460f57,final_online_training_manifest.csv::soh_rated_pct
B0048_D0002,B0048,2038,ONLINE_FIXED_START_CAUSAL_10S_V1,PASS,B0048.mat,341219d38d8531e0a89ecaa18736b79e1547d22edea4a1d45357bb5bfeb7757d,4,1,49.609,39.609,49.609,1,3;4,2,49.609,0.0,0.0,5600c58d8faf21a38b2c09e76d0b0a15fd2b2823bcf5932c8ceac4c00ab93b02,final_online_training_manifest.csv::soh_rated_pct
B0048_D0003,B0048,2039,ONLINE_FIXED_START_CAUSAL_10S_V1,PASS,B0048.mat,341219d38d8531e0a89ecaa18736b79e1547d22edea4a1d45357bb5bfeb7757d,6,2,49.672,39.672,49.672,1,3;4,2,49.672,0.0,0.0,325b520bd205aeefbda751dbcc626e39f2cf79187ac17e4c42a52e65f4198dff,final_online_training_manifest.csv::soh_rated_pct
B0048_D0004,B0048,2040,ONLINE_FIXED_START_CAUSAL_10S_V1,PASS,B0048.mat,341219d38d8531e0a89ecaa18736b79e1547d22edea4a1d45357bb5bfeb7757d,8,3,49.844,39.844,49.844,1,3;4,2,49.843999999999994,0.0,0.0,d9642e13f44b7e8e3d69d01a71bf2c3dc2cfa123ba1f8a8773ea7ca0c7cfde28,final_online_training_manifest.csv::soh_rated_pct
B0048_D0005,B0048,2041,ONLINE_FIXED_START_CAUSAL_10S_V1,PASS,B0048.mat,341219d38d8531e0a89ecaa18736b79e1547d22edea4a1d45357bb5bfeb7757d,10,4,49.968,39.968,49.968,1,3;4,2,49.968,0.0,0.0,a0df677abaa4d99b49e02676cd985962838bc8d399fca56885011dc762674de8,final_online_training_manifest.csv::soh_rated_pct
B0048_D0006,B0048,2042,ONLINE_FIXED_START_CAUSAL_10S_V1,PASS,B0048.mat,341219d38d8531e0a89ecaa18736b79e1547d22edea4a1d45357bb5bfeb7757d,12,5,50.219,40.219,50.219,1,3;4,2,50.219,0.0,0.0,93438d8ec4ffce701a7f00432b683b82b7b282cad89201249224eb35ae23dcbe,final_online_training_manifest.csv::soh_rated_pct
B0048_D0007,B0048,2043,ONLINE_FIXED_START_CAUSAL_10S_V1,PASS,B0048.mat,341219d38d8531e0a89ecaa18736b79e1547d22edea4a1d45357bb5bfeb7757d,16,6,50.25,40.25,50.25,1,3;4,2,50.25,0.0,0.0,a698ae9eadcb9fa4f58ec2be7188ff6110f162fe21d8af8f29fc26b250880a2a,final_online_training_manifest.csv::soh_rated_pct
B0048_D0008,B0048,2044,ONLINE_FIXED_START_CAUSAL_10S_V1,PASS,B0048.mat,341219d38d8531e0a89ecaa18736b79e1547d22edea4a1d45357bb5bfeb7757d,20,7,50.296,40.296,50.296,1,3;4,2,50.296,0.0,0.0,5d6b6ca739c5a105d77008b258ffb0116d5496f80a8834f370dace58938defe1,final_online_training_manifest.csv::soh_rated_pct
B0048_D0009,B0048,2045,ONLINE_FIXED_START_CAUSAL_10S_V1,PASS,B0048.mat,341219d38d8531e0a89ecaa18736b79e1547d22edea4a1d45357bb5bfeb7757d,22,8,50.407,40.407,50.407,1,3;4,2,50.407,0.0,0.0,182ba621b3cb934d0bacb624a5829304da18cdd78cf16119a9ae714ad9307c29,final_online_training_manifest.csv::soh_rated_pct
B0048_D0010,B0048,2046,ONLINE_FIXED_START_CAUSAL_10S_V1,PASS,B0048.mat,341219d38d8531e0a89ecaa18736b79e1547d22edea4a1d45357bb5bfeb7757d,24,9,50.469,40.469,50.469,1,3;4,2,50.469,0.0,0.0,9ae7de747ca35df54d1ad7f453ea794268acee1c8e8291c27975b080d7109a48,final_online_training_manifest.csv::soh_rated_pct
B0048_D0011,B0048,2047,ONLINE_FIXED_START_CAUSAL_10S_V1,PASS,B0048.mat,341219d38d8531e0a89ecaa18736b79e1547d22edea4a1d45357bb5bfeb7757d,26,10,50.594,40.594,50.594,1,3;4,2,50.594,0.0,0.0,6eb4ddaa854b8547708482116f6fd164eebc5fafde114d897a2bede5728a86d6,final_online_training_manifest.csv::soh_rated_pct
B0048_D0012,B0048,2048,ONLINE_FIXED_START_CAUSAL_10S_V1,PASS,B0048.mat,341219d38d8531e0a89ecaa18736b79e1547d22edea4a1d45357bb5bfeb7757d,28,11,50.657,40.657,50.657,1,3;4,2,50.657,0.0,0.0,12ee7a27d00f8468fc945c333b40271ff88591a8715c9bdae54ee5f1993f5dd5,final_online_training_manifest.csv::soh_rated_pct
B0048_D0013,B0048,2049,ONLINE_FIXED_START_CAUSAL_10S_V1,PASS,B0048.mat,341219d38d8531e0a89ecaa18736b79e1547d22edea4a1d45357bb5bfeb7757d,32,12,50.875,40.875,50.875,1,3;4,2,50.875,0.0,0.0,2563d8810594df226fb2003b60c15c118505b96b5f506a597ad1b008403a6b19,final_online_training_manifest.csv::soh_rated_pct
B0048_D0014,B0048,2050,ONLINE_FIXED_START_CAUSAL_10S_V1,PASS,B0048.mat,341219d38d8531e0a89ecaa18736b79e1547d22edea4a1d45357bb5bfeb7757d,36,13,50.75,40.75,50.75,1,3;4,2,50.75,0.0,0.0,5b7514fcace695727833d7a9a3825bb44fcb43edc4aae4df1698ae5a02cc8132,final_online_training_manifest.csv::soh_rated_pct
B0048_D0015,B0048,2051,ONLINE_FIXED_START_CAUSAL_10S_V1,PASS,B0048.mat,341219d38d8531e0a89ecaa18736b79e1547d22edea4a1d45357bb5bfeb7757d,38,14,50.985,40.985,50.985,1,3;4,2,50.985,0.0,0.0,5530916ed4504bf765671dca95c43d7d66b5431004f86ec40cfc0908773d5f33,final_online_training_manifest.csv::soh_rated_pct
B0048_D0016,B0048,2052,ONLINE_FIXED_START_CAUSAL_10S_V1,PASS,B0048.mat,341219d38d8531e0a89ecaa18736b79e1547d22edea4a1d45357bb5bfeb7757d,40,15,51.0,41.0,51.0,1,3;4,2,51.0,0.0,0.0,726edafd8d7f5ae13856528b2ecc30a20968ff513c9b5d32351e89168de237c2,final_online_training_manifest.csv::soh_rated_pct
B0048_D0017,B0048,2053,ONLINE_FIXED_START_CAUSAL_10S_V1,PASS,B0048.mat,341219d38d8531e0a89ecaa18736b79e1547d22edea4a1d45357bb5bfeb7757d,42,16,50.968,40.968,50.968,1,3;4,2,50.968,0.0,0.0,0bc5068b527e8afedaa4c894927eccdb2dc2e9403692eccf6d45c7574bd4310c,final_online_training_manifest.csv::soh_rated_pct
B0048_D0018,B0048,2054,ONLINE_FIXED_START_CAUSAL_10S_V1,PASS,B0048.mat,341219d38d8531e0a89ecaa18736b79e1547d22edea4a1d45357bb5bfeb7757d,44,17,51.235,41.235,51.235,1,3;4,2,51.235,0.0,0.0,e5c24827df8e3e48e153b7bc5cbf489424bbfd0a980d0bcf263a96b1ef0a27bc,final_online_training_manifest.csv::soh_rated_pct
B0048_D0019,B0048,2055,ONLINE_FIXED_START_CAUSAL_10S_V1,PASS,B0048.mat,341219d38d8531e0a89ecaa18736b79e1547d22edea4a1d45357bb5bfeb7757d,48,18,51.39,41.39,51.39,1,3;4,2,51.39,0.0,0.0,c45732662c22aff4c1b8c3405bff31d35c17a0b11176b474551e3b5c6a84cf5b,final_online_training_manifest.csv::soh_rated_pct
B0048_D0021,B0048,2056,ONLINE_FIXED_START_CAUSAL_10S_V1,PASS,B0048.mat,341219d38d8531e0a89ecaa18736b79e1547d22edea4a1d45357bb5bfeb7757d,52,20,51.406,41.406,51.406,1,3;4,2,51.406,0.0,0.0,0ac8cf1b1d95360dbb6f9a135cecbde75ac756ed069b1ba545c97b3268c004e2,final_online_training_manifest.csv::soh_rated_pct
B0048_D0022,B0048,2057,ONLINE_FIXED_START_CAUSAL_10S_V1,PASS,B0048.mat,341219d38d8531e0a89ecaa18736b79e1547d22edea4a1d45357bb5bfeb7757d,54,21,51.594,41.594,51.594,1,3;4,2,51.594,0.0,0.0,ed154fd2ad31c2d26314b34ab8acac86b968a5702e87186bcd87861a0161eac2,final_online_training_manifest.csv::soh_rated_pct
B0048_D0023,B0048,2058,ONLINE_FIXED_START_CAUSAL_10S_V1,PASS,B0048.mat,341219d38d8531e0a89ecaa18736b79e1547d22edea4a1d45357bb5bfeb7757d,56,22,51.719,41.719,51.719,1,3;4,2,51.719,0.0,0.0,78fe0569838542082755701bb57f174835558d61d82c262863db1ac6cf500be6,final_online_training_manifest.csv::soh_rated_pct
B0048_D0024,B0048,2059,ONLINE_FIXED_START_CAUSAL_10S_V1,PASS,B0048.mat,341219d38d8531e0a89ecaa18736b79e1547d22edea4a1d45357bb5bfeb7757d,60,23,51.75,41.75,51.75,1,3;4,2,51.75,0.0,0.0,c3caf2d61e02b5c8442784daf53af74821c7ec6926846d6c8e5e39bd29f24413,final_online_training_manifest.csv::soh_rated_pct
B0048_D0025,B0048,2060,ONLINE_FIXED_START_CAUSAL_10S_V1,PASS,B0048.mat,341219d38d8531e0a89ecaa18736b79e1547d22edea4a1d45357bb5bfeb7757d,62,24,51.89,41.89,51.89,1,3;4,2,51.89,0.0,0.0,a23b56d07fb54589e01494692094a4c51b1d090fbacd2cf864960767665df1bd,final_online_training_manifest.csv::soh_rated_pct
B0048_D0026,B0048,2061,ONLINE_FIXED_START_CAUSAL_10S_V1,PASS,B0048.mat,341219d38d8531e0a89ecaa18736b79e1547d22edea4a1d45357bb5bfeb7757d,64,25,51.891,41.891,51.891,1,3;4,2,51.891,0.0,0.0,5375a7a79de6552dfebe0b80c0b4ad431bb3072a75ae49eec6dc17ed27fb404c,final_online_training_manifest.csv::soh_rated_pct
B0048_D0027,B0048,2062,ONLINE_FIXED_START_CAUSAL_10S_V1,PASS,B0048.mat,341219d38d8531e0a89ecaa18736b79e1547d22edea4a1d45357bb5bfeb7757d,66,26,52.031000000000006,42.031000000000006,52.031000000000006,1,3;4,2,52.031000000000006,0.0,0.0,510db56cd4611b0be8a3ee010011a5f39a939593e7000d01d4be6b494ac7f749,final_online_training_manifest.csv::soh_rated_pct
B0048_D0028,B0048,2063,ONLINE_FIXED_START_CAUSAL_10S_V1,PASS,B0048.mat,341219d38d8531e0a89ecaa18736b79e1547d22edea4a1d45357bb5bfeb7757d,68,27,52.375,42.375,52.375,1,3;4,2,52.375,0.0,0.0,0d2080489b87b3dcb931112477239055af7b7d9f17fb3cf409cfe59aa67ca4ce,final_online_training_manifest.csv::soh_rated_pct
B0048_D0029,B0048,2064,ONLINE_FIXED_START_CAUSAL_10S_V1,PASS,B0048.mat,341219d38d8531e0a89ecaa18736b79e1547d22edea4a1d45357bb5bfeb7757d,72,28,52.172,42.172,52.172,1,3;4,2,52.172000000000004,0.0,0.0,0d86f95c98dc5c94a55eeb2ed9123e64666b1ad2bcce41e2754546edae719322,final_online_training_manifest.csv::soh_rated_pct
B0048_D0030,B0048,2065,ONLINE_FIXED_START_CAUSAL_10S_V1,PASS,B0048.mat,341219d38d8531e0a89ecaa18736b79e1547d22edea4a1d45357bb5bfeb7757d,74,29,52.5,42.5,52.5,1,3;4,2,52.5,0.0,0.0,e8a9e50b12f5b1b247da9be89ee91a193f7f17856811305cf27ee30f7a1c2292,final_online_training_manifest.csv::soh_rated_pct
B0048_D0031,B0048,2066,ONLINE_FIXED_START_CAUSAL_10S_V1,PASS,B0048.mat,341219d38d8531e0a89ecaa18736b79e1547d22edea4a1d45357bb5bfeb7757d,76,30,52.5,42.5,52.5,1,3;4,2,52.5,0.0,0.0,3e36ff1805191c0204400ce1925559097d538a38b7c50783cc85cafe1a4ea85f,final_online_training_manifest.csv::soh_rated_pct
B0048_D0032,B0048,2067,ONLINE_FIXED_START_CAUSAL_10S_V1,PASS,B0048.mat,341219d38d8531e0a89ecaa18736b79e1547d22edea4a1d45357bb5bfeb7757d,78,31,52.485,42.485,52.485,1,3;4,2,52.485,0.0,0.0,1ddfe130bbe52b4d1ef4ddd112cc2f0669ebadc81fead0bdc81068c99b830c16,final_online_training_manifest.csv::soh_rated_pct
B0048_D0033,B0048,2068,ONLINE_FIXED_START_CAUSAL_10S_V1,PASS,B0048.mat,341219d38d8531e0a89ecaa18736b79e1547d22edea4a1d45357bb5bfeb7757d,80,32,52.5,42.5,52.5,1,3;4,2,52.5,0.0,0.0,f28a7f73af4de224120b50c8d7af1cda14ed5818979a9cedc3241471772eaf65,final_online_training_manifest.csv::soh_rated_pct
B0048_D0034,B0048,2069,ONLINE_FIXED_START_CAUSAL_10S_V1,PASS,B0048.mat,341219d38d8531e0a89ecaa18736b79e1547d22edea4a1d45357bb5bfeb7757d,84,33,52.625,42.625,52.625,1,3;4,2,52.625,0.0,0.0,ceef1a92565a12fc5b1ff5f33e13873c3d1eb548353d9af95603a1a54d4ff9ce,final_online_training_manifest.csv::soh_rated_pct
B0048_D0035,B0048,2070,ONLINE_FIXED_START_CAUSAL_10S_V1,PASS,B0048.mat,341219d38d8531e0a89ecaa18736b79e1547d22edea4a1d45357bb5bfeb7757d,88,34,52.75,42.75,52.75,1,3;4,2,52.75,0.0,0.0,482edfc2dd84608ad6613ed1f95338d3f8989df198245a43ae9f350a8371cdc7,final_online_training_manifest.csv::soh_rated_pct
B0048_D0036,B0048,2071,ONLINE_FIXED_START_CAUSAL_10S_V1,PASS,B0048.mat,341219d38d8531e0a89ecaa18736b79e1547d22edea4a1d45357bb5bfeb7757d,90,35,52.703,42.703,52.703,1,3;4,2,52.703,0.0,0.0,da4690efcaf122012ce8121605ff09bf2da8e0c9ec6fb1f60698fbe76e959c1a,final_online_training_manifest.csv::soh_rated_pct
B0048_D0037,B0048,2072,ONLINE_FIXED_START_CAUSAL_10S_V1,PASS,B0048.mat,341219d38d8531e0a89ecaa18736b79e1547d22edea4a1d45357bb5bfeb7757d,92,36,52.797,42.797,52.797,1,3;4,2,52.797,0.0,0.0,bfe40fee40615e4e07936ece5772dd1c82331031627924caa1f496a0daa10864,final_online_training_manifest.csv::soh_rated_pct
B0048_D0038,B0048,2073,ONLINE_FIXED_START_CAUSAL_10S_V1,PASS,B0048.mat,341219d38d8531e0a89ecaa18736b79e1547d22edea4a1d45357bb5bfeb7757d,94,37,52.922,42.922,52.922,1,3;4,2,52.922,0.0,0.0,a28764359c36ad927b98fe8c6f992339d8c6844f7fe58cb4dce27e864326beb2,final_online_training_manifest.csv::soh_rated_pct
B0048_D0039,B0048,2074,ONLINE_FIXED_START_CAUSAL_10S_V1,PASS,B0048.mat,341219d38d8531e0a89ecaa18736b79e1547d22edea4a1d45357bb5bfeb7757d,96,38,53.157,43.157,53.157,1,3;4,2,53.157,0.0,0.0,b0993615b5dafe81387a896b1e33a0c5cf6c9416b32b4dc5f3d85a5eb00648cc,final_online_training_manifest.csv::soh_rated_pct
B0048_D0040,B0048,2075,ONLINE_FIXED_START_CAUSAL_10S_V1,PASS,B0048.mat,341219d38d8531e0a89ecaa18736b79e1547d22edea4a1d45357bb5bfeb7757d,100,39,53.047,43.047,53.047,1,3;4,2,53.047,0.0,0.0,8b70cf77f73a3ffd6563b6547a9c42bec7c0c5a869a477c08319080f7cfcfc29,final_online_training_manifest.csv::soh_rated_pct
B0048_D0041,B0048,2076,ONLINE_FIXED_START_CAUSAL_10S_V1,PASS,B0048.mat,341219d38d8531e0a89ecaa18736b79e1547d22edea4a1d45357bb5bfeb7757d,102,40,53.344,43.344,53.344,1,3;4,2,53.344,0.0,0.0,89ba44ebb650f801b4c795dcaf33239070a1c819e29208bea2706f411cc74dae,final_online_training_manifest.csv::soh_rated_pct
B0048_D0042,B0048,2077,ONLINE_FIXED_START_CAUSAL_10S_V1,PASS,B0048.mat,341219d38d8531e0a89ecaa18736b79e1547d22edea4a1d45357bb5bfeb7757d,104,41,53.281,43.281,53.281,1,3;4,2,53.281,0.0,0.0,c8ed7e6e8219f41182cd850bf9f3209ee07b8ad8dd5e11bd9440e6e604c11ede,final_online_training_manifest.csv::soh_rated_pct
B0048_D0043,B0048,2078,ONLINE_FIXED_START_CAUSAL_10S_V1,PASS,B0048.mat,341219d38d8531e0a89ecaa18736b79e1547d22edea4a1d45357bb5bfeb7757d,106,42,53.375,43.375,53.375,1,3;4,2,53.375,0.0,0.0,165317da2c148d12beb6adfc06f653354b2f65f05c2865c2c8e28fa545646e80,final_online_training_manifest.csv::soh_rated_pct
B0048_D0044,B0048,2079,ONLINE_FIXED_START_CAUSAL_10S_V1,PASS,B0048.mat,341219d38d8531e0a89ecaa18736b79e1547d22edea4a1d45357bb5bfeb7757d,108,43,53.422,43.422,53.422,1,3;4,2,53.422,0.0,0.0,709e0695ed92048ee4f86f0b073fabaf41d2fde0ed573b86240109661a9bb9b2,final_online_training_manifest.csv::soh_rated_pct
B0048_D0045,B0048,2080,ONLINE_FIXED_START_CAUSAL_10S_V1,PASS,B0048.mat,341219d38d8531e0a89ecaa18736b79e1547d22edea4a1d45357bb5bfeb7757d,112,44,53.562,43.562,53.562,1,3;4,2,53.562,0.0,0.0,319e0767b28ef379b6158a7e216a91ca6d5612347a428bd0468c33c1e7f24fe3,final_online_training_manifest.csv::soh_rated_pct
B0048_D0046,B0048,2081,ONLINE_FIXED_START_CAUSAL_10S_V1,PASS,B0048.mat,341219d38d8531e0a89ecaa18736b79e1547d22edea4a1d45357bb5bfeb7757d,114,45,53.547,43.547,53.547,1,3;4,2,53.547,0.0,0.0,fe86a6eb5e4b7ecc418997269af1594c9f4daf7b84200ea09530b417a4abf85f,final_online_training_manifest.csv::soh_rated_pct
B0048_D0047,B0048,2082,ONLINE_FIXED_START_CAUSAL_10S_V1,PASS,B0048.mat,341219d38d8531e0a89ecaa18736b79e1547d22edea4a1d45357bb5bfeb7757d,116,46,53.828,43.828,53.828,1,3;4,2,53.828,0.0,0.0,34f35ecf93bd40288f5a62328613b6caac083ef643750bf8292b32dce7f8af65,final_online_training_manifest.csv::soh_rated_pct
B0048_D0048,B0048,2083,ONLINE_FIXED_START_CAUSAL_10S_V1,PASS,B0048.mat,341219d38d8531e0a89ecaa18736b79e1547d22edea4a1d45357bb5bfeb7757d,118,47,53.953,43.953,53.953,1,3;4,2,53.953,0.0,0.0,f5fb0f24a09389fbee478e872689d49bc7d93a4c6fe30f7d777f39a0a202cf0d,final_online_training_manifest.csv::soh_rated_pct
B0048_D0049,B0048,2084,ONLINE_FIXED_START_CAUSAL_10S_V1,PASS,B0048.mat,341219d38d8531e0a89ecaa18736b79e1547d22edea4a1d45357bb5bfeb7757d,120,48,53.938,43.938,53.938,1,3;4,2,53.938,0.0,0.0,eca6015a688b58c5e372cd16e4cdd1944df84fc68df5a46f5f877bf7b181ee1a,final_online_training_manifest.csv::soh_rated_pct
B0048_D0050,B0048,2085,ONLINE_FIXED_START_CAUSAL_10S_V1,PASS,B0048.mat,341219d38d8531e0a89ecaa18736b79e1547d22edea4a1d45357bb5bfeb7757d,124,49,54.047,44.047,54.047,1,3;4,2,54.047,0.0,0.0,14219270633b787e86b9082790ff65af344f8a9b4fb290209652c839b0a38a25,final_online_training_manifest.csv::soh_rated_pct
B0048_D0051,B0048,2086,ONLINE_FIXED_START_CAUSAL_10S_V1,PASS,B0048.mat,341219d38d8531e0a89ecaa18736b79e1547d22edea4a1d45357bb5bfeb7757d,126,50,53.969,43.969,53.969,1,3;4,2,53.968999999999994,0.0,0.0,a2f3b57b968393fae50521f17dab52ae5b4080fa911960b3b54c661f2df1b878,final_online_training_manifest.csv::soh_rated_pct
B0048_D0052,B0048,2087,ONLINE_FIXED_START_CAUSAL_10S_V1,PASS,B0048.mat,341219d38d8531e0a89ecaa18736b79e1547d22edea4a1d45357bb5bfeb7757d,128,51,54.109,44.109,54.109,1,3;4,2,54.109,0.0,0.0,7e1acaa94e9e92bb97caee2731d405dd8c1878ebec34de4d4814a8e71fd67fc0,final_online_training_manifest.csv::soh_rated_pct
B0048_D0053,B0048,2088,ONLINE_FIXED_START_CAUSAL_10S_V1,PASS,B0048.mat,341219d38d8531e0a89ecaa18736b79e1547d22edea4a1d45357bb5bfeb7757d,130,52,54.218,44.218,54.218,1,3;4,2,54.217999999999996,0.0,0.0,e40957d7f83a8e399f61d734c56409affe03e8c5d8450d46ab3e0001c7af73a6,final_online_training_manifest.csv::soh_rated_pct
B0048_D0055,B0048,2089,ONLINE_FIXED_START_CAUSAL_10S_V1,PASS,B0048.mat,341219d38d8531e0a89ecaa18736b79e1547d22edea4a1d45357bb5bfeb7757d,136,54,54.484,44.484,54.484,1,3;4,2,54.484,0.0,0.0,6e51fda02fd87f66589d077584a3f488caedda4569ed6804eb19d9e3f61042a1,final_online_training_manifest.csv::soh_rated_pct
B0048_D0056,B0048,2090,ONLINE_FIXED_START_CAUSAL_10S_V1,PASS,B0048.mat,341219d38d8531e0a89ecaa18736b79e1547d22edea4a1d45357bb5bfeb7757d,140,55,54.437,44.437,54.437,1,3;4,2,54.437,0.0,0.0,72fad61f548d06896fee0786f239ffc790a21259accfb6e7c46a01bbb9efd12c,final_online_training_manifest.csv::soh_rated_pct
B0048_D0057,B0048,2091,ONLINE_FIXED_START_CAUSAL_10S_V1,PASS,B0048.mat,341219d38d8531e0a89ecaa18736b79e1547d22edea4a1d45357bb5bfeb7757d,142,56,54.547,44.547,54.547,1,3;4,2,54.547,0.0,0.0,e2b8afa4749ad913585dc18aa69b12f2bcf64d3cdfb4cbf972ebce3afbca6114,final_online_training_manifest.csv::soh_rated_pct
B0048_D0058,B0048,2092,ONLINE_FIXED_START_CAUSAL_10S_V1,PASS,B0048.mat,341219d38d8531e0a89ecaa18736b79e1547d22edea4a1d45357bb5bfeb7757d,144,57,54.797,44.797,54.797,1,3;4,2,54.797,0.0,0.0,fccf1361a979f12a2d2bc207453815e3036349e0660d9b9a959858277ae6aef2,final_online_training_manifest.csv::soh_rated_pct
B0048_D0059,B0048,2093,ONLINE_FIXED_START_CAUSAL_10S_V1,PASS,B0048.mat,341219d38d8531e0a89ecaa18736b79e1547d22edea4a1d45357bb5bfeb7757d,146,58,54.734,44.734,54.734,1,3;4,2,54.734,0.0,0.0,4049b2c51a86586550d789e3f307ec6d62136222ae7023cc5cb1e10070744dc2,final_online_training_manifest.csv::soh_rated_pct
B0048_D0060,B0048,2094,ONLINE_FIXED_START_CAUSAL_10S_V1,PASS,B0048.mat,341219d38d8531e0a89ecaa18736b79e1547d22edea4a1d45357bb5bfeb7757d,148,59,54.828,44.828,54.828,1,3;4,2,54.828,0.0,0.0,d3da6fd641da061f67809ea5b5de98e63df355ec9d62ce27c2aea6c1dc494424,final_online_training_manifest.csv::soh_rated_pct
B0048_D0061,B0048,2095,ONLINE_FIXED_START_CAUSAL_10S_V1,PASS,B0048.mat,341219d38d8531e0a89ecaa18736b79e1547d22edea4a1d45357bb5bfeb7757d,152,60,54.828,44.828,54.828,1,3;4,2,54.828,0.0,0.0,0432d810ce808f477dd41b94ff4784eb498e5d5acec5dc1bac48229e3bd18872,final_online_training_manifest.csv::soh_rated_pct
B0048_D0062,B0048,2096,ONLINE_FIXED_START_CAUSAL_10S_V1,PASS,B0048.mat,341219d38d8531e0a89ecaa18736b79e1547d22edea4a1d45357bb5bfeb7757d,156,61,55.032,45.032,55.032,1,3;4,2,55.032,0.0,0.0,886074a157f26bdaa350e30c3d72a0e7d097bc45b238091e9922210136a9663d,final_online_training_manifest.csv::soh_rated_pct
B0048_D0063,B0048,2097,ONLINE_FIXED_START_CAUSAL_10S_V1,PASS,B0048.mat,341219d38d8531e0a89ecaa18736b79e1547d22edea4a1d45357bb5bfeb7757d,158,62,40.125,30.125,40.125,1,2;3,2,40.125,0.0,0.0,10bfd3228a03835824ee3a2a71642cb26539a102d7b7ada152bd45e3c54c8278,final_online_training_manifest.csv::soh_rated_pct
B0048_D0064,B0048,2098,ONLINE_FIXED_START_CAUSAL_10S_V1,PASS,B0048.mat,341219d38d8531e0a89ecaa18736b79e1547d22edea4a1d45357bb5bfeb7757d,160,63,40.219,30.219,40.219,1,2;3,2,40.219,0.0,0.0,c25e696fed0beee2d0099e6cd141850f2d2ebdc4a382b353bea48d386ca3151c,final_online_training_manifest.csv::soh_rated_pct
B0048_D0065,B0048,2099,ONLINE_FIXED_START_CAUSAL_10S_V1,PASS,B0048.mat,341219d38d8531e0a89ecaa18736b79e1547d22edea4a1d45357bb5bfeb7757d,162,64,40.141,30.141,40.141,1,2;3,2,40.141,0.0,0.0,70dc8833acf40e54252697423b05b352deeb7d721148d0672949a67e7974a5b4,final_online_training_manifest.csv::soh_rated_pct
B0048_D0067,B0048,2100,ONLINE_FIXED_START_CAUSAL_10S_V1,PASS,B0048.mat,341219d38d8531e0a89ecaa18736b79e1547d22edea4a1d45357bb5bfeb7757d,168,66,40.437,30.437,40.437,1,2;3,2,40.437,0.0,0.0,4f2324948322f79765169ba3abec61b74aac6d8fbb6e6313bc918fb352390136,final_online_training_manifest.csv::soh_rated_pct
B0048_D0068,B0048,2101,ONLINE_FIXED_START_CAUSAL_10S_V1,PASS,B0048.mat,341219d38d8531e0a89ecaa18736b79e1547d22edea4a1d45357bb5bfeb7757d,172,67,40.532,30.532,40.532,1,2;3,2,40.532,0.0,0.0,758021a12f986040065826405d4c2e25531dc766cf5f6fe60777f1fe7827f1f8,final_online_training_manifest.csv::soh_rated_pct
B0048_D0069,B0048,2102,ONLINE_FIXED_START_CAUSAL_10S_V1,PASS,B0048.mat,341219d38d8531e0a89ecaa18736b79e1547d22edea4a1d45357bb5bfeb7757d,174,68,40.5,30.5,40.5,1,2;3,2,40.5,0.0,0.0,148b4fde54625885093232ccc9342c8d9563c8b4c6495cbd0ebacf6b45461192,final_online_training_manifest.csv::soh_rated_pct
B0048_D0070,B0048,2103,ONLINE_FIXED_START_CAUSAL_10S_V1,PASS,B0048.mat,341219d38d8531e0a89ecaa18736b79e1547d22edea4a1d45357bb5bfeb7757d,176,69,40.422,30.422,40.422,1,2;3,2,40.422,0.0,0.0,681287a2b6894cd47993c38fb7f32633f1a4ea40d0e05c221f79ac5d0b649e15,final_online_training_manifest.csv::soh_rated_pct
B0048_D0071,B0048,2104,ONLINE_FIXED_START_CAUSAL_10S_V1,PASS,B0048.mat,341219d38d8531e0a89ecaa18736b79e1547d22edea4a1d45357bb5bfeb7757d,178,70,40.484,30.483999999999995,40.484,1,2;3,2,40.483999999999995,0.0,0.0,df0dba41815f637e704dee8e32a11d6f58e28c6e6259a7fd14c41259e2432c7d,final_online_training_manifest.csv::soh_rated_pct
B0048_D0072,B0048,2105,ONLINE_FIXED_START_CAUSAL_10S_V1,PASS,B0048.mat,341219d38d8531e0a89ecaa18736b79e1547d22edea4a1d45357bb5bfeb7757d,180,71,40.532,30.532,40.532,1,2;3,2,40.532,0.0,0.0,7f5e738ed733890963fc17b64a28d8aed544f98a09c97f8e925a1df9f361f77e,final_online_training_manifest.csv::soh_rated_pct
B0049_D0002,B0049,2106,ONLINE_FIXED_START_CAUSAL_10S_V1,PASS,B0049.mat,bf56a4362287c8489dbeda27b823432f1e587473a7bf7096deec057c5a44d895,4,1,38.328,28.328,38.328,2,2;3;4,3,38.327999999999996,0.0,0.0,a710cab9b39006a84cf7b66e86708b0b3fa8978715709d9f6c3d1191113b448d,final_online_training_manifest.csv::soh_rated_pct
B0049_D0003,B0049,2107,ONLINE_FIXED_START_CAUSAL_10S_V1,PASS,B0049.mat,bf56a4362287c8489dbeda27b823432f1e587473a7bf7096deec057c5a44d895,6,2,38.531000000000006,28.53100000000001,38.531000000000006,2,2;3;4,3,38.531000000000006,0.0,0.0,0abfe9528ff2dab4dbf9e5ad775c3b5efcb9e957c1f0927ab98b1a1438f4ebfd,final_online_training_manifest.csv::soh_rated_pct
B0049_D0004,B0049,2108,ONLINE_FIXED_START_CAUSAL_10S_V1,PASS,B0049.mat,bf56a4362287c8489dbeda27b823432f1e587473a7bf7096deec057c5a44d895,8,3,38.75,28.75,38.75,2,2;3;4,3,38.75,0.0,0.0,6d18479d14cf3ae8cc8eaa395c0051ed3629f8baf359c768fa5de5314b8376b6,final_online_training_manifest.csv::soh_rated_pct
B0049_D0006,B0049,2109,ONLINE_FIXED_START_CAUSAL_10S_V1,PASS,B0049.mat,bf56a4362287c8489dbeda27b823432f1e587473a7bf7096deec057c5a44d895,14,5,38.906,28.906,38.906,2,2;3;4,3,38.906,0.0,0.0,9fa21b586c8698f951a83d2244e215904f47c43cae69a31a3f316068c41093d2,final_online_training_manifest.csv::soh_rated_pct
B0049_D0007,B0049,2110,ONLINE_FIXED_START_CAUSAL_10S_V1,PASS,B0049.mat,bf56a4362287c8489dbeda27b823432f1e587473a7bf7096deec057c5a44d895,16,6,39.062,29.062,39.062,2,2;3;4,3,39.062,0.0,0.0,8a0b324ca84a5796d2e01de1f64d767ab641a468c5289bd8bed73d25d72e6d7d,final_online_training_manifest.csv::soh_rated_pct
B0049_D0008,B0049,2111,ONLINE_FIXED_START_CAUSAL_10S_V1,PASS,B0049.mat,bf56a4362287c8489dbeda27b823432f1e587473a7bf7096deec057c5a44d895,18,7,39.266,29.266,39.266,2,2;3;4,3,39.266,0.0,0.0,7e1f4691390dbba2fb972b9adc8fb80d3c703139af00d250f09b731188b25cdf,final_online_training_manifest.csv::soh_rated_pct
B0049_D0009,B0049,2112,ONLINE_FIXED_START_CAUSAL_10S_V1,PASS,B0049.mat,bf56a4362287c8489dbeda27b823432f1e587473a7bf7096deec057c5a44d895,20,8,39.219,29.219,39.219,2,2;3;4,3,39.219,0.0,0.0,180a6aeb6571d619644d5a23b23fa39dfba4a084f1f2057148a368c48c39b355,final_online_training_manifest.csv::soh_rated_pct
B0049_D0010,B0049,2113,ONLINE_FIXED_START_CAUSAL_10S_V1,PASS,B0049.mat,bf56a4362287c8489dbeda27b823432f1e587473a7bf7096deec057c5a44d895,22,9,39.531,29.531,39.531,2,2;3;4,3,39.531,0.0,0.0,7c8a4b21653636c65ce5910c8bd83f0d19db684c734a7177544aa54a0b9e06a3,final_online_training_manifest.csv::soh_rated_pct
B0049_D0011,B0049,2114,ONLINE_FIXED_START_CAUSAL_10S_V1,PASS,B0049.mat,bf56a4362287c8489dbeda27b823432f1e587473a7bf7096deec057c5a44d895,26,10,39.859,29.859,39.859,1,3;4,2,39.859,0.0,0.0,67c684cfbfc3727423b6d0625728cbee59f021dca5160ca7c16d45bd11695720,final_online_training_manifest.csv::soh_rated_pct
B0049_D0012,B0049,2115,ONLINE_FIXED_START_CAUSAL_10S_V1,PASS,B0049.mat,bf56a4362287c8489dbeda27b823432f1e587473a7bf7096deec057c5a44d895,28,11,39.921,29.921,39.921,1,3;4,2,39.921,0.0,0.0,1049a15e511bbbf9fac767aa3ab1979f7e31cff0affcc71cbe89eadc59188f7c,final_online_training_manifest.csv::soh_rated_pct
B0049_D0013,B0049,2116,ONLINE_FIXED_START_CAUSAL_10S_V1,PASS,B0049.mat,bf56a4362287c8489dbeda27b823432f1e587473a7bf7096deec057c5a44d895,30,12,39.968,29.968,39.968,1,3;4,2,39.967999999999996,0.0,0.0,3d0c68ff96c7574723bb0ae79f38d50c0938bc53d6ffcdbecb4007c7265c6fb3,final_online_training_manifest.csv::soh_rated_pct
B0049_D0014,B0049,2117,ONLINE_FIXED_START_CAUSAL_10S_V1,PASS,B0049.mat,bf56a4362287c8489dbeda27b823432f1e587473a7bf7096deec057c5a44d895,32,13,40.016,30.016,40.016,1,3;4,2,40.016,0.0,0.0,4e0bac5c4b717af8523b66b93632f3352de5931e6fb915bc7c178c657a7d5713,final_online_training_manifest.csv::soh_rated_pct
B0049_D0015,B0049,2118,ONLINE_FIXED_START_CAUSAL_10S_V1,PASS,B0049.mat,bf56a4362287c8489dbeda27b823432f1e587473a7bf7096deec057c5a44d895,34,14,40.422,30.422000000000004,40.422,1,3;4,2,40.422000000000004,0.0,0.0,01d0793424f76ebc813f648072b0543df5fff9b97a626902c34b983e1f2d60a2,final_online_training_manifest.csv::soh_rated_pct
B0049_D0016,B0049,2119,ONLINE_FIXED_START_CAUSAL_10S_V1,PASS,B0049.mat,bf56a4362287c8489dbeda27b823432f1e587473a7bf7096deec057c5a44d895,38,15,40.485,30.485,40.485,1,3;4,2,40.485,0.0,0.0,3eb04dd937005a33d8a0c5b03ef9bfd08a4c0f7f182432c379a05ff95be6b493,final_online_training_manifest.csv::soh_rated_pct
B0049_D0018,B0049,2120,ONLINE_FIXED_START_CAUSAL_10S_V1,PASS,B0049.mat,bf56a4362287c8489dbeda27b823432f1e587473a7bf7096deec057c5a44d895,42,17,40.687,30.687,40.687,1,3;4,2,40.687,0.0,0.0,5ba44a6d25c62bba250594328d34ca4e6bec880f9d42c0c421b3dd5538ee494c,final_online_training_manifest.csv::soh_rated_pct
B0049_D0019,B0049,2121,ONLINE_FIXED_START_CAUSAL_10S_V1,PASS,B0049.mat,bf56a4362287c8489dbeda27b823432f1e587473a7bf7096deec057c5a44d895,44,18,40.906,30.906,40.906,1,3;4,2,40.906,0.0,0.0,2a74b51fa81008df43c018ddda17f1c965206af5a49323e4d8e25cfb5c873a10,final_online_training_manifest.csv::soh_rated_pct
B0049_D0020,B0049,2122,ONLINE_FIXED_START_CAUSAL_10S_V1,PASS,B0049.mat,bf56a4362287c8489dbeda27b823432f1e587473a7bf7096deec057c5a44d895,46,19,40.954,30.954,40.954,1,3;4,2,40.954,0.0,0.0,f9494dd138f5b077fd8ebb6ec5903bef4851a9dc16d6a687ceffa65340beab01,final_online_training_manifest.csv::soh_rated_pct
B0049_D0021,B0049,2123,ONLINE_FIXED_START_CAUSAL_10S_V1,PASS,B0049.mat,bf56a4362287c8489dbeda27b823432f1e587473a7bf7096deec057c5a44d895,50,20,41.046,31.046,41.046,1,3;4,2,41.046,0.0,0.0,7b013f26ae48aa9e62c24be932ab85d51fb233ebd83a44dcb6bf9ed1a239ebf2,final_online_training_manifest.csv::soh_rated_pct
B0049_D0022,B0049,2124,ONLINE_FIXED_START_CAUSAL_10S_V1,PASS,B0049.mat,bf56a4362287c8489dbeda27b823432f1e587473a7bf7096deec057c5a44d895,52,21,41.187000000000005,31.187000000000005,41.187000000000005,1,3;4,2,41.187000000000005,0.0,0.0,8144585c3159a892364a59fbea883e1e91926e62dae25f44d04b7573a984ced0,final_online_training_manifest.csv::soh_rated_pct
B0049_D0023,B0049,2125,ONLINE_FIXED_START_CAUSAL_10S_V1,PASS,B0049.mat,bf56a4362287c8489dbeda27b823432f1e587473a7bf7096deec057c5a44d895,54,22,41.265,31.265,41.265,1,3;4,2,41.265,0.0,0.0,ddfaad73a69938295e6bfd2ebce364127fb9fb608add0c9da195256467f2ab07,final_online_training_manifest.csv::soh_rated_pct
B0049_D0024,B0049,2126,ONLINE_FIXED_START_CAUSAL_10S_V1,PASS,B0049.mat,bf56a4362287c8489dbeda27b823432f1e587473a7bf7096deec057c5a44d895,56,23,41.406,31.406,41.406,1,3;4,2,41.406,0.0,0.0,7b48f379095d39982ed5bd9f0f56dc087fd88c9ac34d032aab8fc5c27272b7fd,final_online_training_manifest.csv::soh_rated_pct
B0049_D0025,B0049,2127,ONLINE_FIXED_START_CAUSAL_10S_V1,PASS,B0049.mat,bf56a4362287c8489dbeda27b823432f1e587473a7bf7096deec057c5a44d895,58,24,41.516,31.516,41.516,1,3;4,2,41.516,0.0,0.0,10fca06ec3598bfbbe0d7dbb2117d71a509dd225ebd195920128c23148a96596,final_online_training_manifest.csv::soh_rated_pct
B0050_D0002,B0050,2128,ONLINE_FIXED_START_CAUSAL_10S_V1,PASS,B0050.mat,4dcb2475a8e689d54ac231832b40be0bf081805f28f69524e1c46f4c1d153d4e,4,1,38.328,28.328,38.328,2,2;3;4,3,38.327999999999996,0.0,0.0,218a9f41280b19eeed527a09abc04b0525eab6f47d37934dc8ffbb247634a916,final_online_training_manifest.csv::soh_rated_pct
B0050_D0003,B0050,2129,ONLINE_FIXED_START_CAUSAL_10S_V1,PASS,B0050.mat,4dcb2475a8e689d54ac231832b40be0bf081805f28f69524e1c46f4c1d153d4e,6,2,38.531000000000006,28.53100000000001,38.531000000000006,2,2;3;4,3,38.531000000000006,0.0,0.0,ad596af3c7b82ae3e87cf926aebbd64e66e7272d09c45e60bfe3a7fa65945538,final_online_training_manifest.csv::soh_rated_pct
B0050_D0004,B0050,2130,ONLINE_FIXED_START_CAUSAL_10S_V1,PASS,B0050.mat,4dcb2475a8e689d54ac231832b40be0bf081805f28f69524e1c46f4c1d153d4e,8,3,38.75,28.75,38.75,2,2;3;4,3,38.75,0.0,0.0,0e08dcaf7e6424ec1fca2667e35c4125b7b4a64d535c98ff4407a8f57a25bf5a,final_online_training_manifest.csv::soh_rated_pct
B0050_D0007,B0050,2131,ONLINE_FIXED_START_CAUSAL_10S_V1,PASS,B0050.mat,4dcb2475a8e689d54ac231832b40be0bf081805f28f69524e1c46f4c1d153d4e,16,6,39.062,29.062,39.062,2,2;3;4,3,39.062,0.0,0.0,fadce9e23c10d016996a16b9c7cef45ffa8e3f9e66a96488d6ebf6815faceb44,final_online_training_manifest.csv::soh_rated_pct
B0050_D0008,B0050,2132,ONLINE_FIXED_START_CAUSAL_10S_V1,PASS,B0050.mat,4dcb2475a8e689d54ac231832b40be0bf081805f28f69524e1c46f4c1d153d4e,18,7,39.266,29.266,39.266,2,2;3;4,3,39.266,0.0,0.0,4b745aabdbc1f362c3a29e02be9c30f8fc77f1b2dfb6720f851bf67ff1ebeefb,final_online_training_manifest.csv::soh_rated_pct
B0050_D0009,B0050,2133,ONLINE_FIXED_START_CAUSAL_10S_V1,PASS,B0050.mat,4dcb2475a8e689d54ac231832b40be0bf081805f28f69524e1c46f4c1d153d4e,20,8,39.219,29.219,39.219,2,2;3;4,3,39.219,0.0,0.0,ca8bc53b00b1a7498ab3c407a731ffc260b5b3f28246f9dbaa17db3f8fed3dbe,final_online_training_manifest.csv::soh_rated_pct
B0050_D0010,B0050,2134,ONLINE_FIXED_START_CAUSAL_10S_V1,PASS,B0050.mat,4dcb2475a8e689d54ac231832b40be0bf081805f28f69524e1c46f4c1d153d4e,22,9,39.531,29.531,39.531,2,2;3;4,3,39.531,0.0,0.0,d6142590c9f7aee0ef3333f789cf61279c2c4c400679cb64c2209cfc45ed20d0,final_online_training_manifest.csv::soh_rated_pct
B0050_D0012,B0050,2135,ONLINE_FIXED_START_CAUSAL_10S_V1,PASS,B0050.mat,4dcb2475a8e689d54ac231832b40be0bf081805f28f69524e1c46f4c1d153d4e,28,11,39.921,29.921,39.921,1,3;4,2,39.921,0.0,0.0,fab7341218e5fe96117a9e27cee7383d5c12fe56561313b381f1ee2f9e4162a3,final_online_training_manifest.csv::soh_rated_pct
B0050_D0013,B0050,2136,ONLINE_FIXED_START_CAUSAL_10S_V1,PASS,B0050.mat,4dcb2475a8e689d54ac231832b40be0bf081805f28f69524e1c46f4c1d153d4e,30,12,39.968,29.968,39.968,1,3;4,2,39.967999999999996,0.0,0.0,3a7f1f03bcbb53ebf766ac4da42ff6c27d6741821e8b5f07da1b15a8659e0dbc,final_online_training_manifest.csv::soh_rated_pct
B0050_D0015,B0050,2137,ONLINE_FIXED_START_CAUSAL_10S_V1,PASS,B0050.mat,4dcb2475a8e689d54ac231832b40be0bf081805f28f69524e1c46f4c1d153d4e,34,14,40.422,30.422000000000004,40.422,1,3;4,2,40.422000000000004,0.0,0.0,cff22c7f624986806a6b4a241f3f4fe4dfd3ff12758fcc5ab8d84547790eb17f,final_online_training_manifest.csv::soh_rated_pct
B0051_D0002,B0051,2138,ONLINE_FIXED_START_CAUSAL_10S_V1,PASS,B0051.mat,37c247607dc7e5384fae4ef595d8b2f9072a2107ce1112fe0a460b4f48c8894b,4,1,38.328,28.328,38.328,2,2;3;4,3,38.327999999999996,0.0,0.0,d49cb89863935507df5664be528a9c6414ae4edd4367352e6cef062c83c99a2d,final_online_training_manifest.csv::soh_rated_pct
B0051_D0003,B0051,2139,ONLINE_FIXED_START_CAUSAL_10S_V1,PASS,B0051.mat,37c247607dc7e5384fae4ef595d8b2f9072a2107ce1112fe0a460b4f48c8894b,6,2,38.531000000000006,28.53100000000001,38.531000000000006,2,2;3;4,3,38.531000000000006,0.0,0.0,537912b6ac2f7bf0fc554c43b24ff09f4bf65495ad2e71a53749c89f3a3314b3,final_online_training_manifest.csv::soh_rated_pct
B0051_D0004,B0051,2140,ONLINE_FIXED_START_CAUSAL_10S_V1,PASS,B0051.mat,37c247607dc7e5384fae4ef595d8b2f9072a2107ce1112fe0a460b4f48c8894b,8,3,38.75,28.75,38.75,2,2;3;4,3,38.75,0.0,0.0,4cd0a6ff76888cc4185f468bf496a750bf980ef672bbbf383e2b4bf7f67c42d3,final_online_training_manifest.csv::soh_rated_pct
B0051_D0006,B0051,2141,ONLINE_FIXED_START_CAUSAL_10S_V1,PASS,B0051.mat,37c247607dc7e5384fae4ef595d8b2f9072a2107ce1112fe0a460b4f48c8894b,14,5,38.906,28.906,38.906,2,2;3;4,3,38.906,0.0,0.0,e9c3bc61be846ca3d4d792b0942d08529e64b60708d98c74fba70f7a84536b5b,final_online_training_manifest.csv::soh_rated_pct
B0051_D0007,B0051,2142,ONLINE_FIXED_START_CAUSAL_10S_V1,PASS,B0051.mat,37c247607dc7e5384fae4ef595d8b2f9072a2107ce1112fe0a460b4f48c8894b,16,6,39.062,29.062,39.062,2,2;3;4,3,39.062,0.0,0.0,20bc5963b771f2253a579b30c884e546ab20b21bf162e6e72a5d6655c99969e2,final_online_training_manifest.csv::soh_rated_pct
B0051_D0008,B0051,2143,ONLINE_FIXED_START_CAUSAL_10S_V1,PASS,B0051.mat,37c247607dc7e5384fae4ef595d8b2f9072a2107ce1112fe0a460b4f48c8894b,18,7,39.266,29.266,39.266,2,2;3;4,3,39.266,0.0,0.0,e28619436c5cc6e2c764a59b3489a2a223785bceda24925111f5f554ed90a648,final_online_training_manifest.csv::soh_rated_pct
B0051_D0009,B0051,2144,ONLINE_FIXED_START_CAUSAL_10S_V1,PASS,B0051.mat,37c247607dc7e5384fae4ef595d8b2f9072a2107ce1112fe0a460b4f48c8894b,20,8,39.219,29.219,39.219,2,2;3;4,3,39.219,0.0,0.0,0064c9f964b3008bb122bdcca50001aaac985d860b46b19ad024adc5b42f5730,final_online_training_manifest.csv::soh_rated_pct
B0051_D0010,B0051,2145,ONLINE_FIXED_START_CAUSAL_10S_V1,PASS,B0051.mat,37c247607dc7e5384fae4ef595d8b2f9072a2107ce1112fe0a460b4f48c8894b,22,9,39.531,29.531,39.531,2,2;3;4,3,39.531,0.0,0.0,d8686b300155d00b18fc8d0512c271e1d1b82d52a08a401224d538a230896828,final_online_training_manifest.csv::soh_rated_pct
B0051_D0011,B0051,2146,ONLINE_FIXED_START_CAUSAL_10S_V1,PASS,B0051.mat,37c247607dc7e5384fae4ef595d8b2f9072a2107ce1112fe0a460b4f48c8894b,26,10,39.859,29.859,39.859,1,3;4,2,39.859,0.0,0.0,5a9ce2a13ac5f1c9376d4598a3b023e54b80734069b88cab97de5c7b7d23a16e,final_online_training_manifest.csv::soh_rated_pct
B0051_D0012,B0051,2147,ONLINE_FIXED_START_CAUSAL_10S_V1,PASS,B0051.mat,37c247607dc7e5384fae4ef595d8b2f9072a2107ce1112fe0a460b4f48c8894b,28,11,39.921,29.921,39.921,1,3;4,2,39.921,0.0,0.0,4759635dc409beaea7af345f30919071086db03bc851b7d3b7503d3844467256,final_online_training_manifest.csv::soh_rated_pct
B0051_D0013,B0051,2148,ONLINE_FIXED_START_CAUSAL_10S_V1,PASS,B0051.mat,37c247607dc7e5384fae4ef595d8b2f9072a2107ce1112fe0a460b4f48c8894b,30,12,39.968,29.968,39.968,1,3;4,2,39.967999999999996,0.0,0.0,99676ba161c802a08c3f5eff72b4e7dd7c0b6cf939ff42e33e6230d6e3417541,final_online_training_manifest.csv::soh_rated_pct
B0051_D0014,B0051,2149,ONLINE_FIXED_START_CAUSAL_10S_V1,PASS,B0051.mat,37c247607dc7e5384fae4ef595d8b2f9072a2107ce1112fe0a460b4f48c8894b,32,13,40.016,30.016,40.016,1,3;4,2,40.016,0.0,0.0,6f22cfe4cd0334fb1725b52c15e51d5247f637212013b2e223380da7a745ef4f,final_online_training_manifest.csv::soh_rated_pct
B0051_D0015,B0051,2150,ONLINE_FIXED_START_CAUSAL_10S_V1,PASS,B0051.mat,37c247607dc7e5384fae4ef595d8b2f9072a2107ce1112fe0a460b4f48c8894b,34,14,40.422,30.422000000000004,40.422,1,3;4,2,40.422000000000004,0.0,0.0,6cf1c551d6bc3c766c2d99ea8e2158fa34d2741c37a9afb30742bd60075678ee,final_online_training_manifest.csv::soh_rated_pct
B0051_D0016,B0051,2151,ONLINE_FIXED_START_CAUSAL_10S_V1,PASS,B0051.mat,37c247607dc7e5384fae4ef595d8b2f9072a2107ce1112fe0a460b4f48c8894b,38,15,40.485,30.485,40.485,1,3;4,2,40.485,0.0,0.0,ee5e94c2ce98c1611f71714ef41198f4162595e3163011a9fee558c1a9fa59d5,final_online_training_manifest.csv::soh_rated_pct
B0051_D0018,B0051,2152,ONLINE_FIXED_START_CAUSAL_10S_V1,PASS,B0051.mat,37c247607dc7e5384fae4ef595d8b2f9072a2107ce1112fe0a460b4f48c8894b,42,17,40.687,30.687,40.687,1,3;4,2,40.687,0.0,0.0,cb4d699f374152f6e3954ad6e8efc978096b73e4d9ba1a9922ffdbb8188a33de,final_online_training_manifest.csv::soh_rated_pct
B0051_D0019,B0051,2153,ONLINE_FIXED_START_CAUSAL_10S_V1,PASS,B0051.mat,37c247607dc7e5384fae4ef595d8b2f9072a2107ce1112fe0a460b4f48c8894b,44,18,40.906,30.906,40.906,1,3;4,2,40.906,0.0,0.0,f0704942dda10578b3aa86899fda4e35c075d61e42d3fb3dede439631ec533f2,final_online_training_manifest.csv::soh_rated_pct
B0051_D0020,B0051,2154,ONLINE_FIXED_START_CAUSAL_10S_V1,PASS,B0051.mat,37c247607dc7e5384fae4ef595d8b2f9072a2107ce1112fe0a460b4f48c8894b,46,19,40.954,30.954,40.954,1,3;4,2,40.954,0.0,0.0,21256a589f906b567df2ced286ffbae0f7a5bc35c50c9ef725511b7bd5f5430f,final_online_training_manifest.csv::soh_rated_pct
B0051_D0021,B0051,2155,ONLINE_FIXED_START_CAUSAL_10S_V1,PASS,B0051.mat,37c247607dc7e5384fae4ef595d8b2f9072a2107ce1112fe0a460b4f48c8894b,50,20,41.046,31.046,41.046,1,3;4,2,41.046,0.0,0.0,f45271597d5248726d7709311f3e188ba8abfe87b83346413b566e3303a4d6c7,final_online_training_manifest.csv::soh_rated_pct
B0051_D0022,B0051,2156,ONLINE_FIXED_START_CAUSAL_10S_V1,PASS,B0051.mat,37c247607dc7e5384fae4ef595d8b2f9072a2107ce1112fe0a460b4f48c8894b,52,21,41.187000000000005,31.187000000000005,41.187000000000005,1,3;4,2,41.187000000000005,0.0,0.0,3137ea055ba6eb692306de78b7d61e2e69252f767659f7f1eb109970b8504d07,final_online_training_manifest.csv::soh_rated_pct
B0051_D0023,B0051,2157,ONLINE_FIXED_START_CAUSAL_10S_V1,PASS,B0051.mat,37c247607dc7e5384fae4ef595d8b2f9072a2107ce1112fe0a460b4f48c8894b,54,22,41.265,31.265,41.265,1,3;4,2,41.265,0.0,0.0,ef6ab8f76db8714e5c9bc2cea4130e038e94e897a5aa28eb3f1cdcc520fab597,final_online_training_manifest.csv::soh_rated_pct
B0051_D0024,B0051,2158,ONLINE_FIXED_START_CAUSAL_10S_V1,PASS,B0051.mat,37c247607dc7e5384fae4ef595d8b2f9072a2107ce1112fe0a460b4f48c8894b,56,23,41.406,31.406,41.406,1,3;4,2,41.406,0.0,0.0,5f3dfe9472215350712c0497016c893cb779130fb08712bfe065ba2a3c07091f,final_online_training_manifest.csv::soh_rated_pct
B0051_D0025,B0051,2159,ONLINE_FIXED_START_CAUSAL_10S_V1,PASS,B0051.mat,37c247607dc7e5384fae4ef595d8b2f9072a2107ce1112fe0a460b4f48c8894b,58,24,41.516,31.516,41.516,1,3;4,2,41.516,0.0,0.0,68ac4543ec3addc4306c13b723a8d12575d95dede3def361d14f76a97e146761,final_online_training_manifest.csv::soh_rated_pct
B0052_D0002,B0052,2160,ONLINE_FIXED_START_CAUSAL_10S_V1,PASS,B0052.mat,640d86ac187b223c2edf83715b0f95ba5faeaaf5402a51dc81fc5f6275d4edd8,4,1,38.328,28.328,38.328,2,2;3;4,3,38.327999999999996,0.0,0.0,7dcea25eb1255a23e5d6a4d5053cbba24cc21df2f896a866a46d0020e34f6b79,final_online_training_manifest.csv::soh_rated_pct
B0052_D0003,B0052,2161,ONLINE_FIXED_START_CAUSAL_10S_V1,PASS,B0052.mat,640d86ac187b223c2edf83715b0f95ba5faeaaf5402a51dc81fc5f6275d4edd8,6,2,38.531000000000006,28.53100000000001,38.531000000000006,2,2;3;4,3,38.531000000000006,0.0,0.0,e49f371841397e2db5109b1a867107c61b58bd3545371461f46574d11170106e,final_online_training_manifest.csv::soh_rated_pct
B0052_D0004,B0052,2162,ONLINE_FIXED_START_CAUSAL_10S_V1,PASS,B0052.mat,640d86ac187b223c2edf83715b0f95ba5faeaaf5402a51dc81fc5f6275d4edd8,8,3,38.75,28.75,38.75,2,2;3;4,3,38.75,0.0,0.0,e3bf33a20f73f2f4e0ab950b0a716df6ce6be8965e38bd6960e8f5a2078dbf24,final_online_training_manifest.csv::soh_rated_pct
B0053_D0001,B0053,2163,ONLINE_FIXED_START_CAUSAL_10S_V1,PASS,B0053.mat,5ae945704d75f9865608c1bf585c80b62ba8e6a98c555840735c1f64fa5513f9,0,0,43.203,33.203,43.203,1,3;4,2,43.203,0.0,0.0,549f9f1b368af282091dec4b349b9e7d980794bb3985a0b74104b9cba5310399,final_online_training_manifest.csv::soh_rated_pct
B0053_D0002,B0053,2164,ONLINE_FIXED_START_CAUSAL_10S_V1,PASS,B0053.mat,5ae945704d75f9865608c1bf585c80b62ba8e6a98c555840735c1f64fa5513f9,4,1,43.219,33.219,43.219,1,3;4,2,43.219,0.0,0.0,a6b1dea7edc71ded4b4d2db9c6351212ab49885c89c1aadb5d0c76afa5050171,final_online_training_manifest.csv::soh_rated_pct
B0053_D0003,B0053,2165,ONLINE_FIXED_START_CAUSAL_10S_V1,PASS,B0053.mat,5ae945704d75f9865608c1bf585c80b62ba8e6a98c555840735c1f64fa5513f9,6,2,43.14,33.14,43.14,1,3;4,2,43.14,0.0,0.0,2e5780a440664af5a9bd7cf355a86ac8244423e559528c0acaff755575702bcc,final_online_training_manifest.csv::soh_rated_pct
B0053_D0004,B0053,2166,ONLINE_FIXED_START_CAUSAL_10S_V1,PASS,B0053.mat,5ae945704d75f9865608c1bf585c80b62ba8e6a98c555840735c1f64fa5513f9,8,3,43.406,33.406,43.406,1,3;4,2,43.406,0.0,0.0,9efce50ffd51adcb1ff8e0888641f8c26b45accded332a454163d8b21df99523,final_online_training_manifest.csv::soh_rated_pct
B0053_D0005,B0053,2167,ONLINE_FIXED_START_CAUSAL_10S_V1,PASS,B0053.mat,5ae945704d75f9865608c1bf585c80b62ba8e6a98c555840735c1f64fa5513f9,10,4,43.453,33.453,43.453,1,3;4,2,43.453,0.0,0.0,8b24ebcacd4115b67f596a094e84866e3273ec264e5530f66d4da25f42caa6be,final_online_training_manifest.csv::soh_rated_pct
B0053_D0006,B0053,2168,ONLINE_FIXED_START_CAUSAL_10S_V1,PASS,B0053.mat,5ae945704d75f9865608c1bf585c80b62ba8e6a98c555840735c1f64fa5513f9,12,5,43.75,33.75,43.75,1,3;4,2,43.75,0.0,0.0,70280ef8809f27bcd4e8c728805d2dd919fe8a3a99360b13508ca35893173c3d,final_online_training_manifest.csv::soh_rated_pct
B0053_D0007,B0053,2169,ONLINE_FIXED_START_CAUSAL_10S_V1,PASS,B0053.mat,5ae945704d75f9865608c1bf585c80b62ba8e6a98c555840735c1f64fa5513f9,16,6,43.657,33.657,43.657,1,3;4,2,43.657,0.0,0.0,efcf4840937b8b763ad2c5a53d4d3e1361c9dffeb35ffdbe4f7fcba8bddccecc,final_online_training_manifest.csv::soh_rated_pct
B0053_D0008,B0053,2170,ONLINE_FIXED_START_CAUSAL_10S_V1,PASS,B0053.mat,5ae945704d75f9865608c1bf585c80b62ba8e6a98c555840735c1f64fa5513f9,18,7,43.812,33.812,43.812,1,3;4,2,43.812,0.0,0.0,d0c34068065709d74e26cffbd6321add50d33acab9d0919dc739ef9efb17a6e9,final_online_training_manifest.csv::soh_rated_pct
B0053_D0009,B0053,2171,ONLINE_FIXED_START_CAUSAL_10S_V1,PASS,B0053.mat,5ae945704d75f9865608c1bf585c80b62ba8e6a98c555840735c1f64fa5513f9,20,8,44.0,34.0,44.0,1,3;4,2,44.0,0.0,0.0,4f1377a16d7243e401c69502b9662c8c87d63c73590d323db6712a6c3e09bdea,final_online_training_manifest.csv::soh_rated_pct
B0053_D0010,B0053,2172,ONLINE_FIXED_START_CAUSAL_10S_V1,PASS,B0053.mat,5ae945704d75f9865608c1bf585c80b62ba8e6a98c555840735c1f64fa5513f9,22,9,44.125,34.125,44.125,1,3;4,2,44.125,0.0,0.0,ead10d91db418a17a1df91fdefc572129f59b848782ac05fbda9af6fb609da47,final_online_training_manifest.csv::soh_rated_pct
B0053_D0011,B0053,2173,ONLINE_FIXED_START_CAUSAL_10S_V1,PASS,B0053.mat,5ae945704d75f9865608c1bf585c80b62ba8e6a98c555840735c1f64fa5513f9,24,10,44.328,34.328,44.328,1,3;4,2,44.328,0.0,0.0,bf6061f289a980e5c8e48b4bcb9d21f1687f9284a99c1b5068e74623d0d859e6,final_online_training_manifest.csv::soh_rated_pct
B0053_D0012,B0053,2174,ONLINE_FIXED_START_CAUSAL_10S_V1,PASS,B0053.mat,5ae945704d75f9865608c1bf585c80b62ba8e6a98c555840735c1f64fa5513f9,28,11,44.328,34.328,44.328,1,3;4,2,44.328,0.0,0.0,268fffff7e35cb4a41646e26c6b8db4951389d798a78415c85728576a2e52873,final_online_training_manifest.csv::soh_rated_pct
B0053_D0013,B0053,2175,ONLINE_FIXED_START_CAUSAL_10S_V1,PASS,B0053.mat,5ae945704d75f9865608c1bf585c80b62ba8e6a98c555840735c1f64fa5513f9,30,12,44.422,34.422,44.422,1,3;4,2,44.422,0.0,0.0,f11d9d11c43a68a39ebaf42dcc92dc230108ff847449e344ae11454ad852d7b0,final_online_training_manifest.csv::soh_rated_pct
B0053_D0014,B0053,2176,ONLINE_FIXED_START_CAUSAL_10S_V1,PASS,B0053.mat,5ae945704d75f9865608c1bf585c80b62ba8e6a98c555840735c1f64fa5513f9,32,13,44.609,34.609,44.609,1,3;4,2,44.609,0.0,0.0,d23e97ee7e4586c183df6a805584f955b815feb8ca8a53e51cf37b211a73b321,final_online_training_manifest.csv::soh_rated_pct
B0053_D0015,B0053,2177,ONLINE_FIXED_START_CAUSAL_10S_V1,PASS,B0053.mat,5ae945704d75f9865608c1bf585c80b62ba8e6a98c555840735c1f64fa5513f9,34,14,44.641000000000005,34.641000000000005,44.641000000000005,1,3;4,2,44.641000000000005,0.0,0.0,43cf75c0c1f306b157467cbb28ea803d64a900a7c52790476c7c954cc97faee2,final_online_training_manifest.csv::soh_rated_pct
B0053_D0016,B0053,2178,ONLINE_FIXED_START_CAUSAL_10S_V1,PASS,B0053.mat,5ae945704d75f9865608c1bf585c80b62ba8e6a98c555840735c1f64fa5513f9,36,15,44.859,34.858999999999995,44.859,1,3;4,2,44.858999999999995,0.0,0.0,84d40af473022d9569478df5ea936fc8139fab1e040231375c458d4b9916c213,final_online_training_manifest.csv::soh_rated_pct
B0053_D0017,B0053,2179,ONLINE_FIXED_START_CAUSAL_10S_V1,PASS,B0053.mat,5ae945704d75f9865608c1bf585c80b62ba8e6a98c555840735c1f64fa5513f9,40,16,45.078,35.078,45.078,1,3;4,2,45.078,0.0,0.0,4247cc48c638dc528956d16818b1e9ec163d2d6428781fae5c2cee6def6a4029,final_online_training_manifest.csv::soh_rated_pct
B0053_D0018,B0053,2180,ONLINE_FIXED_START_CAUSAL_10S_V1,PASS,B0053.mat,5ae945704d75f9865608c1bf585c80b62ba8e6a98c555840735c1f64fa5513f9,42,17,45.0,35.0,45.0,1,3;4,2,45.0,0.0,0.0,80bdc9f749be6668fa88dcc2f9c64bec0f35115f8383391dccb0a755c6329701,final_online_training_manifest.csv::soh_rated_pct
B0053_D0019,B0053,2181,ONLINE_FIXED_START_CAUSAL_10S_V1,PASS,B0053.mat,5ae945704d75f9865608c1bf585c80b62ba8e6a98c555840735c1f64fa5513f9,44,18,45.109,35.109,45.109,1,3;4,2,45.109,0.0,0.0,29edd5f1812c58bd5e095d8b4e9f1f8338c56117bf59b24b879123bf1085211e,final_online_training_manifest.csv::soh_rated_pct
B0053_D0020,B0053,2182,ONLINE_FIXED_START_CAUSAL_10S_V1,PASS,B0053.mat,5ae945704d75f9865608c1bf585c80b62ba8e6a98c555840735c1f64fa5513f9,46,19,45.25,35.25,45.25,1,3;4,2,45.25,0.0,0.0,9177c286d0f70bad4c9cc458deede57a938f97316707348d421a306613fa7127,final_online_training_manifest.csv::soh_rated_pct
B0053_D0021,B0053,2183,ONLINE_FIXED_START_CAUSAL_10S_V1,PASS,B0053.mat,5ae945704d75f9865608c1bf585c80b62ba8e6a98c555840735c1f64fa5513f9,48,20,45.375,35.375,45.375,1,3;4,2,45.375,0.0,0.0,e39429f91c90eb820b327cd73b7a3d6b8b447b0225af298caa3b74ec3e26efc3,final_online_training_manifest.csv::soh_rated_pct
B0053_D0022,B0053,2184,ONLINE_FIXED_START_CAUSAL_10S_V1,PASS,B0053.mat,5ae945704d75f9865608c1bf585c80b62ba8e6a98c555840735c1f64fa5513f9,52,21,45.391,35.391,45.391,1,3;4,2,45.391,0.0,0.0,dfeb6f1fae016d5fbce3a59a9485d99dbc5feba6f2faca31668a32d4c34d5600,final_online_training_manifest.csv::soh_rated_pct
B0053_D0023,B0053,2185,ONLINE_FIXED_START_CAUSAL_10S_V1,PASS,B0053.mat,5ae945704d75f9865608c1bf585c80b62ba8e6a98c555840735c1f64fa5513f9,56,22,45.469,35.469,45.469,1,3;4,2,45.469,0.0,0.0,8955c92bcc1db42130c5bfcd425d0032906a68c69adb1e778baa62d7f2c0d964,final_online_training_manifest.csv::soh_rated_pct
B0053_D0024,B0053,2186,ONLINE_FIXED_START_CAUSAL_10S_V1,PASS,B0053.mat,5ae945704d75f9865608c1bf585c80b62ba8e6a98c555840735c1f64fa5513f9,58,23,46.5,36.5,46.5,1,3;4,2,46.5,0.0,0.0,b9df84a8a136adb13f31697beb1dc59ea1a916a6cdcb1595051a99905ae36275,final_online_training_manifest.csv::soh_rated_pct
B0053_D0025,B0053,2187,ONLINE_FIXED_START_CAUSAL_10S_V1,PASS,B0053.mat,5ae945704d75f9865608c1bf585c80b62ba8e6a98c555840735c1f64fa5513f9,60,24,45.813,35.813,45.813,1,3;4,2,45.813,0.0,0.0,8b29535d30face404353de7604c564edc9269734a4a010467bc216e123ad33a3,final_online_training_manifest.csv::soh_rated_pct
B0053_D0026,B0053,2188,ONLINE_FIXED_START_CAUSAL_10S_V1,PASS,B0053.mat,5ae945704d75f9865608c1bf585c80b62ba8e6a98c555840735c1f64fa5513f9,62,25,45.906,35.906,45.906,1,3;4,2,45.906,0.0,0.0,b6289c1cb6a77dff2c80f5b7a4fa96c2289ff460d061780983106840f0a259f7,final_online_training_manifest.csv::soh_rated_pct
B0053_D0027,B0053,2189,ONLINE_FIXED_START_CAUSAL_10S_V1,PASS,B0053.mat,5ae945704d75f9865608c1bf585c80b62ba8e6a98c555840735c1f64fa5513f9,64,26,46.062,36.062,46.062,1,3;4,2,46.062,0.0,0.0,7a972499319ca445e3af5f3878d65ef239e5549ca2f6e5dd5cf73b5b96b36b37,final_online_training_manifest.csv::soh_rated_pct
B0053_D0028,B0053,2190,ONLINE_FIXED_START_CAUSAL_10S_V1,PASS,B0053.mat,5ae945704d75f9865608c1bf585c80b62ba8e6a98c555840735c1f64fa5513f9,68,27,46.172,36.172,46.172,1,3;4,2,46.172,0.0,0.0,c08e928ae46ae86a30c4c349bac8be3078a5306c69e4a2409fdc1b66f5f8abab,final_online_training_manifest.csv::soh_rated_pct
B0053_D0029,B0053,2191,ONLINE_FIXED_START_CAUSAL_10S_V1,PASS,B0053.mat,5ae945704d75f9865608c1bf585c80b62ba8e6a98c555840735c1f64fa5513f9,70,28,46.109,36.109,46.109,1,3;4,2,46.109,0.0,0.0,be4eac6e09b0dd256f4835b5ae6fe18cb013884aba6a2be84c652afa0f5400cd,final_online_training_manifest.csv::soh_rated_pct
B0053_D0030,B0053,2192,ONLINE_FIXED_START_CAUSAL_10S_V1,PASS,B0053.mat,5ae945704d75f9865608c1bf585c80b62ba8e6a98c555840735c1f64fa5513f9,72,29,46.203,36.203,46.203,1,3;4,2,46.202999999999996,0.0,0.0,ff33973967afdbc522bd0165e562705de4babed38458b7a361b2919f04b56eda,final_online_training_manifest.csv::soh_rated_pct
B0053_D0031,B0053,2193,ONLINE_FIXED_START_CAUSAL_10S_V1,PASS,B0053.mat,5ae945704d75f9865608c1bf585c80b62ba8e6a98c555840735c1f64fa5513f9,74,30,46.453,36.453,46.453,1,3;4,2,46.453,0.0,0.0,e0d5274bd9fbf9420700f7431b83ed5df7ab0bfb95fffab8d6a6e786018cc1b8,final_online_training_manifest.csv::soh_rated_pct
B0053_D0032,B0053,2194,ONLINE_FIXED_START_CAUSAL_10S_V1,PASS,B0053.mat,5ae945704d75f9865608c1bf585c80b62ba8e6a98c555840735c1f64fa5513f9,76,31,46.422,36.422,46.422,1,3;4,2,46.422,0.0,0.0,719f19cec63834e85eecd436b0e30a00094c2f6750462476dee872a955f5ae89,final_online_training_manifest.csv::soh_rated_pct
B0053_D0033,B0053,2195,ONLINE_FIXED_START_CAUSAL_10S_V1,PASS,B0053.mat,5ae945704d75f9865608c1bf585c80b62ba8e6a98c555840735c1f64fa5513f9,80,32,46.563,36.563,46.563,1,3;4,2,46.563,0.0,0.0,b46f8e48874b0c6c8a3be075004f0a2fc842c1d127045159907cd0de2664564a,final_online_training_manifest.csv::soh_rated_pct
B0053_D0034,B0053,2196,ONLINE_FIXED_START_CAUSAL_10S_V1,PASS,B0053.mat,5ae945704d75f9865608c1bf585c80b62ba8e6a98c555840735c1f64fa5513f9,82,33,46.578,36.578,46.578,1,3;4,2,46.577999999999996,0.0,0.0,91fa0c7cb3c0be093010209b7c9f37aaa3c9600b96fca56a11240297220aab6c,final_online_training_manifest.csv::soh_rated_pct
B0053_D0035,B0053,2197,ONLINE_FIXED_START_CAUSAL_10S_V1,PASS,B0053.mat,5ae945704d75f9865608c1bf585c80b62ba8e6a98c555840735c1f64fa5513f9,84,34,46.906,36.906,46.906,1,3;4,2,46.906,0.0,0.0,fca3163aca8894b2ac5929c4af289e3fc69d0858ce58a7dbc3066268307518ef,final_online_training_manifest.csv::soh_rated_pct
B0053_D0036,B0053,2198,ONLINE_FIXED_START_CAUSAL_10S_V1,PASS,B0053.mat,5ae945704d75f9865608c1bf585c80b62ba8e6a98c555840735c1f64fa5513f9,86,35,46.875,36.875,46.875,1,3;4,2,46.875,0.0,0.0,c6dc771b6cbc768c3575d342c9e744c336d0ba0775078fc2802a1d2aa7457759,final_online_training_manifest.csv::soh_rated_pct
B0053_D0037,B0053,2199,ONLINE_FIXED_START_CAUSAL_10S_V1,PASS,B0053.mat,5ae945704d75f9865608c1bf585c80b62ba8e6a98c555840735c1f64fa5513f9,88,36,47.031,37.031,47.031,1,3;4,2,47.031,0.0,0.0,b92d34059723721888d53c3e3ac063fb1f529257b70be004b75c76a5de353c82,final_online_training_manifest.csv::soh_rated_pct
B0053_D0038,B0053,2200,ONLINE_FIXED_START_CAUSAL_10S_V1,PASS,B0053.mat,5ae945704d75f9865608c1bf585c80b62ba8e6a98c555840735c1f64fa5513f9,92,37,47.109,37.109,47.109,1,3;4,2,47.108999999999995,0.0,0.0,d53896fb8d98b875913311032d5e60359b406c1e9254dce1fd798bd631e1c5cc,final_online_training_manifest.csv::soh_rated_pct
B0053_D0039,B0053,2201,ONLINE_FIXED_START_CAUSAL_10S_V1,PASS,B0053.mat,5ae945704d75f9865608c1bf585c80b62ba8e6a98c555840735c1f64fa5513f9,94,38,47.14,37.14,47.14,1,3;4,2,47.14,0.0,0.0,3734da6730cdf01d22aaf71e52f3d7a0cf88c137f51ddee5fcd0b37bafa04e9c,final_online_training_manifest.csv::soh_rated_pct
B0053_D0040,B0053,2202,ONLINE_FIXED_START_CAUSAL_10S_V1,PASS,B0053.mat,5ae945704d75f9865608c1bf585c80b62ba8e6a98c555840735c1f64fa5513f9,96,39,47.14,37.14,47.14,1,3;4,2,47.14,0.0,0.0,00cbe2dcadf998259d14944f593cdc654226ac240b75fa2bbbedb16c7f8f2f7f,final_online_training_manifest.csv::soh_rated_pct
B0053_D0041,B0053,2203,ONLINE_FIXED_START_CAUSAL_10S_V1,PASS,B0053.mat,5ae945704d75f9865608c1bf585c80b62ba8e6a98c555840735c1f64fa5513f9,98,40,47.547,37.547,47.547,1,3;4,2,47.547,0.0,0.0,80a367b157c89f2369329541e96a0d745d63f7ba409ba1de978b287e5c77767e,final_online_training_manifest.csv::soh_rated_pct
B0053_D0042,B0053,2204,ONLINE_FIXED_START_CAUSAL_10S_V1,PASS,B0053.mat,5ae945704d75f9865608c1bf585c80b62ba8e6a98c555840735c1f64fa5513f9,100,41,48.282,38.282,48.282,1,3;4,2,48.282,0.0,0.0,f91bc6e49d1198c4affdf26db8eda54baf6ad6c05e2664fa197bacf47be9a637,final_online_training_manifest.csv::soh_rated_pct
B0053_D0043,B0053,2205,ONLINE_FIXED_START_CAUSAL_10S_V1,PASS,B0053.mat,5ae945704d75f9865608c1bf585c80b62ba8e6a98c555840735c1f64fa5513f9,104,42,47.407,37.407,47.407,1,3;4,2,47.407,0.0,0.0,a2b4e09235e6b3d337ba400cf677362e73b2b9bee3c3277155a33bc1fbb138e8,final_online_training_manifest.csv::soh_rated_pct
B0053_D0044,B0053,2206,ONLINE_FIXED_START_CAUSAL_10S_V1,PASS,B0053.mat,5ae945704d75f9865608c1bf585c80b62ba8e6a98c555840735c1f64fa5513f9,108,43,47.75,37.75,47.75,1,3;4,2,47.75,0.0,0.0,ba79fa7433e26a9b6070474cb6ed4921a630a8d04e8b87e431fdc74c2be7de83,final_online_training_manifest.csv::soh_rated_pct
B0053_D0045,B0053,2207,ONLINE_FIXED_START_CAUSAL_10S_V1,PASS,B0053.mat,5ae945704d75f9865608c1bf585c80b62ba8e6a98c555840735c1f64fa5513f9,110,44,47.703,37.703,47.703,1,3;4,2,47.703,0.0,0.0,19ee4edc52d17011f5de89ea27b7699f6e3a467ecbe7af87dc93c2ed041d5ba0,final_online_training_manifest.csv::soh_rated_pct
B0053_D0046,B0053,2208,ONLINE_FIXED_START_CAUSAL_10S_V1,PASS,B0053.mat,5ae945704d75f9865608c1bf585c80b62ba8e6a98c555840735c1f64fa5513f9,112,45,47.844,37.844,47.844,1,3;4,2,47.844,0.0,0.0,efd433a8cf098c354d6b0f0692b98d814f6344686154c2ea3735d4c430bc8896,final_online_training_manifest.csv::soh_rated_pct
B0053_D0047,B0053,2209,ONLINE_FIXED_START_CAUSAL_10S_V1,PASS,B0053.mat,5ae945704d75f9865608c1bf585c80b62ba8e6a98c555840735c1f64fa5513f9,114,46,47.953,37.953,47.953,1,3;4,2,47.952999999999996,0.0,0.0,f10cef20c2505684c8e8abdd3626c5a3021433f09e9e5e7c1595843215ff2b76,final_online_training_manifest.csv::soh_rated_pct
B0053_D0048,B0053,2210,ONLINE_FIXED_START_CAUSAL_10S_V1,PASS,B0053.mat,5ae945704d75f9865608c1bf585c80b62ba8e6a98c555840735c1f64fa5513f9,116,47,48.125,38.125,48.125,1,3;4,2,48.125,0.0,0.0,0eb92bc78a54801260e743c21632003e1953e93b6bce8d532704e80c3b42761a,final_online_training_manifest.csv::soh_rated_pct
B0053_D0049,B0053,2211,ONLINE_FIXED_START_CAUSAL_10S_V1,PASS,B0053.mat,5ae945704d75f9865608c1bf585c80b62ba8e6a98c555840735c1f64fa5513f9,120,48,48.14,38.14,48.14,1,3;4,2,48.14,0.0,0.0,3c9c15b545e37dfc4a797dac958887ac9e8644b4489ff63dd6e95e6c5efadaa1,final_online_training_manifest.csv::soh_rated_pct
B0053_D0050,B0053,2212,ONLINE_FIXED_START_CAUSAL_10S_V1,PASS,B0053.mat,5ae945704d75f9865608c1bf585c80b62ba8e6a98c555840735c1f64fa5513f9,122,49,48.125,38.125,48.125,1,3;4,2,48.125,0.0,0.0,26cb99523ba4b6d7789404d0ad3e98b000a06dd385b3b52de202ba06bcbaf3c2,final_online_training_manifest.csv::soh_rated_pct
B0053_D0051,B0053,2213,ONLINE_FIXED_START_CAUSAL_10S_V1,PASS,B0053.mat,5ae945704d75f9865608c1bf585c80b62ba8e6a98c555840735c1f64fa5513f9,124,50,48.359,38.359,48.359,1,3;4,2,48.359,0.0,0.0,6b7347be0564609ef36382985c196179101c6842eabd5f4c6efb51f4c6d0bab2,final_online_training_manifest.csv::soh_rated_pct
B0053_D0052,B0053,2214,ONLINE_FIXED_START_CAUSAL_10S_V1,PASS,B0053.mat,5ae945704d75f9865608c1bf585c80b62ba8e6a98c555840735c1f64fa5513f9,126,51,48.484,38.484,48.484,1,3;4,2,48.484,0.0,0.0,030801fa233c06a1609e8675104eb19815cbdaa54e74172cd9b1e182e43d9747,final_online_training_manifest.csv::soh_rated_pct
B0053_D0053,B0053,2215,ONLINE_FIXED_START_CAUSAL_10S_V1,PASS,B0053.mat,5ae945704d75f9865608c1bf585c80b62ba8e6a98c555840735c1f64fa5513f9,128,52,48.547,38.547,48.547,1,3;4,2,48.547,0.0,0.0,27b9fb669e3a91132e6aaf62506ae02004b00767395deda9f64be193e8b074b3,final_online_training_manifest.csv::soh_rated_pct
B0053_D0054,B0053,2216,ONLINE_FIXED_START_CAUSAL_10S_V1,PASS,B0053.mat,5ae945704d75f9865608c1bf585c80b62ba8e6a98c555840735c1f64fa5513f9,132,53,48.718,38.718,48.718,1,3;4,2,48.717999999999996,0.0,0.0,4893c0f594dd7b6715fbd17c7917387f80576e54987f76abed4c4727383fe894,final_online_training_manifest.csv::soh_rated_pct
B0053_D0055,B0053,2217,ONLINE_FIXED_START_CAUSAL_10S_V1,PASS,B0053.mat,5ae945704d75f9865608c1bf585c80b62ba8e6a98c555840735c1f64fa5513f9,134,54,48.984,38.984,48.984,1,3;4,2,48.984,0.0,0.0,23eb480f77b34168139aeb73e625d29bd1e470a0143205fcb646b908282b749c,final_online_training_manifest.csv::soh_rated_pct
B0054_D0002,B0054,2218,ONLINE_FIXED_START_CAUSAL_10S_V1,PASS,B0054.mat,02ececa6edf2ab1febdfa31daccaaff59b090e627b9403a59060157c9488712a,4,1,38.391,28.391,38.391,2,2;3;4,3,38.391,0.0,0.0,c65520dee26c07637f58dba10610743daa42d7d425096efda96bd4fda584ce31,final_online_training_manifest.csv::soh_rated_pct
B0054_D0003,B0054,2219,ONLINE_FIXED_START_CAUSAL_10S_V1,PASS,B0054.mat,02ececa6edf2ab1febdfa31daccaaff59b090e627b9403a59060157c9488712a,6,2,38.719,28.719,38.719,2,2;3;4,3,38.719,0.0,0.0,bfbb9866c5d9e6dfe4eff45c40e0bdb2ca79eb2161ae5aef12426bee214c5afb,final_online_training_manifest.csv::soh_rated_pct
B0054_D0004,B0054,2220,ONLINE_FIXED_START_CAUSAL_10S_V1,PASS,B0054.mat,02ececa6edf2ab1febdfa31daccaaff59b090e627b9403a59060157c9488712a,8,3,38.844,28.844,38.844,2,2;3;4,3,38.844,0.0,0.0,0e1f2312beacb172ac0144ea49a45ee75fd443577da376bd329afc0631626ec5,final_online_training_manifest.csv::soh_rated_pct
B0054_D0005,B0054,2221,ONLINE_FIXED_START_CAUSAL_10S_V1,PASS,B0054.mat,02ececa6edf2ab1febdfa31daccaaff59b090e627b9403a59060157c9488712a,10,4,38.938,28.938,38.938,2,2;3;4,3,38.938,0.0,0.0,14377fcfb0862405ab46a68a1ee1778dbf6c201fcabcbcdd68a134a05d719e17,final_online_training_manifest.csv::soh_rated_pct
B0054_D0006,B0054,2222,ONLINE_FIXED_START_CAUSAL_10S_V1,PASS,B0054.mat,02ececa6edf2ab1febdfa31daccaaff59b090e627b9403a59060157c9488712a,12,5,39.031,29.031,39.031,2,2;3;4,3,39.031,0.0,0.0,d722d55ff397b25aaacad3a6be4b60f926484ed1daa156e5c83d2bc4b1be7146,final_online_training_manifest.csv::soh_rated_pct
B0054_D0007,B0054,2223,ONLINE_FIXED_START_CAUSAL_10S_V1,PASS,B0054.mat,02ececa6edf2ab1febdfa31daccaaff59b090e627b9403a59060157c9488712a,16,6,39.297,29.297000000000004,39.297,2,2;3;4,3,39.297000000000004,0.0,0.0,17e8cae0c3b0389e1684c5f910f0824387b7b0d3f4d84751e794ee5208766f5d,final_online_training_manifest.csv::soh_rated_pct
B0054_D0008,B0054,2224,ONLINE_FIXED_START_CAUSAL_10S_V1,PASS,B0054.mat,02ececa6edf2ab1febdfa31daccaaff59b090e627b9403a59060157c9488712a,18,7,39.328,29.328,39.328,2,2;3;4,3,39.327999999999996,0.0,0.0,8d25e4a1f4c11472d60f0339243d65a71e89ae0dfaf94dc1afa0e1d62167398c,final_online_training_manifest.csv::soh_rated_pct
B0054_D0009,B0054,2225,ONLINE_FIXED_START_CAUSAL_10S_V1,PASS,B0054.mat,02ececa6edf2ab1febdfa31daccaaff59b090e627b9403a59060157c9488712a,20,8,39.531,29.531,39.531,2,2;3;4,3,39.531,0.0,0.0,889715c89c464882e4796eda9fefeb368e3144f2e69385e094803671a343789f,final_online_training_manifest.csv::soh_rated_pct
B0054_D0010,B0054,2226,ONLINE_FIXED_START_CAUSAL_10S_V1,PASS,B0054.mat,02ececa6edf2ab1febdfa31daccaaff59b090e627b9403a59060157c9488712a,22,9,39.656000000000006,29.65600000000001,39.656000000000006,2,2;3;4,3,39.656000000000006,0.0,0.0,7819d34a7b984ff13987eda8e9d674cd07978af5a915bf6d840bef97eeba4e9a,final_online_training_manifest.csv::soh_rated_pct
B0054_D0011,B0054,2227,ONLINE_FIXED_START_CAUSAL_10S_V1,PASS,B0054.mat,02ececa6edf2ab1febdfa31daccaaff59b090e627b9403a59060157c9488712a,24,10,39.89,29.89,39.89,2,2;3;4,3,39.89,0.0,0.0,c7bcac78a23a442b48258ade408600acf275230596f35abd9d1037a482558e6d,final_online_training_manifest.csv::soh_rated_pct
B0054_D0012,B0054,2228,ONLINE_FIXED_START_CAUSAL_10S_V1,PASS,B0054.mat,02ececa6edf2ab1febdfa31daccaaff59b090e627b9403a59060157c9488712a,28,11,40.063,30.063,40.063,2,2;3;4,3,40.063,0.0,0.0,d6478ce38b607b8fa7e53cb27b1f288fec97ac4ae5cf81671d955b07974e811b,final_online_training_manifest.csv::soh_rated_pct
B0054_D0013,B0054,2229,ONLINE_FIXED_START_CAUSAL_10S_V1,PASS,B0054.mat,02ececa6edf2ab1febdfa31daccaaff59b090e627b9403a59060157c9488712a,30,12,40.188,30.188,40.188,1,3;4,2,40.188,0.0,0.0,364971f22c70f1d0d6fff58b6d2b52ddc52695141ecf28287e30b94f0699faef,final_online_training_manifest.csv::soh_rated_pct
B0054_D0014,B0054,2230,ONLINE_FIXED_START_CAUSAL_10S_V1,PASS,B0054.mat,02ececa6edf2ab1febdfa31daccaaff59b090e627b9403a59060157c9488712a,32,13,40.391000000000005,30.391000000000005,40.391000000000005,1,3;4,2,40.391000000000005,0.0,0.0,45282cffd01ca568cd96c92c583c1cd758bd734f908f598dc645ce757bbb1d53,final_online_training_manifest.csv::soh_rated_pct
B0054_D0015,B0054,2231,ONLINE_FIXED_START_CAUSAL_10S_V1,PASS,B0054.mat,02ececa6edf2ab1febdfa31daccaaff59b090e627b9403a59060157c9488712a,34,14,40.515,30.515,40.515,1,3;4,2,40.515,0.0,0.0,d5244eb1ccf0279e9d7f26f2f12213da38a5183aa91fff472c95bacd5b48d63e,final_online_training_manifest.csv::soh_rated_pct
B0054_D0016,B0054,2232,ONLINE_FIXED_START_CAUSAL_10S_V1,PASS,B0054.mat,02ececa6edf2ab1febdfa31daccaaff59b090e627b9403a59060157c9488712a,36,15,40.515,30.515,40.515,1,3;4,2,40.515,0.0,0.0,f9f18f5b5b598db8708dbf0ff37a7c16c798ce879df0b570ce5be17c1e7b0569,final_online_training_manifest.csv::soh_rated_pct
B0054_D0017,B0054,2233,ONLINE_FIXED_START_CAUSAL_10S_V1,PASS,B0054.mat,02ececa6edf2ab1febdfa31daccaaff59b090e627b9403a59060157c9488712a,40,16,40.843,30.843000000000004,40.843,1,3;4,2,40.843,0.0,0.0,3d444d7ae39c397b9c162fb8183a1a5fd75cc1802c7deb53c8b16300b025ca03,final_online_training_manifest.csv::soh_rated_pct
B0054_D0018,B0054,2234,ONLINE_FIXED_START_CAUSAL_10S_V1,PASS,B0054.mat,02ececa6edf2ab1febdfa31daccaaff59b090e627b9403a59060157c9488712a,42,17,41.5,31.5,41.5,1,3;4,2,41.5,0.0,0.0,5e9d7a095a40df4b27a32d280b89e2786abc59b0007c99cb9350fbf8be455cce,final_online_training_manifest.csv::soh_rated_pct
B0054_D0019,B0054,2235,ONLINE_FIXED_START_CAUSAL_10S_V1,PASS,B0054.mat,02ececa6edf2ab1febdfa31daccaaff59b090e627b9403a59060157c9488712a,44,18,41.171,31.171,41.171,1,3;4,2,41.171,0.0,0.0,dbf74293fab7f092c3b52f363660227438a0c55f5dcecdd7498e51d8df60e57d,final_online_training_manifest.csv::soh_rated_pct
B0054_D0020,B0054,2236,ONLINE_FIXED_START_CAUSAL_10S_V1,PASS,B0054.mat,02ececa6edf2ab1febdfa31daccaaff59b090e627b9403a59060157c9488712a,46,19,41.172,31.172000000000004,41.172,1,3;4,2,41.172000000000004,0.0,0.0,e2226b5c3e2948e5b7e1c16e8666ee79e53d2ad1f8b042285b0ac1a4bee5fa52,final_online_training_manifest.csv::soh_rated_pct
B0054_D0021,B0054,2237,ONLINE_FIXED_START_CAUSAL_10S_V1,PASS,B0054.mat,02ececa6edf2ab1febdfa31daccaaff59b090e627b9403a59060157c9488712a,48,20,41.344,31.344,41.344,1,3;4,2,41.344,0.0,0.0,77d7477a42b520bd3945b7f351d76ed8f8e8cc2b590432ea56f89abe77e4dbcb,final_online_training_manifest.csv::soh_rated_pct
B0054_D0022,B0054,2238,ONLINE_FIXED_START_CAUSAL_10S_V1,PASS,B0054.mat,02ececa6edf2ab1febdfa31daccaaff59b090e627b9403a59060157c9488712a,52,21,41.625,31.625,41.625,1,3;4,2,41.625,0.0,0.0,9bdf280a2b71b17e3cc777557fcc730b00571c94531361a1cf6a9cebf37219de,final_online_training_manifest.csv::soh_rated_pct
B0054_D0023,B0054,2239,ONLINE_FIXED_START_CAUSAL_10S_V1,PASS,B0054.mat,02ececa6edf2ab1febdfa31daccaaff59b090e627b9403a59060157c9488712a,56,22,41.5,31.5,41.5,1,3;4,2,41.5,0.0,0.0,471649fbb5fa178f5301035d01d90edcb41bc9cdad60f6972be41c57269e0138,final_online_training_manifest.csv::soh_rated_pct
B0054_D0024,B0054,2240,ONLINE_FIXED_START_CAUSAL_10S_V1,PASS,B0054.mat,02ececa6edf2ab1febdfa31daccaaff59b090e627b9403a59060157c9488712a,58,23,41.812,31.812,41.812,1,3;4,2,41.812,0.0,0.0,69341477b22193b2e820894f26df2de3694377e95613020b93cb18ab30ffd259,final_online_training_manifest.csv::soh_rated_pct
B0054_D0025,B0054,2241,ONLINE_FIXED_START_CAUSAL_10S_V1,PASS,B0054.mat,02ececa6edf2ab1febdfa31daccaaff59b090e627b9403a59060157c9488712a,60,24,41.906,31.906,41.906,1,3;4,2,41.906,0.0,0.0,d71b04ae825001e679e5b77d0d83722c61114cd5bf5d5b8b86ce2ac868abebcc,final_online_training_manifest.csv::soh_rated_pct
B0054_D0026,B0054,2242,ONLINE_FIXED_START_CAUSAL_10S_V1,PASS,B0054.mat,02ececa6edf2ab1febdfa31daccaaff59b090e627b9403a59060157c9488712a,62,25,42.031,32.031,42.031,1,3;4,2,42.031,0.0,0.0,3233876a3b3cfc3f3ae0b915afb540639d6bc1c8cd1d17b46d6b355eeebff025,final_online_training_manifest.csv::soh_rated_pct
B0054_D0027,B0054,2243,ONLINE_FIXED_START_CAUSAL_10S_V1,PASS,B0054.mat,02ececa6edf2ab1febdfa31daccaaff59b090e627b9403a59060157c9488712a,64,26,42.188,32.188,42.188,1,3;4,2,42.188,0.0,0.0,1e5db152ff7d3685d61d807615aaab9e94eabffc6de4c8f32839b89f23ac55fb,final_online_training_manifest.csv::soh_rated_pct
B0054_D0028,B0054,2244,ONLINE_FIXED_START_CAUSAL_10S_V1,PASS,B0054.mat,02ececa6edf2ab1febdfa31daccaaff59b090e627b9403a59060157c9488712a,68,27,42.281,32.281,42.281,1,3;4,2,42.281,0.0,0.0,a0f59cf71fdf9410806eab5547c9089b78824af994746b386e7cfdcc4e9620bb,final_online_training_manifest.csv::soh_rated_pct
B0054_D0029,B0054,2245,ONLINE_FIXED_START_CAUSAL_10S_V1,PASS,B0054.mat,02ececa6edf2ab1febdfa31daccaaff59b090e627b9403a59060157c9488712a,70,28,42.453,32.453,42.453,1,3;4,2,42.453,0.0,0.0,a4a4a3a48ba7b8528a6b579dfb1439ca88e19e464e0852f80b7adc396ea63bf1,final_online_training_manifest.csv::soh_rated_pct
B0054_D0030,B0054,2246,ONLINE_FIXED_START_CAUSAL_10S_V1,PASS,B0054.mat,02ececa6edf2ab1febdfa31daccaaff59b090e627b9403a59060157c9488712a,72,29,42.578,32.578,42.578,1,3;4,2,42.577999999999996,0.0,0.0,1ab4e9cc4100d3b37fd397f0da261e72663d3ca8fc07048c42d1ba4d48a53b08,final_online_training_manifest.csv::soh_rated_pct
B0054_D0031,B0054,2247,ONLINE_FIXED_START_CAUSAL_10S_V1,PASS,B0054.mat,02ececa6edf2ab1febdfa31daccaaff59b090e627b9403a59060157c9488712a,74,30,42.782,32.782,42.782,1,3;4,2,42.782,0.0,0.0,4fe5f2a4a32a200fe4c92c0a8b5fda25d8b42c07184f46a996dcb2ca294973c1,final_online_training_manifest.csv::soh_rated_pct
B0054_D0032,B0054,2248,ONLINE_FIXED_START_CAUSAL_10S_V1,PASS,B0054.mat,02ececa6edf2ab1febdfa31daccaaff59b090e627b9403a59060157c9488712a,76,31,42.86,32.86,42.86,1,3;4,2,42.86,0.0,0.0,33c86f8508be10e5ea0fe25be4c727d998bfb46e15c2fca62bb7b8a04ffd9c8d,final_online_training_manifest.csv::soh_rated_pct
B0054_D0033,B0054,2249,ONLINE_FIXED_START_CAUSAL_10S_V1,PASS,B0054.mat,02ececa6edf2ab1febdfa31daccaaff59b090e627b9403a59060157c9488712a,80,32,43.094,33.094,43.094,1,3;4,2,43.094,0.0,0.0,a5947f8848ec51c74d93bce0ad661d325df146d1b974d7735428d2f1de4634e1,final_online_training_manifest.csv::soh_rated_pct
B0054_D0034,B0054,2250,ONLINE_FIXED_START_CAUSAL_10S_V1,PASS,B0054.mat,02ececa6edf2ab1febdfa31daccaaff59b090e627b9403a59060157c9488712a,82,33,42.953,32.953,42.953,1,3;4,2,42.953,0.0,0.0,f8ccf008fd4a4cde524847e9ab7ed9ea875df2751f3e0670fe3a05c448bdda45,final_online_training_manifest.csv::soh_rated_pct
B0054_D0035,B0054,2251,ONLINE_FIXED_START_CAUSAL_10S_V1,PASS,B0054.mat,02ececa6edf2ab1febdfa31daccaaff59b090e627b9403a59060157c9488712a,84,34,43.188,33.188,43.188,1,3;4,2,43.188,0.0,0.0,a950a2120654e3cfc023da5ba8af96bc1326090d3c48cff9b2fda47e97c3b7cc,final_online_training_manifest.csv::soh_rated_pct
B0054_D0036,B0054,2252,ONLINE_FIXED_START_CAUSAL_10S_V1,PASS,B0054.mat,02ececa6edf2ab1febdfa31daccaaff59b090e627b9403a59060157c9488712a,86,35,43.156,33.156,43.156,1,3;4,2,43.156,0.0,0.0,bc8e60bcbcf5791a8035a73f4290be11c4373e19e73765763d8962501135d58c,final_online_training_manifest.csv::soh_rated_pct
B0054_D0037,B0054,2253,ONLINE_FIXED_START_CAUSAL_10S_V1,PASS,B0054.mat,02ececa6edf2ab1febdfa31daccaaff59b090e627b9403a59060157c9488712a,88,36,43.5,33.5,43.5,1,3;4,2,43.5,0.0,0.0,eccdcb32a1504c12d28969f996705fd0398bd07caaee343db946e6acd5143385,final_online_training_manifest.csv::soh_rated_pct
B0054_D0038,B0054,2254,ONLINE_FIXED_START_CAUSAL_10S_V1,PASS,B0054.mat,02ececa6edf2ab1febdfa31daccaaff59b090e627b9403a59060157c9488712a,92,37,43.5,33.5,43.5,1,3;4,2,43.5,0.0,0.0,716b0747dd0090fd5b41010490cfc433edc0054a782f39cf22e3e820394a32d7,final_online_training_manifest.csv::soh_rated_pct
B0054_D0039,B0054,2255,ONLINE_FIXED_START_CAUSAL_10S_V1,PASS,B0054.mat,02ececa6edf2ab1febdfa31daccaaff59b090e627b9403a59060157c9488712a,94,38,43.64,33.64,43.64,1,3;4,2,43.64,0.0,0.0,a93cc30c3187059832a55623f111817b58fd3c2db879d2fe1857ffb22eb3e3e7,final_online_training_manifest.csv::soh_rated_pct
B0054_D0040,B0054,2256,ONLINE_FIXED_START_CAUSAL_10S_V1,PASS,B0054.mat,02ececa6edf2ab1febdfa31daccaaff59b090e627b9403a59060157c9488712a,96,39,43.672,33.672000000000004,43.672,1,3;4,2,43.672000000000004,0.0,0.0,6bed40f03b9a4295ab70f7622f8b2c18eaac3c229d6ea9a596c8c61e3e6ddaac,final_online_training_manifest.csv::soh_rated_pct
B0054_D0041,B0054,2257,ONLINE_FIXED_START_CAUSAL_10S_V1,PASS,B0054.mat,02ececa6edf2ab1febdfa31daccaaff59b090e627b9403a59060157c9488712a,98,40,43.906,33.906,43.906,1,3;4,2,43.906,0.0,0.0,97b19b381528536bf31105a3ec4b1d7b728c5c0131d7a226a4b2521f45bcfe70,final_online_training_manifest.csv::soh_rated_pct
B0054_D0042,B0054,2258,ONLINE_FIXED_START_CAUSAL_10S_V1,PASS,B0054.mat,02ececa6edf2ab1febdfa31daccaaff59b090e627b9403a59060157c9488712a,100,41,44.219,34.218999999999994,44.219,1,3;4,2,44.218999999999994,0.0,0.0,da6142094d6319d7a3dc80a62e5ca250a0e9e9a289df1fb6fac745b0727e2c26,final_online_training_manifest.csv::soh_rated_pct
B0054_D0043,B0054,2259,ONLINE_FIXED_START_CAUSAL_10S_V1,PASS,B0054.mat,02ececa6edf2ab1febdfa31daccaaff59b090e627b9403a59060157c9488712a,104,42,44.343,34.343,44.343,1,3;4,2,44.343,0.0,0.0,e9cfd02ccb8ab3532d773076fe2330542cc4f51462b169dc8b3e4d89696ce971,final_online_training_manifest.csv::soh_rated_pct
B0054_D0044,B0054,2260,ONLINE_FIXED_START_CAUSAL_10S_V1,PASS,B0054.mat,02ececa6edf2ab1febdfa31daccaaff59b090e627b9403a59060157c9488712a,108,43,44.437,34.437,44.437,1,3;4,2,44.437,0.0,0.0,a58ef1d49722976d1e733a9f106494f313786ce5488b7747687d98c23eacf6fe,final_online_training_manifest.csv::soh_rated_pct
B0054_D0045,B0054,2261,ONLINE_FIXED_START_CAUSAL_10S_V1,PASS,B0054.mat,02ececa6edf2ab1febdfa31daccaaff59b090e627b9403a59060157c9488712a,110,44,44.281,34.281,44.281,1,3;4,2,44.281,0.0,0.0,4bb9c7edc7934eec1ad9d4dd06280c40efd157f30a989783b91b2bc9dce7fe16,final_online_training_manifest.csv::soh_rated_pct
B0054_D0046,B0054,2262,ONLINE_FIXED_START_CAUSAL_10S_V1,PASS,B0054.mat,02ececa6edf2ab1febdfa31daccaaff59b090e627b9403a59060157c9488712a,112,45,44.422,34.422,44.422,1,3;4,2,44.422,0.0,0.0,9e1c09e4e61ac3d7598a842d7d3a8070b3da6f83c347b584c4746af74c58e850,final_online_training_manifest.csv::soh_rated_pct
B0054_D0047,B0054,2263,ONLINE_FIXED_START_CAUSAL_10S_V1,PASS,B0054.mat,02ececa6edf2ab1febdfa31daccaaff59b090e627b9403a59060157c9488712a,114,46,44.563,34.563,44.563,1,3;4,2,44.563,0.0,0.0,f0bcd60f1ed999ebebe7d8a4048228a7793528711347b96d99865747904e41ed,final_online_training_manifest.csv::soh_rated_pct
B0054_D0048,B0054,2264,ONLINE_FIXED_START_CAUSAL_10S_V1,PASS,B0054.mat,02ececa6edf2ab1febdfa31daccaaff59b090e627b9403a59060157c9488712a,116,47,43.203,33.203,43.203,1,3;4,2,43.203,0.0,0.0,b3c379103c25d16253023da3028590f78b3c74f24ab05ef59610e9d3fa5fade0,final_online_training_manifest.csv::soh_rated_pct
B0054_D0049,B0054,2265,ONLINE_FIXED_START_CAUSAL_10S_V1,PASS,B0054.mat,02ececa6edf2ab1febdfa31daccaaff59b090e627b9403a59060157c9488712a,120,48,43.219,33.219,43.219,1,3;4,2,43.219,0.0,0.0,32965db4d88a3af01f2166a39857cd32dc57af29b0d8889b334571604647f5ed,final_online_training_manifest.csv::soh_rated_pct
B0054_D0050,B0054,2266,ONLINE_FIXED_START_CAUSAL_10S_V1,PASS,B0054.mat,02ececa6edf2ab1febdfa31daccaaff59b090e627b9403a59060157c9488712a,122,49,43.14,33.14,43.14,1,3;4,2,43.14,0.0,0.0,b7bd8194eeffb515d3c29c13a78418d25066cc8057662a622f51a40a5576b492,final_online_training_manifest.csv::soh_rated_pct
B0054_D0051,B0054,2267,ONLINE_FIXED_START_CAUSAL_10S_V1,PASS,B0054.mat,02ececa6edf2ab1febdfa31daccaaff59b090e627b9403a59060157c9488712a,124,50,43.406,33.406,43.406,1,3;4,2,43.406,0.0,0.0,c4d4363d1c34ed44ac2b0995bba8b9f29142a0af5276b56f269c2539f2854f88,final_online_training_manifest.csv::soh_rated_pct
B0054_D0052,B0054,2268,ONLINE_FIXED_START_CAUSAL_10S_V1,PASS,B0054.mat,02ececa6edf2ab1febdfa31daccaaff59b090e627b9403a59060157c9488712a,126,51,43.453,33.453,43.453,1,3;4,2,43.453,0.0,0.0,76af4f5129f20c1317a5f511e5da94d34d0fbce88954b596515f033a0f698b81,final_online_training_manifest.csv::soh_rated_pct
B0054_D0053,B0054,2269,ONLINE_FIXED_START_CAUSAL_10S_V1,PASS,B0054.mat,02ececa6edf2ab1febdfa31daccaaff59b090e627b9403a59060157c9488712a,128,52,43.75,33.75,43.75,1,3;4,2,43.75,0.0,0.0,76b6629e49c01b2824db3f1c584190dc37abc7b950a4a9167a1d19570d87e23a,final_online_training_manifest.csv::soh_rated_pct
B0054_D0054,B0054,2270,ONLINE_FIXED_START_CAUSAL_10S_V1,PASS,B0054.mat,02ececa6edf2ab1febdfa31daccaaff59b090e627b9403a59060157c9488712a,132,53,43.657,33.657,43.657,1,3;4,2,43.657,0.0,0.0,f7821c71a13daaa1d27f0dc03b392db39e0fbeca51a0953d0343f755ef7bd917,final_online_training_manifest.csv::soh_rated_pct
B0054_D0055,B0054,2271,ONLINE_FIXED_START_CAUSAL_10S_V1,PASS,B0054.mat,02ececa6edf2ab1febdfa31daccaaff59b090e627b9403a59060157c9488712a,134,54,43.812,33.812,43.812,1,3;4,2,43.812,0.0,0.0,5e55c3ae59c9501895fc0f48d7871d11f6c5299745e1aadc9d81d9a10fee1127,final_online_training_manifest.csv::soh_rated_pct
B0054_D0056,B0054,2272,ONLINE_FIXED_START_CAUSAL_10S_V1,PASS,B0054.mat,02ececa6edf2ab1febdfa31daccaaff59b090e627b9403a59060157c9488712a,136,55,44.0,34.0,44.0,1,3;4,2,44.0,0.0,0.0,56ed2476d409c5ee199d6494f8ac37192f286f7953011162029c3e3c0d7fb09e,final_online_training_manifest.csv::soh_rated_pct
B0054_D0057,B0054,2273,ONLINE_FIXED_START_CAUSAL_10S_V1,PASS,B0054.mat,02ececa6edf2ab1febdfa31daccaaff59b090e627b9403a59060157c9488712a,138,56,44.125,34.125,44.125,1,3;4,2,44.125,0.0,0.0,1f4112e04d62787f315ca488e7bcb7949aaf0ba40482dcc70f2d5cc13ca2bdf4,final_online_training_manifest.csv::soh_rated_pct
B0054_D0058,B0054,2274,ONLINE_FIXED_START_CAUSAL_10S_V1,PASS,B0054.mat,02ececa6edf2ab1febdfa31daccaaff59b090e627b9403a59060157c9488712a,140,57,44.328,34.328,44.328,1,3;4,2,44.328,0.0,0.0,df9ac95538e0b13f01c1c65d558151d3737e8fd601f2201a95c0e5e40f72f71a,final_online_training_manifest.csv::soh_rated_pct
B0054_D0059,B0054,2275,ONLINE_FIXED_START_CAUSAL_10S_V1,PASS,B0054.mat,02ececa6edf2ab1febdfa31daccaaff59b090e627b9403a59060157c9488712a,144,58,44.328,34.328,44.328,1,3;4,2,44.328,0.0,0.0,46d53f8c742ca4ee4548ba427df8dd51328a1461714bc5060678b53b8f738d29,final_online_training_manifest.csv::soh_rated_pct
B0054_D0060,B0054,2276,ONLINE_FIXED_START_CAUSAL_10S_V1,PASS,B0054.mat,02ececa6edf2ab1febdfa31daccaaff59b090e627b9403a59060157c9488712a,146,59,44.422,34.422,44.422,1,3;4,2,44.422,0.0,0.0,3a56307c793a296edef112e5392e1ffcf79759f34fbc8533f3177ba3f0a069bc,final_online_training_manifest.csv::soh_rated_pct
B0054_D0061,B0054,2277,ONLINE_FIXED_START_CAUSAL_10S_V1,PASS,B0054.mat,02ececa6edf2ab1febdfa31daccaaff59b090e627b9403a59060157c9488712a,148,60,44.609,34.609,44.609,1,3;4,2,44.609,0.0,0.0,eae641323578d497a5d266f4958cd42d9afc8ed0fca3c58e7c648804d711f79b,final_online_training_manifest.csv::soh_rated_pct
B0054_D0062,B0054,2278,ONLINE_FIXED_START_CAUSAL_10S_V1,PASS,B0054.mat,02ececa6edf2ab1febdfa31daccaaff59b090e627b9403a59060157c9488712a,150,61,44.641000000000005,34.641000000000005,44.641000000000005,1,3;4,2,44.641000000000005,0.0,0.0,c706a2488a8f5d2ebb686d7717dfc757ea1218e6bd753819d5234f94f746d894,final_online_training_manifest.csv::soh_rated_pct
B0054_D0063,B0054,2279,ONLINE_FIXED_START_CAUSAL_10S_V1,PASS,B0054.mat,02ececa6edf2ab1febdfa31daccaaff59b090e627b9403a59060157c9488712a,152,62,44.859,34.858999999999995,44.859,1,3;4,2,44.858999999999995,0.0,0.0,81d679488fdde7a825e5382fea62ca6bbc517ed8957369fc636ccde23a4fdb68,final_online_training_manifest.csv::soh_rated_pct
B0054_D0064,B0054,2280,ONLINE_FIXED_START_CAUSAL_10S_V1,PASS,B0054.mat,02ececa6edf2ab1febdfa31daccaaff59b090e627b9403a59060157c9488712a,156,63,45.078,35.078,45.078,1,3;4,2,45.078,0.0,0.0,c76ddf7cc125d352987c370715cc79db5950a648d25b610ee07db0982f013ec0,final_online_training_manifest.csv::soh_rated_pct
B0054_D0065,B0054,2281,ONLINE_FIXED_START_CAUSAL_10S_V1,PASS,B0054.mat,02ececa6edf2ab1febdfa31daccaaff59b090e627b9403a59060157c9488712a,158,64,45.0,35.0,45.0,1,3;4,2,45.0,0.0,0.0,6ddb274c35f4a7dc616d63a1a471bbae02665c69b860f96f705fdfa01a4b8280,final_online_training_manifest.csv::soh_rated_pct
B0054_D0066,B0054,2282,ONLINE_FIXED_START_CAUSAL_10S_V1,PASS,B0054.mat,02ececa6edf2ab1febdfa31daccaaff59b090e627b9403a59060157c9488712a,160,65,45.109,35.109,45.109,1,3;4,2,45.109,0.0,0.0,1bd80b662afe8093276a13257dbf695992e7d79445d9f72119bcf336093901dd,final_online_training_manifest.csv::soh_rated_pct
B0054_D0067,B0054,2283,ONLINE_FIXED_START_CAUSAL_10S_V1,PASS,B0054.mat,02ececa6edf2ab1febdfa31daccaaff59b090e627b9403a59060157c9488712a,162,66,45.25,35.25,45.25,1,3;4,2,45.25,0.0,0.0,9938cd7eb78976b497b5de5baa08da9b6f3a9df678c83765a0f3b53a4dd4b404,final_online_training_manifest.csv::soh_rated_pct
B0054_D0068,B0054,2284,ONLINE_FIXED_START_CAUSAL_10S_V1,PASS,B0054.mat,02ececa6edf2ab1febdfa31daccaaff59b090e627b9403a59060157c9488712a,164,67,45.375,35.375,45.375,1,3;4,2,45.375,0.0,0.0,a992754d37a5f193c6033ef607f032e709f8ac18bf147958edd4dc664e5862df,final_online_training_manifest.csv::soh_rated_pct
B0054_D0069,B0054,2285,ONLINE_FIXED_START_CAUSAL_10S_V1,PASS,B0054.mat,02ececa6edf2ab1febdfa31daccaaff59b090e627b9403a59060157c9488712a,168,68,45.391,35.391,45.391,1,3;4,2,45.391,0.0,0.0,74e2a96c558e569dbdf865983fe8c44cfdda17e26506e6fb7997cdca87e2d771,final_online_training_manifest.csv::soh_rated_pct
B0054_D0070,B0054,2286,ONLINE_FIXED_START_CAUSAL_10S_V1,PASS,B0054.mat,02ececa6edf2ab1febdfa31daccaaff59b090e627b9403a59060157c9488712a,172,69,45.469,35.469,45.469,1,3;4,2,45.469,0.0,0.0,13a97bed644310b1cb9e9c8e749aa6af8f89d657f290b78caed742e09b529a35,final_online_training_manifest.csv::soh_rated_pct
B0054_D0071,B0054,2287,ONLINE_FIXED_START_CAUSAL_10S_V1,PASS,B0054.mat,02ececa6edf2ab1febdfa31daccaaff59b090e627b9403a59060157c9488712a,174,70,46.5,36.5,46.5,1,3;4,2,46.5,0.0,0.0,e644429b9c7534412451dea1b5eabc42da3fff3433c1e842aa37aeabb131f52d,final_online_training_manifest.csv::soh_rated_pct
B0054_D0072,B0054,2288,ONLINE_FIXED_START_CAUSAL_10S_V1,PASS,B0054.mat,02ececa6edf2ab1febdfa31daccaaff59b090e627b9403a59060157c9488712a,176,71,45.813,35.813,45.813,1,3;4,2,45.813,0.0,0.0,0ce51be3286269e9913406ee444ef9caafc8b05749e38c83e5c307aa270278b2,final_online_training_manifest.csv::soh_rated_pct
B0054_D0073,B0054,2289,ONLINE_FIXED_START_CAUSAL_10S_V1,PASS,B0054.mat,02ececa6edf2ab1febdfa31daccaaff59b090e627b9403a59060157c9488712a,178,72,45.906,35.906,45.906,1,3;4,2,45.906,0.0,0.0,64bb5f650780bc818aa0e56fa8516022d11476de798d76133cfb1c2f687b2eb3,final_online_training_manifest.csv::soh_rated_pct
B0054_D0074,B0054,2290,ONLINE_FIXED_START_CAUSAL_10S_V1,PASS,B0054.mat,02ececa6edf2ab1febdfa31daccaaff59b090e627b9403a59060157c9488712a,180,73,46.062,36.062,46.062,1,3;4,2,46.062,0.0,0.0,f01cc95857fb2abdf60cef28a9a3f90f8d42254eebc2cc8b1abec35c4430f148,final_online_training_manifest.csv::soh_rated_pct
B0054_D0075,B0054,2291,ONLINE_FIXED_START_CAUSAL_10S_V1,PASS,B0054.mat,02ececa6edf2ab1febdfa31daccaaff59b090e627b9403a59060157c9488712a,184,74,46.172,36.172,46.172,1,3;4,2,46.172,0.0,0.0,91c026dc77483782508febcc560dd0951e630ffba447739080784404a5bd9520,final_online_training_manifest.csv::soh_rated_pct
B0054_D0076,B0054,2292,ONLINE_FIXED_START_CAUSAL_10S_V1,PASS,B0054.mat,02ececa6edf2ab1febdfa31daccaaff59b090e627b9403a59060157c9488712a,186,75,46.109,36.109,46.109,1,3;4,2,46.109,0.0,0.0,5466c9832250023fa919c072c44256d3b4a9b3a2b2a78d00e6ab9da5538d2562,final_online_training_manifest.csv::soh_rated_pct
B0054_D0077,B0054,2293,ONLINE_FIXED_START_CAUSAL_10S_V1,PASS,B0054.mat,02ececa6edf2ab1febdfa31daccaaff59b090e627b9403a59060157c9488712a,188,76,46.203,36.203,46.203,1,3;4,2,46.202999999999996,0.0,0.0,0c2b45ce9643f311d5e8eb5ef229298720cc1be060ba38cce6c31a5ea4a2c150,final_online_training_manifest.csv::soh_rated_pct
B0054_D0078,B0054,2294,ONLINE_FIXED_START_CAUSAL_10S_V1,PASS,B0054.mat,02ececa6edf2ab1febdfa31daccaaff59b090e627b9403a59060157c9488712a,190,77,46.453,36.453,46.453,1,3;4,2,46.453,0.0,0.0,75c307ac77ca7f984710a051370119b35f42892a0948ca9093c1e769f02f3764,final_online_training_manifest.csv::soh_rated_pct
B0054_D0079,B0054,2295,ONLINE_FIXED_START_CAUSAL_10S_V1,PASS,B0054.mat,02ececa6edf2ab1febdfa31daccaaff59b090e627b9403a59060157c9488712a,192,78,46.422,36.422,46.422,1,3;4,2,46.422,0.0,0.0,3b518b56115cf33e93c7391030ccb755f66b5149d3a1d5b0fb23516dcb07113d,final_online_training_manifest.csv::soh_rated_pct
B0054_D0080,B0054,2296,ONLINE_FIXED_START_CAUSAL_10S_V1,PASS,B0054.mat,02ececa6edf2ab1febdfa31daccaaff59b090e627b9403a59060157c9488712a,196,79,46.563,36.563,46.563,1,3;4,2,46.563,0.0,0.0,10e21186e14c8a7cc243a49881d17496dd0e5c46634d8da676104ee5f84493c2,final_online_training_manifest.csv::soh_rated_pct
B0054_D0081,B0054,2297,ONLINE_FIXED_START_CAUSAL_10S_V1,PASS,B0054.mat,02ececa6edf2ab1febdfa31daccaaff59b090e627b9403a59060157c9488712a,198,80,46.578,36.578,46.578,1,3;4,2,46.577999999999996,0.0,0.0,efac03bb75dadeb2c38c37cd923445bcd5f0cda39ff225737d7bebe7f3c1d73a,final_online_training_manifest.csv::soh_rated_pct
B0054_D0082,B0054,2298,ONLINE_FIXED_START_CAUSAL_10S_V1,PASS,B0054.mat,02ececa6edf2ab1febdfa31daccaaff59b090e627b9403a59060157c9488712a,200,81,46.906,36.906,46.906,1,3;4,2,46.906,0.0,0.0,3b0302792113f189c09264d247ab13cd26f5dcb724e4d193165a285abcddb89e,final_online_training_manifest.csv::soh_rated_pct
B0054_D0083,B0054,2299,ONLINE_FIXED_START_CAUSAL_10S_V1,PASS,B0054.mat,02ececa6edf2ab1febdfa31daccaaff59b090e627b9403a59060157c9488712a,202,82,46.875,36.875,46.875,1,3;4,2,46.875,0.0,0.0,f88e7f6ba6c0b0f1be0de9f802c0aecf5523884e3e09842717c9df9d95ce9138,final_online_training_manifest.csv::soh_rated_pct
B0054_D0084,B0054,2300,ONLINE_FIXED_START_CAUSAL_10S_V1,PASS,B0054.mat,02ececa6edf2ab1febdfa31daccaaff59b090e627b9403a59060157c9488712a,204,83,47.031,37.031,47.031,1,3;4,2,47.031,0.0,0.0,fd3b9fe835e424e4ff704229ab809a54ba5b3be8c95931b30bef98f177c1f31f,final_online_training_manifest.csv::soh_rated_pct
B0054_D0085,B0054,2301,ONLINE_FIXED_START_CAUSAL_10S_V1,PASS,B0054.mat,02ececa6edf2ab1febdfa31daccaaff59b090e627b9403a59060157c9488712a,208,84,47.109,37.109,47.109,1,3;4,2,47.108999999999995,0.0,0.0,8d1858182cb1645e957d9d14a208e572877d7d91b239ca1f22630aebd1c452cb,final_online_training_manifest.csv::soh_rated_pct
B0054_D0086,B0054,2302,ONLINE_FIXED_START_CAUSAL_10S_V1,PASS,B0054.mat,02ececa6edf2ab1febdfa31daccaaff59b090e627b9403a59060157c9488712a,210,85,47.14,37.14,47.14,1,3;4,2,47.14,0.0,0.0,c57d2801b002a3828a799fcb123838392b74e27e1314824c4af65fef4e92502f,final_online_training_manifest.csv::soh_rated_pct
B0054_D0087,B0054,2303,ONLINE_FIXED_START_CAUSAL_10S_V1,PASS,B0054.mat,02ececa6edf2ab1febdfa31daccaaff59b090e627b9403a59060157c9488712a,212,86,47.14,37.14,47.14,1,3;4,2,47.14,0.0,0.0,499652d3bea653f272813bb69e853a16d59967062e41e12ec1dab73590b7dc08,final_online_training_manifest.csv::soh_rated_pct
B0054_D0088,B0054,2304,ONLINE_FIXED_START_CAUSAL_10S_V1,PASS,B0054.mat,02ececa6edf2ab1febdfa31daccaaff59b090e627b9403a59060157c9488712a,214,87,47.547,37.547,47.547,1,3;4,2,47.547,0.0,0.0,92fc7e8f6c4e767eb1c178aadef08bfdbfb423505243454c739f157f501f5551,final_online_training_manifest.csv::soh_rated_pct
B0054_D0089,B0054,2305,ONLINE_FIXED_START_CAUSAL_10S_V1,PASS,B0054.mat,02ececa6edf2ab1febdfa31daccaaff59b090e627b9403a59060157c9488712a,216,88,48.282,38.282,48.282,1,3;4,2,48.282,0.0,0.0,64a88178dccf76493e71ea7790d124a6ff9619994617d02553e64946c82aaacf,final_online_training_manifest.csv::soh_rated_pct
B0054_D0090,B0054,2306,ONLINE_FIXED_START_CAUSAL_10S_V1,PASS,B0054.mat,02ececa6edf2ab1febdfa31daccaaff59b090e627b9403a59060157c9488712a,220,89,47.407,37.407,47.407,1,3;4,2,47.407,0.0,0.0,e84e863da917985c3477e0f8eb9ebbfdbea2ecfe057f815546167fdb4daed35c,final_online_training_manifest.csv::soh_rated_pct
B0054_D0091,B0054,2307,ONLINE_FIXED_START_CAUSAL_10S_V1,PASS,B0054.mat,02ececa6edf2ab1febdfa31daccaaff59b090e627b9403a59060157c9488712a,224,90,47.75,37.75,47.75,1,3;4,2,47.75,0.0,0.0,cbae207eec01031f04fcb00000ee9ee08b5a1ee51c9369a296b4ba6a3e4ef08d,final_online_training_manifest.csv::soh_rated_pct
B0054_D0092,B0054,2308,ONLINE_FIXED_START_CAUSAL_10S_V1,PASS,B0054.mat,02ececa6edf2ab1febdfa31daccaaff59b090e627b9403a59060157c9488712a,226,91,47.703,37.703,47.703,1,3;4,2,47.703,0.0,0.0,2177d76291a849fc5d5588f3e1ca943acd0dd2c7c797ce37dd9e8047ab60f114,final_online_training_manifest.csv::soh_rated_pct
B0054_D0093,B0054,2309,ONLINE_FIXED_START_CAUSAL_10S_V1,PASS,B0054.mat,02ececa6edf2ab1febdfa31daccaaff59b090e627b9403a59060157c9488712a,228,92,47.844,37.844,47.844,1,3;4,2,47.844,0.0,0.0,d7039f75ec9897a6679cbbf2c93ef831c091192f161a9dcaef3e4ca44c7d9722,final_online_training_manifest.csv::soh_rated_pct
B0054_D0094,B0054,2310,ONLINE_FIXED_START_CAUSAL_10S_V1,PASS,B0054.mat,02ececa6edf2ab1febdfa31daccaaff59b090e627b9403a59060157c9488712a,230,93,47.953,37.953,47.953,1,3;4,2,47.952999999999996,0.0,0.0,99bf813dce9a5379285257b9b801bb076d95f04449e89d84735d17d6262ce548,final_online_training_manifest.csv::soh_rated_pct
B0054_D0095,B0054,2311,ONLINE_FIXED_START_CAUSAL_10S_V1,PASS,B0054.mat,02ececa6edf2ab1febdfa31daccaaff59b090e627b9403a59060157c9488712a,232,94,48.125,38.125,48.125,1,3;4,2,48.125,0.0,0.0,d39f3045380912dedd5d5e294dfb7b5957f0edc4dc666af309aa63a4d54ad629,final_online_training_manifest.csv::soh_rated_pct
B0054_D0096,B0054,2312,ONLINE_FIXED_START_CAUSAL_10S_V1,PASS,B0054.mat,02ececa6edf2ab1febdfa31daccaaff59b090e627b9403a59060157c9488712a,236,95,48.14,38.14,48.14,1,3;4,2,48.14,0.0,0.0,a1fbc1cf7377b7ac4bb32a580e3c981a387c0d24fc86b37226edf9acc8f68335,final_online_training_manifest.csv::soh_rated_pct
B0054_D0097,B0054,2313,ONLINE_FIXED_START_CAUSAL_10S_V1,PASS,B0054.mat,02ececa6edf2ab1febdfa31daccaaff59b090e627b9403a59060157c9488712a,238,96,48.125,38.125,48.125,1,3;4,2,48.125,0.0,0.0,e92301426309eec00d4f61a5ff7884cecc69a19692b5fa788e24198be964f8f1,final_online_training_manifest.csv::soh_rated_pct
B0054_D0098,B0054,2314,ONLINE_FIXED_START_CAUSAL_10S_V1,PASS,B0054.mat,02ececa6edf2ab1febdfa31daccaaff59b090e627b9403a59060157c9488712a,240,97,48.359,38.359,48.359,1,3;4,2,48.359,0.0,0.0,b3ce4a4a22f331acf48669cc61d0123a56458831484f6b4d66d67f952ea262bd,final_online_training_manifest.csv::soh_rated_pct
B0054_D0099,B0054,2315,ONLINE_FIXED_START_CAUSAL_10S_V1,PASS,B0054.mat,02ececa6edf2ab1febdfa31daccaaff59b090e627b9403a59060157c9488712a,242,98,48.484,38.484,48.484,1,3;4,2,48.484,0.0,0.0,1d275a69a48614004a29524d95563594586a297763db49843330ba97d55d873c,final_online_training_manifest.csv::soh_rated_pct
B0054_D0100,B0054,2316,ONLINE_FIXED_START_CAUSAL_10S_V1,PASS,B0054.mat,02ececa6edf2ab1febdfa31daccaaff59b090e627b9403a59060157c9488712a,244,99,48.547,38.547,48.547,1,3;4,2,48.547,0.0,0.0,9b6a69f15c4a29f1944848a265d86e4b043b47e2da4825ee36c5b2d2277f9a4a,final_online_training_manifest.csv::soh_rated_pct
B0054_D0101,B0054,2317,ONLINE_FIXED_START_CAUSAL_10S_V1,PASS,B0054.mat,02ececa6edf2ab1febdfa31daccaaff59b090e627b9403a59060157c9488712a,248,100,48.718,38.718,48.718,1,3;4,2,48.717999999999996,0.0,0.0,07eca3a0ab75d6e4f1ad76393606dbbd71eee4ab92ba839d3facef4b7a43a171,final_online_training_manifest.csv::soh_rated_pct
B0054_D0102,B0054,2318,ONLINE_FIXED_START_CAUSAL_10S_V1,PASS,B0054.mat,02ececa6edf2ab1febdfa31daccaaff59b090e627b9403a59060157c9488712a,250,101,48.984,38.984,48.984,1,3;4,2,48.984,0.0,0.0,94aca4f7792a95293a2df3110ec09c6eb21a2b85e07a4b0b6b53a405dbafc345,final_online_training_manifest.csv::soh_rated_pct
B0055_D0002,B0055,2319,ONLINE_FIXED_START_CAUSAL_10S_V1,PASS,B0055.mat,8405c13378ced0894019a74f343057b0151f58c417fed45a5e068c4e372ea039,4,1,38.391,28.391,38.391,2,2;3;4,3,38.391,0.0,0.0,caf509c5e29fa62bf2891ea5fa0557a97fa18cfc331d9d7790c417519f47da1d,final_online_training_manifest.csv::soh_rated_pct
B0055_D0003,B0055,2320,ONLINE_FIXED_START_CAUSAL_10S_V1,PASS,B0055.mat,8405c13378ced0894019a74f343057b0151f58c417fed45a5e068c4e372ea039,6,2,38.719,28.719,38.719,2,2;3;4,3,38.719,0.0,0.0,79b6c8c29a03920f81d59e44ab4205ec42d0bfaf99483a1414d5d78f25381b3a,final_online_training_manifest.csv::soh_rated_pct
B0055_D0004,B0055,2321,ONLINE_FIXED_START_CAUSAL_10S_V1,PASS,B0055.mat,8405c13378ced0894019a74f343057b0151f58c417fed45a5e068c4e372ea039,8,3,38.844,28.844,38.844,2,2;3;4,3,38.844,0.0,0.0,694a327832c8502b0e9eb9e703ff8368b03443fad1e8e64c5005e238f8fafe92,final_online_training_manifest.csv::soh_rated_pct
B0055_D0005,B0055,2322,ONLINE_FIXED_START_CAUSAL_10S_V1,PASS,B0055.mat,8405c13378ced0894019a74f343057b0151f58c417fed45a5e068c4e372ea039,10,4,38.938,28.938,38.938,2,2;3;4,3,38.938,0.0,0.0,6cb8af858edc705d79ec7bf38d8a299bcb39025d6f61787878e2dbef3dace113,final_online_training_manifest.csv::soh_rated_pct
B0055_D0006,B0055,2323,ONLINE_FIXED_START_CAUSAL_10S_V1,PASS,B0055.mat,8405c13378ced0894019a74f343057b0151f58c417fed45a5e068c4e372ea039,12,5,39.031,29.031,39.031,2,2;3;4,3,39.031,0.0,0.0,48375e61b16cbbd52863ba19b9d1498932ccb6808f54af7c8a4856988cf9c9db,final_online_training_manifest.csv::soh_rated_pct
B0055_D0007,B0055,2324,ONLINE_FIXED_START_CAUSAL_10S_V1,PASS,B0055.mat,8405c13378ced0894019a74f343057b0151f58c417fed45a5e068c4e372ea039,16,6,39.297,29.297000000000004,39.297,2,2;3;4,3,39.297000000000004,0.0,0.0,bda67e030b515d834b1f75da5a28f505cac8066f11cb7af136202a960531eaf6,final_online_training_manifest.csv::soh_rated_pct
B0055_D0008,B0055,2325,ONLINE_FIXED_START_CAUSAL_10S_V1,PASS,B0055.mat,8405c13378ced0894019a74f343057b0151f58c417fed45a5e068c4e372ea039,18,7,39.328,29.328,39.328,2,2;3;4,3,39.327999999999996,0.0,0.0,20809a4572addbfaa007b559a5111c7e38fd3b2ee19461035a79abaafa7b7c60,final_online_training_manifest.csv::soh_rated_pct
B0055_D0009,B0055,2326,ONLINE_FIXED_START_CAUSAL_10S_V1,PASS,B0055.mat,8405c13378ced0894019a74f343057b0151f58c417fed45a5e068c4e372ea039,20,8,39.531,29.531,39.531,2,2;3;4,3,39.531,0.0,0.0,ab0f4854ddeda545c87674e5c7b917181dc91b0f8708cdfee95922316969922a,final_online_training_manifest.csv::soh_rated_pct
B0055_D0010,B0055,2327,ONLINE_FIXED_START_CAUSAL_10S_V1,PASS,B0055.mat,8405c13378ced0894019a74f343057b0151f58c417fed45a5e068c4e372ea039,22,9,39.656000000000006,29.65600000000001,39.656000000000006,2,2;3;4,3,39.656000000000006,0.0,0.0,28cf76c0835406f08811846eeeec7fe6a56d996421edb918166aa9ea1de92947,final_online_training_manifest.csv::soh_rated_pct
B0055_D0011,B0055,2328,ONLINE_FIXED_START_CAUSAL_10S_V1,PASS,B0055.mat,8405c13378ced0894019a74f343057b0151f58c417fed45a5e068c4e372ea039,24,10,39.89,29.89,39.89,2,2;3;4,3,39.89,0.0,0.0,6f521fc8db62319a8ce316fd36d9bb03ca6edc091e2331eb5bcb912ccd92afda,final_online_training_manifest.csv::soh_rated_pct
B0055_D0012,B0055,2329,ONLINE_FIXED_START_CAUSAL_10S_V1,PASS,B0055.mat,8405c13378ced0894019a74f343057b0151f58c417fed45a5e068c4e372ea039,28,11,40.063,30.063,40.063,2,2;3;4,3,40.063,0.0,0.0,b417844cbbd3939a3933c711a3c0b54200c8f14084eaa326fee2cae1881e4b61,final_online_training_manifest.csv::soh_rated_pct
B0055_D0013,B0055,2330,ONLINE_FIXED_START_CAUSAL_10S_V1,PASS,B0055.mat,8405c13378ced0894019a74f343057b0151f58c417fed45a5e068c4e372ea039,30,12,40.188,30.188,40.188,1,3;4,2,40.188,0.0,0.0,8d2f06b1f93386a6ef696d8527bf861cbdbf835ea19df1a5b0bc67e4ff881b0f,final_online_training_manifest.csv::soh_rated_pct
B0055_D0014,B0055,2331,ONLINE_FIXED_START_CAUSAL_10S_V1,PASS,B0055.mat,8405c13378ced0894019a74f343057b0151f58c417fed45a5e068c4e372ea039,32,13,40.391000000000005,30.391000000000005,40.391000000000005,1,3;4,2,40.391000000000005,0.0,0.0,8511d712142100d95f22c53dfbc8de7fcdf7d090ef720230b3c87b11ba5b4e53,final_online_training_manifest.csv::soh_rated_pct
B0055_D0015,B0055,2332,ONLINE_FIXED_START_CAUSAL_10S_V1,PASS,B0055.mat,8405c13378ced0894019a74f343057b0151f58c417fed45a5e068c4e372ea039,34,14,40.515,30.515,40.515,1,3;4,2,40.515,0.0,0.0,203cd860a3a59e6280009f772783f762738ce4d7bf62a0434466fde8efbb4ec1,final_online_training_manifest.csv::soh_rated_pct
B0055_D0016,B0055,2333,ONLINE_FIXED_START_CAUSAL_10S_V1,PASS,B0055.mat,8405c13378ced0894019a74f343057b0151f58c417fed45a5e068c4e372ea039,36,15,40.515,30.515,40.515,1,3;4,2,40.515,0.0,0.0,76d69d46c199b7da2aa1b7a29d3c678d4613377b8273115d01dda8f5ea3c3e47,final_online_training_manifest.csv::soh_rated_pct
B0055_D0017,B0055,2334,ONLINE_FIXED_START_CAUSAL_10S_V1,PASS,B0055.mat,8405c13378ced0894019a74f343057b0151f58c417fed45a5e068c4e372ea039,40,16,40.843,30.843000000000004,40.843,1,3;4,2,40.843,0.0,0.0,7d4e0b23b03f6fd69dcc8f0451fd9cdc10f1c59a59fefa3ceaeda31da7696d9b,final_online_training_manifest.csv::soh_rated_pct
B0055_D0018,B0055,2335,ONLINE_FIXED_START_CAUSAL_10S_V1,PASS,B0055.mat,8405c13378ced0894019a74f343057b0151f58c417fed45a5e068c4e372ea039,42,17,41.5,31.5,41.5,1,3;4,2,41.5,0.0,0.0,c76144813f219a9bfe66d624b38b3f7fb76dec91ef3c401b3c9c9b1251b6ce5f,final_online_training_manifest.csv::soh_rated_pct
B0055_D0019,B0055,2336,ONLINE_FIXED_START_CAUSAL_10S_V1,PASS,B0055.mat,8405c13378ced0894019a74f343057b0151f58c417fed45a5e068c4e372ea039,44,18,41.171,31.171,41.171,1,3;4,2,41.171,0.0,0.0,5d36d8c7c4d7b3bc07a617673b8058602375456e303f37943994451ee0ea3bee,final_online_training_manifest.csv::soh_rated_pct
B0055_D0020,B0055,2337,ONLINE_FIXED_START_CAUSAL_10S_V1,PASS,B0055.mat,8405c13378ced0894019a74f343057b0151f58c417fed45a5e068c4e372ea039,46,19,41.172,31.172000000000004,41.172,1,3;4,2,41.172000000000004,0.0,0.0,fa7ea78c88c7fa7d7a734ecf050525c0d1a8d0d74ff79729920a058c6e9a6c6c,final_online_training_manifest.csv::soh_rated_pct
B0055_D0021,B0055,2338,ONLINE_FIXED_START_CAUSAL_10S_V1,PASS,B0055.mat,8405c13378ced0894019a74f343057b0151f58c417fed45a5e068c4e372ea039,48,20,41.344,31.344,41.344,1,3;4,2,41.344,0.0,0.0,9b6d08d7fc940bda6578c216eb9520381fca8cec25a5f3f6c05e3108ad6c7c3a,final_online_training_manifest.csv::soh_rated_pct
B0055_D0022,B0055,2339,ONLINE_FIXED_START_CAUSAL_10S_V1,PASS,B0055.mat,8405c13378ced0894019a74f343057b0151f58c417fed45a5e068c4e372ea039,52,21,41.625,31.625,41.625,1,3;4,2,41.625,0.0,0.0,9e5f7c46e48dec3dc2930ee0d8eebc4930ac269aa7c5530cfe01551eea5e2d94,final_online_training_manifest.csv::soh_rated_pct
B0055_D0023,B0055,2340,ONLINE_FIXED_START_CAUSAL_10S_V1,PASS,B0055.mat,8405c13378ced0894019a74f343057b0151f58c417fed45a5e068c4e372ea039,56,22,41.5,31.5,41.5,1,3;4,2,41.5,0.0,0.0,a2a804050546109819a02d4b48045b76ed9be1eb33940009cc1b2da4d28c76b5,final_online_training_manifest.csv::soh_rated_pct
B0055_D0024,B0055,2341,ONLINE_FIXED_START_CAUSAL_10S_V1,PASS,B0055.mat,8405c13378ced0894019a74f343057b0151f58c417fed45a5e068c4e372ea039,58,23,41.812,31.812,41.812,1,3;4,2,41.812,0.0,0.0,25d917c82916284c73d8d1edddda5f553514aa10ac227946a038f43054ac6f75,final_online_training_manifest.csv::soh_rated_pct
B0055_D0025,B0055,2342,ONLINE_FIXED_START_CAUSAL_10S_V1,PASS,B0055.mat,8405c13378ced0894019a74f343057b0151f58c417fed45a5e068c4e372ea039,60,24,41.906,31.906,41.906,1,3;4,2,41.906,0.0,0.0,ee4c50c681d6fe99b27cdcc5511cc2792b0f0996b044c791e73381a4832e9ec6,final_online_training_manifest.csv::soh_rated_pct
B0055_D0026,B0055,2343,ONLINE_FIXED_START_CAUSAL_10S_V1,PASS,B0055.mat,8405c13378ced0894019a74f343057b0151f58c417fed45a5e068c4e372ea039,62,25,42.031,32.031,42.031,1,3;4,2,42.031,0.0,0.0,ddc85a1bee65314ada52253ac66b0b84fde6cdc27b74039f4e95fb5f17581a5d,final_online_training_manifest.csv::soh_rated_pct
B0055_D0027,B0055,2344,ONLINE_FIXED_START_CAUSAL_10S_V1,PASS,B0055.mat,8405c13378ced0894019a74f343057b0151f58c417fed45a5e068c4e372ea039,64,26,42.188,32.188,42.188,1,3;4,2,42.188,0.0,0.0,1918e9a7a76c3f8b4c921b7a1144e1e0aea1d02d92e273a17233b68a0a89e621,final_online_training_manifest.csv::soh_rated_pct
B0055_D0028,B0055,2345,ONLINE_FIXED_START_CAUSAL_10S_V1,PASS,B0055.mat,8405c13378ced0894019a74f343057b0151f58c417fed45a5e068c4e372ea039,68,27,42.281,32.281,42.281,1,3;4,2,42.281,0.0,0.0,ebd50ea86cd6c1852b2a6e4b28a3f9d9d9f995a0ed290d1b0768010fa4fca8c4,final_online_training_manifest.csv::soh_rated_pct
B0055_D0029,B0055,2346,ONLINE_FIXED_START_CAUSAL_10S_V1,PASS,B0055.mat,8405c13378ced0894019a74f343057b0151f58c417fed45a5e068c4e372ea039,70,28,42.453,32.453,42.453,1,3;4,2,42.453,0.0,0.0,a05c3c479e341dc8bc2407c48d9b462980e3196f08f7644083df320b1ecc4a62,final_online_training_manifest.csv::soh_rated_pct
B0055_D0030,B0055,2347,ONLINE_FIXED_START_CAUSAL_10S_V1,PASS,B0055.mat,8405c13378ced0894019a74f343057b0151f58c417fed45a5e068c4e372ea039,72,29,42.578,32.578,42.578,1,3;4,2,42.577999999999996,0.0,0.0,4ce57a4fcdba9d6b65ac5c86ea2a697ba0250b0edfb070f747d81011f536781e,final_online_training_manifest.csv::soh_rated_pct
B0055_D0031,B0055,2348,ONLINE_FIXED_START_CAUSAL_10S_V1,PASS,B0055.mat,8405c13378ced0894019a74f343057b0151f58c417fed45a5e068c4e372ea039,74,30,42.782,32.782,42.782,1,3;4,2,42.782,0.0,0.0,7a984686ea4af7d38dde623b1d05b5ea0419da029a34b0dadb4232d594e54057,final_online_training_manifest.csv::soh_rated_pct
B0055_D0032,B0055,2349,ONLINE_FIXED_START_CAUSAL_10S_V1,PASS,B0055.mat,8405c13378ced0894019a74f343057b0151f58c417fed45a5e068c4e372ea039,76,31,42.86,32.86,42.86,1,3;4,2,42.86,0.0,0.0,a925359fe7f95d74650af419d7b1ba89096f9205290b386f1fa1519e400b67a3,final_online_training_manifest.csv::soh_rated_pct
B0055_D0033,B0055,2350,ONLINE_FIXED_START_CAUSAL_10S_V1,PASS,B0055.mat,8405c13378ced0894019a74f343057b0151f58c417fed45a5e068c4e372ea039,80,32,43.094,33.094,43.094,1,3;4,2,43.094,0.0,0.0,52b6e134caac65cd7c9790ac08e5f1e8994a505a25caa9da7f77af965fdca839,final_online_training_manifest.csv::soh_rated_pct
B0055_D0034,B0055,2351,ONLINE_FIXED_START_CAUSAL_10S_V1,PASS,B0055.mat,8405c13378ced0894019a74f343057b0151f58c417fed45a5e068c4e372ea039,82,33,42.953,32.953,42.953,1,3;4,2,42.953,0.0,0.0,7ccaa863eb12107bf31586d5fe7071f6de17f787dcaa5b33af1aaac89bfd2d3c,final_online_training_manifest.csv::soh_rated_pct
B0055_D0035,B0055,2352,ONLINE_FIXED_START_CAUSAL_10S_V1,PASS,B0055.mat,8405c13378ced0894019a74f343057b0151f58c417fed45a5e068c4e372ea039,84,34,43.188,33.188,43.188,1,3;4,2,43.188,0.0,0.0,b8b210c79aa91c72a9cfecd9abc382ea267b12f126c84ef4704d16fe2e741885,final_online_training_manifest.csv::soh_rated_pct
B0055_D0036,B0055,2353,ONLINE_FIXED_START_CAUSAL_10S_V1,PASS,B0055.mat,8405c13378ced0894019a74f343057b0151f58c417fed45a5e068c4e372ea039,86,35,43.156,33.156,43.156,1,3;4,2,43.156,0.0,0.0,02a8d53be343da69640da17328d1fb867b7b39c836a7ec5f5d7a3026c670ea2a,final_online_training_manifest.csv::soh_rated_pct
B0055_D0037,B0055,2354,ONLINE_FIXED_START_CAUSAL_10S_V1,PASS,B0055.mat,8405c13378ced0894019a74f343057b0151f58c417fed45a5e068c4e372ea039,88,36,43.5,33.5,43.5,1,3;4,2,43.5,0.0,0.0,68c9172e1495afabe897608dada409d8301d46ebd126f62eed36f6253428b5f9,final_online_training_manifest.csv::soh_rated_pct
B0055_D0038,B0055,2355,ONLINE_FIXED_START_CAUSAL_10S_V1,PASS,B0055.mat,8405c13378ced0894019a74f343057b0151f58c417fed45a5e068c4e372ea039,92,37,43.5,33.5,43.5,1,3;4,2,43.5,0.0,0.0,66e966f899395b1d55fbf563e4aa34d6669b9ae282117ffd6e989dfcdf85dfaf,final_online_training_manifest.csv::soh_rated_pct
B0055_D0039,B0055,2356,ONLINE_FIXED_START_CAUSAL_10S_V1,PASS,B0055.mat,8405c13378ced0894019a74f343057b0151f58c417fed45a5e068c4e372ea039,94,38,43.64,33.64,43.64,1,3;4,2,43.64,0.0,0.0,cf863cc61488795a2784d7cd2175dd1469581a1a8b324b61bc20400df7b00670,final_online_training_manifest.csv::soh_rated_pct
B0055_D0040,B0055,2357,ONLINE_FIXED_START_CAUSAL_10S_V1,PASS,B0055.mat,8405c13378ced0894019a74f343057b0151f58c417fed45a5e068c4e372ea039,96,39,43.672,33.672000000000004,43.672,1,3;4,2,43.672000000000004,0.0,0.0,2577cdd7456ca7d729eded918beb877aa2a16a40b12c2d3db1641fc4f4001b8b,final_online_training_manifest.csv::soh_rated_pct
B0055_D0041,B0055,2358,ONLINE_FIXED_START_CAUSAL_10S_V1,PASS,B0055.mat,8405c13378ced0894019a74f343057b0151f58c417fed45a5e068c4e372ea039,98,40,43.906,33.906,43.906,1,3;4,2,43.906,0.0,0.0,091fd02a12b10d824f6aaf890cc36292ef2bf89e4517fcbdcfc59c0b30e42c6c,final_online_training_manifest.csv::soh_rated_pct
B0055_D0042,B0055,2359,ONLINE_FIXED_START_CAUSAL_10S_V1,PASS,B0055.mat,8405c13378ced0894019a74f343057b0151f58c417fed45a5e068c4e372ea039,100,41,44.219,34.218999999999994,44.219,1,3;4,2,44.218999999999994,0.0,0.0,dd345eb189cfb1742acba6b6844d7903b200a65c89896d96cf9eb2be5367c7b2,final_online_training_manifest.csv::soh_rated_pct
B0055_D0043,B0055,2360,ONLINE_FIXED_START_CAUSAL_10S_V1,PASS,B0055.mat,8405c13378ced0894019a74f343057b0151f58c417fed45a5e068c4e372ea039,104,42,44.343,34.343,44.343,1,3;4,2,44.343,0.0,0.0,18ca3aff210370a9f4e5581f3a55e711394f5adefa92a68203fb6de7203afc65,final_online_training_manifest.csv::soh_rated_pct
B0055_D0044,B0055,2361,ONLINE_FIXED_START_CAUSAL_10S_V1,PASS,B0055.mat,8405c13378ced0894019a74f343057b0151f58c417fed45a5e068c4e372ea039,108,43,44.437,34.437,44.437,1,3;4,2,44.437,0.0,0.0,f249b23b30b577260a5b9ab75aba442591f3683b916984e5cfb4dfb0d1f752a8,final_online_training_manifest.csv::soh_rated_pct
B0055_D0045,B0055,2362,ONLINE_FIXED_START_CAUSAL_10S_V1,PASS,B0055.mat,8405c13378ced0894019a74f343057b0151f58c417fed45a5e068c4e372ea039,110,44,44.281,34.281,44.281,1,3;4,2,44.281,0.0,0.0,84e7bdf9ae4140cf7167af16e442e24441ea6724dedeafb3064d943afb673f11,final_online_training_manifest.csv::soh_rated_pct
B0055_D0046,B0055,2363,ONLINE_FIXED_START_CAUSAL_10S_V1,PASS,B0055.mat,8405c13378ced0894019a74f343057b0151f58c417fed45a5e068c4e372ea039,112,45,44.422,34.422,44.422,1,3;4,2,44.422,0.0,0.0,c378fe0bf0f7e4e7f9f99650c86bda59191b6b63f43a2f8b484b4dd84ad65fb6,final_online_training_manifest.csv::soh_rated_pct
B0055_D0047,B0055,2364,ONLINE_FIXED_START_CAUSAL_10S_V1,PASS,B0055.mat,8405c13378ced0894019a74f343057b0151f58c417fed45a5e068c4e372ea039,114,46,44.563,34.563,44.563,1,3;4,2,44.563,0.0,0.0,b34e8b562e6aa400fb5d8ef1e81628fb05973eb8256eb57d3b61f349542cbc68,final_online_training_manifest.csv::soh_rated_pct
B0055_D0048,B0055,2365,ONLINE_FIXED_START_CAUSAL_10S_V1,PASS,B0055.mat,8405c13378ced0894019a74f343057b0151f58c417fed45a5e068c4e372ea039,116,47,43.203,33.203,43.203,1,3;4,2,43.203,0.0,0.0,bb22f6b5397628db7a688715343d98e3ad19a48c9f68eeec292980334be2b88e,final_online_training_manifest.csv::soh_rated_pct
B0055_D0049,B0055,2366,ONLINE_FIXED_START_CAUSAL_10S_V1,PASS,B0055.mat,8405c13378ced0894019a74f343057b0151f58c417fed45a5e068c4e372ea039,120,48,43.219,33.219,43.219,1,3;4,2,43.219,0.0,0.0,20104dc7006baec1264d172ae8fe92952d574753d2c76d0654c8b0fcbf7a5a86,final_online_training_manifest.csv::soh_rated_pct
B0055_D0050,B0055,2367,ONLINE_FIXED_START_CAUSAL_10S_V1,PASS,B0055.mat,8405c13378ced0894019a74f343057b0151f58c417fed45a5e068c4e372ea039,122,49,43.14,33.14,43.14,1,3;4,2,43.14,0.0,0.0,5e3e7387163e8c54e4270cfb4ef3d9a024972aeee8b1ac58dbb66c9db3f021aa,final_online_training_manifest.csv::soh_rated_pct
B0055_D0051,B0055,2368,ONLINE_FIXED_START_CAUSAL_10S_V1,PASS,B0055.mat,8405c13378ced0894019a74f343057b0151f58c417fed45a5e068c4e372ea039,124,50,43.406,33.406,43.406,1,3;4,2,43.406,0.0,0.0,9e108c7f23497c3295df6627e6c8a49865580d2021757f03cfee7350194831a4,final_online_training_manifest.csv::soh_rated_pct
B0055_D0052,B0055,2369,ONLINE_FIXED_START_CAUSAL_10S_V1,PASS,B0055.mat,8405c13378ced0894019a74f343057b0151f58c417fed45a5e068c4e372ea039,126,51,43.453,33.453,43.453,1,3;4,2,43.453,0.0,0.0,74bdd9a6d3e309e5a5f42475b9f768dfa0c6ca23e2691f8f5e9b70a5db27550f,final_online_training_manifest.csv::soh_rated_pct
B0055_D0053,B0055,2370,ONLINE_FIXED_START_CAUSAL_10S_V1,PASS,B0055.mat,8405c13378ced0894019a74f343057b0151f58c417fed45a5e068c4e372ea039,128,52,43.75,33.75,43.75,1,3;4,2,43.75,0.0,0.0,d52dc5ee616e5fe905307da7a627adb6ea320e50f151e549f40a013265152ee4,final_online_training_manifest.csv::soh_rated_pct
B0055_D0054,B0055,2371,ONLINE_FIXED_START_CAUSAL_10S_V1,PASS,B0055.mat,8405c13378ced0894019a74f343057b0151f58c417fed45a5e068c4e372ea039,132,53,43.657,33.657,43.657,1,3;4,2,43.657,0.0,0.0,f94db5961196aa7568647e67ee8bd6c5d26edc3d082d83fee7edf0728a95542a,final_online_training_manifest.csv::soh_rated_pct
B0055_D0055,B0055,2372,ONLINE_FIXED_START_CAUSAL_10S_V1,PASS,B0055.mat,8405c13378ced0894019a74f343057b0151f58c417fed45a5e068c4e372ea039,134,54,43.812,33.812,43.812,1,3;4,2,43.812,0.0,0.0,98aaee5d336a88fc9e6f638436532409e85ccb17de2be571013165ce4318f432,final_online_training_manifest.csv::soh_rated_pct
B0055_D0056,B0055,2373,ONLINE_FIXED_START_CAUSAL_10S_V1,PASS,B0055.mat,8405c13378ced0894019a74f343057b0151f58c417fed45a5e068c4e372ea039,136,55,44.0,34.0,44.0,1,3;4,2,44.0,0.0,0.0,1b70231d6abc6b8976ebadcfc946e968365ce34668e9873aace3f0f685f39c57,final_online_training_manifest.csv::soh_rated_pct
B0055_D0057,B0055,2374,ONLINE_FIXED_START_CAUSAL_10S_V1,PASS,B0055.mat,8405c13378ced0894019a74f343057b0151f58c417fed45a5e068c4e372ea039,138,56,44.125,34.125,44.125,1,3;4,2,44.125,0.0,0.0,41f00257a7ad1a9524f22ff93e2275a8883f99dc1983f203cd942c58b5de207b,final_online_training_manifest.csv::soh_rated_pct
B0055_D0058,B0055,2375,ONLINE_FIXED_START_CAUSAL_10S_V1,PASS,B0055.mat,8405c13378ced0894019a74f343057b0151f58c417fed45a5e068c4e372ea039,140,57,44.328,34.328,44.328,1,3;4,2,44.328,0.0,0.0,0e45ba0c98885eb675ccb3e7fa306d28670cf1f2e7378c2ab056b05d62d99371,final_online_training_manifest.csv::soh_rated_pct
B0055_D0059,B0055,2376,ONLINE_FIXED_START_CAUSAL_10S_V1,PASS,B0055.mat,8405c13378ced0894019a74f343057b0151f58c417fed45a5e068c4e372ea039,144,58,44.328,34.328,44.328,1,3;4,2,44.328,0.0,0.0,847853a02c8f013bcef8a8161a526e1079605e7fdd8ba729a31bcde3871a5234,final_online_training_manifest.csv::soh_rated_pct
B0055_D0060,B0055,2377,ONLINE_FIXED_START_CAUSAL_10S_V1,PASS,B0055.mat,8405c13378ced0894019a74f343057b0151f58c417fed45a5e068c4e372ea039,146,59,44.422,34.422,44.422,1,3;4,2,44.422,0.0,0.0,da01557b7f4e2e1bedecd28f089b988ca314e5907e4206512e2adb9370eab824,final_online_training_manifest.csv::soh_rated_pct
B0055_D0061,B0055,2378,ONLINE_FIXED_START_CAUSAL_10S_V1,PASS,B0055.mat,8405c13378ced0894019a74f343057b0151f58c417fed45a5e068c4e372ea039,148,60,44.609,34.609,44.609,1,3;4,2,44.609,0.0,0.0,e8a349680cc9eab8f0e5a09e1a5835c1596c7debb564a6fee6bbe65a3b8a1dc2,final_online_training_manifest.csv::soh_rated_pct
B0055_D0062,B0055,2379,ONLINE_FIXED_START_CAUSAL_10S_V1,PASS,B0055.mat,8405c13378ced0894019a74f343057b0151f58c417fed45a5e068c4e372ea039,150,61,44.641000000000005,34.641000000000005,44.641000000000005,1,3;4,2,44.641000000000005,0.0,0.0,3a57977a0cc6d1880df63c6fa192df90369205a09b7809dd55a8e5d8bdd13977,final_online_training_manifest.csv::soh_rated_pct
B0055_D0063,B0055,2380,ONLINE_FIXED_START_CAUSAL_10S_V1,PASS,B0055.mat,8405c13378ced0894019a74f343057b0151f58c417fed45a5e068c4e372ea039,152,62,44.859,34.858999999999995,44.859,1,3;4,2,44.858999999999995,0.0,0.0,ab9bcb61ea4d461ba44d54ec76a6d2ff1a356936a4681f20b3c6551e8f565ab9,final_online_training_manifest.csv::soh_rated_pct
B0055_D0064,B0055,2381,ONLINE_FIXED_START_CAUSAL_10S_V1,PASS,B0055.mat,8405c13378ced0894019a74f343057b0151f58c417fed45a5e068c4e372ea039,156,63,45.078,35.078,45.078,1,3;4,2,45.078,0.0,0.0,56757c6c03d68c03979a06feb0fd86129246da8a649f24b5924ac35394774a4a,final_online_training_manifest.csv::soh_rated_pct
B0055_D0065,B0055,2382,ONLINE_FIXED_START_CAUSAL_10S_V1,PASS,B0055.mat,8405c13378ced0894019a74f343057b0151f58c417fed45a5e068c4e372ea039,158,64,45.0,35.0,45.0,1,3;4,2,45.0,0.0,0.0,31051e414dbe84a97c475ee9a2a6bdb880021009847cef7184223be9bfb72409,final_online_training_manifest.csv::soh_rated_pct
B0055_D0066,B0055,2383,ONLINE_FIXED_START_CAUSAL_10S_V1,PASS,B0055.mat,8405c13378ced0894019a74f343057b0151f58c417fed45a5e068c4e372ea039,160,65,45.109,35.109,45.109,1,3;4,2,45.109,0.0,0.0,7c869db3965b0f7c44ba73edb9a425d8aac6a98a3ee45bd7185309fc102e0294,final_online_training_manifest.csv::soh_rated_pct
B0055_D0067,B0055,2384,ONLINE_FIXED_START_CAUSAL_10S_V1,PASS,B0055.mat,8405c13378ced0894019a74f343057b0151f58c417fed45a5e068c4e372ea039,162,66,45.25,35.25,45.25,1,3;4,2,45.25,0.0,0.0,48bd0a7e6f183f73c29257e54ccc9408180a39b2ccea9fd6e4e36b05078f5995,final_online_training_manifest.csv::soh_rated_pct
B0055_D0068,B0055,2385,ONLINE_FIXED_START_CAUSAL_10S_V1,PASS,B0055.mat,8405c13378ced0894019a74f343057b0151f58c417fed45a5e068c4e372ea039,164,67,45.375,35.375,45.375,1,3;4,2,45.375,0.0,0.0,f5dcd08499dd540825ce6628c5e7b983c5ea353196f2394e1e8ca6232809a7e0,final_online_training_manifest.csv::soh_rated_pct
B0055_D0069,B0055,2386,ONLINE_FIXED_START_CAUSAL_10S_V1,PASS,B0055.mat,8405c13378ced0894019a74f343057b0151f58c417fed45a5e068c4e372ea039,168,68,45.391,35.391,45.391,1,3;4,2,45.391,0.0,0.0,05ab75f87e3a47d0cd3b39d5d65fe97c408bbe1938b1f243c66863381c26444d,final_online_training_manifest.csv::soh_rated_pct
B0055_D0070,B0055,2387,ONLINE_FIXED_START_CAUSAL_10S_V1,PASS,B0055.mat,8405c13378ced0894019a74f343057b0151f58c417fed45a5e068c4e372ea039,172,69,45.469,35.469,45.469,1,3;4,2,45.469,0.0,0.0,2dd4837a91cecb950f32315fe86aa5a167292ef5996db9ef8f35b087460ba335,final_online_training_manifest.csv::soh_rated_pct
B0055_D0071,B0055,2388,ONLINE_FIXED_START_CAUSAL_10S_V1,PASS,B0055.mat,8405c13378ced0894019a74f343057b0151f58c417fed45a5e068c4e372ea039,174,70,46.5,36.5,46.5,1,3;4,2,46.5,0.0,0.0,3f8475c9848be8a06a02030ac6cebd822178eee3a08204b4898d31e458e8eb8f,final_online_training_manifest.csv::soh_rated_pct
B0055_D0072,B0055,2389,ONLINE_FIXED_START_CAUSAL_10S_V1,PASS,B0055.mat,8405c13378ced0894019a74f343057b0151f58c417fed45a5e068c4e372ea039,176,71,45.813,35.813,45.813,1,3;4,2,45.813,0.0,0.0,b8ba837256a8d65bd4fd8090dde9ca3e1ad636d4e57dc5f808eccbad7de23488,final_online_training_manifest.csv::soh_rated_pct
B0055_D0073,B0055,2390,ONLINE_FIXED_START_CAUSAL_10S_V1,PASS,B0055.mat,8405c13378ced0894019a74f343057b0151f58c417fed45a5e068c4e372ea039,178,72,45.906,35.906,45.906,1,3;4,2,45.906,0.0,0.0,d6438849dfa3ede180f7a46ad0993e2db881e0df696aaa9799e5a9a35f803e1b,final_online_training_manifest.csv::soh_rated_pct
B0055_D0074,B0055,2391,ONLINE_FIXED_START_CAUSAL_10S_V1,PASS,B0055.mat,8405c13378ced0894019a74f343057b0151f58c417fed45a5e068c4e372ea039,180,73,46.062,36.062,46.062,1,3;4,2,46.062,0.0,0.0,6a79e2bbc6634c79d6502899cc0ded3ee899737aed0a63e9eb89b1de0abc01f2,final_online_training_manifest.csv::soh_rated_pct
B0055_D0075,B0055,2392,ONLINE_FIXED_START_CAUSAL_10S_V1,PASS,B0055.mat,8405c13378ced0894019a74f343057b0151f58c417fed45a5e068c4e372ea039,184,74,46.172,36.172,46.172,1,3;4,2,46.172,0.0,0.0,134df3e400578ca1282892dc561ab258ef758d8e3d2add05b3528ede0195bdb9,final_online_training_manifest.csv::soh_rated_pct
B0055_D0076,B0055,2393,ONLINE_FIXED_START_CAUSAL_10S_V1,PASS,B0055.mat,8405c13378ced0894019a74f343057b0151f58c417fed45a5e068c4e372ea039,186,75,46.109,36.109,46.109,1,3;4,2,46.109,0.0,0.0,5eb1e46c7d762e7ac1feb3be693963f819db44e93ad39be8d2c9d6742cff9d86,final_online_training_manifest.csv::soh_rated_pct
B0055_D0077,B0055,2394,ONLINE_FIXED_START_CAUSAL_10S_V1,PASS,B0055.mat,8405c13378ced0894019a74f343057b0151f58c417fed45a5e068c4e372ea039,188,76,46.203,36.203,46.203,1,3;4,2,46.202999999999996,0.0,0.0,2c0fd0e2f2654212a434d638e790a4cad1b89c7b653ac35913c703feb0464f52,final_online_training_manifest.csv::soh_rated_pct
B0055_D0078,B0055,2395,ONLINE_FIXED_START_CAUSAL_10S_V1,PASS,B0055.mat,8405c13378ced0894019a74f343057b0151f58c417fed45a5e068c4e372ea039,190,77,46.453,36.453,46.453,1,3;4,2,46.453,0.0,0.0,a0cca387cb55b02a0cc33f35a43942ef2f8dd7681a91b45baee593df33f6260e,final_online_training_manifest.csv::soh_rated_pct
B0055_D0079,B0055,2396,ONLINE_FIXED_START_CAUSAL_10S_V1,PASS,B0055.mat,8405c13378ced0894019a74f343057b0151f58c417fed45a5e068c4e372ea039,192,78,46.422,36.422,46.422,1,3;4,2,46.422,0.0,0.0,d688e35bfe47efb662bd0afd71b359a9468ae3d94b469a6436d26f1d39571618,final_online_training_manifest.csv::soh_rated_pct
B0055_D0080,B0055,2397,ONLINE_FIXED_START_CAUSAL_10S_V1,PASS,B0055.mat,8405c13378ced0894019a74f343057b0151f58c417fed45a5e068c4e372ea039,196,79,46.563,36.563,46.563,1,3;4,2,46.563,0.0,0.0,ccee95c0fd69fcee8b3433e0fd9beef68a5052f321656517e385b9ba826445b4,final_online_training_manifest.csv::soh_rated_pct
B0055_D0081,B0055,2398,ONLINE_FIXED_START_CAUSAL_10S_V1,PASS,B0055.mat,8405c13378ced0894019a74f343057b0151f58c417fed45a5e068c4e372ea039,198,80,46.578,36.578,46.578,1,3;4,2,46.577999999999996,0.0,0.0,6a8d141380b911e09b2f4dd1f7b361368c39b1338f40e567a814a665e953c1f9,final_online_training_manifest.csv::soh_rated_pct
B0055_D0082,B0055,2399,ONLINE_FIXED_START_CAUSAL_10S_V1,PASS,B0055.mat,8405c13378ced0894019a74f343057b0151f58c417fed45a5e068c4e372ea039,200,81,46.906,36.906,46.906,1,3;4,2,46.906,0.0,0.0,66e822b5a099f21c4474d818eafe65dd991c5ab1232c369ffc9124abddffef00,final_online_training_manifest.csv::soh_rated_pct
B0055_D0083,B0055,2400,ONLINE_FIXED_START_CAUSAL_10S_V1,PASS,B0055.mat,8405c13378ced0894019a74f343057b0151f58c417fed45a5e068c4e372ea039,202,82,46.875,36.875,46.875,1,3;4,2,46.875,0.0,0.0,e754cb8a2bfc8390cec0c9731e6673b9d46992b3f579255abbcb12bbce92e4bd,final_online_training_manifest.csv::soh_rated_pct
B0055_D0084,B0055,2401,ONLINE_FIXED_START_CAUSAL_10S_V1,PASS,B0055.mat,8405c13378ced0894019a74f343057b0151f58c417fed45a5e068c4e372ea039,204,83,47.031,37.031,47.031,1,3;4,2,47.031,0.0,0.0,ec3f02d9776420d6abc12afe402bbcd2d415beeefe7388e902e759016edbf2d5,final_online_training_manifest.csv::soh_rated_pct
B0055_D0085,B0055,2402,ONLINE_FIXED_START_CAUSAL_10S_V1,PASS,B0055.mat,8405c13378ced0894019a74f343057b0151f58c417fed45a5e068c4e372ea039,208,84,47.109,37.109,47.109,1,3;4,2,47.108999999999995,0.0,0.0,fec17be395590caef2849670b69b057b2ec1e73889eff4a03f4483537331a7cb,final_online_training_manifest.csv::soh_rated_pct
B0055_D0086,B0055,2403,ONLINE_FIXED_START_CAUSAL_10S_V1,PASS,B0055.mat,8405c13378ced0894019a74f343057b0151f58c417fed45a5e068c4e372ea039,210,85,47.14,37.14,47.14,1,3;4,2,47.14,0.0,0.0,f1220266e922c5a8ea44317830f7fbc0ac7aa85d4a783e6bd88b749af3527ca9,final_online_training_manifest.csv::soh_rated_pct
B0055_D0087,B0055,2404,ONLINE_FIXED_START_CAUSAL_10S_V1,PASS,B0055.mat,8405c13378ced0894019a74f343057b0151f58c417fed45a5e068c4e372ea039,212,86,47.14,37.14,47.14,1,3;4,2,47.14,0.0,0.0,f0179173277a846fec204a7027f76f8a48f53473a96e816c84d3dc84c009fce8,final_online_training_manifest.csv::soh_rated_pct
B0055_D0088,B0055,2405,ONLINE_FIXED_START_CAUSAL_10S_V1,PASS,B0055.mat,8405c13378ced0894019a74f343057b0151f58c417fed45a5e068c4e372ea039,214,87,47.547,37.547,47.547,1,3;4,2,47.547,0.0,0.0,ceaedaa879de10488a5561b7662c32f3309af40146a008d78eaa0138a7970044,final_online_training_manifest.csv::soh_rated_pct
B0055_D0089,B0055,2406,ONLINE_FIXED_START_CAUSAL_10S_V1,PASS,B0055.mat,8405c13378ced0894019a74f343057b0151f58c417fed45a5e068c4e372ea039,216,88,48.282,38.282,48.282,1,3;4,2,48.282,0.0,0.0,99836cfecd642ab9ea0dbf796916fd3848e5e24b4ccdf1fd5a14e2b5aa80e765,final_online_training_manifest.csv::soh_rated_pct
B0055_D0090,B0055,2407,ONLINE_FIXED_START_CAUSAL_10S_V1,PASS,B0055.mat,8405c13378ced0894019a74f343057b0151f58c417fed45a5e068c4e372ea039,220,89,47.407,37.407,47.407,1,3;4,2,47.407,0.0,0.0,3045dddfbe55644e6d662c4f7f0197ddd16b752aeec8dad7095abd52b1f1dddb,final_online_training_manifest.csv::soh_rated_pct
B0055_D0091,B0055,2408,ONLINE_FIXED_START_CAUSAL_10S_V1,PASS,B0055.mat,8405c13378ced0894019a74f343057b0151f58c417fed45a5e068c4e372ea039,224,90,47.75,37.75,47.75,1,3;4,2,47.75,0.0,0.0,ab6d28e0b4f838336872c373a4740d67fb7b5ea1f74811709afe9eab9b7c28df,final_online_training_manifest.csv::soh_rated_pct
B0055_D0092,B0055,2409,ONLINE_FIXED_START_CAUSAL_10S_V1,PASS,B0055.mat,8405c13378ced0894019a74f343057b0151f58c417fed45a5e068c4e372ea039,226,91,47.703,37.703,47.703,1,3;4,2,47.703,0.0,0.0,ed3645f0b5687736d6e9d1cd8f3529b650b5af7b5e996d99619bb4a6a4b7be80,final_online_training_manifest.csv::soh_rated_pct
B0055_D0093,B0055,2410,ONLINE_FIXED_START_CAUSAL_10S_V1,PASS,B0055.mat,8405c13378ced0894019a74f343057b0151f58c417fed45a5e068c4e372ea039,228,92,47.844,37.844,47.844,1,3;4,2,47.844,0.0,0.0,93bfde766439a1254c559db406978bd307c74f547733e8b52771a0b7c8cb462e,final_online_training_manifest.csv::soh_rated_pct
B0055_D0094,B0055,2411,ONLINE_FIXED_START_CAUSAL_10S_V1,PASS,B0055.mat,8405c13378ced0894019a74f343057b0151f58c417fed45a5e068c4e372ea039,230,93,47.953,37.953,47.953,1,3;4,2,47.952999999999996,0.0,0.0,4061c2527706bc21555ab40417c884ac3306de7b950748e993eb0c926ce65cfe,final_online_training_manifest.csv::soh_rated_pct
B0055_D0095,B0055,2412,ONLINE_FIXED_START_CAUSAL_10S_V1,PASS,B0055.mat,8405c13378ced0894019a74f343057b0151f58c417fed45a5e068c4e372ea039,232,94,48.125,38.125,48.125,1,3;4,2,48.125,0.0,0.0,795a1b7c0163a618e56f0409301a658de68b7299fff1b199707ff8f86104b01a,final_online_training_manifest.csv::soh_rated_pct
B0055_D0096,B0055,2413,ONLINE_FIXED_START_CAUSAL_10S_V1,PASS,B0055.mat,8405c13378ced0894019a74f343057b0151f58c417fed45a5e068c4e372ea039,236,95,48.14,38.14,48.14,1,3;4,2,48.14,0.0,0.0,51de28525eadfc5b7b4c34081969bb01ba30e1846dc7a7c65d362328934bf7d1,final_online_training_manifest.csv::soh_rated_pct
B0055_D0097,B0055,2414,ONLINE_FIXED_START_CAUSAL_10S_V1,PASS,B0055.mat,8405c13378ced0894019a74f343057b0151f58c417fed45a5e068c4e372ea039,238,96,48.125,38.125,48.125,1,3;4,2,48.125,0.0,0.0,8bc168c608ff3743e7601274f48a9175a246360052bb8ea6a4a807b65de94f30,final_online_training_manifest.csv::soh_rated_pct
B0055_D0098,B0055,2415,ONLINE_FIXED_START_CAUSAL_10S_V1,PASS,B0055.mat,8405c13378ced0894019a74f343057b0151f58c417fed45a5e068c4e372ea039,240,97,48.359,38.359,48.359,1,3;4,2,48.359,0.0,0.0,8fa7e5758884a5639eec7d0fa8195191a19ff52786ec84c9d8c64f9671f2f5d4,final_online_training_manifest.csv::soh_rated_pct
B0055_D0099,B0055,2416,ONLINE_FIXED_START_CAUSAL_10S_V1,PASS,B0055.mat,8405c13378ced0894019a74f343057b0151f58c417fed45a5e068c4e372ea039,242,98,48.484,38.484,48.484,1,3;4,2,48.484,0.0,0.0,796d72e95487cd65a0989551546a4d0d49faeb1e4bf13e6f3975070d190dad27,final_online_training_manifest.csv::soh_rated_pct
B0055_D0100,B0055,2417,ONLINE_FIXED_START_CAUSAL_10S_V1,PASS,B0055.mat,8405c13378ced0894019a74f343057b0151f58c417fed45a5e068c4e372ea039,244,99,48.547,38.547,48.547,1,3;4,2,48.547,0.0,0.0,97349af151b2372c65c6956626cd4bd17d7a4c9b339d094303f2aee134ea25f1,final_online_training_manifest.csv::soh_rated_pct
B0055_D0101,B0055,2418,ONLINE_FIXED_START_CAUSAL_10S_V1,PASS,B0055.mat,8405c13378ced0894019a74f343057b0151f58c417fed45a5e068c4e372ea039,248,100,48.718,38.718,48.718,1,3;4,2,48.717999999999996,0.0,0.0,7b3759eddc08f9abff912128b6717705f5cd6ddd8275bd6d2aa5bfdb2d6a2963,final_online_training_manifest.csv::soh_rated_pct
B0055_D0102,B0055,2419,ONLINE_FIXED_START_CAUSAL_10S_V1,PASS,B0055.mat,8405c13378ced0894019a74f343057b0151f58c417fed45a5e068c4e372ea039,250,101,48.984,38.984,48.984,1,3;4,2,48.984,0.0,0.0,a05fe7d3a6cfdf4f564e66a3f375836aae93af950b7bc4bdfa7dbb8ee56b6f6c,final_online_training_manifest.csv::soh_rated_pct
B0056_D0002,B0056,2420,ONLINE_FIXED_START_CAUSAL_10S_V1,PASS,B0056.mat,e894d92938c6fb09b6455bcc49330902c0e3ea8ee65129f664f1718a4843e709,4,1,38.391,28.391,38.391,2,2;3;4,3,38.391,0.0,0.0,ef4def7e3e4865363a1bd09f756fb3cb4f7a8c9e59f701a3a66138f1311e3f67,final_online_training_manifest.csv::soh_rated_pct
B0056_D0003,B0056,2421,ONLINE_FIXED_START_CAUSAL_10S_V1,PASS,B0056.mat,e894d92938c6fb09b6455bcc49330902c0e3ea8ee65129f664f1718a4843e709,6,2,38.719,28.719,38.719,2,2;3;4,3,38.719,0.0,0.0,3bd8ae211c6a4baab1713292a688da5c36bcedeeda3c09194c97e1ddde248898,final_online_training_manifest.csv::soh_rated_pct
B0056_D0004,B0056,2422,ONLINE_FIXED_START_CAUSAL_10S_V1,PASS,B0056.mat,e894d92938c6fb09b6455bcc49330902c0e3ea8ee65129f664f1718a4843e709,8,3,38.844,28.844,38.844,2,2;3;4,3,38.844,0.0,0.0,ed6a27ab01e20b2ca15464a9c518ebce15905b5090ab3e20dc99275f0fd53167,final_online_training_manifest.csv::soh_rated_pct
B0056_D0005,B0056,2423,ONLINE_FIXED_START_CAUSAL_10S_V1,PASS,B0056.mat,e894d92938c6fb09b6455bcc49330902c0e3ea8ee65129f664f1718a4843e709,10,4,38.938,28.938,38.938,2,2;3;4,3,38.938,0.0,0.0,cd074804ec083e500163f5c36f675b28c1fd696ef2a1de23d86cf1692088124b,final_online_training_manifest.csv::soh_rated_pct
B0056_D0006,B0056,2424,ONLINE_FIXED_START_CAUSAL_10S_V1,PASS,B0056.mat,e894d92938c6fb09b6455bcc49330902c0e3ea8ee65129f664f1718a4843e709,12,5,39.031,29.031,39.031,2,2;3;4,3,39.031,0.0,0.0,74723e0c38d0bf9d52fdd4b987f18a9b0a594a95b58a1978ec013da99e787cf1,final_online_training_manifest.csv::soh_rated_pct
B0056_D0007,B0056,2425,ONLINE_FIXED_START_CAUSAL_10S_V1,PASS,B0056.mat,e894d92938c6fb09b6455bcc49330902c0e3ea8ee65129f664f1718a4843e709,16,6,39.297,29.297000000000004,39.297,2,2;3;4,3,39.297000000000004,0.0,0.0,6d6333477ad3f21e784242c3e953e2b80cea7febeb33facf1824c45b5c4ea7d1,final_online_training_manifest.csv::soh_rated_pct
B0056_D0008,B0056,2426,ONLINE_FIXED_START_CAUSAL_10S_V1,PASS,B0056.mat,e894d92938c6fb09b6455bcc49330902c0e3ea8ee65129f664f1718a4843e709,18,7,39.328,29.328,39.328,2,2;3;4,3,39.327999999999996,0.0,0.0,694ac461ca93e6b0cef5f42184eaddb6cc52eaf3977b43016ed379dbfdb6f427,final_online_training_manifest.csv::soh_rated_pct
B0056_D0009,B0056,2427,ONLINE_FIXED_START_CAUSAL_10S_V1,PASS,B0056.mat,e894d92938c6fb09b6455bcc49330902c0e3ea8ee65129f664f1718a4843e709,20,8,39.531,29.531,39.531,2,2;3;4,3,39.531,0.0,0.0,19f743560c795a1882fdf4b1c658545d291a671c460542b07608287b03c0a5b9,final_online_training_manifest.csv::soh_rated_pct
B0056_D0010,B0056,2428,ONLINE_FIXED_START_CAUSAL_10S_V1,PASS,B0056.mat,e894d92938c6fb09b6455bcc49330902c0e3ea8ee65129f664f1718a4843e709,22,9,39.656000000000006,29.65600000000001,39.656000000000006,2,2;3;4,3,39.656000000000006,0.0,0.0,ed6ff930b41b1e000a3687330a97c8932c36c04264dcff957f232ccc4907fa38,final_online_training_manifest.csv::soh_rated_pct
B0056_D0011,B0056,2429,ONLINE_FIXED_START_CAUSAL_10S_V1,PASS,B0056.mat,e894d92938c6fb09b6455bcc49330902c0e3ea8ee65129f664f1718a4843e709,24,10,39.89,29.89,39.89,2,2;3;4,3,39.89,0.0,0.0,9a0748483c78c3e47c12ed36c8cfebd2671357d3b4d7c0cecd68c1680bb2ed2c,final_online_training_manifest.csv::soh_rated_pct
B0056_D0012,B0056,2430,ONLINE_FIXED_START_CAUSAL_10S_V1,PASS,B0056.mat,e894d92938c6fb09b6455bcc49330902c0e3ea8ee65129f664f1718a4843e709,28,11,40.063,30.063,40.063,2,2;3;4,3,40.063,0.0,0.0,367366d515edc849ec1864c5e6394d34e5ea978b5d398f896c2829980b4ddf83,final_online_training_manifest.csv::soh_rated_pct
B0056_D0013,B0056,2431,ONLINE_FIXED_START_CAUSAL_10S_V1,PASS,B0056.mat,e894d92938c6fb09b6455bcc49330902c0e3ea8ee65129f664f1718a4843e709,30,12,40.188,30.188,40.188,1,3;4,2,40.188,0.0,0.0,a96b252511d92924dd0eb0da07a5055a2eb836223e16dc53d82ba3b991c861f9,final_online_training_manifest.csv::soh_rated_pct
B0056_D0014,B0056,2432,ONLINE_FIXED_START_CAUSAL_10S_V1,PASS,B0056.mat,e894d92938c6fb09b6455bcc49330902c0e3ea8ee65129f664f1718a4843e709,32,13,40.391000000000005,30.391000000000005,40.391000000000005,1,3;4,2,40.391000000000005,0.0,0.0,1175bbe7640166f551633c1e1117fd991781372ad9a2c54a1e23b1a0fd4f311c,final_online_training_manifest.csv::soh_rated_pct
B0056_D0015,B0056,2433,ONLINE_FIXED_START_CAUSAL_10S_V1,PASS,B0056.mat,e894d92938c6fb09b6455bcc49330902c0e3ea8ee65129f664f1718a4843e709,34,14,40.515,30.515,40.515,1,3;4,2,40.515,0.0,0.0,ce6a6ebc7613aff500e8bf560c0c9d80fd97e9e856a501b377efc999ef040523,final_online_training_manifest.csv::soh_rated_pct
B0056_D0016,B0056,2434,ONLINE_FIXED_START_CAUSAL_10S_V1,PASS,B0056.mat,e894d92938c6fb09b6455bcc49330902c0e3ea8ee65129f664f1718a4843e709,36,15,40.515,30.515,40.515,1,3;4,2,40.515,0.0,0.0,56dee982a8262e0c9687064bde77c4ee4b128df9660802a0927f1fee47dd913c,final_online_training_manifest.csv::soh_rated_pct
B0056_D0017,B0056,2435,ONLINE_FIXED_START_CAUSAL_10S_V1,PASS,B0056.mat,e894d92938c6fb09b6455bcc49330902c0e3ea8ee65129f664f1718a4843e709,40,16,40.843,30.843000000000004,40.843,1,3;4,2,40.843,0.0,0.0,b258307267d516f23b6c17e6680e20759c1296849ed2a380df83bd8246b5466d,final_online_training_manifest.csv::soh_rated_pct
B0056_D0018,B0056,2436,ONLINE_FIXED_START_CAUSAL_10S_V1,PASS,B0056.mat,e894d92938c6fb09b6455bcc49330902c0e3ea8ee65129f664f1718a4843e709,42,17,41.5,31.5,41.5,1,3;4,2,41.5,0.0,0.0,d590ffd2cbd80157727e5c50445f5cdb9fb7fe2358050f0fd8d950e4642037bf,final_online_training_manifest.csv::soh_rated_pct
B0056_D0019,B0056,2437,ONLINE_FIXED_START_CAUSAL_10S_V1,PASS,B0056.mat,e894d92938c6fb09b6455bcc49330902c0e3ea8ee65129f664f1718a4843e709,44,18,41.171,31.171,41.171,1,3;4,2,41.171,0.0,0.0,8072eca668f214d252c311a13e0f91b72159b42f7585c9e2bf4e0a9eb74e9a5f,final_online_training_manifest.csv::soh_rated_pct
B0056_D0020,B0056,2438,ONLINE_FIXED_START_CAUSAL_10S_V1,PASS,B0056.mat,e894d92938c6fb09b6455bcc49330902c0e3ea8ee65129f664f1718a4843e709,46,19,41.172,31.172000000000004,41.172,1,3;4,2,41.172000000000004,0.0,0.0,d826270658d8b7d24c9e9adb85aa07cf535e2436145283ac14f5b75c30fe23fb,final_online_training_manifest.csv::soh_rated_pct
B0056_D0021,B0056,2439,ONLINE_FIXED_START_CAUSAL_10S_V1,PASS,B0056.mat,e894d92938c6fb09b6455bcc49330902c0e3ea8ee65129f664f1718a4843e709,48,20,41.344,31.344,41.344,1,3;4,2,41.344,0.0,0.0,de1091a7af8433dd6d9c129d2679a89c3e53c04d8a182ce3aacd469bd41f2b1c,final_online_training_manifest.csv::soh_rated_pct
B0056_D0022,B0056,2440,ONLINE_FIXED_START_CAUSAL_10S_V1,PASS,B0056.mat,e894d92938c6fb09b6455bcc49330902c0e3ea8ee65129f664f1718a4843e709,52,21,41.625,31.625,41.625,1,3;4,2,41.625,0.0,0.0,bc08960779c10a14bef52d2bdeb78279dc3f23ed250c152402bc143538f14b11,final_online_training_manifest.csv::soh_rated_pct
B0056_D0023,B0056,2441,ONLINE_FIXED_START_CAUSAL_10S_V1,PASS,B0056.mat,e894d92938c6fb09b6455bcc49330902c0e3ea8ee65129f664f1718a4843e709,56,22,41.5,31.5,41.5,1,3;4,2,41.5,0.0,0.0,db44e4499230f10d2f5c36555165311fc008c7b5cee558a8bad1dde7afcd92c0,final_online_training_manifest.csv::soh_rated_pct
B0056_D0024,B0056,2442,ONLINE_FIXED_START_CAUSAL_10S_V1,PASS,B0056.mat,e894d92938c6fb09b6455bcc49330902c0e3ea8ee65129f664f1718a4843e709,58,23,41.812,31.812,41.812,1,3;4,2,41.812,0.0,0.0,d063894bd6b0b99a394ec637f22e8d8bb9e8e3c7a069bf336acdef6ab152bdd9,final_online_training_manifest.csv::soh_rated_pct
B0056_D0025,B0056,2443,ONLINE_FIXED_START_CAUSAL_10S_V1,PASS,B0056.mat,e894d92938c6fb09b6455bcc49330902c0e3ea8ee65129f664f1718a4843e709,60,24,41.906,31.906,41.906,1,3;4,2,41.906,0.0,0.0,05f5a9ff3f795a858e20839cc7ebb89cfa850969644ba5138a9041a72d8c845f,final_online_training_manifest.csv::soh_rated_pct
B0056_D0026,B0056,2444,ONLINE_FIXED_START_CAUSAL_10S_V1,PASS,B0056.mat,e894d92938c6fb09b6455bcc49330902c0e3ea8ee65129f664f1718a4843e709,62,25,42.031,32.031,42.031,1,3;4,2,42.031,0.0,0.0,f69f05ba4a2a2e6589d065188d523fd2098ca5314b5a5f4555a81f57d5e59fef,final_online_training_manifest.csv::soh_rated_pct
B0056_D0027,B0056,2445,ONLINE_FIXED_START_CAUSAL_10S_V1,PASS,B0056.mat,e894d92938c6fb09b6455bcc49330902c0e3ea8ee65129f664f1718a4843e709,64,26,42.188,32.188,42.188,1,3;4,2,42.188,0.0,0.0,36feb735de9c12c7fce38bb41871a857599d88f96e0e63d787f22dfa979b0523,final_online_training_manifest.csv::soh_rated_pct
B0056_D0028,B0056,2446,ONLINE_FIXED_START_CAUSAL_10S_V1,PASS,B0056.mat,e894d92938c6fb09b6455bcc49330902c0e3ea8ee65129f664f1718a4843e709,68,27,42.281,32.281,42.281,1,3;4,2,42.281,0.0,0.0,50d3f894e63fe5e3396dc3ece82139a85419ca48015a65e732a5dca543bbcc32,final_online_training_manifest.csv::soh_rated_pct
B0056_D0029,B0056,2447,ONLINE_FIXED_START_CAUSAL_10S_V1,PASS,B0056.mat,e894d92938c6fb09b6455bcc49330902c0e3ea8ee65129f664f1718a4843e709,70,28,42.453,32.453,42.453,1,3;4,2,42.453,0.0,0.0,b6af77a1a633fec4f62d1330c0ab2e0ab09a9cdc7524cc7ffea3de03cf25f7d6,final_online_training_manifest.csv::soh_rated_pct
B0056_D0030,B0056,2448,ONLINE_FIXED_START_CAUSAL_10S_V1,PASS,B0056.mat,e894d92938c6fb09b6455bcc49330902c0e3ea8ee65129f664f1718a4843e709,72,29,42.578,32.578,42.578,1,3;4,2,42.577999999999996,0.0,0.0,e2dee89c93d5dfc416c793e6c4219c2a2ac10b12495b35d18bfcdb7192107e12,final_online_training_manifest.csv::soh_rated_pct
B0056_D0031,B0056,2449,ONLINE_FIXED_START_CAUSAL_10S_V1,PASS,B0056.mat,e894d92938c6fb09b6455bcc49330902c0e3ea8ee65129f664f1718a4843e709,74,30,42.782,32.782,42.782,1,3;4,2,42.782,0.0,0.0,628d1b1bc3bd7e6fa945686678fdeda995b81c0e5f3bf4cec8e342ba43ff5c47,final_online_training_manifest.csv::soh_rated_pct
B0056_D0032,B0056,2450,ONLINE_FIXED_START_CAUSAL_10S_V1,PASS,B0056.mat,e894d92938c6fb09b6455bcc49330902c0e3ea8ee65129f664f1718a4843e709,76,31,42.86,32.86,42.86,1,3;4,2,42.86,0.0,0.0,05378a2a01a7c625b63dc5f37c95320f5c51d36263f76344d29cbc64c2f0e3b4,final_online_training_manifest.csv::soh_rated_pct
B0056_D0033,B0056,2451,ONLINE_FIXED_START_CAUSAL_10S_V1,PASS,B0056.mat,e894d92938c6fb09b6455bcc49330902c0e3ea8ee65129f664f1718a4843e709,80,32,43.094,33.094,43.094,1,3;4,2,43.094,0.0,0.0,c7680563f226a140af8bca2cfff6fbd7422afaf60bb041a85d3bdbd5ae52b3fd,final_online_training_manifest.csv::soh_rated_pct
B0056_D0034,B0056,2452,ONLINE_FIXED_START_CAUSAL_10S_V1,PASS,B0056.mat,e894d92938c6fb09b6455bcc49330902c0e3ea8ee65129f664f1718a4843e709,82,33,42.953,32.953,42.953,1,3;4,2,42.953,0.0,0.0,b415ead970717a8b123f3c452b53e6f818b0baec786a197d5b7e89b4dfd9e686,final_online_training_manifest.csv::soh_rated_pct
B0056_D0035,B0056,2453,ONLINE_FIXED_START_CAUSAL_10S_V1,PASS,B0056.mat,e894d92938c6fb09b6455bcc49330902c0e3ea8ee65129f664f1718a4843e709,84,34,43.188,33.188,43.188,1,3;4,2,43.188,0.0,0.0,36846dbf6e6dcea19efe21e43f43f00b20a96fe741ae1bbcc4ac3ccd8a3ec069,final_online_training_manifest.csv::soh_rated_pct
B0056_D0036,B0056,2454,ONLINE_FIXED_START_CAUSAL_10S_V1,PASS,B0056.mat,e894d92938c6fb09b6455bcc49330902c0e3ea8ee65129f664f1718a4843e709,86,35,43.156,33.156,43.156,1,3;4,2,43.156,0.0,0.0,8ff3ca34bbc3222f9a18c1a8c0d1b8c1a22c18db05a57c9bb236e6c7733eacb8,final_online_training_manifest.csv::soh_rated_pct
B0056_D0037,B0056,2455,ONLINE_FIXED_START_CAUSAL_10S_V1,PASS,B0056.mat,e894d92938c6fb09b6455bcc49330902c0e3ea8ee65129f664f1718a4843e709,88,36,43.5,33.5,43.5,1,3;4,2,43.5,0.0,0.0,f4c86df147f76ee318ed2f6ff54956d886304588f9738925cbaf828f802ecc41,final_online_training_manifest.csv::soh_rated_pct
B0056_D0038,B0056,2456,ONLINE_FIXED_START_CAUSAL_10S_V1,PASS,B0056.mat,e894d92938c6fb09b6455bcc49330902c0e3ea8ee65129f664f1718a4843e709,92,37,43.5,33.5,43.5,1,3;4,2,43.5,0.0,0.0,4c2c1eeae53cf88f364c9713912010b029399c677f5982961bbc95e1adaa15cb,final_online_training_manifest.csv::soh_rated_pct
B0056_D0039,B0056,2457,ONLINE_FIXED_START_CAUSAL_10S_V1,PASS,B0056.mat,e894d92938c6fb09b6455bcc49330902c0e3ea8ee65129f664f1718a4843e709,94,38,43.64,33.64,43.64,1,3;4,2,43.64,0.0,0.0,16868127ff59327ee15dbbb83912b939a89a78c0775a1f163d9d54912222d5c9,final_online_training_manifest.csv::soh_rated_pct
B0056_D0040,B0056,2458,ONLINE_FIXED_START_CAUSAL_10S_V1,PASS,B0056.mat,e894d92938c6fb09b6455bcc49330902c0e3ea8ee65129f664f1718a4843e709,96,39,43.672,33.672000000000004,43.672,1,3;4,2,43.672000000000004,0.0,0.0,37abf245b90670035307033bbd8dad2d3a87797a9776f8af3f7a3972c8e65c89,final_online_training_manifest.csv::soh_rated_pct
B0056_D0041,B0056,2459,ONLINE_FIXED_START_CAUSAL_10S_V1,PASS,B0056.mat,e894d92938c6fb09b6455bcc49330902c0e3ea8ee65129f664f1718a4843e709,98,40,43.906,33.906,43.906,1,3;4,2,43.906,0.0,0.0,69b333a839768c09e9932756b24406d7566e17a18664cfa116f8e241d8e61e26,final_online_training_manifest.csv::soh_rated_pct
B0056_D0042,B0056,2460,ONLINE_FIXED_START_CAUSAL_10S_V1,PASS,B0056.mat,e894d92938c6fb09b6455bcc49330902c0e3ea8ee65129f664f1718a4843e709,100,41,44.219,34.218999999999994,44.219,1,3;4,2,44.218999999999994,0.0,0.0,925556dd34335bc0e86a64d83bc8125018de3b22f955d8c4ab40962ba552255f,final_online_training_manifest.csv::soh_rated_pct
B0056_D0043,B0056,2461,ONLINE_FIXED_START_CAUSAL_10S_V1,PASS,B0056.mat,e894d92938c6fb09b6455bcc49330902c0e3ea8ee65129f664f1718a4843e709,104,42,44.343,34.343,44.343,1,3;4,2,44.343,0.0,0.0,80b06ca69de6ce46622e7ca8f4973d3a34deb81b33757e4741443a015dc92fed,final_online_training_manifest.csv::soh_rated_pct
B0056_D0044,B0056,2462,ONLINE_FIXED_START_CAUSAL_10S_V1,PASS,B0056.mat,e894d92938c6fb09b6455bcc49330902c0e3ea8ee65129f664f1718a4843e709,108,43,44.437,34.437,44.437,1,3;4,2,44.437,0.0,0.0,c875b955b1d88cf868e357b94757b6956382ac4b04982ab39d56e003b415721b,final_online_training_manifest.csv::soh_rated_pct
B0056_D0045,B0056,2463,ONLINE_FIXED_START_CAUSAL_10S_V1,PASS,B0056.mat,e894d92938c6fb09b6455bcc49330902c0e3ea8ee65129f664f1718a4843e709,110,44,44.281,34.281,44.281,1,3;4,2,44.281,0.0,0.0,3d42f0ea7447e7772274c266280dd87ec0ac0f3dbf3db7b80d21578aa4a0ed49,final_online_training_manifest.csv::soh_rated_pct
B0056_D0046,B0056,2464,ONLINE_FIXED_START_CAUSAL_10S_V1,PASS,B0056.mat,e894d92938c6fb09b6455bcc49330902c0e3ea8ee65129f664f1718a4843e709,112,45,44.422,34.422,44.422,1,3;4,2,44.422,0.0,0.0,c27ca56e3005a3f20b208df328e237d64980ff45204bb3568d1a067260b101cd,final_online_training_manifest.csv::soh_rated_pct
B0056_D0047,B0056,2465,ONLINE_FIXED_START_CAUSAL_10S_V1,PASS,B0056.mat,e894d92938c6fb09b6455bcc49330902c0e3ea8ee65129f664f1718a4843e709,114,46,44.563,34.563,44.563,1,3;4,2,44.563,0.0,0.0,dff4f513ae85a53d0ddab63b0eaa3c4c30bfded6b18d69b56edf76bea4da3f88,final_online_training_manifest.csv::soh_rated_pct
B0056_D0048,B0056,2466,ONLINE_FIXED_START_CAUSAL_10S_V1,PASS,B0056.mat,e894d92938c6fb09b6455bcc49330902c0e3ea8ee65129f664f1718a4843e709,116,47,43.203,33.203,43.203,1,3;4,2,43.203,0.0,0.0,00699e786ebff477224956c1f721455f8e94dc821dba4e3a1d8c5fb6c0f9c538,final_online_training_manifest.csv::soh_rated_pct
B0056_D0049,B0056,2467,ONLINE_FIXED_START_CAUSAL_10S_V1,PASS,B0056.mat,e894d92938c6fb09b6455bcc49330902c0e3ea8ee65129f664f1718a4843e709,120,48,43.219,33.219,43.219,1,3;4,2,43.219,0.0,0.0,6062f4262f6c054fc4e073b1636f5aeba74a547578b0e89e132dc9413946b1b5,final_online_training_manifest.csv::soh_rated_pct
B0056_D0050,B0056,2468,ONLINE_FIXED_START_CAUSAL_10S_V1,PASS,B0056.mat,e894d92938c6fb09b6455bcc49330902c0e3ea8ee65129f664f1718a4843e709,122,49,43.14,33.14,43.14,1,3;4,2,43.14,0.0,0.0,b1e03c1e767f4c274e0dc6ffe7403b27c3234aff2aaa3d29e7c198d860a4eeef,final_online_training_manifest.csv::soh_rated_pct
B0056_D0051,B0056,2469,ONLINE_FIXED_START_CAUSAL_10S_V1,PASS,B0056.mat,e894d92938c6fb09b6455bcc49330902c0e3ea8ee65129f664f1718a4843e709,124,50,43.406,33.406,43.406,1,3;4,2,43.406,0.0,0.0,eddb6681439b73a28289d83a400952e2b13381a2e18e52741e6b9d80c2ccfe6b,final_online_training_manifest.csv::soh_rated_pct
B0056_D0052,B0056,2470,ONLINE_FIXED_START_CAUSAL_10S_V1,PASS,B0056.mat,e894d92938c6fb09b6455bcc49330902c0e3ea8ee65129f664f1718a4843e709,126,51,43.453,33.453,43.453,1,3;4,2,43.453,0.0,0.0,109a016fcb484a006c0efe71fc9e111f145428eb0038da2b13977caa84757c64,final_online_training_manifest.csv::soh_rated_pct
B0056_D0053,B0056,2471,ONLINE_FIXED_START_CAUSAL_10S_V1,PASS,B0056.mat,e894d92938c6fb09b6455bcc49330902c0e3ea8ee65129f664f1718a4843e709,128,52,43.75,33.75,43.75,1,3;4,2,43.75,0.0,0.0,e5ab71282203a1fb4b01694784d06ac1ff8a9ae3f341de00ff7784bae5253c68,final_online_training_manifest.csv::soh_rated_pct
B0056_D0054,B0056,2472,ONLINE_FIXED_START_CAUSAL_10S_V1,PASS,B0056.mat,e894d92938c6fb09b6455bcc49330902c0e3ea8ee65129f664f1718a4843e709,132,53,43.657,33.657,43.657,1,3;4,2,43.657,0.0,0.0,3e745b0f513fda64f69c20a550ffc3462023c0035b461343850be1cb37719db0,final_online_training_manifest.csv::soh_rated_pct
B0056_D0055,B0056,2473,ONLINE_FIXED_START_CAUSAL_10S_V1,PASS,B0056.mat,e894d92938c6fb09b6455bcc49330902c0e3ea8ee65129f664f1718a4843e709,134,54,43.812,33.812,43.812,1,3;4,2,43.812,0.0,0.0,41d5f8014ebaa1c00e1872af9598733820f8cf5cfd658b47dc7e781defb5b489,final_online_training_manifest.csv::soh_rated_pct
B0056_D0056,B0056,2474,ONLINE_FIXED_START_CAUSAL_10S_V1,PASS,B0056.mat,e894d92938c6fb09b6455bcc49330902c0e3ea8ee65129f664f1718a4843e709,136,55,44.0,34.0,44.0,1,3;4,2,44.0,0.0,0.0,2e0880807312abfa6d124f6ca5ec2a159ffccdea7a6e2e618af07428993761f0,final_online_training_manifest.csv::soh_rated_pct
B0056_D0057,B0056,2475,ONLINE_FIXED_START_CAUSAL_10S_V1,PASS,B0056.mat,e894d92938c6fb09b6455bcc49330902c0e3ea8ee65129f664f1718a4843e709,138,56,44.125,34.125,44.125,1,3;4,2,44.125,0.0,0.0,65a643f6701c3e7a530e94678ebda844fa1e60c5cacbc5611faf10a44594dd31,final_online_training_manifest.csv::soh_rated_pct
B0056_D0058,B0056,2476,ONLINE_FIXED_START_CAUSAL_10S_V1,PASS,B0056.mat,e894d92938c6fb09b6455bcc49330902c0e3ea8ee65129f664f1718a4843e709,140,57,44.328,34.328,44.328,1,3;4,2,44.328,0.0,0.0,9986b78cb904ffcc4eabfe58f8744747e18cbd1b7e16a3fb8ec4447ad3128f91,final_online_training_manifest.csv::soh_rated_pct
B0056_D0059,B0056,2477,ONLINE_FIXED_START_CAUSAL_10S_V1,PASS,B0056.mat,e894d92938c6fb09b6455bcc49330902c0e3ea8ee65129f664f1718a4843e709,144,58,44.328,34.328,44.328,1,3;4,2,44.328,0.0,0.0,bc2afb07469eefe7801a9da4b758ea77a3b1d8c41b0c09f1e8f570c446392067,final_online_training_manifest.csv::soh_rated_pct
B0056_D0060,B0056,2478,ONLINE_FIXED_START_CAUSAL_10S_V1,PASS,B0056.mat,e894d92938c6fb09b6455bcc49330902c0e3ea8ee65129f664f1718a4843e709,146,59,44.422,34.422,44.422,1,3;4,2,44.422,0.0,0.0,66e3acc29fa85ac9dc5634e20909dc7498f157134bb34c6da11e8683ad257dcc,final_online_training_manifest.csv::soh_rated_pct
B0056_D0061,B0056,2479,ONLINE_FIXED_START_CAUSAL_10S_V1,PASS,B0056.mat,e894d92938c6fb09b6455bcc49330902c0e3ea8ee65129f664f1718a4843e709,148,60,44.609,34.609,44.609,1,3;4,2,44.609,0.0,0.0,2c11f22f9688647e8c07f68f9c77be749d28680f966b851e54e69f9b709e93b3,final_online_training_manifest.csv::soh_rated_pct
B0056_D0062,B0056,2480,ONLINE_FIXED_START_CAUSAL_10S_V1,PASS,B0056.mat,e894d92938c6fb09b6455bcc49330902c0e3ea8ee65129f664f1718a4843e709,150,61,44.641000000000005,34.641000000000005,44.641000000000005,1,3;4,2,44.641000000000005,0.0,0.0,2814d2b5e784ef500f981505fdc904629541e2c3fda4b510596a501dcf20d12c,final_online_training_manifest.csv::soh_rated_pct
B0056_D0063,B0056,2481,ONLINE_FIXED_START_CAUSAL_10S_V1,PASS,B0056.mat,e894d92938c6fb09b6455bcc49330902c0e3ea8ee65129f664f1718a4843e709,152,62,44.859,34.858999999999995,44.859,1,3;4,2,44.858999999999995,0.0,0.0,82a366bd5630475c59d0f2f4b2a9b9a9fb4e49094a96b9518b455d45a0f9bbd8,final_online_training_manifest.csv::soh_rated_pct
B0056_D0064,B0056,2482,ONLINE_FIXED_START_CAUSAL_10S_V1,PASS,B0056.mat,e894d92938c6fb09b6455bcc49330902c0e3ea8ee65129f664f1718a4843e709,156,63,45.078,35.078,45.078,1,3;4,2,45.078,0.0,0.0,66f4898bd644d531fadd3b5e3aa60e974a7eade3e8d773045b4f500ae6231a6b,final_online_training_manifest.csv::soh_rated_pct
B0056_D0065,B0056,2483,ONLINE_FIXED_START_CAUSAL_10S_V1,PASS,B0056.mat,e894d92938c6fb09b6455bcc49330902c0e3ea8ee65129f664f1718a4843e709,158,64,45.0,35.0,45.0,1,3;4,2,45.0,0.0,0.0,9edd0b351df4590dd9670cb8667ee2cb239f5fb3cfd72016c58a84eac1176573,final_online_training_manifest.csv::soh_rated_pct
B0056_D0066,B0056,2484,ONLINE_FIXED_START_CAUSAL_10S_V1,PASS,B0056.mat,e894d92938c6fb09b6455bcc49330902c0e3ea8ee65129f664f1718a4843e709,160,65,45.109,35.109,45.109,1,3;4,2,45.109,0.0,0.0,155e3f33a77bc63548bcb59b22350f67bc60feab3688fd3f7fbe866c8c33dc23,final_online_training_manifest.csv::soh_rated_pct
B0056_D0067,B0056,2485,ONLINE_FIXED_START_CAUSAL_10S_V1,PASS,B0056.mat,e894d92938c6fb09b6455bcc49330902c0e3ea8ee65129f664f1718a4843e709,162,66,45.25,35.25,45.25,1,3;4,2,45.25,0.0,0.0,2595a4345672ad400e329729b1c76cd0b2852fe49aaec31c48031d80035d45e6,final_online_training_manifest.csv::soh_rated_pct
B0056_D0068,B0056,2486,ONLINE_FIXED_START_CAUSAL_10S_V1,PASS,B0056.mat,e894d92938c6fb09b6455bcc49330902c0e3ea8ee65129f664f1718a4843e709,164,67,45.375,35.375,45.375,1,3;4,2,45.375,0.0,0.0,45d729658b3e02b4b692fb574364f3e0df5c1874fa619090114be2401f980fc9,final_online_training_manifest.csv::soh_rated_pct
B0056_D0069,B0056,2487,ONLINE_FIXED_START_CAUSAL_10S_V1,PASS,B0056.mat,e894d92938c6fb09b6455bcc49330902c0e3ea8ee65129f664f1718a4843e709,168,68,45.391,35.391,45.391,1,3;4,2,45.391,0.0,0.0,fe2495f8880cc494fbef42134a2df33cbeee30cc0887d130cd9f1d74adb528ab,final_online_training_manifest.csv::soh_rated_pct
B0056_D0070,B0056,2488,ONLINE_FIXED_START_CAUSAL_10S_V1,PASS,B0056.mat,e894d92938c6fb09b6455bcc49330902c0e3ea8ee65129f664f1718a4843e709,172,69,45.469,35.469,45.469,1,3;4,2,45.469,0.0,0.0,388d16b8cf8c6c28dddb89a574ae596b7358d4ba3bd709c61ba6cf76daca0be9,final_online_training_manifest.csv::soh_rated_pct
B0056_D0071,B0056,2489,ONLINE_FIXED_START_CAUSAL_10S_V1,PASS,B0056.mat,e894d92938c6fb09b6455bcc49330902c0e3ea8ee65129f664f1718a4843e709,174,70,46.5,36.5,46.5,1,3;4,2,46.5,0.0,0.0,ac6d89944ea54a4c46a7ff6292c947b4c3d5c8d6c19ef165fb2c2d0c55b7e66a,final_online_training_manifest.csv::soh_rated_pct
B0056_D0072,B0056,2490,ONLINE_FIXED_START_CAUSAL_10S_V1,PASS,B0056.mat,e894d92938c6fb09b6455bcc49330902c0e3ea8ee65129f664f1718a4843e709,176,71,45.813,35.813,45.813,1,3;4,2,45.813,0.0,0.0,246f53bdcbdec5e97a6cdc428cd10539b3fc1e6fda467f11bd58c56ea35d23c3,final_online_training_manifest.csv::soh_rated_pct
B0056_D0073,B0056,2491,ONLINE_FIXED_START_CAUSAL_10S_V1,PASS,B0056.mat,e894d92938c6fb09b6455bcc49330902c0e3ea8ee65129f664f1718a4843e709,178,72,45.906,35.906,45.906,1,3;4,2,45.906,0.0,0.0,108c6eec6e3fc434a51c931469934eb0f705a32201fdcdbf7127d0b649f15102,final_online_training_manifest.csv::soh_rated_pct
B0056_D0074,B0056,2492,ONLINE_FIXED_START_CAUSAL_10S_V1,PASS,B0056.mat,e894d92938c6fb09b6455bcc49330902c0e3ea8ee65129f664f1718a4843e709,180,73,46.062,36.062,46.062,1,3;4,2,46.062,0.0,0.0,38bd447e973be568beb2875861c2a2d34a8d2d8ceacb1d16fd3a4181b78b48d9,final_online_training_manifest.csv::soh_rated_pct
B0056_D0075,B0056,2493,ONLINE_FIXED_START_CAUSAL_10S_V1,PASS,B0056.mat,e894d92938c6fb09b6455bcc49330902c0e3ea8ee65129f664f1718a4843e709,184,74,46.172,36.172,46.172,1,3;4,2,46.172,0.0,0.0,fa83e88d99ec92e035f73d7aa685512c84833ae4c8f1ef9e22de65ca51dd9ed2,final_online_training_manifest.csv::soh_rated_pct
B0056_D0076,B0056,2494,ONLINE_FIXED_START_CAUSAL_10S_V1,PASS,B0056.mat,e894d92938c6fb09b6455bcc49330902c0e3ea8ee65129f664f1718a4843e709,186,75,46.109,36.109,46.109,1,3;4,2,46.109,0.0,0.0,eedf4ab72ba9265294472f2b91fe6b8746b00478ae98db3dacd6d59d9bcfc44e,final_online_training_manifest.csv::soh_rated_pct
B0056_D0077,B0056,2495,ONLINE_FIXED_START_CAUSAL_10S_V1,PASS,B0056.mat,e894d92938c6fb09b6455bcc49330902c0e3ea8ee65129f664f1718a4843e709,188,76,46.203,36.203,46.203,1,3;4,2,46.202999999999996,0.0,0.0,cd60731bb0984e87570d5149cd95af9b489936cadb511f5e554807d60f574126,final_online_training_manifest.csv::soh_rated_pct
B0056_D0078,B0056,2496,ONLINE_FIXED_START_CAUSAL_10S_V1,PASS,B0056.mat,e894d92938c6fb09b6455bcc49330902c0e3ea8ee65129f664f1718a4843e709,190,77,46.453,36.453,46.453,1,3;4,2,46.453,0.0,0.0,ea8176a3ee58f2240560ac613a0589eacee069d3f674185c28785388435645be,final_online_training_manifest.csv::soh_rated_pct
B0056_D0079,B0056,2497,ONLINE_FIXED_START_CAUSAL_10S_V1,PASS,B0056.mat,e894d92938c6fb09b6455bcc49330902c0e3ea8ee65129f664f1718a4843e709,192,78,46.422,36.422,46.422,1,3;4,2,46.422,0.0,0.0,cf90a51510ac24dfae46235041bb5b2ec1cd174a010bf1266f10e18050094d20,final_online_training_manifest.csv::soh_rated_pct
B0056_D0080,B0056,2498,ONLINE_FIXED_START_CAUSAL_10S_V1,PASS,B0056.mat,e894d92938c6fb09b6455bcc49330902c0e3ea8ee65129f664f1718a4843e709,196,79,46.563,36.563,46.563,1,3;4,2,46.563,0.0,0.0,d4eb791786d25a4531a2ffbca6ec7ad51d166b7fd019c035e7339bce3ff89722,final_online_training_manifest.csv::soh_rated_pct
B0056_D0081,B0056,2499,ONLINE_FIXED_START_CAUSAL_10S_V1,PASS,B0056.mat,e894d92938c6fb09b6455bcc49330902c0e3ea8ee65129f664f1718a4843e709,198,80,46.578,36.578,46.578,1,3;4,2,46.577999999999996,0.0,0.0,2f09dca87a1a94512f03ea2645ba114cfefd5699779150b7e234edef883e0e03,final_online_training_manifest.csv::soh_rated_pct
B0056_D0082,B0056,2500,ONLINE_FIXED_START_CAUSAL_10S_V1,PASS,B0056.mat,e894d92938c6fb09b6455bcc49330902c0e3ea8ee65129f664f1718a4843e709,200,81,46.906,36.906,46.906,1,3;4,2,46.906,0.0,0.0,7825132de293e44bf3c544eb3d1879e4daca9adb08f9e9578ecc1807c6b42f54,final_online_training_manifest.csv::soh_rated_pct
B0056_D0083,B0056,2501,ONLINE_FIXED_START_CAUSAL_10S_V1,PASS,B0056.mat,e894d92938c6fb09b6455bcc49330902c0e3ea8ee65129f664f1718a4843e709,202,82,46.875,36.875,46.875,1,3;4,2,46.875,0.0,0.0,33d6a584cd5dcb5959719b9fd861ff8d0a85d4472cec318e115819534bb94140,final_online_training_manifest.csv::soh_rated_pct
B0056_D0084,B0056,2502,ONLINE_FIXED_START_CAUSAL_10S_V1,PASS,B0056.mat,e894d92938c6fb09b6455bcc49330902c0e3ea8ee65129f664f1718a4843e709,204,83,47.031,37.031,47.031,1,3;4,2,47.031,0.0,0.0,5c3feb638535c31d534fab8fb0c2fb0163ed161e6483d23787b5762f71773c17,final_online_training_manifest.csv::soh_rated_pct
B0056_D0085,B0056,2503,ONLINE_FIXED_START_CAUSAL_10S_V1,PASS,B0056.mat,e894d92938c6fb09b6455bcc49330902c0e3ea8ee65129f664f1718a4843e709,208,84,47.109,37.109,47.109,1,3;4,2,47.108999999999995,0.0,0.0,26c1e0bc28df7a0c116d46fc172d526be8771ec59dcf4fef19aa1b86dac9e0b0,final_online_training_manifest.csv::soh_rated_pct
B0056_D0086,B0056,2504,ONLINE_FIXED_START_CAUSAL_10S_V1,PASS,B0056.mat,e894d92938c6fb09b6455bcc49330902c0e3ea8ee65129f664f1718a4843e709,210,85,47.14,37.14,47.14,1,3;4,2,47.14,0.0,0.0,6564067d8fe87a4c157aa61e96a9538663f2c828ea93a68ff823d15a9a1136a0,final_online_training_manifest.csv::soh_rated_pct
B0056_D0087,B0056,2505,ONLINE_FIXED_START_CAUSAL_10S_V1,PASS,B0056.mat,e894d92938c6fb09b6455bcc49330902c0e3ea8ee65129f664f1718a4843e709,212,86,47.14,37.14,47.14,1,3;4,2,47.14,0.0,0.0,d8fdd18cb624c46e6746d648a767684f683ab93f4eac048041e85d3459f9d113,final_online_training_manifest.csv::soh_rated_pct
B0056_D0088,B0056,2506,ONLINE_FIXED_START_CAUSAL_10S_V1,PASS,B0056.mat,e894d92938c6fb09b6455bcc49330902c0e3ea8ee65129f664f1718a4843e709,214,87,47.547,37.547,47.547,1,3;4,2,47.547,0.0,0.0,e7d340480402718201615c4fa6a86232f356b826f1c9368655941db4c0a00d05,final_online_training_manifest.csv::soh_rated_pct
B0056_D0089,B0056,2507,ONLINE_FIXED_START_CAUSAL_10S_V1,PASS,B0056.mat,e894d92938c6fb09b6455bcc49330902c0e3ea8ee65129f664f1718a4843e709,216,88,48.282,38.282,48.282,1,3;4,2,48.282,0.0,0.0,985a4d64066501c72b6cbbc0705b1f111bbed1b80e423c65991c59f50544dfcb,final_online_training_manifest.csv::soh_rated_pct
B0056_D0090,B0056,2508,ONLINE_FIXED_START_CAUSAL_10S_V1,PASS,B0056.mat,e894d92938c6fb09b6455bcc49330902c0e3ea8ee65129f664f1718a4843e709,220,89,47.407,37.407,47.407,1,3;4,2,47.407,0.0,0.0,c518ba19d96a9bb2cc6c9a24214c40f76ee15169b37b62b48b51f753ed015713,final_online_training_manifest.csv::soh_rated_pct
B0056_D0091,B0056,2509,ONLINE_FIXED_START_CAUSAL_10S_V1,PASS,B0056.mat,e894d92938c6fb09b6455bcc49330902c0e3ea8ee65129f664f1718a4843e709,224,90,47.75,37.75,47.75,1,3;4,2,47.75,0.0,0.0,e5b7f423f0939440ced0ce32eec07a4869078f9264c33cf48b3b615504cad212,final_online_training_manifest.csv::soh_rated_pct
B0056_D0092,B0056,2510,ONLINE_FIXED_START_CAUSAL_10S_V1,PASS,B0056.mat,e894d92938c6fb09b6455bcc49330902c0e3ea8ee65129f664f1718a4843e709,226,91,47.703,37.703,47.703,1,3;4,2,47.703,0.0,0.0,3b3414837e0ae0d1d02c8768ee5a2602613a4655e3d207a52df54f9a514954cd,final_online_training_manifest.csv::soh_rated_pct
B0056_D0093,B0056,2511,ONLINE_FIXED_START_CAUSAL_10S_V1,PASS,B0056.mat,e894d92938c6fb09b6455bcc49330902c0e3ea8ee65129f664f1718a4843e709,228,92,47.844,37.844,47.844,1,3;4,2,47.844,0.0,0.0,23c4cc0a4a43c6dc726dd7d7663eed3ef335369537ef87d75e769bfde2dee681,final_online_training_manifest.csv::soh_rated_pct
B0056_D0094,B0056,2512,ONLINE_FIXED_START_CAUSAL_10S_V1,PASS,B0056.mat,e894d92938c6fb09b6455bcc49330902c0e3ea8ee65129f664f1718a4843e709,230,93,47.953,37.953,47.953,1,3;4,2,47.952999999999996,0.0,0.0,4dd1d14913a100d4455fd50fac72d807e530ccc6325f9ba5c24921b70d02194c,final_online_training_manifest.csv::soh_rated_pct
B0056_D0095,B0056,2513,ONLINE_FIXED_START_CAUSAL_10S_V1,PASS,B0056.mat,e894d92938c6fb09b6455bcc49330902c0e3ea8ee65129f664f1718a4843e709,232,94,48.125,38.125,48.125,1,3;4,2,48.125,0.0,0.0,2d28993845e3cc339e09d69d4975d350c69a889f4609101c69fe5044536e9808,final_online_training_manifest.csv::soh_rated_pct
B0056_D0096,B0056,2514,ONLINE_FIXED_START_CAUSAL_10S_V1,PASS,B0056.mat,e894d92938c6fb09b6455bcc49330902c0e3ea8ee65129f664f1718a4843e709,236,95,48.14,38.14,48.14,1,3;4,2,48.14,0.0,0.0,e28e4e64211f36bdadf5caa09931215ca9036be1d0f2901d82cdc7a2cb9c9485,final_online_training_manifest.csv::soh_rated_pct
B0056_D0097,B0056,2515,ONLINE_FIXED_START_CAUSAL_10S_V1,PASS,B0056.mat,e894d92938c6fb09b6455bcc49330902c0e3ea8ee65129f664f1718a4843e709,238,96,48.125,38.125,48.125,1,3;4,2,48.125,0.0,0.0,194f030def87464beb5ce477ed07ba499d86effcf17d167addb99d4a45aca89c,final_online_training_manifest.csv::soh_rated_pct
B0056_D0098,B0056,2516,ONLINE_FIXED_START_CAUSAL_10S_V1,PASS,B0056.mat,e894d92938c6fb09b6455bcc49330902c0e3ea8ee65129f664f1718a4843e709,240,97,48.359,38.359,48.359,1,3;4,2,48.359,0.0,0.0,df68d98d1878ecf8f680bd41728c26724e887fd2c3bb9c51f327c5015a3d7296,final_online_training_manifest.csv::soh_rated_pct
B0056_D0099,B0056,2517,ONLINE_FIXED_START_CAUSAL_10S_V1,PASS,B0056.mat,e894d92938c6fb09b6455bcc49330902c0e3ea8ee65129f664f1718a4843e709,242,98,48.484,38.484,48.484,1,3;4,2,48.484,0.0,0.0,47136039108c58924a912fe9c89bb82abe273e0a2e96ea489c7a24d1e3880d72,final_online_training_manifest.csv::soh_rated_pct
B0056_D0100,B0056,2518,ONLINE_FIXED_START_CAUSAL_10S_V1,PASS,B0056.mat,e894d92938c6fb09b6455bcc49330902c0e3ea8ee65129f664f1718a4843e709,244,99,48.547,38.547,48.547,1,3;4,2,48.547,0.0,0.0,1fda39628bcd05ee5be22fe8fd5d25cd45308db21d41f9e14c2ec5d209f99b82,final_online_training_manifest.csv::soh_rated_pct
B0056_D0101,B0056,2519,ONLINE_FIXED_START_CAUSAL_10S_V1,PASS,B0056.mat,e894d92938c6fb09b6455bcc49330902c0e3ea8ee65129f664f1718a4843e709,248,100,48.718,38.718,48.718,1,3;4,2,48.717999999999996,0.0,0.0,08d198c98c93f6eb76cab12868d81df0c256361a06009d50c473c78456a64b02,final_online_training_manifest.csv::soh_rated_pct
B0056_D0102,B0056,2520,ONLINE_FIXED_START_CAUSAL_10S_V1,PASS,B0056.mat,e894d92938c6fb09b6455bcc49330902c0e3ea8ee65129f664f1718a4843e709,250,101,48.984,38.984,48.984,1,3;4,2,48.984,0.0,0.0,cd4487783858be56e9fbdcff670d30b6da3858b07f348c9a593bb7b905db6a64,final_online_training_manifest.csv::soh_rated_pct
