cycle_uid,battery_id,mapping_status,raw_cycle_array_index,discharge_sequence_index,raw_capacity_ah,target_capacity_ah,capacity_abs_diff_ah
B0005_D0001,B0005,matched,1,0,1.8564874208181574,1.8564874208181568,6.661338147750939e-16
B0005_D0002,B0005,matched,3,1,1.846327249719927,1.8463272497199272,2.220446049250313e-16
B0005_D0003,B0005,matched,5,2,1.8353491942234077,1.8353491942234081,4.440892098500626e-16
B0005_D0004,B0005,matched,7,3,1.8352625275821128,1.8352625275821128,0.0
B0005_D0005,B0005,matched,9,4,1.8346455082120419,1.8346455082120416,2.220446049250313e-16
B0005_D0006,B0005,matched,11,5,1.8356616600675495,1.8356616600675497,2.220446049250313e-16
B0005_D0007,B0005,matched,13,6,1.8351461429226603,1.8351461429226603,0.0
B0005_D0008,B0005,matched,15,7,1.8257567905665537,1.8257567905665537,0.0
B0005_D0009,B0005,matched,17,8,1.8247738529891333,1.8247738529891335,2.220446049250313e-16
B0005_D0010,B0005,matched,19,9,1.824613268496936,1.8246132684969358,2.220446049250313e-16
B0005_D0011,B0005,matched,21,10,1.8246195526864504,1.8246195526864504,0.0
B0005_D0012,B0005,matched,24,11,1.8142019357673917,1.814201935767392,2.220446049250313e-16
B0005_D0013,B0005,matched,26,12,1.8137521577549054,1.813752157754905,4.440892098500626e-16
B0005_D0014,B0005,matched,28,13,1.8134404914735822,1.8134404914735824,2.220446049250313e-16
B0005_D0015,B0005,matched,30,14,1.8025980036306504,1.8025980036306504,0.0
B0005_D0016,B0005,matched,32,15,1.80210690024615,1.8021069002461505,4.440892098500626e-16
B0005_D0017,B0005,matched,34,16,1.802579500826209,1.8025795008262089,2.220446049250313e-16
B0005_D0018,B0005,matched,36,17,1.8030683142834096,1.8030683142834096,0.0
B0005_D0019,B0005,matched,38,18,1.8027776247196041,1.802777624719604,2.220446049250313e-16
B0005_D0020,B0005,matched,41,19,1.8470259949329193,1.8470259949329195,2.220446049250313e-16
B0005_D0021,B0005,matched,45,20,1.847417311283644,1.8474173112836438,2.220446049250313e-16
B0005_D0022,B0005,matched,49,21,1.8361774213478947,1.8361774213478943,4.440892098500626e-16
B0005_D0023,B0005,matched,53,22,1.8257807475776242,1.825780747577624,2.220446049250313e-16
B0005_D0024,B0005,matched,57,23,1.8251136435078368,1.8251136435078368,0.0
B0005_D0025,B0005,matched,61,24,1.8255815042203762,1.8255815042203762,0.0
B0005_D0026,B0005,matched,65,25,1.8140311275083907,1.814031127508391,2.220446049250313e-16
B0005_D0027,B0005,matched,69,26,1.8147691941158939,1.8147691941158937,2.220446049250313e-16
B0005_D0028,B0005,matched,73,27,1.813969388710352,1.8139693887103518,2.220446049250313e-16
B0005_D0029,B0005,matched,77,28,1.802765665167823,1.802765665167823,0.0
B0005_D0030,B0005,matched,81,29,1.804077040117352,1.804077040117352,0.0
B0005_D0031,B0005,matched,85,30,1.8518025516704486,1.8518025516704488,2.220446049250313e-16
B0005_D0032,B0005,matched,89,31,1.8307038456739428,1.8307038456739428,0.0
B0005_D0033,B0005,matched,93,32,1.8199041089501267,1.8199041089501273,6.661338147750939e-16
B0005_D0034,B0005,matched,97,33,1.8093079637028517,1.8093079637028522,4.440892098500626e-16
B0005_D0035,B0005,matched,101,34,1.80460990458052,1.8046099045805202,2.220446049250313e-16
B0005_D0036,B0005,matched,105,35,1.7993770651972192,1.7993770651972192,0.0
B0005_D0037,B0005,matched,109,36,1.7884432335370462,1.7884432335370462,0.0
B0005_D0038,B0005,matched,113,37,1.7829230484252723,1.7829230484252725,2.220446049250313e-16
B0005_D0039,B0005,matched,117,38,1.7730337158018288,1.7730337158018288,0.0
B0005_D0040,B0005,matched,121,39,1.773037755078937,1.7730377550789371,2.220446049250313e-16
B0005_D0041,B0005,matched,125,40,1.7678721106662054,1.7678721106662052,2.220446049250313e-16
B0005_D0042,B0005,matched,129,41,1.7623150704093087,1.762315070409309,2.220446049250313e-16
B0005_D0043,B0005,matched,133,42,1.7676172924938447,1.7676172924938447,0.0
B0005_D0044,B0005,matched,135,43,1.762668359743147,1.762668359743147,0.0
B0005_D0045,B0005,matched,139,44,1.7517304870664143,1.7517304870664143,0.0
B0005_D0046,B0005,matched,143,45,1.7418496047960008,1.7418496047960008,0.0
B0005_D0047,B0005,matched,147,46,1.7360913511847138,1.7360913511847138,0.0
B0005_D0048,B0005,matched,149,47,1.7936240148573608,1.7936240148573608,0.0
B0005_D0049,B0005,matched,153,48,1.7831890223273275,1.7831890223273277,2.220446049250313e-16
B0005_D0050,B0005,matched,157,49,1.7673642076278957,1.7673642076278957,0.0
B0005_D0051,B0005,matched,161,50,1.7570177850353066,1.7570177850353064,2.220446049250313e-16
B0005_D0052,B0005,matched,165,51,1.7468706179837907,1.7468706179837907,0.0
B0005_D0053,B0005,matched,169,52,1.7417172507457144,1.7417172507457144,0.0
B0005_D0054,B0005,matched,173,53,1.7364225056478186,1.7364225056478189,2.220446049250313e-16
B0005_D0055,B0005,matched,177,54,1.7263217239235826,1.7263217239235826,0.0
B0005_D0056,B0005,matched,181,55,1.7158065389330133,1.7158065389330133,0.0
B0005_D0057,B0005,matched,185,56,1.710533351135192,1.710533351135192,0.0
B0005_D0058,B0005,matched,189,57,1.706014499648521,1.706014499648521,0.0
B0005_D0059,B0005,matched,193,58,1.7003110272642588,1.7003110272642588,0.0
B0005_D0060,B0005,matched,197,59,1.6945798601797895,1.6945798601797895,0.0
B0005_D0061,B0005,matched,201,60,1.6849029086609286,1.6849029086609286,0.0
B0005_D0062,B0005,matched,205,61,1.6744741591159717,1.6744741591159715,2.220446049250313e-16
B0005_D0063,B0005,matched,209,62,1.6745692479879102,1.6745692479879102,0.0
B0005_D0064,B0005,matched,213,63,1.663716375981405,1.6637163759814053,2.220446049250313e-16
B0005_D0065,B0005,matched,215,64,1.659013868748246,1.6590138687482459,2.220446049250313e-16
B0005_D0066,B0005,matched,219,65,1.6538540573335014,1.6538540573335014,0.0
B0005_D0067,B0005,matched,223,66,1.642653782130131,1.642653782130131,0.0
B0005_D0068,B0005,matched,227,67,1.6378578430223698,1.6378578430223698,0.0
B0005_D0069,B0005,matched,231,68,1.6327350407099108,1.632735040709911,2.220446049250313e-16
B0005_D0070,B0005,matched,235,69,1.6277528915533617,1.6277528915533617,0.0
B0005_D0071,B0005,matched,239,70,1.622125485521159,1.622125485521159,0.0
B0005_D0072,B0005,matched,243,71,1.6113256603765849,1.6113256603765849,0.0
B0005_D0073,B0005,matched,247,72,1.6065631397488385,1.6065631397488387,2.220446049250313e-16
B0005_D0074,B0005,matched,251,73,1.6015142233917594,1.6015142233917594,0.0
B0005_D0075,B0005,matched,255,74,1.590369231400328,1.590369231400328,0.0
B0005_D0076,B0005,matched,259,75,1.5857889968242211,1.5857889968242211,0.0
B0005_D0077,B0005,matched,263,76,1.5849430707374117,1.5849430707374117,0.0
B0005_D0078,B0005,matched,265,77,1.5955263892495937,1.5955263892495934,2.220446049250313e-16
B0005_D0079,B0005,matched,269,78,1.5747301747801037,1.5747301747801037,0.0
B0005_D0080,B0005,matched,273,79,1.5649019950937946,1.5649019950937946,0.0
B0005_D0081,B0005,matched,277,80,1.5597659473370362,1.5597659473370362,0.0
B0005_D0082,B0005,matched,281,81,1.5594815668184234,1.5594815668184234,0.0
B0005_D0083,B0005,matched,285,82,1.55468935359061,1.55468935359061,0.0
B0005_D0084,B0005,matched,289,83,1.5488741079890418,1.5488741079890418,0.0
B0005_D0085,B0005,matched,293,84,1.538236598942558,1.538236598942558,0.0
B0005_D0086,B0005,matched,297,85,1.527914258251028,1.5279142582510277,2.220446049250313e-16
B0005_D0087,B0005,matched,301,86,1.5285252629756445,1.5285252629756445,0.0
B0005_D0088,B0005,matched,305,87,1.522647325284378,1.522647325284378,0.0
B0005_D0089,B0005,matched,309,88,1.5174859938489869,1.5174859938489869,0.0
B0005_D0090,B0005,matched,312,89,1.605818899130659,1.605818899130659,0.0
B0005_D0091,B0005,matched,315,90,1.5638491446744425,1.5638491446744425,0.0
B0005_D0092,B0005,matched,319,91,1.5480915247767786,1.5480915247767786,0.0
B0005_D0093,B0005,matched,323,92,1.5323755631868592,1.5323755631868594,2.220446049250313e-16
B0005_D0094,B0005,matched,327,93,1.5269528268489705,1.5269528268489705,0.0
B0005_D0095,B0005,matched,331,94,1.5169573017136326,1.5169573017136326,0.0
B0005_D0096,B0005,matched,335,95,1.5118975960142693,1.511897596014269,2.220446049250313e-16
B0005_D0097,B0005,matched,339,96,1.5065638960681105,1.5065638960681105,0.0
B0005_D0098,B0005,matched,343,97,1.5015453526671363,1.5015453526671363,0.0
B0005_D0099,B0005,matched,347,98,1.4908444050400238,1.4908444050400238,0.0
B0005_D0100,B0005,matched,351,99,1.485868384561201,1.4858683845612013,2.220446049250313e-16
B0005_D0101,B0005,matched,355,100,1.480413677976106,1.4804136779761057,2.220446049250313e-16
B0005_D0102,B0005,matched,359,101,1.4752095869031632,1.4752095869031632,0.0
B0005_D0103,B0005,matched,363,102,1.4859035988304024,1.4859035988304024,0.0
B0005_D0104,B0005,matched,366,103,1.4960918298136696,1.4960918298136696,0.0
B0005_D0105,B0005,matched,370,104,1.4808005946928984,1.4808005946928984,0.0
B0005_D0106,B0005,matched,374,105,1.4697543268466824,1.4697543268466824,0.0
B0005_D0107,B0005,matched,378,106,1.4539012274845928,1.4539012274845928,0.0
B0005_D0108,B0005,matched,382,107,1.4541462067235693,1.454146206723569,2.220446049250313e-16
B0005_D0109,B0005,matched,386,108,1.455023751906683,1.455023751906683,0.0
B0005_D0110,B0005,matched,390,109,1.449042163761236,1.449042163761236,0.0
B0005_D0111,B0005,matched,394,110,1.4386709371480566,1.4386709371480566,0.0
B0005_D0112,B0005,matched,398,111,1.433445432156979,1.4334454321569787,2.220446049250313e-16
B0005_D0113,B0005,matched,402,112,1.4333958900838095,1.4333958900838095,0.0
B0005_D0114,B0005,matched,406,113,1.42806487344776,1.4280648734477601,2.220446049250313e-16
B0005_D0115,B0005,matched,410,114,1.4229203181741186,1.4229203181741186,0.0
B0005_D0116,B0005,matched,414,115,1.417429032731308,1.417429032731308,0.0
B0005_D0117,B0005,matched,418,116,1.412409228794446,1.412409228794446,0.0
B0005_D0118,B0005,matched,422,117,1.412578792940193,1.412578792940193,0.0
B0005_D0119,B0005,matched,426,118,1.4075983731469897,1.4075983731469897,0.0
B0005_D0120,B0005,matched,430,119,1.4333920485221476,1.4333920485221479,2.220446049250313e-16
B0005_D0121,B0005,matched,432,120,1.4382550176792908,1.4382550176792908,0.0
B0005_D0122,B0005,matched,436,121,1.4173547174485526,1.4173547174485526,0.0
B0005_D0123,B0005,matched,440,122,1.406981663677643,1.406981663677643,0.0
B0005_D0124,B0005,matched,444,123,1.4012037783587625,1.4012037783587623,2.220446049250313e-16
B0005_D0125,B0005,matched,448,124,1.3967008232726328,1.3967008232726328,0.0
B0005_D0126,B0005,matched,452,125,1.391284788852726,1.3912847888527262,2.220446049250313e-16
B0005_D0127,B0005,matched,456,126,1.3862287677978349,1.3862287677978349,0.0
B0005_D0128,B0005,matched,460,127,1.3804366761974138,1.3804366761974136,2.220446049250313e-16
B0005_D0129,B0005,matched,464,128,1.3752364150256224,1.3752364150256224,0.0
B0005_D0130,B0005,matched,468,129,1.3705128024895008,1.370512802489501,2.220446049250313e-16
B0005_D0131,B0005,matched,472,130,1.3705085566270399,1.37050855662704,2.220446049250313e-16
B0005_D0132,B0005,matched,476,131,1.3647355108681518,1.3647355108681518,0.0
B0005_D0133,B0005,matched,480,132,1.375392016895762,1.375392016895762,0.0
B0005_D0134,B0005,matched,482,133,1.3861115151535393,1.3861115151535393,0.0
B0005_D0135,B0005,matched,484,134,1.3698500035838939,1.369850003583894,2.220446049250313e-16
B0005_D0136,B0005,matched,488,135,1.3647827949260758,1.3647827949260758,0.0
B0005_D0137,B0005,matched,492,136,1.3543220466259964,1.3543220466259964,0.0
B0005_D0138,B0005,matched,496,137,1.3546417018378962,1.3546417018378962,0.0
B0005_D0139,B0005,matched,500,138,1.3547039213192407,1.354703921319241,2.220446049250313e-16
B0005_D0140,B0005,matched,504,139,1.349314997503458,1.3493149975034582,2.220446049250313e-16
B0005_D0141,B0005,matched,508,140,1.3441891937970554,1.3441891937970554,0.0
B0005_D0142,B0005,matched,512,141,1.3389913790695755,1.3389913790695755,0.0
B0005_D0143,B0005,matched,516,142,1.3389145230206971,1.3389145230206971,0.0
B0005_D0144,B0005,matched,520,143,1.3340066759761655,1.3340066759761655,0.0
B0005_D0145,B0005,matched,524,144,1.3286444309174914,1.3286444309174914,0.0
B0005_D0146,B0005,matched,528,145,1.3231708992276219,1.3231708992276223,4.440892098500626e-16
B0005_D0147,B0005,matched,532,146,1.3181691588445197,1.3181691588445197,0.0
B0005_D0148,B0005,matched,536,147,1.3184664436640334,1.3184664436640334,0.0
B0005_D0149,B0005,matched,540,148,1.318293040102702,1.318293040102702,0.0
B0005_D0150,B0005,matched,544,149,1.323872422244268,1.323872422244268,0.0
B0005_D0151,B0005,matched,547,150,1.3601216766554785,1.3601216766554785,0.0
B0005_D0152,B0005,matched,551,151,1.3395306867947354,1.3395306867947354,0.0
B0005_D0153,B0005,matched,555,152,1.3290286565120697,1.3290286565120697,0.0
B0005_D0154,B0005,matched,559,153,1.3236741274998955,1.3236741274998958,2.220446049250313e-16
B0005_D0155,B0005,matched,563,154,1.318633896753293,1.3186338967532931,2.220446049250313e-16
B0005_D0156,B0005,matched,567,155,1.3134751321324272,1.3134751321324272,0.0
B0005_D0157,B0005,matched,571,156,1.3132020634442203,1.31320206344422,2.220446049250313e-16
B0005_D0158,B0005,matched,575,157,1.3077959946944353,1.3077959946944353,0.0
B0005_D0159,B0005,matched,579,158,1.3030329186405918,1.303032918640592,2.220446049250313e-16
B0005_D0160,B0005,matched,583,159,1.3033573559038205,1.3033573559038203,2.220446049250313e-16
B0005_D0161,B0005,matched,587,160,1.3034100438655642,1.3034100438655642,0.0
B0005_D0162,B0005,matched,591,161,1.2978870806495706,1.2978870806495706,0.0
B0005_D0163,B0005,matched,595,162,1.2980735056918902,1.2980735056918902,0.0
B0005_D0164,B0005,matched,599,163,1.293463613844243,1.293463613844243,0.0
B0005_D0165,B0005,matched,603,164,1.288003392619118,1.2880033926191181,2.220446049250313e-16
B0005_D0166,B0005,matched,607,165,1.2874525221379407,1.2874525221379407,0.0
B0005_D0167,B0005,matched,611,166,1.3090153642307354,1.3090153642307354,0.0
B0005_D0168,B0005,matched,613,167,1.3250793286429356,1.3250793286429356,0.0
B0006_D0001,B0006,matched,1,0,2.035337591005598,2.035337591005598,0.0
B0006_D0002,B0006,matched,3,1,2.0251402460314116,2.025140246031412,4.440892098500626e-16
B0006_D0003,B0006,matched,5,2,2.013326371345464,2.013326371345464,0.0
B0006_D0004,B0006,matched,7,3,2.0132846655407413,2.0132846655407413,0.0
B0006_D0005,B0006,matched,9,4,2.000528337624771,2.0005283376247713,4.440892098500626e-16
B0006_D0006,B0006,matched,11,5,2.0138990759931645,2.0138990759931645,0.0
B0006_D0007,B0006,matched,13,6,2.013101105626967,2.013101105626967,0.0
B0006_D0008,B0006,matched,15,7,1.9687898262728398,1.9687898262728398,0.0
B0006_D0009,B0006,matched,17,8,1.9681661764334244,1.9681661764334248,4.440892098500626e-16
B0006_D0010,B0006,matched,19,9,1.9572307917560536,1.9572307917560536,0.0
B0006_D0011,B0006,matched,21,10,1.9455991514129352,1.9455991514129352,0.0
B0006_D0012,B0006,matched,24,11,1.9347505044841131,1.934750504484113,2.220446049250313e-16
B0006_D0013,B0006,matched,26,12,1.9232799539368028,1.9232799539368028,0.0
B0006_D0014,B0006,matched,28,13,1.911889930948487,1.911889930948487,0.0
B0006_D0015,B0006,matched,30,14,1.9010667141979305,1.9010667141979303,2.220446049250313e-16
B0006_D0016,B0006,matched,32,15,1.8891989948061458,1.8891989948061456,2.220446049250313e-16
B0006_D0017,B0006,matched,34,16,1.878278372248849,1.878278372248849,0.0
B0006_D0018,B0006,matched,36,17,1.8675697161520206,1.8675697161520208,2.220446049250313e-16
B0006_D0019,B0006,matched,38,18,1.8675892574453767,1.867589257445377,2.220446049250313e-16
B0006_D0020,B0006,matched,41,19,1.979626548250818,1.9796265482508175,4.440892098500626e-16
B0006_D0021,B0006,matched,45,20,1.9575499080884022,1.9575499080884022,0.0
B0006_D0022,B0006,matched,49,21,1.9458150170787551,1.9458150170787554,2.220446049250313e-16
B0006_D0023,B0006,matched,53,22,1.9242461121680094,1.9242461121680088,6.661338147750939e-16
B0006_D0024,B0006,matched,57,23,1.9459811331421641,1.945981133142164,2.220446049250313e-16
B0006_D0025,B0006,matched,61,24,1.901407930553079,1.901407930553079,0.0
B0006_D0026,B0006,matched,65,25,1.878674213680085,1.8786742136800847,2.220446049250313e-16
B0006_D0027,B0006,matched,69,26,1.8683061328264219,1.8683061328264217,2.220446049250313e-16
B0006_D0028,B0006,matched,73,27,1.8560244070082998,1.8560244070082998,0.0
B0006_D0029,B0006,matched,77,28,1.8451997961855777,1.8451997961855773,4.440892098500626e-16
B0006_D0030,B0006,matched,81,29,1.857228890885317,1.8572288908853167,2.220446049250313e-16
B0006_D0031,B0006,matched,85,30,1.9247760889090635,1.924776088909064,4.440892098500626e-16
B0006_D0032,B0006,matched,89,31,1.8822317526092551,1.8822317526092553,2.220446049250313e-16
B0006_D0033,B0006,matched,93,32,1.855276687885587,1.855276687885587,0.0
B0006_D0034,B0006,matched,97,33,1.8392508917181876,1.839250891718188,4.440892098500626e-16
B0006_D0035,B0006,matched,101,34,1.8185396073994429,1.8185396073994429,0.0
B0006_D0036,B0006,matched,105,35,1.8134770059567056,1.8134770059567058,2.220446049250313e-16
B0006_D0037,B0006,matched,109,36,1.7971018450305436,1.7971018450305436,0.0
B0006_D0038,B0006,matched,113,37,1.7810046294120476,1.7810046294120476,0.0
B0006_D0039,B0006,matched,117,38,1.7710130422682329,1.7710130422682329,0.0
B0006_D0040,B0006,matched,121,39,1.7604712448170943,1.7604712448170945,2.220446049250313e-16
B0006_D0041,B0006,matched,125,40,1.7502913788006587,1.7502913788006589,2.220446049250313e-16
B0006_D0042,B0006,matched,129,41,1.7394925037732578,1.7394925037732576,2.220446049250313e-16
B0006_D0043,B0006,matched,133,42,1.7546766553637203,1.7546766553637203,0.0
B0006_D0044,B0006,matched,135,43,1.7659390941842175,1.7659390941842177,2.220446049250313e-16
B0006_D0045,B0006,matched,139,44,1.7337887419624838,1.7337887419624838,0.0
B0006_D0046,B0006,matched,143,45,1.713325912040734,1.713325912040734,0.0
B0006_D0047,B0006,matched,147,46,1.7024077813673466,1.7024077813673466,0.0
B0006_D0048,B0006,matched,149,47,1.82371946178183,1.8237194617818302,2.220446049250313e-16
B0006_D0049,B0006,matched,153,48,1.8081284050314708,1.8081284050314708,0.0
B0006_D0050,B0006,matched,157,49,1.7757610945034283,1.7757610945034283,0.0
B0006_D0051,B0006,matched,161,50,1.7447409841836798,1.7447409841836798,0.0
B0006_D0052,B0006,matched,165,51,1.729207034132373,1.729207034132373,0.0
B0006_D0053,B0006,matched,169,52,1.7081086552553244,1.7081086552553244,0.0
B0006_D0054,B0006,matched,173,53,1.6975954237461768,1.6975954237461766,2.220446049250313e-16
B0006_D0055,B0006,matched,177,54,1.6820634524029463,1.6820634524029463,0.0
B0006_D0056,B0006,matched,181,55,1.6714768322295086,1.6714768322295086,0.0
B0006_D0057,B0006,matched,185,56,1.6607591387047655,1.6607591387047653,2.220446049250313e-16
B0006_D0058,B0006,matched,189,57,1.651121015038069,1.651121015038069,0.0
B0006_D0059,B0006,matched,193,58,1.6401349256190927,1.640134925619093,2.220446049250313e-16
B0006_D0060,B0006,matched,197,59,1.6291999416165441,1.629199941616544,2.220446049250313e-16
B0006_D0061,B0006,matched,201,60,1.6088496302961666,1.6088496302961663,2.220446049250313e-16
B0006_D0062,B0006,matched,205,61,1.6035244898969248,1.6035244898969248,0.0
B0006_D0063,B0006,matched,209,62,1.5989712144027983,1.598971214402798,2.220446049250313e-16
B0006_D0064,B0006,matched,213,63,1.5876273123575604,1.5876273123575604,0.0
B0006_D0065,B0006,matched,215,64,1.5829719744686166,1.5829719744686168,2.220446049250313e-16
B0006_D0066,B0006,matched,219,65,1.567137636713563,1.567137636713563,0.0
B0006_D0067,B0006,matched,223,66,1.5613446139713882,1.5613446139713885,2.220446049250313e-16
B0006_D0068,B0006,matched,227,67,1.5511711892790419,1.551171189279042,2.220446049250313e-16
B0006_D0069,B0006,matched,231,68,1.5406741606295171,1.5406741606295171,0.0
B0006_D0070,B0006,matched,235,69,1.5253138744624433,1.5253138744624435,2.220446049250313e-16
B0006_D0071,B0006,matched,239,70,1.5301570318067428,1.5301570318067428,0.0
B0006_D0072,B0006,matched,243,71,1.5246566834474087,1.524656683447409,2.220446049250313e-16
B0006_D0073,B0006,matched,247,72,1.5145492986655427,1.5145492986655429,2.220446049250313e-16
B0006_D0074,B0006,matched,251,73,1.509391504602082,1.509391504602082,0.0
B0006_D0075,B0006,matched,255,74,1.5039974333050705,1.5039974333050703,2.220446049250313e-16
B0006_D0076,B0006,matched,259,75,1.4935201918040188,1.493520191804019,2.220446049250313e-16
B0006_D0077,B0006,matched,263,76,1.4876323024497422,1.4876323024497422,0.0
B0006_D0078,B0006,matched,265,77,1.5302876214401704,1.5302876214401704,0.0
B0006_D0079,B0006,matched,269,78,1.5040760088360112,1.5040760088360114,2.220446049250313e-16
B0006_D0080,B0006,matched,273,79,1.4887593608730894,1.4887593608730894,0.0
B0006_D0081,B0006,matched,277,80,1.4782779285546637,1.4782779285546637,0.0
B0006_D0082,B0006,matched,281,81,1.478459982215684,1.478459982215684,0.0
B0006_D0083,B0006,matched,285,82,1.473214844899973,1.473214844899973,0.0
B0006_D0084,B0006,matched,289,83,1.4675164935067897,1.4675164935067897,0.0
B0006_D0085,B0006,matched,293,84,1.4516292657521335,1.4516292657521337,2.220446049250313e-16
B0006_D0086,B0006,matched,297,85,1.4519237720967177,1.4519237720967175,2.220446049250313e-16
B0006_D0087,B0006,matched,301,86,1.4471484694777745,1.4471484694777743,2.220446049250313e-16
B0006_D0088,B0006,matched,305,87,1.4468538105659885,1.4468538105659885,0.0
B0006_D0089,B0006,matched,309,88,1.4416741930284678,1.4416741930284678,0.0
B0006_D0090,B0006,matched,312,89,1.5935866593100128,1.5935866593100128,0.0
B0006_D0091,B0006,matched,315,90,1.5463902376915637,1.546390237691564,2.220446049250313e-16
B0006_D0092,B0006,matched,319,91,1.51470559175661,1.51470559175661,0.0
B0006_D0093,B0006,matched,323,92,1.4989786083335404,1.4989786083335404,0.0
B0006_D0094,B0006,matched,327,93,1.4831110745410492,1.4831110745410492,0.0
B0006_D0095,B0006,matched,331,94,1.4729664825468278,1.4729664825468278,0.0
B0006_D0096,B0006,matched,335,95,1.4627604396099307,1.4627604396099307,0.0
B0006_D0097,B0006,matched,339,96,1.4518364681062514,1.4518364681062514,0.0
B0006_D0098,B0006,matched,343,97,1.4468670644030392,1.4468670644030395,2.220446049250313e-16
B0006_D0099,B0006,matched,347,98,1.441380399427779,1.4413803994277792,2.220446049250313e-16
B0006_D0100,B0006,matched,351,99,1.431210744960774,1.431210744960774,0.0
B0006_D0101,B0006,matched,355,100,1.4260247179525716,1.4260247179525714,2.220446049250313e-16
B0006_D0102,B0006,matched,359,101,1.420487649966195,1.420487649966195,0.0
B0006_D0103,B0006,matched,363,102,1.4207006230355006,1.4207006230355006,0.0
B0006_D0104,B0006,matched,366,103,1.452255804330839,1.4522558043308387,2.220446049250313e-16
B0006_D0105,B0006,matched,370,104,1.431557632772571,1.431557632772571,0.0
B0006_D0106,B0006,matched,374,105,1.415015751158943,1.415015751158943,0.0
B0006_D0107,B0006,matched,378,106,1.4097311506517451,1.4097311506517451,0.0
B0006_D0108,B0006,matched,382,107,1.404917318129309,1.404917318129309,0.0
B0006_D0109,B0006,matched,386,108,1.395164296571563,1.395164296571563,0.0
B0006_D0110,B0006,matched,390,109,1.3945343832614077,1.3945343832614077,0.0
B0006_D0111,B0006,matched,394,110,1.3893171179312644,1.3893171179312644,0.0
B0006_D0112,B0006,matched,398,111,1.3838379472327809,1.3838379472327806,2.220446049250313e-16
B0006_D0113,B0006,matched,402,112,1.3736814238195123,1.3736814238195123,0.0
B0006_D0114,B0006,matched,406,113,1.3786059891863676,1.3786059891863676,0.0
B0006_D0115,B0006,matched,410,114,1.3737600299108574,1.3737600299108577,2.220446049250313e-16
B0006_D0116,B0006,matched,414,115,1.3682580583942712,1.3682580583942712,0.0
B0006_D0117,B0006,matched,418,116,1.3633024037317505,1.3633024037317505,0.0
B0006_D0118,B0006,matched,422,117,1.3580966140172601,1.3580966140172597,4.440892098500626e-16
B0006_D0119,B0006,matched,426,118,1.353269090999531,1.353269090999531,0.0
B0006_D0120,B0006,matched,430,119,1.3841605738237488,1.3841605738237488,0.0
B0006_D0121,B0006,matched,432,120,1.4051467790651473,1.4051467790651473,0.0
B0006_D0122,B0006,matched,436,121,1.378719022627353,1.378719022627353,0.0
B0006_D0123,B0006,matched,440,122,1.3682657783199066,1.3682657783199064,2.220446049250313e-16
B0006_D0124,B0006,matched,444,123,1.3573151296618016,1.3573151296618016,0.0
B0006_D0125,B0006,matched,448,124,1.3524934638801596,1.3524934638801596,0.0
B0006_D0126,B0006,matched,452,125,1.3474099151661236,1.3474099151661236,0.0
B0006_D0127,B0006,matched,456,126,1.3370075130842318,1.3370075130842318,0.0
B0006_D0128,B0006,matched,460,127,1.3312352966718526,1.3312352966718526,0.0
B0006_D0129,B0006,matched,464,128,1.3259303781727643,1.3259303781727645,2.220446049250313e-16
B0006_D0130,B0006,matched,468,129,1.321578743867529,1.321578743867529,0.0
B0006_D0131,B0006,matched,472,130,1.321225074066109,1.321225074066109,0.0
B0006_D0132,B0006,matched,476,131,1.3156485301862682,1.3156485301862682,0.0
B0006_D0133,B0006,matched,480,132,1.3209025697502388,1.320902569750239,2.220446049250313e-16
B0006_D0134,B0006,matched,482,133,1.3474328767273906,1.3474328767273906,0.0
B0006_D0135,B0006,matched,484,134,1.3260128072353616,1.3260128072353614,2.220446049250313e-16
B0006_D0136,B0006,matched,488,135,1.3101186784831063,1.3101186784831065,2.220446049250313e-16
B0006_D0137,B0006,matched,492,136,1.30521620229393,1.30521620229393,0.0
B0006_D0138,B0006,matched,496,137,1.3004061951355774,1.3004061951355774,0.0
B0006_D0139,B0006,matched,500,138,1.300235735841116,1.300235735841116,0.0
B0006_D0140,B0006,matched,504,139,1.2895066722480755,1.2895066722480757,2.220446049250313e-16
B0006_D0141,B0006,matched,508,140,1.279253057384795,1.279253057384795,0.0
B0006_D0142,B0006,matched,512,141,1.2792078171714618,1.2792078171714618,0.0
B0006_D0143,B0006,matched,516,142,1.274036760902923,1.2740367609029233,2.220446049250313e-16
B0006_D0144,B0006,matched,520,143,1.2741273923001468,1.2741273923001468,0.0
B0006_D0145,B0006,matched,524,144,1.2637639426440779,1.263763942644078,2.220446049250313e-16
B0006_D0146,B0006,matched,528,145,1.2581373688955233,1.2581373688955233,0.0
B0006_D0147,B0006,matched,532,146,1.253259864055301,1.253259864055301,0.0
B0006_D0148,B0006,matched,536,147,1.2532313315493426,1.2532313315493426,0.0
B0006_D0149,B0006,matched,540,148,1.2480874960313577,1.2480874960313577,0.0
B0006_D0150,B0006,matched,544,149,1.2534354284944844,1.2534354284944844,0.0
B0006_D0151,B0006,matched,547,150,1.2898048773266901,1.28980487732669,2.220446049250313e-16
B0006_D0152,B0006,matched,551,151,1.2635402021758835,1.2635402021758837,2.220446049250313e-16
B0006_D0153,B0006,matched,555,152,1.2479761706842853,1.2479761706842851,2.220446049250313e-16
B0006_D0154,B0006,matched,559,153,1.2321202877943334,1.2321202877943334,0.0
B0006_D0155,B0006,matched,563,154,1.2271137666213534,1.2271137666213534,0.0
B0006_D0156,B0006,matched,567,155,1.2217397581377356,1.2217397581377356,0.0
B0006_D0157,B0006,matched,571,156,1.211102678915174,1.211102678915174,0.0
B0006_D0158,B0006,matched,575,157,1.2056159765131735,1.2056159765131735,0.0
B0006_D0159,B0006,matched,579,158,1.2008936262717274,1.2008936262717274,0.0
B0006_D0160,B0006,matched,583,159,1.1905903985558335,1.1905903985558337,2.220446049250313e-16
B0006_D0161,B0006,matched,587,160,1.185179251041941,1.185179251041941,0.0
B0006_D0162,B0006,matched,591,161,1.1796706818144624,1.1796706818144624,0.0
B0006_D0163,B0006,matched,595,162,1.1745952836753915,1.1745952836753917,2.220446049250313e-16
B0006_D0164,B0006,matched,599,163,1.15381833159625,1.15381833159625,0.0
B0006_D0165,B0006,matched,603,164,1.1644009557372264,1.1644009557372264,0.0
B0006_D0166,B0006,matched,607,165,1.1587974947916069,1.1587974947916069,0.0
B0006_D0167,B0006,matched,611,166,1.1749748834769171,1.1749748834769171,0.0
B0006_D0168,B0006,matched,613,167,1.1856752327929356,1.1856752327929356,0.0
B0007_D0001,B0007,matched,1,0,1.89105229539079,1.89105229539079,0.0
B0007_D0002,B0007,matched,3,1,1.880637027686859,1.880637027686859,0.0
B0007_D0003,B0007,matched,5,2,1.8806626717011388,1.880662671701139,2.220446049250313e-16
B0007_D0004,B0007,matched,7,3,1.8807709009833444,1.8807709009833449,4.440892098500626e-16
B0007_D0005,B0007,matched,9,4,1.8794508728285058,1.8794508728285053,4.440892098500626e-16
B0007_D0006,B0007,matched,11,5,1.8807003517117404,1.8807003517117409,4.440892098500626e-16
B0007_D0007,B0007,matched,13,6,1.8799352523566075,1.879935252356607,4.440892098500626e-16
B0007_D0008,B0007,matched,15,7,1.8815088124038797,1.8815088124038801,4.440892098500626e-16
B0007_D0009,B0007,matched,17,8,1.8696907870385844,1.869690787038584,4.440892098500626e-16
B0007_D0010,B0007,matched,19,9,1.870052380139199,1.8700523801391993,2.220446049250313e-16
B0007_D0011,B0007,matched,21,10,1.8700442394188577,1.8700442394188577,0.0
B0007_D0012,B0007,matched,24,11,1.8596518987766364,1.8596518987766364,0.0
B0007_D0013,B0007,matched,26,12,1.8590746560862206,1.8590746560862208,2.220446049250313e-16
B0007_D0014,B0007,matched,28,13,1.8590084577709232,1.8590084577709232,0.0
B0007_D0015,B0007,matched,30,14,1.8593622586957048,1.8593622586957048,0.0
B0007_D0016,B0007,matched,32,15,1.8587355450601035,1.8587355450601035,0.0
B0007_D0017,B0007,matched,34,16,1.847817291322145,1.847817291322145,0.0
B0007_D0018,B0007,matched,36,17,1.8485252916137047,1.848525291613705,2.220446049250313e-16
B0007_D0019,B0007,matched,38,18,1.848378951850034,1.848378951850034,0.0
B0007_D0020,B0007,matched,41,19,1.8807805437609766,1.8807805437609766,0.0
B0007_D0021,B0007,matched,45,20,1.8814721597443598,1.88147215974436,2.220446049250313e-16
B0007_D0022,B0007,matched,49,21,1.8810954313244785,1.8810954313244783,2.220446049250313e-16
B0007_D0023,B0007,matched,53,22,1.8710089649779995,1.8710089649779997,2.220446049250313e-16
B0007_D0024,B0007,matched,57,23,1.8701995151941375,1.8701995151941373,2.220446049250313e-16
B0007_D0025,B0007,matched,61,24,1.8706715362800985,1.8706715362800983,2.220446049250313e-16
B0007_D0026,B0007,matched,65,25,1.8596124644020169,1.8596124644020167,2.220446049250313e-16
B0007_D0027,B0007,matched,69,26,1.860033909718346,1.8600339097183458,2.220446049250313e-16
B0007_D0028,B0007,matched,73,27,1.8591653109160768,1.8591653109160768,0.0
B0007_D0029,B0007,matched,77,28,1.8481398178778288,1.848139817877829,2.220446049250313e-16
B0007_D0030,B0007,matched,81,29,1.849201702126164,1.849201702126164,0.0
B0007_D0031,B0007,matched,85,30,1.8834677437950846,1.8834677437950846,0.0
B0007_D0032,B0007,matched,89,31,1.8628211117905844,1.8628211117905844,0.0
B0007_D0033,B0007,matched,93,32,1.852085039652352,1.852085039652352,0.0
B0007_D0034,B0007,matched,97,33,1.8469504648208708,1.8469504648208703,4.440892098500626e-16
B0007_D0035,B0007,matched,101,34,1.836828431169018,1.8368284311690182,2.220446049250313e-16
B0007_D0036,B0007,matched,105,35,1.8371619619672275,1.837161961967228,4.440892098500626e-16
B0007_D0037,B0007,matched,109,36,1.8316722583718854,1.8316722583718847,6.661338147750939e-16
B0007_D0038,B0007,matched,113,37,1.8211470951317783,1.8211470951317785,2.220446049250313e-16
B0007_D0039,B0007,matched,117,38,1.816506091511515,1.8165060915115148,2.220446049250313e-16
B0007_D0040,B0007,matched,121,39,1.8113815601504555,1.8113815601504561,6.661338147750939e-16
B0007_D0041,B0007,matched,125,40,1.8116056333939583,1.8116056333939585,2.220446049250313e-16
B0007_D0042,B0007,matched,129,41,1.8060548955557403,1.8060548955557407,4.440892098500626e-16
B0007_D0043,B0007,matched,133,42,1.8132041826994056,1.8132041826994054,2.220446049250313e-16
B0007_D0044,B0007,matched,135,43,1.8062641938283535,1.8062641938283528,6.661338147750939e-16
B0007_D0045,B0007,matched,139,44,1.7958310249900458,1.7958310249900458,0.0
B0007_D0046,B0007,matched,143,45,1.7858852600390451,1.7858852600390451,0.0
B0007_D0047,B0007,matched,147,46,1.7803268604502753,1.780326860450275,2.220446049250313e-16
B0007_D0048,B0007,matched,149,47,1.8150756899575577,1.815075689957557,6.661338147750939e-16
B0007_D0049,B0007,matched,153,48,1.8157025154845838,1.815702515484584,2.220446049250313e-16
B0007_D0050,B0007,matched,157,49,1.8002432178056673,1.800243217805667,2.220446049250313e-16
B0007_D0051,B0007,matched,161,50,1.7904476205609308,1.7904476205609308,0.0
B0007_D0052,B0007,matched,165,51,1.780343032300132,1.780343032300132,0.0
B0007_D0053,B0007,matched,169,52,1.775328769596812,1.775328769596812,0.0
B0007_D0054,B0007,matched,173,53,1.7702629734732853,1.7702629734732853,0.0
B0007_D0055,B0007,matched,177,54,1.760081061854204,1.760081061854204,0.0
B0007_D0056,B0007,matched,181,55,1.749647593537689,1.749647593537689,0.0
B0007_D0057,B0007,matched,185,56,1.749650075059311,1.749650075059311,0.0
B0007_D0058,B0007,matched,189,57,1.745028739214683,1.745028739214683,0.0
B0007_D0059,B0007,matched,193,58,1.7396457455286727,1.7396457455286731,4.440892098500626e-16
B0007_D0060,B0007,matched,197,59,1.7285642277717963,1.7285642277717963,0.0
B0007_D0061,B0007,matched,201,60,1.723900324588418,1.723900324588418,0.0
B0007_D0062,B0007,matched,205,61,1.7139788776485192,1.7139788776485192,0.0
B0007_D0063,B0007,matched,209,62,1.7139701997004613,1.7139701997004613,0.0
B0007_D0064,B0007,matched,213,63,1.7036521173638766,1.7036521173638766,0.0
B0007_D0065,B0007,matched,215,64,1.7040137474382486,1.7040137474382488,2.220446049250313e-16
B0007_D0066,B0007,matched,219,65,1.6935716157343033,1.6935716157343033,0.0
B0007_D0067,B0007,matched,223,66,1.6876577363877656,1.6876577363877656,0.0
B0007_D0068,B0007,matched,227,67,1.6830744356583152,1.6830744356583152,0.0
B0007_D0069,B0007,matched,231,68,1.6779270142025482,1.6779270142025482,0.0
B0007_D0070,B0007,matched,235,69,1.6732060275966172,1.6732060275966172,0.0
B0007_D0071,B0007,matched,239,70,1.6674367208253988,1.6674367208253988,0.0
B0007_D0072,B0007,matched,243,71,1.6622662630667526,1.6622662630667526,0.0
B0007_D0073,B0007,matched,247,72,1.6574243065763063,1.6574243065763061,2.220446049250313e-16
B0007_D0074,B0007,matched,251,73,1.652538684928734,1.652538684928734,0.0
B0007_D0075,B0007,matched,255,74,1.6472174627573322,1.6472174627573322,0.0
B0007_D0076,B0007,matched,259,75,1.6364136810898071,1.6364136810898071,0.0
B0007_D0077,B0007,matched,263,76,1.6362554312048496,1.6362554312048496,0.0
B0007_D0078,B0007,matched,265,77,1.641119179218384,1.641119179218384,0.0
B0007_D0079,B0007,matched,269,78,1.6315700789656966,1.6315700789656966,0.0
B0007_D0080,B0007,matched,273,79,1.621213282987236,1.6212132829872359,2.220446049250313e-16
B0007_D0081,B0007,matched,277,80,1.6164273214762122,1.6164273214762122,0.0
B0007_D0082,B0007,matched,281,81,1.615823510161921,1.615823510161921,0.0
B0007_D0083,B0007,matched,285,82,1.61672418029789,1.6167241802978902,2.220446049250313e-16
B0007_D0084,B0007,matched,289,83,1.6108655863730026,1.6108655863730028,2.220446049250313e-16
B0007_D0085,B0007,matched,293,84,1.6006603374309376,1.6006603374309376,0.0
B0007_D0086,B0007,matched,297,85,1.5959174487005663,1.5959174487005665,2.220446049250313e-16
B0007_D0087,B0007,matched,301,86,1.5962179519462243,1.5962179519462243,0.0
B0007_D0088,B0007,matched,305,87,1.5958065114633972,1.5958065114633972,0.0
B0007_D0089,B0007,matched,309,88,1.5906507821480704,1.5906507821480704,0.0
B0007_D0090,B0007,matched,312,89,1.6888211161855506,1.6888211161855506,0.0
B0007_D0091,B0007,matched,315,90,1.6259938279733204,1.6259938279733204,0.0
B0007_D0092,B0007,matched,319,91,1.6157433862812898,1.6157433862812898,0.0
B0007_D0093,B0007,matched,323,92,1.6056626764846538,1.6056626764846538,0.0
B0007_D0094,B0007,matched,327,93,1.5949746921524348,1.5949746921524348,0.0
B0007_D0095,B0007,matched,331,94,1.5904102438871945,1.5904102438871943,2.220446049250313e-16
B0007_D0096,B0007,matched,335,95,1.5853517062988178,1.5853517062988178,0.0
B0007_D0097,B0007,matched,339,96,1.5799737147242376,1.5799737147242376,0.0
B0007_D0098,B0007,matched,343,97,1.5752185465278068,1.5752185465278068,0.0
B0007_D0099,B0007,matched,347,98,1.569798484648868,1.569798484648868,0.0
B0007_D0100,B0007,matched,351,99,1.5702565375950357,1.5702565375950357,0.0
B0007_D0101,B0007,matched,355,100,1.565249873909438,1.565249873909438,0.0
B0007_D0102,B0007,matched,359,101,1.559633933561147,1.5596339335611473,2.220446049250313e-16
B0007_D0103,B0007,matched,363,102,1.5649820533392105,1.5649820533392105,0.0
B0007_D0104,B0007,matched,366,103,1.57497949984227,1.5749794998422701,2.220446049250313e-16
B0007_D0105,B0007,matched,370,104,1.5652811168780458,1.565281116878046,2.220446049250313e-16
B0007_D0106,B0007,matched,374,105,1.559755497470126,1.559755497470126,0.0
B0007_D0107,B0007,matched,378,106,1.549897685670499,1.5498976856704987,2.220446049250313e-16
B0007_D0108,B0007,matched,382,107,1.5438771531345021,1.543877153134502,2.220446049250313e-16
B0007_D0109,B0007,matched,386,108,1.5450187488690073,1.5450187488690075,2.220446049250313e-16
B0007_D0110,B0007,matched,390,109,1.5445940154102908,1.5445940154102908,0.0
B0007_D0111,B0007,matched,394,110,1.5343086721758876,1.5343086721758876,0.0
B0007_D0112,B0007,matched,398,111,1.5287603942958483,1.5287603942958483,0.0
B0007_D0113,B0007,matched,402,112,1.5289260249179843,1.5289260249179843,0.0
B0007_D0114,B0007,matched,406,113,1.529091650133123,1.529091650133123,0.0
B0007_D0115,B0007,matched,410,114,1.5239059324661248,1.5239059324661246,2.220446049250313e-16
B0007_D0116,B0007,matched,414,115,1.5186675419100615,1.5186675419100617,2.220446049250313e-16
B0007_D0117,B0007,matched,418,116,1.5136482266426952,1.5136482266426952,0.0
B0007_D0118,B0007,matched,422,117,1.5136050185229033,1.5136050185229033,0.0
B0007_D0119,B0007,matched,426,118,1.5139470614867965,1.5139470614867967,2.220446049250313e-16
B0007_D0120,B0007,matched,430,119,1.5339599193158786,1.5339599193158788,2.220446049250313e-16
B0007_D0121,B0007,matched,432,120,1.5391372798653098,1.5391372798653098,0.0
B0007_D0122,B0007,matched,436,121,1.5236247972838737,1.5236247972838737,0.0
B0007_D0123,B0007,matched,440,122,1.5135813035589147,1.5135813035589145,2.220446049250313e-16
B0007_D0124,B0007,matched,444,123,1.5077850749847914,1.5077850749847914,0.0
B0007_D0125,B0007,matched,448,124,1.5031960676037333,1.5031960676037333,0.0
B0007_D0126,B0007,matched,452,125,1.4978220596995881,1.497822059699588,2.220446049250313e-16
B0007_D0127,B0007,matched,456,126,1.492848534633516,1.4928485346335159,2.220446049250313e-16
B0007_D0128,B0007,matched,460,127,1.492414389867026,1.4924143898670257,2.220446049250313e-16
B0007_D0129,B0007,matched,464,128,1.487482776538081,1.487482776538081,0.0
B0007_D0130,B0007,matched,468,129,1.482535148640411,1.482535148640411,0.0
B0007_D0131,B0007,matched,472,130,1.4827874322228984,1.4827874322228984,0.0
B0007_D0132,B0007,matched,476,131,1.476971179775059,1.476971179775059,0.0
B0007_D0133,B0007,matched,480,132,1.4819015554137276,1.4819015554137274,2.220446049250313e-16
B0007_D0134,B0007,matched,482,133,1.4981366198874824,1.4981366198874824,0.0
B0007_D0135,B0007,matched,484,134,1.4820775214392872,1.4820775214392874,2.220446049250313e-16
B0007_D0136,B0007,matched,488,135,1.4771155312812152,1.4771155312812152,0.0
B0007_D0137,B0007,matched,492,136,1.4720772783056488,1.4720772783056488,0.0
B0007_D0138,B0007,matched,496,137,1.472248013656454,1.472248013656454,0.0
B0007_D0139,B0007,matched,500,138,1.4670106672274665,1.4670106672274665,0.0
B0007_D0140,B0007,matched,504,139,1.4617672495335379,1.461767249533538,2.220446049250313e-16
B0007_D0141,B0007,matched,508,140,1.4566952670489708,1.4566952670489706,2.220446049250313e-16
B0007_D0142,B0007,matched,512,141,1.451354972758956,1.451354972758956,0.0
B0007_D0143,B0007,matched,516,142,1.451615926257375,1.451615926257375,0.0
B0007_D0144,B0007,matched,520,143,1.4468161332173683,1.4468161332173686,2.220446049250313e-16
B0007_D0145,B0007,matched,524,144,1.4467570607768785,1.4467570607768783,2.220446049250313e-16
B0007_D0146,B0007,matched,528,145,1.4413797481446793,1.4413797481446793,0.0
B0007_D0147,B0007,matched,532,146,1.4362456252208178,1.4362456252208178,0.0
B0007_D0148,B0007,matched,536,147,1.4368154153924828,1.4368154153924828,0.0
B0007_D0149,B0007,matched,540,148,1.4362945145860047,1.436294514586005,4.440892098500626e-16
B0007_D0150,B0007,matched,544,149,1.4418575315878015,1.4418575315878015,0.0
B0007_D0151,B0007,matched,547,150,1.4672063484781797,1.4672063484781797,0.0
B0007_D0152,B0007,matched,551,151,1.4518640367848885,1.4518640367848883,2.220446049250313e-16
B0007_D0153,B0007,matched,555,152,1.4471379752748499,1.44713797527485,2.220446049250313e-16
B0007_D0154,B0007,matched,559,153,1.441790586562399,1.441790586562399,0.0
B0007_D0155,B0007,matched,563,154,1.431630947911111,1.431630947911111,0.0
B0007_D0156,B0007,matched,567,155,1.4318084249673686,1.4318084249673686,0.0
B0007_D0157,B0007,matched,571,156,1.4262562585106868,1.4262562585106868,0.0
B0007_D0158,B0007,matched,575,157,1.4260877528924913,1.4260877528924911,2.220446049250313e-16
B0007_D0159,B0007,matched,579,158,1.4212633510031694,1.4212633510031694,0.0
B0007_D0160,B0007,matched,583,159,1.4163272748795108,1.4163272748795108,0.0
B0007_D0161,B0007,matched,587,160,1.4165781829175994,1.4165781829175996,2.220446049250313e-16
B0007_D0162,B0007,matched,591,161,1.4108401729425177,1.4108401729425173,4.440892098500626e-16
B0007_D0163,B0007,matched,595,162,1.4109949628347804,1.4109949628347804,0.0
B0007_D0164,B0007,matched,599,163,1.4061714290398801,1.40617142903988,2.220446049250313e-16
B0007_D0165,B0007,matched,603,164,1.4063358479692922,1.4063358479692922,0.0
B0007_D0166,B0007,matched,607,165,1.4004552399066514,1.4004552399066514,0.0
B0007_D0167,B0007,matched,611,166,1.4217865046055154,1.4217865046055151,2.220446049250313e-16
B0007_D0168,B0007,matched,613,167,1.4324552720625434,1.4324552720625434,0.0
B0018_D0001,B0018,matched,2,0,1.8550045207910817,1.8550045207910815,2.220446049250313e-16
B0018_D0002,B0018,matched,6,1,1.8431955317089987,1.8431955317089983,4.440892098500626e-16
B0018_D0003,B0018,matched,10,2,1.8396018424355423,1.8396018424355425,2.220446049250313e-16
B0018_D0004,B0018,matched,14,3,1.8306736044962053,1.8306736044962058,4.440892098500626e-16
B0018_D0005,B0018,matched,17,4,1.8327002069419656,1.8327002069419656,0.0
B0018_D0006,B0018,matched,19,5,1.8285288846046388,1.8285288846046388,0.0
B0018_D0007,B0018,matched,21,6,1.8212011895697924,1.8212011895697924,0.0
B0018_D0008,B0018,matched,23,7,1.8151700106433282,1.815170010643328,2.220446049250313e-16
B0018_D0009,B0018,matched,26,8,1.8042980520967649,1.8042980520967649,0.0
B0018_D0010,B0018,matched,29,9,1.8231002302844226,1.8231002302844224,2.220446049250313e-16
B0018_D0011,B0018,matched,31,10,1.8121253520255494,1.8121253520255487,6.661338147750939e-16
B0018_D0012,B0018,matched,33,11,1.8046916382117766,1.8046916382117768,2.220446049250313e-16
B0018_D0013,B0018,matched,35,12,1.790844349786295,1.790844349786295,0.0
B0018_D0014,B0018,matched,38,13,1.783470722841926,1.783470722841926,0.0
B0018_D0015,B0018,matched,41,14,1.7809386125310702,1.7809386125310704,2.220446049250313e-16
B0018_D0016,B0018,matched,43,15,1.771209039672698,1.771209039672698,0.0
B0018_D0017,B0018,matched,45,16,1.7686303996707076,1.7686303996707076,0.0
B0018_D0018,B0018,matched,47,17,1.7536304801917124,1.7536304801917124,0.0
B0018_D0019,B0018,matched,50,18,1.7462197416415093,1.7462197416415095,2.220446049250313e-16
B0018_D0020,B0018,matched,53,19,1.7376647337053737,1.7376647337053737,0.0
B0018_D0021,B0018,matched,55,20,1.7315166735475835,1.7315166735475835,0.0
B0018_D0022,B0018,matched,57,21,1.7085949894470602,1.7085949894470602,0.0
B0018_D0023,B0018,matched,59,22,1.711469957068211,1.7114699570682113,2.220446049250313e-16
B0018_D0024,B0018,matched,62,23,1.7075021373272627,1.7075021373272627,0.0
B0018_D0025,B0018,matched,65,24,1.7492382064360228,1.7492382064360228,0.0
B0018_D0026,B0018,matched,67,25,1.7327697147429955,1.7327697147429957,2.220446049250313e-16
B0018_D0027,B0018,matched,69,26,1.7222313328292376,1.7222313328292376,0.0
B0018_D0028,B0018,matched,71,27,1.711846298984729,1.711846298984729,0.0
B0018_D0029,B0018,matched,74,28,1.699267835126687,1.699267835126687,0.0
B0018_D0030,B0018,matched,77,29,1.6940366439243106,1.6940366439243106,0.0
B0018_D0031,B0018,matched,79,30,1.6819027078768087,1.6819027078768087,0.0
B0018_D0032,B0018,matched,81,31,1.6769770618433686,1.6769770618433686,0.0
B0018_D0033,B0018,matched,83,32,1.6655229306478936,1.6655229306478936,0.0
B0018_D0034,B0018,matched,86,33,1.6571924575832084,1.6571924575832084,0.0
B0018_D0035,B0018,matched,89,34,1.6482241555294048,1.6482241555294046,2.220446049250313e-16
B0018_D0036,B0018,matched,91,35,1.6387701497987262,1.6387701497987264,2.220446049250313e-16
B0018_D0037,B0018,matched,93,36,1.6276486907262062,1.6276486907262062,0.0
B0018_D0038,B0018,matched,95,37,1.62215370227252,1.62215370227252,0.0
B0018_D0039,B0018,matched,98,38,1.6140066510467586,1.6140066510467586,0.0
B0018_D0040,B0018,matched,101,39,1.6760516154424623,1.6760516154424625,2.220446049250313e-16
B0018_D0041,B0018,matched,103,40,1.649300642552199,1.649300642552199,0.0
B0018_D0042,B0018,matched,105,41,1.63238299185809,1.63238299185809,0.0
B0018_D0043,B0018,matched,107,42,1.6164159719025777,1.6164159719025775,2.220446049250313e-16
B0018_D0044,B0018,matched,110,43,1.6109028378249377,1.6109028378249377,0.0
B0018_D0045,B0018,matched,113,44,1.5954638693695657,1.5954638693695657,0.0
B0018_D0046,B0018,matched,116,45,1.726707440085764,1.726707440085764,0.0
B0018_D0047,B0018,matched,118,46,1.7165673917429753,1.7165673917429751,2.220446049250313e-16
B0018_D0048,B0018,matched,120,47,1.6958235570934848,1.6958235570934845,2.220446049250313e-16
B0018_D0049,B0018,matched,122,48,1.6777783190792557,1.6777783190792557,0.0
B0018_D0050,B0018,matched,124,49,1.6606586897774192,1.6606586897774194,2.220446049250313e-16
B0018_D0051,B0018,matched,127,50,1.6664109274827466,1.6664109274827466,0.0
B0018_D0052,B0018,matched,129,51,1.6468336174407805,1.6468336174407805,0.0
B0018_D0053,B0018,matched,131,52,1.6257639928779952,1.6257639928779952,0.0
B0018_D0054,B0018,matched,133,53,1.6121577411874595,1.6121577411874597,2.220446049250313e-16
B0018_D0055,B0018,matched,135,54,1.6057366823755344,1.6057366823755346,2.220446049250313e-16
B0018_D0056,B0018,matched,140,55,1.673645314879889,1.6736453148798889,2.220446049250313e-16
B0018_D0057,B0018,matched,142,56,1.6404348572349936,1.6404348572349938,2.220446049250313e-16
B0018_D0058,B0018,matched,144,57,1.6132653317422077,1.6132653317422077,0.0
B0018_D0059,B0018,matched,146,58,1.5920964324686278,1.5920964324686278,0.0
B0018_D0060,B0018,matched,149,59,1.5866011820698824,1.5866011820698824,0.0
B0018_D0061,B0018,matched,152,60,1.5800766490336253,1.5800766490336253,0.0
B0018_D0062,B0018,matched,154,61,1.5641732953289167,1.5641732953289167,0.0
B0018_D0063,B0018,matched,156,62,1.555618272193922,1.555618272193922,0.0
B0018_D0064,B0018,matched,158,63,1.5402045278637397,1.5402045278637393,4.440892098500626e-16
B0018_D0065,B0018,matched,161,64,1.5321613015959863,1.5321613015959863,0.0
B0018_D0066,B0018,matched,164,65,1.5316232403693415,1.5316232403693413,2.220446049250313e-16
B0018_D0067,B0018,matched,166,66,1.5222595950771978,1.5222595950771978,0.0
B0018_D0068,B0018,matched,168,67,1.5065267126851283,1.5065267126851285,2.220446049250313e-16
B0018_D0069,B0018,matched,170,68,1.5014219556532926,1.5014219556532928,2.220446049250313e-16
B0018_D0070,B0018,matched,173,69,1.4963534117486457,1.496353411748646,2.220446049250313e-16
B0018_D0071,B0018,matched,176,70,1.5334262000312422,1.5334262000312422,0.0
B0018_D0072,B0018,matched,178,71,1.523845267514426,1.5238452675144258,2.220446049250313e-16
B0018_D0073,B0018,matched,180,72,1.5011920994261239,1.501192099426124,2.220446049250313e-16
B0018_D0074,B0018,matched,182,73,1.492417671450291,1.4924176714502912,2.220446049250313e-16
B0018_D0075,B0018,matched,184,74,1.483323851940123,1.4833238519401233,2.220446049250313e-16
B0018_D0076,B0018,matched,187,75,1.4807376792294196,1.4807376792294196,0.0
B0018_D0077,B0018,matched,189,76,1.4735077809902477,1.4735077809902477,0.0
B0018_D0078,B0018,matched,191,77,1.46801928526661,1.46801928526661,0.0
B0018_D0079,B0018,matched,193,78,1.4580923557119019,1.458092355711902,2.220446049250313e-16
B0018_D0080,B0018,matched,196,79,1.4478660988891399,1.44786609888914,2.220446049250313e-16
B0018_D0081,B0018,matched,199,80,1.4527808777541982,1.452780877754198,2.220446049250313e-16
B0018_D0082,B0018,matched,201,81,1.4425356364492432,1.4425356364492432,0.0
B0018_D0083,B0018,matched,203,82,1.4392712877203313,1.4392712877203315,2.220446049250313e-16
B0018_D0084,B0018,matched,205,83,1.4286475681888218,1.4286475681888218,0.0
B0018_D0085,B0018,matched,208,84,1.4249026750004896,1.4249026750004896,0.0
B0018_D0086,B0018,matched,211,85,1.4698115324524124,1.4698115324524124,0.0
B0018_D0087,B0018,matched,213,86,1.4525819651050202,1.4525819651050202,0.0
B0018_D0088,B0018,matched,215,87,1.442834198908794,1.442834198908794,0.0
B0018_D0089,B0018,matched,217,88,1.428376058807949,1.428376058807949,0.0
B0018_D0090,B0018,matched,219,89,1.4154547844370715,1.4154547844370713,2.220446049250313e-16
B0018_D0091,B0018,matched,222,90,1.454576670077708,1.4545766700777079,2.220446049250313e-16
B0018_D0092,B0018,matched,224,91,1.4283179548274056,1.4283179548274056,0.0
B0018_D0093,B0018,matched,226,92,1.4197026883204058,1.4197026883204058,0.0
B0018_D0094,B0018,matched,228,93,1.4155606630306516,1.4155606630306516,0.0
B0018_D0095,B0018,matched,231,94,1.405680035419228,1.4056800354192278,2.220446049250313e-16
B0018_D0096,B0018,matched,234,95,1.4084461071166137,1.4084461071166137,0.0
B0018_D0097,B0018,matched,236,96,1.3968547782872414,1.3968547782872414,0.0
B0018_D0098,B0018,matched,238,97,1.3935670371440676,1.3935670371440676,0.0
B0018_D0099,B0018,matched,240,98,1.3893644292809475,1.3893644292809475,0.0
B0018_D0100,B0018,matched,243,99,1.3785651415666713,1.378565141566671,2.220446049250313e-16
B0018_D0101,B0018,matched,246,100,1.384901110085747,1.384901110085747,0.0
B0018_D0102,B0018,matched,248,101,1.3703251814242443,1.3703251814242443,0.0
B0018_D0103,B0018,matched,250,102,1.3733464385229082,1.3733464385229082,0.0
B0018_D0104,B0018,matched,252,103,1.3679487285504814,1.3679487285504814,0.0
B0018_D0105,B0018,matched,255,104,1.3567141087089647,1.3567141087089647,0.0
B0018_D0106,B0018,matched,258,105,1.4604310209194575,1.4604310209194573,2.220446049250313e-16
B0018_D0107,B0018,matched,260,106,1.4500998937104097,1.4500998937104097,0.0
B0018_D0108,B0018,matched,262,107,1.4381406901824496,1.4381406901824496,0.0
B0018_D0109,B0018,matched,264,108,1.4283681980964316,1.4283681980964316,0.0
B0018_D0110,B0018,matched,266,109,1.4147874517552432,1.4147874517552432,0.0
B0018_D0111,B0018,matched,269,110,1.413889163393182,1.413889163393182,0.0
B0018_D0112,B0018,matched,271,111,1.3989331662177225,1.3989331662177225,0.0
B0018_D0113,B0018,matched,273,112,1.3953322584033976,1.3953322584033976,0.0
B0018_D0114,B0018,matched,275,113,1.390046129540245,1.390046129540245,0.0
B0018_D0115,B0018,matched,278,114,1.3860271454209647,1.3860271454209647,0.0
B0018_D0116,B0018,matched,281,115,1.388215260193751,1.3882152601937507,2.220446049250313e-16
B0018_D0117,B0018,matched,283,116,1.3761826562394497,1.3761826562394497,0.0
B0018_D0118,B0018,matched,285,117,1.3647168898640165,1.3647168898640163,2.220446049250313e-16
B0018_D0119,B0018,matched,287,118,1.3589854739373584,1.3589854739373584,0.0
B0018_D0120,B0018,matched,290,119,1.3462308764008801,1.34623087640088,2.220446049250313e-16
B0018_D0121,B0018,matched,293,120,1.4268427818454643,1.4268427818454643,0.0
B0018_D0122,B0018,matched,295,121,1.4064481483279663,1.4064481483279665,2.220446049250313e-16
B0018_D0123,B0018,matched,297,122,1.3934907492075153,1.3934907492075153,0.0
B0018_D0124,B0018,matched,299,123,1.3882493512249316,1.3882493512249316,0.0
B0018_D0125,B0018,matched,301,124,1.3701878338420928,1.3701878338420928,0.0
B0018_D0126,B0018,matched,304,125,1.3796951665608619,1.3796951665608619,0.0
B0018_D0127,B0018,matched,306,126,1.3686586323935683,1.3686586323935683,0.0
B0018_D0128,B0018,matched,308,127,1.3627371779096438,1.3627371779096438,0.0
B0018_D0129,B0018,matched,310,128,1.3634051133928073,1.3634051133928071,2.220446049250313e-16
B0018_D0130,B0018,matched,313,129,1.3518646035305233,1.3518646035305233,0.0
B0018_D0131,B0018,matched,316,130,1.3547969729652622,1.354796972965262,2.220446049250313e-16
B0018_D0132,B0018,matched,318,131,1.341051440640485,1.341051440640485,0.0
B0025_D0001,B0025,matched,3,0,1.847011162956716,1.8470111629567159,2.220446049250313e-16
B0025_D0002,B0025,matched,5,1,1.8485654344528386,1.8485654344528384,2.220446049250313e-16
B0025_D0003,B0025,matched,7,2,1.847111177186175,1.8471111771861752,2.220446049250313e-16
B0025_D0004,B0025,matched,9,3,1.8489837601535537,1.8489837601535535,2.220446049250313e-16
B0025_D0005,B0025,matched,11,4,1.8370120718560439,1.837012071856044,2.220446049250313e-16
B0025_D0006,B0025,matched,15,5,1.817549211247137,1.817549211247137,0.0
B0025_D0007,B0025,matched,19,6,1.839863822522073,1.8398638225220727,2.220446049250313e-16
B0025_D0008,B0025,matched,22,7,1.8430595619731431,1.8430595619731431,0.0
B0025_D0009,B0025,matched,24,8,1.8401871729536057,1.8401871729536057,0.0
B0025_D0010,B0025,matched,26,9,1.8281265632888257,1.8281265632888253,4.440892098500626e-16
B0025_D0011,B0025,matched,30,10,1.8253563336445804,1.8253563336445808,4.440892098500626e-16
B0025_D0012,B0025,matched,34,11,1.8214180552626154,1.821418055262616,6.661338147750939e-16
B0025_D0013,B0025,matched,36,12,1.830315627968932,1.830315627968932,0.0
B0025_D0014,B0025,matched,38,13,1.8175491643824844,1.8175491643824844,0.0
B0025_D0015,B0025,matched,40,14,1.810901200296979,1.810901200296979,0.0
B0025_D0016,B0025,matched,42,15,1.8083032603084233,1.808303260308424,6.661338147750939e-16
B0025_D0017,B0025,matched,46,16,1.7928016149381065,1.7928016149381063,2.220446049250313e-16
B0025_D0018,B0025,matched,50,17,1.812563150045885,1.812563150045885,0.0
B0025_D0019,B0025,matched,52,18,1.807772607491239,1.807772607491239,0.0
B0025_D0020,B0025,matched,54,19,1.8048055175003972,1.8048055175003967,4.440892098500626e-16
B0025_D0021,B0025,matched,56,20,1.800538555899242,1.8005385558992417,2.220446049250313e-16
B0025_D0022,B0025,matched,58,21,1.7942356098033032,1.794235609803303,2.220446049250313e-16
B0025_D0023,B0025,matched,65,22,1.807409052434889,1.8074090524348887,2.220446049250313e-16
B0025_D0024,B0025,matched,67,23,1.7902504816962075,1.7902504816962077,2.220446049250313e-16
B0025_D0025,B0025,matched,69,24,1.7961223845359495,1.7961223845359495,0.0
B0025_D0026,B0025,matched,71,25,1.7912236690350776,1.7912236690350776,0.0
B0025_D0027,B0025,matched,73,26,1.7854822365303245,1.7854822365303245,0.0
B0025_D0028,B0025,matched,77,27,1.7677890780323617,1.7677890780323617,0.0
B0026_D0001,B0026,matched,3,0,1.8132504303869899,1.8132504303869896,2.220446049250313e-16
B0026_D0002,B0026,matched,5,1,1.8149760087078302,1.8149760087078304,2.220446049250313e-16
B0026_D0003,B0026,matched,7,2,1.8135354175561993,1.813535417556199,2.220446049250313e-16
B0026_D0004,B0026,matched,9,3,1.815149273310334,1.8151492733103338,2.220446049250313e-16
B0026_D0005,B0026,matched,11,4,1.8142913014068198,1.8142913014068198,0.0
B0026_D0007,B0026,matched,19,6,1.8165277958816064,1.8165277958816062,2.220446049250313e-16
B0026_D0008,B0026,matched,22,7,1.8085638576011063,1.8085638576011065,2.220446049250313e-16
B0026_D0009,B0026,matched,24,8,1.804936077644182,1.8049360776441825,4.440892098500626e-16
B0026_D0010,B0026,matched,26,9,1.8049315924982108,1.8049315924982108,0.0
B0026_D0011,B0026,matched,30,10,1.717679232699393,1.717679232699393,0.0
B0026_D0012,B0026,matched,34,11,1.809804813280106,1.809804813280106,0.0
B0026_D0013,B0026,matched,36,12,1.806556213274488,1.8065562132744881,2.220446049250313e-16
B0026_D0014,B0026,matched,38,13,1.7938155707698507,1.7938155707698507,0.0
B0026_D0015,B0026,matched,40,14,1.799304949381792,1.799304949381792,0.0
B0026_D0016,B0026,matched,42,15,1.7842197448470132,1.7842197448470132,0.0
B0026_D0017,B0026,matched,46,16,1.6818819918515189,1.6818819918515189,0.0
B0026_D0018,B0026,matched,50,17,1.8007519383961936,1.8007519383961936,0.0
B0026_D0019,B0026,matched,52,18,1.795972684272296,1.795972684272296,0.0
B0026_D0020,B0026,matched,54,19,1.7931026940553298,1.7931026940553298,0.0
B0026_D0021,B0026,matched,56,20,1.8010267542068712,1.8010267542068712,0.0
B0026_D0022,B0026,matched,58,21,1.7824572301269948,1.7824572301269948,0.0
B0026_D0023,B0026,matched,65,22,1.7959303030608789,1.7959303030608789,0.0
B0026_D0024,B0026,matched,67,23,1.7783142127341003,1.7783142127341005,2.220446049250313e-16
B0026_D0025,B0026,matched,69,24,1.771719092984802,1.771719092984802,0.0
B0026_D0026,B0026,matched,71,25,1.7790749489536772,1.7790749489536772,0.0
B0026_D0027,B0026,matched,73,26,1.7733229782464675,1.7733229782464677,2.220446049250313e-16
B0026_D0028,B0026,matched,77,27,1.768754111010884,1.768754111010884,0.0
B0027_D0001,B0027,matched,3,0,1.8233077742149364,1.8233077742149368,4.440892098500626e-16
B0027_D0002,B0027,matched,5,1,1.8142384651167962,1.8142384651167962,0.0
B0027_D0003,B0027,matched,7,2,1.8128596793130867,1.8128596793130867,0.0
B0027_D0004,B0027,matched,9,3,1.8144242446739973,1.814424244673997,2.220446049250313e-16
B0027_D0005,B0027,matched,11,4,1.812800333853042,1.8128003338530418,2.220446049250313e-16
B0027_D0006,B0027,matched,15,5,1.7946038703195293,1.7946038703195293,0.0
B0027_D0007,B0027,matched,19,6,1.816519171293833,1.816519171293833,0.0
B0027_D0008,B0027,matched,22,7,1.8198335565190242,1.819833556519024,2.220446049250313e-16
B0027_D0009,B0027,matched,24,8,1.816980986440728,1.8169809864407278,2.220446049250313e-16
B0027_D0010,B0027,matched,26,9,1.8047602710768988,1.8047602710768986,2.220446049250313e-16
B0027_D0011,B0027,matched,30,10,1.8021778881408677,1.8021778881408679,2.220446049250313e-16
B0027_D0012,B0027,matched,34,11,1.810054375611175,1.8100543756111753,2.220446049250313e-16
B0027_D0013,B0027,matched,36,12,1.8191618703574552,1.819161870357455,2.220446049250313e-16
B0027_D0014,B0027,matched,38,13,1.806344581230731,1.8063445812307313,2.220446049250313e-16
B0027_D0015,B0027,matched,40,14,1.8120006378747944,1.8120006378747946,2.220446049250313e-16
B0027_D0016,B0027,matched,42,15,1.809238569578753,1.8092385695787527,2.220446049250313e-16
B0027_D0017,B0027,matched,46,16,1.7820717716005336,1.7820717716005336,0.0
B0027_D0018,B0027,matched,50,17,1.8145504562341046,1.8145504562341048,2.220446049250313e-16
B0027_D0019,B0027,matched,52,18,1.809153485164282,1.8091534851642819,2.220446049250313e-16
B0027_D0020,B0027,matched,54,19,1.8065551508093707,1.8065551508093707,0.0
B0027_D0021,B0027,matched,56,20,1.802401655959492,1.802401655959492,0.0
B0027_D0022,B0027,matched,58,21,1.7964331683322998,1.7964331683322998,0.0
B0027_D0023,B0027,matched,65,22,1.8088036930508289,1.8088036930508289,0.0
B0027_D0024,B0027,matched,67,23,1.7915527748749653,1.7915527748749651,2.220446049250313e-16
B0027_D0025,B0027,matched,69,24,1.7853375192239571,1.7853375192239571,0.0
B0027_D0026,B0027,matched,71,25,1.793209210325309,1.793209210325309,0.0
B0027_D0027,B0027,matched,73,26,1.7873097711102113,1.7873097711102113,0.0
B0027_D0028,B0027,matched,77,27,1.7700926253324452,1.7700926253324452,0.0
B0028_D0001,B0028,matched,3,0,1.8046847720100736,1.8046847720100734,2.220446049250313e-16
B0028_D0002,B0028,matched,5,1,1.8047833214525881,1.8047833214525881,0.0
B0028_D0003,B0028,matched,7,2,1.797618668222458,1.797618668222458,0.0
B0028_D0004,B0028,matched,9,3,1.7929913687761174,1.7929913687761174,0.0
B0028_D0005,B0028,matched,11,4,1.7919180081592216,1.7919180081592216,0.0
B0028_D0006,B0028,matched,15,5,1.775026135903797,1.7750261359037973,2.220446049250313e-16
B0028_D0007,B0028,matched,19,6,1.7920487852223415,1.7920487852223417,2.220446049250313e-16
B0028_D0008,B0028,matched,22,7,1.790475801581265,1.790475801581265,0.0
B0028_D0009,B0028,matched,24,8,1.7868365091987264,1.7868365091987264,0.0
B0028_D0010,B0028,matched,26,9,1.7871529619962185,1.7871529619962183,2.220446049250313e-16
B0028_D0011,B0028,matched,30,10,1.7816340617009505,1.7816340617009505,0.0
B0028_D0012,B0028,matched,34,11,1.7850235136604733,1.7850235136604733,0.0
B0028_D0013,B0028,matched,36,12,1.7803865429693038,1.780386542969304,2.220446049250313e-16
B0028_D0014,B0028,matched,38,13,1.7789060856417256,1.7789060856417256,0.0
B0028_D0015,B0028,matched,40,14,1.7738387518973049,1.7738387518973047,2.220446049250313e-16
B0028_D0016,B0028,matched,42,15,1.769682881523146,1.7696828815231462,2.220446049250313e-16
B0028_D0017,B0028,matched,46,16,1.7408787283206992,1.7408787283206992,0.0
B0028_D0018,B0028,matched,50,17,1.7648189744011906,1.7648189744011906,0.0
B0028_D0019,B0028,matched,52,18,1.7617857390844023,1.7617857390844025,2.220446049250313e-16
B0028_D0020,B0028,matched,54,19,1.75770610357021,1.75770610357021,0.0
B0028_D0021,B0028,matched,56,20,1.7519375960601256,1.7519375960601256,0.0
B0028_D0022,B0028,matched,58,21,1.7521244035832177,1.7521244035832175,2.220446049250313e-16
B0028_D0023,B0028,matched,65,22,1.7597714133989641,1.7597714133989641,0.0
B0028_D0024,B0028,matched,67,23,1.7483011320324189,1.7483011320324189,0.0
B0028_D0025,B0028,matched,69,24,1.7411482627836237,1.7411482627836237,0.0
B0028_D0026,B0028,matched,71,25,1.7363833316311177,1.736383331631118,2.220446049250313e-16
B0028_D0027,B0028,matched,73,26,1.736559066269527,1.736559066269527,0.0
B0028_D0028,B0028,matched,77,27,1.7172335652295245,1.7172335652295243,2.220446049250313e-16
B0029_D0001,B0029,matched,1,0,1.697507332205763,1.697507332205763,0.0
B0029_D0002,B0029,matched,3,1,1.844701206961174,1.844701206961174,0.0
B0029_D0003,B0029,matched,5,2,1.8254376674722927,1.8254376674722927,0.0
B0029_D0004,B0029,matched,7,3,1.815750429913437,1.8157504299134368,2.220446049250313e-16
B0029_D0005,B0029,matched,9,4,1.8132993337127028,1.8132993337127028,0.0
B0029_D0006,B0029,matched,13,5,1.8151647619660576,1.8151647619660576,0.0
B0029_D0007,B0029,matched,15,6,1.8143317955190057,1.8143317955190057,0.0
B0029_D0008,B0029,matched,17,7,1.801343601809866,1.801343601809866,0.0
B0029_D0009,B0029,matched,19,8,1.7881558802945825,1.7881558802945825,0.0
B0029_D0010,B0029,matched,21,9,1.7760714604539518,1.7760714604539518,0.0
B0029_D0011,B0029,matched,25,10,1.7852807447597443,1.7852807447597443,0.0
B0029_D0012,B0029,matched,27,11,1.7698116401111978,1.7698116401111976,2.220446049250313e-16
B0029_D0013,B0029,matched,29,12,1.7565231680521758,1.7565231680521756,2.220446049250313e-16
B0029_D0014,B0029,matched,31,13,1.7543413277348154,1.7543413277348154,0.0
B0029_D0015,B0029,matched,33,14,1.7392875506998715,1.7392875506998715,0.0
B0029_D0016,B0029,matched,37,15,1.7797845109331345,1.7797845109331345,0.0
B0029_D0017,B0029,matched,39,16,1.7657088508465202,1.7657088508465202,0.0
B0029_D0018,B0029,matched,41,17,1.7523941408724169,1.752394140872417,2.220446049250313e-16
B0029_D0019,B0029,matched,43,18,1.7380191225603105,1.7380191225603105,0.0
B0029_D0020,B0029,matched,45,19,1.7312214443143976,1.7312214443143974,2.220446049250313e-16
B0029_D0021,B0029,matched,49,20,1.7379128985265808,1.7379128985265808,0.0
B0029_D0022,B0029,matched,51,21,1.7224270683625882,1.7224270683625884,2.220446049250313e-16
B0029_D0023,B0029,matched,53,22,1.7184213765608034,1.7184213765608036,2.220446049250313e-16
B0029_D0024,B0029,matched,55,23,1.7010220930648232,1.701022093064823,2.220446049250313e-16
B0029_D0025,B0029,matched,57,24,1.693698739563104,1.6936987395631042,2.220446049250313e-16
B0029_D0026,B0029,matched,61,25,1.713072721286705,1.713072721286705,0.0
B0029_D0027,B0029,matched,63,26,1.6976972688567131,1.6976972688567131,0.0
B0029_D0028,B0029,matched,65,27,1.6899314034061208,1.6899314034061208,0.0
B0029_D0029,B0029,matched,67,28,1.685023551367069,1.685023551367069,0.0
B0029_D0030,B0029,matched,69,29,1.678389965463405,1.678389965463405,0.0
B0029_D0031,B0029,matched,73,30,1.6737947494868326,1.6737947494868326,0.0
B0029_D0032,B0029,matched,75,31,1.6687898927884715,1.6687898927884717,2.220446049250313e-16
B0029_D0033,B0029,matched,77,32,1.6492566306631427,1.6492566306631429,2.220446049250313e-16
B0029_D0034,B0029,matched,79,33,1.6409676757039668,1.6409676757039668,0.0
B0029_D0035,B0029,matched,81,34,1.6456360229757092,1.6456360229757092,0.0
B0029_D0036,B0029,matched,85,35,1.654547743574037,1.654547743574037,0.0
B0029_D0037,B0029,matched,87,36,1.6461201520877546,1.6461201520877546,0.0
B0029_D0038,B0029,matched,89,37,1.6275119188151763,1.6275119188151763,0.0
B0029_D0039,B0029,matched,91,38,1.6200530533464497,1.6200530533464497,0.0
B0029_D0040,B0029,matched,93,39,1.612079811711934,1.6120798117119337,2.220446049250313e-16
B0030_D0001,B0030,matched,1,0,1.6560706096175404,1.6560706096175404,0.0
B0030_D0002,B0030,matched,3,1,1.7815548749509116,1.7815548749509116,0.0
B0030_D0003,B0030,matched,5,2,1.761969227822918,1.761969227822918,0.0
B0030_D0004,B0030,matched,7,3,1.751755031874225,1.751755031874225,0.0
B0030_D0005,B0030,matched,9,4,1.7381688070362076,1.7381688070362076,0.0
B0030_D0006,B0030,matched,13,5,1.7506745293461339,1.750674529346134,2.220446049250313e-16
B0030_D0007,B0030,matched,15,6,1.7491047649061158,1.7491047649061158,0.0
B0030_D0008,B0030,matched,17,7,1.7252544028765475,1.7252544028765475,0.0
B0030_D0009,B0030,matched,19,8,1.7112621367644252,1.7112621367644252,0.0
B0030_D0010,B0030,matched,21,9,1.6990418392711273,1.6990418392711275,2.220446049250313e-16
B0030_D0011,B0030,matched,25,10,1.7185770039532977,1.7185770039532977,0.0
B0030_D0012,B0030,matched,27,11,1.70324722921867,1.70324722921867,0.0
B0030_D0013,B0030,matched,29,12,1.689458044662304,1.6894580446623038,2.220446049250313e-16
B0030_D0014,B0030,matched,31,13,1.6756136292719177,1.6756136292719177,0.0
B0030_D0015,B0030,matched,33,14,1.6718407140871654,1.6718407140871654,0.0
B0030_D0016,B0030,matched,37,15,1.7233056681204446,1.7233056681204446,0.0
B0030_D0017,B0030,matched,39,16,1.709207290507283,1.709207290507283,0.0
B0030_D0018,B0030,matched,41,17,1.684001734344571,1.6840017343445708,2.220446049250313e-16
B0030_D0019,B0030,matched,43,18,1.66898698813004,1.66898698813004,0.0
B0030_D0020,B0030,matched,45,19,1.6620689362837142,1.6620689362837142,0.0
B0030_D0021,B0030,matched,49,20,1.6687049625248174,1.6687049625248174,0.0
B0030_D0022,B0030,matched,51,21,1.652762183550463,1.652762183550463,0.0
B0030_D0023,B0030,matched,53,22,1.648481366235244,1.648481366235244,0.0
B0030_D0024,B0030,matched,55,23,1.6307406443132095,1.6307406443132095,0.0
B0030_D0025,B0030,matched,57,24,1.62323023017929,1.6232302301792898,2.220446049250313e-16
B0030_D0026,B0030,matched,61,25,1.6541906540394393,1.654190654039439,2.220446049250313e-16
B0030_D0027,B0030,matched,63,26,1.638514396616985,1.6385143966169848,2.220446049250313e-16
B0030_D0028,B0030,matched,65,27,1.618847673357618,1.618847673357618,0.0
B0030_D0029,B0030,matched,67,28,1.6134212267751404,1.6134212267751407,2.220446049250313e-16
B0030_D0030,B0030,matched,69,29,1.6066443601761986,1.6066443601761986,0.0
B0030_D0031,B0030,matched,73,30,1.6138387876938998,1.6138387876938998,0.0
B0030_D0032,B0030,matched,75,31,1.596329501327274,1.5963295013272742,2.220446049250313e-16
B0030_D0033,B0030,matched,77,32,1.5890785867406987,1.589078586740699,2.220446049250313e-16
B0030_D0034,B0030,matched,79,33,1.5805481432309574,1.5805481432309574,0.0
B0030_D0035,B0030,matched,81,34,1.5846131054270807,1.5846131054270807,0.0
B0030_D0036,B0030,matched,85,35,1.5936651221220735,1.5936651221220737,2.220446049250313e-16
B0030_D0037,B0030,matched,87,36,1.5849874126960888,1.5849874126960888,0.0
B0030_D0038,B0030,matched,89,37,1.5787064969416462,1.5787064969416462,0.0
B0030_D0039,B0030,matched,91,38,1.570705516096967,1.5707055160969672,2.220446049250313e-16
B0030_D0040,B0030,matched,93,39,1.562780404428482,1.562780404428482,0.0
B0031_D0001,B0031,matched,1,0,1.6666751942525773,1.6666751942525773,0.0
B0031_D0002,B0031,matched,3,1,1.8328583629543174,1.832858362954317,4.440892098500626e-16
B0031_D0003,B0031,matched,5,2,1.8139835002945137,1.8139835002945137,0.0
B0031_D0004,B0031,matched,7,3,1.8044387333514835,1.804438733351483,4.440892098500626e-16
B0031_D0005,B0031,matched,9,4,1.802147684291295,1.8021476842912951,2.220446049250313e-16
B0031_D0006,B0031,matched,13,5,1.7715647509798835,1.7715647509798835,0.0
B0031_D0007,B0031,matched,15,6,1.8139928165779542,1.8139928165779542,0.0
B0031_D0008,B0031,matched,17,7,1.8013261041198854,1.8013261041198854,0.0
B0031_D0009,B0031,matched,19,8,1.7883722583933568,1.7883722583933568,0.0
B0031_D0010,B0031,matched,21,9,1.7765401657373159,1.776540165737316,2.220446049250313e-16
B0031_D0011,B0031,matched,25,10,1.7856209131823229,1.7856209131823229,0.0
B0031_D0012,B0031,matched,27,11,1.7813634036685941,1.781363403668594,2.220446049250313e-16
B0031_D0013,B0031,matched,29,12,1.7684898383971241,1.768489838397124,2.220446049250313e-16
B0031_D0014,B0031,matched,31,13,1.766505238291406,1.7665052382914057,2.220446049250313e-16
B0031_D0015,B0031,matched,33,14,1.751740527921767,1.751740527921767,0.0
B0031_D0016,B0031,matched,37,15,1.7352349314055016,1.7352349314055016,0.0
B0031_D0017,B0031,matched,39,16,1.7782778274549178,1.7782778274549178,0.0
B0031_D0018,B0031,matched,41,17,1.7649894859707393,1.7649894859707391,2.220446049250313e-16
B0031_D0019,B0031,matched,43,18,1.762591283533551,1.7625912835335513,2.220446049250313e-16
B0031_D0020,B0031,matched,45,19,1.744314576121582,1.744314576121582,0.0
B0031_D0021,B0031,matched,49,20,1.7628373753518478,1.7628373753518476,2.220446049250313e-16
B0031_D0022,B0031,matched,51,21,1.747857930947971,1.747857930947971,0.0
B0031_D0023,B0031,matched,53,22,1.7441167338864993,1.7441167338864991,2.220446049250313e-16
B0031_D0024,B0031,matched,55,23,1.7268422932817387,1.7268422932817389,2.220446049250313e-16
B0031_D0025,B0031,matched,57,24,1.7203093493042265,1.7203093493042263,2.220446049250313e-16
B0031_D0026,B0031,matched,61,25,1.7394245516699778,1.7394245516699778,0.0
B0031_D0027,B0031,matched,63,26,1.7367384416372014,1.7367384416372014,0.0
B0031_D0028,B0031,matched,65,27,1.716963468448543,1.716963468448543,0.0
B0031_D0029,B0031,matched,67,28,1.7127773558366357,1.7127773558366357,0.0
B0031_D0030,B0031,matched,69,29,1.7061083466554066,1.7061083466554066,0.0
B0031_D0031,B0031,matched,73,30,1.713732696207521,1.713732696207521,0.0
B0031_D0032,B0031,matched,75,31,1.7093475797926974,1.7093475797926974,0.0
B0031_D0033,B0031,matched,77,32,1.6901000454115587,1.690100045411559,2.220446049250313e-16
B0031_D0034,B0031,matched,79,33,1.6946883343387664,1.6946883343387666,2.220446049250313e-16
B0031_D0035,B0031,matched,81,34,1.687010991299212,1.687010991299212,0.0
B0031_D0036,B0031,matched,85,35,1.6957069027070075,1.6957069027070077,2.220446049250313e-16
B0031_D0037,B0031,matched,87,36,1.687696889615565,1.687696889615565,0.0
B0031_D0038,B0031,matched,89,37,1.6819617127259294,1.6819617127259294,0.0
B0031_D0039,B0031,matched,91,38,1.6750033888978846,1.6750033888978846,0.0
B0031_D0040,B0031,matched,93,39,1.6672987794846676,1.6672987794846676,0.0
B0032_D0001,B0032,matched,1,0,1.7048641073512139,1.704864107351214,2.220446049250313e-16
B0032_D0002,B0032,matched,3,1,1.8940319526948572,1.8940319526948568,4.440892098500626e-16
B0032_D0003,B0032,matched,5,2,1.8747686491853095,1.8747686491853097,2.220446049250313e-16
B0032_D0004,B0032,matched,7,3,1.8654947184112376,1.8654947184112376,0.0
B0032_D0005,B0032,matched,9,4,1.8527398169018068,1.8527398169018068,0.0
B0032_D0006,B0032,matched,13,5,1.844174397003866,1.844174397003866,0.0
B0032_D0007,B0032,matched,15,6,1.8430238477512753,1.843023847751276,6.661338147750939e-16
B0032_D0008,B0032,matched,17,7,1.8302818174911863,1.8302818174911863,0.0
B0032_D0009,B0032,matched,19,8,1.8173838456081814,1.8173838456081808,6.661338147750939e-16
B0032_D0010,B0032,matched,21,9,1.8057992981104682,1.805799298110468,2.220446049250313e-16
B0032_D0011,B0032,matched,25,10,1.8149829605049186,1.8149829605049184,2.220446049250313e-16
B0032_D0012,B0032,matched,27,11,1.7995150369321797,1.7995150369321795,2.220446049250313e-16
B0032_D0013,B0032,matched,29,12,1.7866516942518147,1.7866516942518147,0.0
B0032_D0014,B0032,matched,31,13,1.7735550719416031,1.7735550719416031,0.0
B0032_D0015,B0032,matched,33,14,1.769995333364443,1.769995333364443,0.0
B0032_D0016,B0032,matched,37,15,1.799526080374287,1.799526080374287,0.0
B0032_D0017,B0032,matched,39,16,1.7968530684449833,1.796853068444983,2.220446049250313e-16
B0032_D0018,B0032,matched,41,17,1.7838265504081745,1.7838265504081745,0.0
B0032_D0019,B0032,matched,43,18,1.7696444491040102,1.7696444491040102,0.0
B0032_D0020,B0032,matched,45,19,1.7512940457049684,1.7512940457049684,0.0
B0032_D0021,B0032,matched,49,20,1.7697554297961993,1.7697554297961993,0.0
B0032_D0022,B0032,matched,51,21,1.7547726933914918,1.7547726933914918,0.0
B0032_D0023,B0032,matched,53,22,1.7389166355812984,1.7389166355812984,0.0
B0032_D0024,B0032,matched,55,23,1.7337200518764075,1.7337200518764075,0.0
B0032_D0025,B0032,matched,57,24,1.7150972597500092,1.7150972597500092,0.0
B0032_D0026,B0032,matched,61,25,1.7462926148815636,1.7462926148815638,2.220446049250313e-16
B0032_D0027,B0032,matched,63,26,1.719149261914565,1.719149261914565,0.0
B0032_D0028,B0032,matched,65,27,1.711582246191498,1.711582246191498,0.0
B0032_D0029,B0032,matched,67,28,1.6951051195225901,1.69510511952259,2.220446049250313e-16
B0032_D0030,B0032,matched,69,29,1.7005124371100973,1.7005124371100973,0.0
B0032_D0031,B0032,matched,73,30,1.7080989351250158,1.708098935125016,2.220446049250313e-16
B0032_D0032,B0032,matched,75,31,1.691435430587127,1.691435430587127,0.0
B0032_D0033,B0032,matched,77,32,1.6844494328889932,1.6844494328889932,0.0
B0032_D0034,B0032,matched,79,33,1.664037581688075,1.664037581688075,0.0
B0032_D0035,B0032,matched,81,34,1.6686372014231974,1.6686372014231976,2.220446049250313e-16
B0032_D0036,B0032,matched,85,35,1.6899344075625968,1.6899344075625968,0.0
B0032_D0037,B0032,matched,87,36,1.669431712846442,1.669431712846442,0.0
B0032_D0038,B0032,matched,89,37,1.6634226761839213,1.6634226761839213,0.0
B0032_D0039,B0032,matched,91,38,1.6436152195947373,1.643615219594737,2.220446049250313e-16
B0032_D0040,B0032,matched,93,39,1.6358000873538245,1.6358000873538243,2.220446049250313e-16
B0033_D0002,B0033,matched,4,1,0.6895699007862814,0.6895699007862813,1.1102230246251565e-16
B0033_D0004,B0033,matched,8,3,1.2529393053824995,1.2529393053824995,0.0
B0033_D0005,B0033,matched,10,4,1.302918002447558,1.302918002447558,0.0
B0033_D0006,B0033,matched,12,5,1.3218773211472525,1.3218773211472523,2.220446049250313e-16
B0033_D0008,B0033,matched,18,7,1.713169326386719,1.713169326386719,0.0
B0033_D0009,B0033,matched,20,8,1.6560966776720512,1.6560966776720512,0.0
B0033_D0010,B0033,matched,22,9,1.6197297341990775,1.6197297341990775,0.0
B0033_D0011,B0033,matched,24,10,1.604655812282729,1.604655812282729,0.0
B0033_D0012,B0033,matched,28,11,1.6255699769029337,1.6255699769029337,0.0
B0033_D0013,B0033,matched,30,12,1.5900967306245992,1.590096730624599,2.220446049250313e-16
B0033_D0014,B0033,matched,32,13,1.5739402299623984,1.5739402299623984,0.0
B0033_D0015,B0033,matched,34,14,1.5711303351557309,1.5711303351557309,0.0
B0033_D0016,B0033,matched,36,15,1.5897706153457416,1.5897706153457414,2.220446049250313e-16
B0033_D0017,B0033,matched,40,16,1.6257378771074,1.6257378771074,0.0
B0033_D0018,B0033,matched,42,17,1.6523506333962537,1.6523506333962537,0.0
B0033_D0019,B0033,matched,44,18,1.6143816761595386,1.6143816761595386,0.0
B0033_D0020,B0033,matched,46,19,1.58697453394504,1.58697453394504,0.0
B0033_D0021,B0033,matched,48,20,1.5818355572787333,1.5818355572787335,2.220446049250313e-16
B0033_D0022,B0033,matched,52,21,1.6919769406371152,1.6919769406371155,2.220446049250313e-16
B0033_D0023,B0033,matched,56,22,1.6879483800354476,1.6879483800354476,0.0
B0033_D0024,B0033,matched,58,23,1.6586223007531458,1.6586223007531458,0.0
B0033_D0025,B0033,matched,60,24,1.6420179032789863,1.6420179032789863,0.0
B0033_D0026,B0033,matched,62,25,1.6381810791118743,1.6381810791118745,2.220446049250313e-16
B0033_D0027,B0033,matched,64,26,1.6422892507912386,1.6422892507912386,0.0
B0033_D0028,B0033,matched,68,27,1.651270876264092,1.651270876264092,0.0
B0033_D0029,B0033,matched,70,28,1.6326559297917211,1.6326559297917211,0.0
B0033_D0030,B0033,matched,72,29,1.6260888111680731,1.6260888111680731,0.0
B0033_D0031,B0033,matched,74,30,1.6079292963823688,1.6079292963823688,0.0
B0033_D0032,B0033,matched,76,31,1.6125361114907395,1.6125361114907395,0.0
B0033_D0033,B0033,matched,80,32,1.6218384168987892,1.621838416898789,2.220446049250313e-16
B0033_D0034,B0033,matched,82,33,1.6145443029101134,1.6145443029101134,0.0
B0033_D0035,B0033,matched,84,34,1.5953958917107596,1.5953958917107596,0.0
B0033_D0036,B0033,matched,86,35,1.5877243027113057,1.5877243027113055,2.220446049250313e-16
B0033_D0037,B0033,matched,88,36,1.5811840578305605,1.5811840578305607,2.220446049250313e-16
B0033_D0038,B0033,matched,92,37,1.6128422608267754,1.6128422608267754,0.0
B0033_D0039,B0033,matched,94,38,1.61998606328022,1.61998606328022,0.0
B0033_D0040,B0033,matched,96,39,1.6099381853611876,1.6099381853611876,0.0
B0033_D0041,B0033,matched,98,40,1.5770977539565159,1.577097753956516,2.220446049250313e-16
B0033_D0042,B0033,matched,100,41,1.5708599066554392,1.5708599066554394,2.220446049250313e-16
B0033_D0043,B0033,matched,104,42,1.6261581345348248,1.6261581345348248,0.0
B0033_D0044,B0033,matched,108,43,1.6348129972245726,1.6348129972245726,0.0
B0033_D0045,B0033,matched,110,44,1.6117053637342613,1.611705363734261,2.220446049250313e-16
B0033_D0046,B0033,matched,112,45,1.8851401699720662,1.8851401699720665,2.220446049250313e-16
B0033_D0047,B0033,matched,116,46,1.6584957887780232,1.6584957887780232,0.0
B0033_D0048,B0033,matched,118,47,1.62418934644937,1.62418934644937,0.0
B0033_D0049,B0033,matched,120,48,1.6041720988563641,1.604172098856364,2.220446049250313e-16
B0033_D0050,B0033,matched,122,49,1.6080016740907346,1.6080016740907346,0.0
B0033_D0051,B0033,matched,124,50,1.6256752138435595,1.6256752138435595,0.0
B0033_D0052,B0033,matched,128,51,1.617632765910718,1.617632765910718,0.0
B0033_D0053,B0033,matched,130,52,1.5973191489094263,1.5973191489094265,2.220446049250313e-16
B0033_D0054,B0033,matched,132,53,1.5875852250170606,1.5875852250170608,2.220446049250313e-16
B0033_D0055,B0033,matched,134,54,1.5802530015403684,1.5802530015403684,0.0
B0033_D0056,B0033,matched,136,55,1.583036530487776,1.5830365304877758,2.220446049250313e-16
B0033_D0057,B0033,matched,140,56,1.6027138832797037,1.6027138832797037,0.0
B0033_D0058,B0033,matched,142,57,1.5930709154513834,1.5930709154513836,2.220446049250313e-16
B0033_D0059,B0033,matched,144,58,1.5448888685020246,1.5448888685020246,0.0
B0033_D0060,B0033,matched,146,59,1.5352188565640517,1.5352188565640517,0.0
B0033_D0061,B0033,matched,148,60,1.5252677314227332,1.5252677314227332,0.0
B0033_D0062,B0033,matched,152,61,1.5559492005453626,1.5559492005453626,0.0
B0033_D0063,B0033,matched,154,62,1.5648029438427147,1.5648029438427151,4.440892098500626e-16
B0033_D0064,B0033,matched,156,63,1.5518620461881205,1.5518620461881205,0.0
B0033_D0065,B0033,matched,158,64,1.5144550545105004,1.5144550545105004,0.0
B0033_D0066,B0033,matched,160,65,1.5051936202146428,1.5051936202146428,0.0
B0033_D0067,B0033,matched,164,66,1.605823969917045,1.605823969917045,0.0
B0033_D0068,B0033,matched,168,67,1.6249005195877049,1.6249005195877049,0.0
B0033_D0069,B0033,matched,170,68,1.589785130036615,1.589785130036615,0.0
B0033_D0070,B0033,matched,172,69,1.5552386152299904,1.5552386152299902,2.220446049250313e-16
B0033_D0071,B0033,matched,174,70,1.539756404636803,1.5397564046368033,2.220446049250313e-16
B0033_D0072,B0033,matched,176,71,1.5293174002138357,1.5293174002138357,0.0
B0033_D0073,B0033,matched,180,72,1.547680553576876,1.547680553576876,0.0
B0033_D0074,B0033,matched,182,73,1.5659920939439786,1.5659920939439786,0.0
B0033_D0075,B0033,matched,184,74,1.5416252851780505,1.5416252851780505,0.0
B0033_D0076,B0033,matched,186,75,1.517590655990168,1.517590655990168,0.0
B0033_D0077,B0033,matched,188,76,1.5075202042593092,1.507520204259309,2.220446049250313e-16
B0033_D0078,B0033,matched,192,77,1.49549282626034,1.49549282626034,0.0
B0033_D0079,B0033,matched,194,78,1.4997618811573148,1.4997618811573148,0.0
B0033_D0080,B0033,matched,196,79,1.4906966807803954,1.4906966807803954,0.0
B0033_D0081,B0033,matched,198,80,1.4800999425051866,1.4800999425051868,2.220446049250313e-16
B0033_D0082,B0033,matched,200,81,1.4676091496100632,1.4676091496100632,0.0
B0033_D0083,B0033,matched,204,82,1.4729818491920503,1.4729818491920503,0.0
B0033_D0084,B0033,matched,206,83,1.4742872137206404,1.4742872137206404,0.0
B0033_D0085,B0033,matched,208,84,1.4635162808346138,1.4635162808346138,0.0
B0033_D0086,B0033,matched,210,85,1.4527095680488362,1.452709568048836,2.220446049250313e-16
B0033_D0087,B0033,matched,212,86,1.4557303847230247,1.4557303847230247,0.0
B0033_D0088,B0033,matched,216,87,1.459740099618568,1.459740099618568,0.0
B0033_D0089,B0033,matched,218,88,1.448711504158192,1.448711504158192,0.0
B0033_D0090,B0033,matched,220,89,1.4666759762884336,1.4666759762884336,0.0
B0033_D0091,B0033,matched,222,90,1.4689502109504418,1.4689502109504418,0.0
B0033_D0092,B0033,matched,224,91,1.471116588522042,1.471116588522042,0.0
B0033_D0093,B0033,matched,228,92,1.4473012364654927,1.4473012364654927,0.0
B0033_D0094,B0033,matched,230,93,1.4205315547561643,1.420531554756164,2.220446049250313e-16
B0033_D0095,B0033,matched,232,94,1.4241466094817417,1.4241466094817417,0.0
B0033_D0096,B0033,matched,234,95,1.4412820083364295,1.4412820083364295,0.0
B0033_D0097,B0033,matched,236,96,1.4448965388921615,1.4448965388921615,0.0
B0033_D0098,B0033,matched,240,97,1.4540256354795746,1.4540256354795746,0.0
B0033_D0099,B0033,matched,242,98,1.4226030447542912,1.422603044754291,2.220446049250313e-16
B0033_D0100,B0033,matched,244,99,1.410196954589097,1.4101969545890973,2.220446049250313e-16
B0033_D0101,B0033,matched,246,100,1.4144881298999457,1.4144881298999457,0.0
B0033_D0102,B0033,matched,248,101,1.431360032946153,1.431360032946153,0.0
B0033_D0103,B0033,matched,252,102,1.4515133236517528,1.4515133236517528,0.0
B0033_D0104,B0033,matched,254,103,1.4230376757726733,1.4230376757726733,0.0
B0033_D0105,B0033,matched,256,104,1.396298696255913,1.3962986962559127,2.220446049250313e-16
B0033_D0106,B0033,matched,258,105,1.3979060730399124,1.3979060730399124,0.0
B0033_D0107,B0033,matched,260,106,1.4011347560096767,1.4011347560096765,2.220446049250313e-16
B0033_D0108,B0033,matched,264,107,1.436782528945267,1.4367825289452667,2.220446049250313e-16
B0033_D0109,B0033,matched,266,108,1.4370006879546382,1.437000687954638,2.220446049250313e-16
B0033_D0110,B0033,matched,268,109,1.410355528453481,1.410355528453481,0.0
B0033_D0111,B0033,matched,270,110,1.382633397996189,1.3826333979961887,2.220446049250313e-16
B0033_D0112,B0033,matched,272,111,1.3699403583067564,1.3699403583067564,0.0
B0033_D0113,B0033,matched,276,112,1.3786129327882322,1.3786129327882322,0.0
B0033_D0115,B0033,matched,282,114,1.4234424290662009,1.4234424290662009,0.0
B0033_D0116,B0033,matched,284,115,1.3946003892958663,1.3946003892958665,2.220446049250313e-16
B0033_D0117,B0033,matched,286,116,1.3961613987822286,1.3961613987822288,2.220446049250313e-16
B0033_D0118,B0033,matched,288,117,1.384968608315797,1.384968608315797,0.0
B0033_D0119,B0033,matched,290,118,1.3715114742475478,1.3715114742475478,0.0
B0033_D0120,B0033,matched,294,119,1.3616865084879255,1.3616865084879253,2.220446049250313e-16
B0033_D0121,B0033,matched,296,120,1.3796301360966086,1.3796301360966086,0.0
B0033_D0122,B0033,matched,298,121,1.364231776003204,1.364231776003204,0.0
B0033_D0123,B0033,matched,300,122,1.3418414512081456,1.3418414512081456,0.0
B0033_D0124,B0033,matched,302,123,1.3552215695792247,1.3552215695792251,4.440892098500626e-16
B0033_D0125,B0033,matched,306,124,1.3403860264029774,1.3403860264029774,0.0
B0033_D0126,B0033,matched,308,125,1.3594078914195438,1.3594078914195438,0.0
B0033_D0127,B0033,matched,310,126,1.3457100861355502,1.3457100861355502,0.0
B0033_D0128,B0033,matched,312,127,1.3477611420854358,1.3477611420854358,0.0
B0033_D0129,B0033,matched,314,128,1.335482103134067,1.335482103134067,0.0
B0033_D0130,B0033,matched,318,129,1.353154941842234,1.3531549418422337,2.220446049250313e-16
B0033_D0131,B0033,matched,320,130,1.3709677706044292,1.3709677706044292,0.0
B0033_D0132,B0033,matched,322,131,1.357426672491866,1.357426672491866,0.0
B0033_D0133,B0033,matched,324,132,1.3443678821106904,1.3443678821106904,0.0
B0033_D0134,B0033,matched,326,133,1.33005823859453,1.33005823859453,0.0
B0033_D0135,B0033,matched,330,134,1.4033641858066626,1.4033641858066626,0.0
B0033_D0136,B0033,matched,334,135,1.3865570950229378,1.3865570950229378,0.0
B0033_D0137,B0033,matched,336,136,1.3704138176872631,1.3704138176872633,2.220446049250313e-16
B0033_D0138,B0033,matched,338,137,1.325319393635713,1.325319393635713,0.0
B0033_D0148,B0033,matched,362,147,1.461469789426299,1.461469789426299,0.0
B0033_D0149,B0033,matched,364,148,1.4150999545382532,1.4150999545382532,0.0
B0033_D0150,B0033,matched,366,149,1.383632373873956,1.383632373873956,0.0
B0033_D0151,B0033,matched,370,150,1.3705402893609833,1.3705402893609833,0.0
B0033_D0152,B0033,matched,372,151,1.3557042566115398,1.3557042566115398,0.0
B0033_D0153,B0033,matched,374,152,1.3578385793919763,1.3578385793919765,2.220446049250313e-16
B0033_D0154,B0033,matched,376,153,1.3609083979571395,1.3609083979571397,2.220446049250313e-16
B0033_D0155,B0033,matched,378,154,1.3495626547684758,1.3495626547684758,0.0
B0033_D0156,B0033,matched,382,155,1.1888877132486642,1.1888877132486642,0.0
B0033_D0157,B0033,matched,386,156,1.5041493934608645,1.5041493934608645,0.0
B0033_D0158,B0033,matched,388,157,1.4899088638712767,1.489908863871277,2.220446049250313e-16
B0033_D0159,B0033,matched,390,158,1.475330178643193,1.4753301786431932,2.220446049250313e-16
B0033_D0160,B0033,matched,392,159,1.459830765413703,1.459830765413703,0.0
B0033_D0161,B0033,matched,394,160,1.4474169057725728,1.447416905772573,2.220446049250313e-16
B0033_D0162,B0033,matched,398,161,1.4676323674647154,1.4676323674647154,0.0
B0033_D0163,B0033,matched,400,162,1.441552493165527,1.441552493165527,0.0
B0033_D0164,B0033,matched,402,163,1.418392873584403,1.418392873584403,0.0
B0033_D0165,B0033,matched,404,164,1.4031824838852518,1.4031824838852518,0.0
B0033_D0166,B0033,matched,406,165,1.3911104661211642,1.3911104661211642,0.0
B0033_D0167,B0033,matched,410,166,1.4086019958134537,1.4086019958134537,0.0
B0033_D0168,B0033,matched,412,167,1.4137708903948947,1.4137708903948947,0.0
B0033_D0169,B0033,matched,414,168,1.412472234540845,1.412472234540845,0.0
B0033_D0170,B0033,matched,416,169,1.3831900026575588,1.3831900026575588,0.0
B0033_D0171,B0033,matched,418,170,1.3646098107432565,1.3646098107432565,0.0
B0033_D0172,B0033,matched,422,171,1.369751365782437,1.3697513657824372,2.220446049250313e-16
B0033_D0173,B0033,matched,424,172,1.3867946911071662,1.3867946911071665,2.220446049250313e-16
B0033_D0174,B0033,matched,426,173,1.3918615875742792,1.3918615875742792,0.0
B0033_D0175,B0033,matched,428,174,1.377162352180965,1.377162352180965,0.0
B0033_D0176,B0033,matched,430,175,1.3599525359390852,1.3599525359390854,2.220446049250313e-16
B0033_D0177,B0033,matched,434,176,1.379779043170725,1.379779043170725,0.0
B0033_D0178,B0033,matched,438,177,1.3631373661966442,1.3631373661966442,0.0
B0033_D0179,B0033,matched,440,178,1.3652295228794809,1.3652295228794806,2.220446049250313e-16
B0033_D0180,B0033,matched,442,179,1.3498620694059131,1.349862069405913,2.220446049250313e-16
B0033_D0181,B0033,matched,444,180,1.3529504172332432,1.3529504172332432,0.0
B0033_D0182,B0033,matched,446,181,1.3535740542605128,1.3535740542605128,0.0
B0033_D0183,B0033,matched,450,182,1.3432225183905024,1.3432225183905024,0.0
B0033_D0184,B0033,matched,452,183,1.3412081769053426,1.3412081769053428,2.220446049250313e-16
B0033_D0185,B0033,matched,454,184,1.3277389969987805,1.3277389969987805,0.0
B0033_D0186,B0033,matched,456,185,1.329778900445409,1.329778900445409,0.0
B0033_D0187,B0033,matched,458,186,1.3356045028702495,1.3356045028702497,2.220446049250313e-16
B0033_D0188,B0033,matched,462,187,1.3177489685711123,1.3177489685711123,0.0
B0033_D0189,B0033,matched,464,188,1.317605472474197,1.317605472474197,0.0
B0033_D0190,B0033,matched,466,189,1.3185279522072382,1.318527952207238,2.220446049250313e-16
B0033_D0191,B0033,matched,468,190,1.3215397269813982,1.3215397269813982,0.0
B0033_D0192,B0033,matched,470,191,1.3046615372928705,1.3046615372928705,0.0
B0033_D0193,B0033,matched,474,192,1.3280324770208678,1.328032477020868,2.220446049250313e-16
B0033_D0194,B0033,matched,476,193,1.3634549770713926,1.3634549770713926,0.0
B0033_D0195,B0033,matched,478,194,1.3291316747402466,1.3291316747402468,2.220446049250313e-16
B0033_D0196,B0033,matched,480,195,1.3124201086917682,1.3124201086917682,0.0
B0033_D0197,B0033,matched,482,196,1.3152825503676357,1.3152825503676353,4.440892098500626e-16
B0034_D0002,B0034,matched,4,1,1.6623217152845853,1.6623217152845853,0.0
B0034_D0003,B0034,matched,6,2,1.645087369694532,1.645087369694532,0.0
B0034_D0004,B0034,matched,8,3,1.620729289277574,1.620729289277574,0.0
B0034_D0005,B0034,matched,10,4,1.5967402025126005,1.5967402025126003,2.220446049250313e-16
B0034_D0006,B0034,matched,12,5,1.4856500618812698,1.4856500618812698,0.0
B0034_D0007,B0034,matched,16,6,1.4866702197497013,1.486670219749701,2.220446049250313e-16
B0034_D0008,B0034,matched,18,7,1.4701330958405268,1.4701330958405268,0.0
B0034_D0009,B0034,matched,20,8,1.4565041801019636,1.4565041801019634,2.220446049250313e-16
B0034_D0010,B0034,matched,22,9,1.4418961035576472,1.4418961035576472,0.0
B0034_D0011,B0034,matched,24,10,1.4370949588970292,1.437094958897029,2.220446049250313e-16
B0034_D0012,B0034,matched,28,11,1.4458703624967404,1.4458703624967404,0.0
B0034_D0013,B0034,matched,30,12,1.4321040545618373,1.432104054561837,2.220446049250313e-16
B0034_D0014,B0034,matched,32,13,1.426720633302465,1.426720633302465,0.0
B0034_D0015,B0034,matched,34,14,1.4230846885129826,1.4230846885129826,0.0
B0034_D0016,B0034,matched,36,15,1.4409479522418907,1.4409479522418909,2.220446049250313e-16
B0034_D0017,B0034,matched,40,16,1.486901544051865,1.486901544051865,0.0
B0034_D0018,B0034,matched,42,17,1.5245313226850703,1.5245313226850703,0.0
B0034_D0019,B0034,matched,44,18,1.4629049605190707,1.4629049605190707,0.0
B0034_D0020,B0034,matched,46,19,1.4230794508549893,1.423079450854989,2.220446049250313e-16
B0034_D0021,B0034,matched,48,20,1.4051040863603435,1.4051040863603435,0.0
B0034_D0022,B0034,matched,52,21,1.6329463925070862,1.6329463925070862,0.0
B0034_D0023,B0034,matched,56,22,1.5687138208259117,1.5687138208259117,0.0
B0034_D0024,B0034,matched,58,23,1.5149520966053402,1.5149520966053402,0.0
B0034_D0025,B0034,matched,60,24,1.4855182940634626,1.4855182940634626,0.0
B0034_D0026,B0034,matched,62,25,1.480771929049074,1.480771929049074,0.0
B0034_D0027,B0034,matched,64,26,1.484026357317059,1.484026357317059,0.0
B0034_D0028,B0034,matched,68,27,1.4922153055506522,1.4922153055506522,0.0
B0034_D0029,B0034,matched,70,28,1.473312924099279,1.473312924099279,0.0
B0034_D0030,B0034,matched,72,29,1.441593178980006,1.441593178980006,0.0
B0034_D0031,B0034,matched,74,30,1.4225873198015788,1.4225873198015788,0.0
B0034_D0032,B0034,matched,76,31,1.4266489379486664,1.4266489379486667,2.220446049250313e-16
B0034_D0033,B0034,matched,80,32,1.4596775560238577,1.4596775560238575,2.220446049250313e-16
B0034_D0034,B0034,matched,82,33,1.4396159938545154,1.4396159938545154,0.0
B0034_D0035,B0034,matched,84,34,1.4195512657848512,1.4195512657848512,0.0
B0034_D0036,B0034,matched,86,35,1.4118101714470452,1.4118101714470452,0.0
B0034_D0037,B0034,matched,88,36,1.4044196701845313,1.4044196701845315,2.220446049250313e-16
B0034_D0038,B0034,matched,92,37,1.4735059098606866,1.4735059098606866,0.0
B0034_D0039,B0034,matched,94,38,1.492658600645149,1.492658600645149,0.0
B0034_D0040,B0034,matched,96,39,1.4820260149945934,1.4820260149945934,0.0
B0034_D0041,B0034,matched,98,40,1.423575357658995,1.423575357658995,0.0
B0034_D0042,B0034,matched,100,41,1.4038252197245347,1.4038252197245351,4.440892098500626e-16
B0034_D0043,B0034,matched,104,42,1.5363173478836125,1.5363173478836123,2.220446049250313e-16
B0034_D0044,B0034,matched,108,43,1.5440367168176732,1.5440367168176732,0.0
B0034_D0045,B0034,matched,110,44,1.507892155360249,1.507892155360249,0.0
B0034_D0046,B0034,matched,112,45,1.8203060058691092,1.8203060058691087,4.440892098500626e-16
B0034_D0047,B0034,matched,116,46,1.5936575758226643,1.5936575758226643,0.0
B0034_D0048,B0034,matched,118,47,1.533070464968097,1.533070464968097,0.0
B0034_D0049,B0034,matched,120,48,1.4862143093107285,1.4862143093107283,2.220446049250313e-16
B0034_D0050,B0034,matched,122,49,1.5029318848267783,1.5029318848267783,0.0
B0034_D0051,B0034,matched,124,50,1.5202185406928062,1.5202185406928062,0.0
B0034_D0052,B0034,matched,128,51,1.5118194735004464,1.5118194735004464,0.0
B0034_D0053,B0034,matched,130,52,1.464601301820905,1.464601301820905,0.0
B0034_D0054,B0034,matched,132,53,1.4546140961511749,1.4546140961511747,2.220446049250313e-16
B0034_D0055,B0034,matched,134,54,1.4333400490204142,1.4333400490204142,0.0
B0034_D0056,B0034,matched,136,55,1.4493262346396159,1.4493262346396163,4.440892098500626e-16
B0034_D0057,B0034,matched,140,56,1.495199821798908,1.495199821798908,0.0
B0034_D0058,B0034,matched,142,57,1.4720590241846008,1.4720590241846008,0.0
B0034_D0059,B0034,matched,144,58,1.4097383014648728,1.4097383014648728,0.0
B0034_D0060,B0034,matched,146,59,1.3861944181384176,1.3861944181384174,2.220446049250313e-16
B0034_D0061,B0034,matched,148,60,1.3624125407550536,1.3624125407550536,0.0
B0034_D0062,B0034,matched,152,61,1.4471377445077278,1.4471377445077278,0.0
B0034_D0063,B0034,matched,154,62,1.4554483390450048,1.4554483390450048,0.0
B0034_D0064,B0034,matched,156,63,1.4423952167302958,1.4423952167302958,0.0
B0034_D0065,B0034,matched,158,64,1.377541945989605,1.377541945989605,0.0
B0034_D0066,B0034,matched,160,65,1.3539935892900532,1.3539935892900532,0.0
B0034_D0067,B0034,matched,164,66,1.5509038861664448,1.5509038861664448,0.0
B0034_D0068,B0034,matched,168,67,1.5562932697752867,1.5562932697752867,0.0
B0034_D0069,B0034,matched,170,68,1.5067526605064707,1.5067526605064707,0.0
B0034_D0070,B0034,matched,172,69,1.444138733302766,1.444138733302766,0.0
B0034_D0071,B0034,matched,174,70,1.4144103811292437,1.4144103811292437,0.0
B0034_D0072,B0034,matched,176,71,1.3897574212362729,1.3897574212362729,0.0
B0034_D0073,B0034,matched,180,72,1.449968311475299,1.4499683114752993,2.220446049250313e-16
B0034_D0074,B0034,matched,182,73,1.4678653068012166,1.4678653068012166,0.0
B0034_D0075,B0034,matched,184,74,1.4290644310445066,1.4290644310445066,0.0
B0034_D0076,B0034,matched,186,75,1.376744834668327,1.3767448346683269,2.220446049250313e-16
B0034_D0077,B0034,matched,188,76,1.3515813262521057,1.3515813262521055,2.220446049250313e-16
B0034_D0078,B0034,matched,192,77,1.353993472828928,1.353993472828928,0.0
B0034_D0079,B0034,matched,194,78,1.3577165116893766,1.3577165116893766,0.0
B0034_D0080,B0034,matched,196,79,1.334169315351027,1.334169315351027,0.0
B0034_D0081,B0034,matched,198,80,1.3372147888783987,1.3372147888783987,0.0
B0034_D0082,B0034,matched,200,81,1.339045224276927,1.339045224276927,0.0
B0034_D0083,B0034,matched,204,82,1.3439244604756322,1.3439244604756322,0.0
B0034_D0084,B0034,matched,206,83,1.3454786192090245,1.3454786192090245,0.0
B0034_D0085,B0034,matched,208,84,1.3482263029682544,1.3482263029682544,0.0
B0034_D0086,B0034,matched,210,85,1.3373192299576058,1.3373192299576058,0.0
B0034_D0087,B0034,matched,212,86,1.3402523341553034,1.3402523341553034,0.0
B0034_D0088,B0034,matched,216,87,1.3290965682379121,1.329096568237912,2.220446049250313e-16
B0034_D0089,B0034,matched,218,88,1.3323485655766352,1.332348565576635,2.220446049250313e-16
B0034_D0090,B0034,matched,220,89,1.3501541310555516,1.3501541310555516,0.0
B0034_D0091,B0034,matched,222,90,1.381523441054128,1.381523441054128,0.0
B0034_D0092,B0034,matched,224,91,1.3835971952817807,1.3835971952817807,0.0
B0034_D0093,B0034,matched,228,92,1.3301161862080901,1.3301161862080901,0.0
B0034_D0094,B0034,matched,230,93,1.3176982121703233,1.3176982121703231,2.220446049250313e-16
B0034_D0095,B0034,matched,232,94,1.3063657719651272,1.3063657719651272,0.0
B0034_D0096,B0034,matched,234,95,1.3381567383793782,1.3381567383793782,0.0
B0034_D0097,B0034,matched,236,96,1.3563258092165067,1.3563258092165065,2.220446049250313e-16
B0034_D0098,B0034,matched,240,97,1.3648997529550058,1.3648997529550058,0.0
B0034_D0099,B0034,matched,242,98,1.3337639975535058,1.3337639975535058,0.0
B0034_D0100,B0034,matched,244,99,1.3060123668658763,1.3060123668658763,0.0
B0034_D0101,B0034,matched,246,100,1.3101868361375808,1.3101868361375808,0.0
B0034_D0102,B0034,matched,248,101,1.3567668941696103,1.3567668941696105,2.220446049250313e-16
B0034_D0103,B0034,matched,252,102,1.3916857433587717,1.3916857433587717,0.0
B0034_D0104,B0034,matched,254,103,1.3629935079344777,1.3629935079344775,2.220446049250313e-16
B0034_D0105,B0034,matched,256,104,1.3211711973900628,1.3211711973900628,0.0
B0034_D0106,B0034,matched,258,105,1.3074869015593356,1.3074869015593356,0.0
B0034_D0107,B0034,matched,260,106,1.3105881895483489,1.3105881895483489,0.0
B0034_D0108,B0034,matched,264,107,1.376312668196664,1.376312668196664,0.0
B0034_D0109,B0034,matched,266,108,1.391764929132287,1.391764929132287,0.0
B0034_D0110,B0034,matched,268,109,1.3649746353453525,1.3649746353453525,0.0
B0034_D0111,B0034,matched,270,110,1.3219093937291897,1.3219093937291897,0.0
B0034_D0112,B0034,matched,272,111,1.3090033888073913,1.3090033888073913,0.0
B0034_D0113,B0034,matched,276,112,1.3327005721973733,1.3327005721973735,2.220446049250313e-16
B0034_D0115,B0034,matched,282,114,1.37734756281946,1.37734756281946,0.0
B0034_D0116,B0034,matched,284,115,1.34875988767775,1.34875988767775,0.0
B0034_D0117,B0034,matched,286,116,1.3501504559881146,1.3501504559881148,2.220446049250313e-16
B0034_D0118,B0034,matched,288,117,1.3387814875085953,1.3387814875085953,0.0
B0034_D0119,B0034,matched,290,118,1.3253371210402685,1.3253371210402685,0.0
B0034_D0120,B0034,matched,294,119,1.3308160596334049,1.3308160596334049,0.0
B0034_D0121,B0034,matched,296,120,1.333083376618503,1.333083376618503,0.0
B0034_D0122,B0034,matched,298,121,1.3333226534895923,1.3333226534895923,0.0
B0034_D0123,B0034,matched,300,122,1.3264281097516475,1.3264281097516477,2.220446049250313e-16
B0034_D0124,B0034,matched,302,123,1.323971040986857,1.323971040986857,0.0
B0034_D0125,B0034,matched,306,124,1.3249364225071156,1.3249364225071156,0.0
B0034_D0126,B0034,matched,308,125,1.3283067675570923,1.328306767557092,2.220446049250313e-16
B0034_D0127,B0034,matched,310,126,1.314584348909226,1.314584348909226,0.0
B0034_D0128,B0034,matched,312,127,1.3166841798543303,1.3166841798543305,2.220446049250313e-16
B0034_D0129,B0034,matched,314,128,1.3041727649654073,1.3041727649654071,2.220446049250313e-16
B0034_D0130,B0034,matched,318,129,1.3534450073572306,1.3534450073572308,2.220446049250313e-16
B0034_D0131,B0034,matched,320,130,1.371294082513786,1.371294082513786,0.0
B0034_D0132,B0034,matched,322,131,1.357699321922511,1.357699321922511,0.0
B0034_D0133,B0034,matched,324,132,1.3286903090919502,1.3286903090919504,2.220446049250313e-16
B0034_D0134,B0034,matched,326,133,1.3143943268181724,1.3143943268181724,0.0
B0034_D0135,B0034,matched,330,134,1.3866783030110723,1.3866783030110725,2.220446049250313e-16
B0034_D0136,B0034,matched,334,135,1.3868330458429208,1.3868330458429208,0.0
B0034_D0137,B0034,matched,336,136,1.3548037379291014,1.3548037379291014,0.0
B0034_D0138,B0034,matched,338,137,1.3255787669951669,1.325578766995167,2.220446049250313e-16
B0034_D0139,B0034,matched,340,138,1.3119728676377553,1.3119728676377551,2.220446049250313e-16
B0034_D0140,B0034,matched,342,139,1.3064487948795198,1.3064487948795198,0.0
B0034_D0141,B0034,matched,346,140,1.3418431880549024,1.3418431880549024,0.0
B0034_D0142,B0034,matched,348,141,1.3609210170759327,1.3609210170759325,2.220446049250313e-16
B0034_D0143,B0034,matched,350,142,1.3299603677394973,1.3299603677394969,4.440892098500626e-16
B0034_D0144,B0034,matched,352,143,1.299069387625936,1.299069387625936,0.0
B0034_D0145,B0034,matched,354,144,1.2984544371955695,1.2984544371955695,0.0
B0034_D0146,B0034,matched,358,145,1.3176486091610087,1.317648609161009,2.220446049250313e-16
B0034_D0147,B0034,matched,360,146,1.3360648564106594,1.3360648564106594,0.0
B0034_D0148,B0034,matched,362,147,1.3635797361860138,1.363579736186014,2.220446049250313e-16
B0034_D0149,B0034,matched,364,148,1.3333112541544827,1.3333112541544827,0.0
B0034_D0150,B0034,matched,366,149,1.3023273463118925,1.3023273463118925,0.0
B0034_D0151,B0034,matched,370,150,1.2888728444455875,1.2888728444455877,2.220446049250313e-16
B0034_D0152,B0034,matched,372,151,1.2902746194203034,1.2902746194203032,2.220446049250313e-16
B0034_D0153,B0034,matched,374,152,1.292407565676824,1.292407565676824,0.0
B0034_D0154,B0034,matched,376,153,1.2954091505102339,1.295409150510234,2.220446049250313e-16
B0034_D0155,B0034,matched,378,154,1.283229881592695,1.283229881592695,0.0
B0034_D0156,B0034,matched,382,155,1.4557454024367817,1.4557454024367815,2.220446049250313e-16
B0034_D0157,B0034,matched,386,156,1.454676342673242,1.454676342673242,0.0
B0034_D0158,B0034,matched,388,157,1.423427718198495,1.4234277181984951,2.220446049250313e-16
B0034_D0159,B0034,matched,390,158,1.392551210363313,1.392551210363313,0.0
B0034_D0160,B0034,matched,392,159,1.3765732493746907,1.3765732493746907,0.0
B0034_D0161,B0034,matched,394,160,1.3810190828982352,1.3810190828982352,0.0
B0034_D0162,B0034,matched,398,161,1.4007568321672863,1.4007568321672863,0.0
B0034_D0163,B0034,matched,400,162,1.374645303479972,1.374645303479972,0.0
B0034_D0164,B0034,matched,402,163,1.3345924114397838,1.3345924114397838,0.0
B0034_D0165,B0034,matched,404,164,1.336396621564738,1.336396621564738,0.0
B0034_D0166,B0034,matched,406,165,1.3069152971756248,1.3069152971756248,0.0
B0034_D0167,B0034,matched,410,166,1.341539456674081,1.341539456674081,0.0
B0034_D0168,B0034,matched,412,167,1.346388970161922,1.346388970161922,0.0
B0034_D0169,B0034,matched,414,168,1.344989807277774,1.344989807277774,0.0
B0034_D0170,B0034,matched,416,169,1.3158760805047784,1.3158760805047784,0.0
B0034_D0171,B0034,matched,418,170,1.2972766889740088,1.2972766889740088,0.0
B0034_D0172,B0034,matched,422,171,1.2851255211005648,1.2851255211005648,0.0
B0034_D0173,B0034,matched,424,172,1.3190209156530253,1.3190209156530253,0.0
B0034_D0174,B0034,matched,426,173,1.3410097849290994,1.3410097849290994,0.0
B0034_D0175,B0034,matched,428,174,1.326126983882746,1.3261269838827459,2.220446049250313e-16
B0034_D0176,B0034,matched,430,175,1.3091442679990724,1.3091442679990724,0.0
B0034_D0177,B0034,matched,434,176,1.363001289617145,1.363001289617145,0.0
B0034_D0178,B0034,matched,438,177,1.329285701687194,1.329285701687194,0.0
B0034_D0179,B0034,matched,440,178,1.2969085930621855,1.2969085930621855,0.0
B0034_D0180,B0034,matched,442,179,1.2986285924941396,1.2986285924941396,0.0
B0034_D0181,B0034,matched,444,180,1.2840657611821942,1.2840657611821942,0.0
B0034_D0182,B0034,matched,446,181,1.3021015914136362,1.3021015914136362,0.0
B0034_D0183,B0034,matched,450,182,1.3089076351731335,1.3089076351731337,2.220446049250313e-16
B0034_D0184,B0034,matched,452,183,1.2722519696513912,1.2722519696513912,0.0
B0034_D0185,B0034,matched,454,184,1.276011534360331,1.276011534360331,0.0
B0034_D0186,B0034,matched,456,185,1.2605053003103004,1.2605053003103004,0.0
B0034_D0187,B0034,matched,458,186,1.2660681251347115,1.266068125134712,4.440892098500626e-16
B0034_D0188,B0034,matched,462,187,1.265829016865281,1.265829016865281,0.0
B0034_D0189,B0034,matched,464,188,1.2655873898206993,1.2655873898206993,0.0
B0034_D0190,B0034,matched,466,189,1.2663598323027554,1.2663598323027554,0.0
B0034_D0191,B0034,matched,468,190,1.2868479432728903,1.2868479432728903,0.0
B0034_D0192,B0034,matched,470,191,1.270026164613209,1.270026164613209,0.0
B0034_D0193,B0034,matched,474,192,1.34598253292492,1.34598253292492,0.0
B0034_D0194,B0034,matched,476,193,1.3286875315413778,1.3286875315413778,0.0
B0034_D0195,B0034,matched,478,194,1.31203071983408,1.31203071983408,0.0
B0034_D0196,B0034,matched,480,195,1.295125492961198,1.295125492961198,0.0
B0034_D0197,B0034,matched,482,196,1.2802601605963335,1.2802601605963335,0.0
B0036_D0002,B0036,matched,4,1,1.8011007566288924,1.8011007566288924,0.0
B0036_D0003,B0036,matched,6,2,1.8044229856020628,1.8044229856020624,4.440892098500626e-16
B0036_D0004,B0036,matched,8,3,1.804388833772829,1.8043888337728289,2.220446049250313e-16
B0036_D0005,B0036,matched,10,4,1.7989248871784247,1.7989248871784247,0.0
B0036_D0006,B0036,matched,12,5,1.792996521672392,1.792996521672392,0.0
B0036_D0007,B0036,matched,16,6,1.7885507985621891,1.7885507985621891,0.0
B0036_D0008,B0036,matched,18,7,1.7890856930727703,1.78908569307277,2.220446049250313e-16
B0036_D0009,B0036,matched,20,8,1.7893137312833287,1.7893137312833287,0.0
B0036_D0010,B0036,matched,22,9,1.7860759459480868,1.7860759459480868,0.0
B0036_D0011,B0036,matched,24,10,1.7836324249650817,1.7836324249650817,0.0
B0036_D0012,B0036,matched,28,11,1.7829728738072719,1.7829728738072719,0.0
B0036_D0013,B0036,matched,30,12,1.7813775963259668,1.7813775963259666,2.220446049250313e-16
B0036_D0014,B0036,matched,32,13,1.7785359545932946,1.7785359545932946,0.0
B0036_D0015,B0036,matched,34,14,1.7759043090943398,1.7759043090943398,0.0
B0036_D0016,B0036,matched,36,15,1.7780426649905914,1.7780426649905914,0.0
B0036_D0017,B0036,matched,40,16,1.7830029333591655,1.7830029333591657,2.220446049250313e-16
B0036_D0018,B0036,matched,42,17,1.7883000424613877,1.7883000424613875,2.220446049250313e-16
B0036_D0019,B0036,matched,44,18,1.779294712578026,1.779294712578026,0.0
B0036_D0020,B0036,matched,46,19,1.7709235500451854,1.7709235500451854,0.0
B0036_D0021,B0036,matched,48,20,1.7659050180801104,1.7659050180801104,0.0
B0036_D0022,B0036,matched,52,21,1.7826929241469245,1.7826929241469245,0.0
B0036_D0023,B0036,matched,56,22,1.7964662072920203,1.7964662072920203,0.0
B0036_D0024,B0036,matched,58,23,1.7909083533422898,1.7909083533422898,0.0
B0036_D0025,B0036,matched,60,24,1.78518002808874,1.78518002808874,0.0
B0036_D0026,B0036,matched,62,25,1.7811343176546524,1.7811343176546524,0.0
B0036_D0027,B0036,matched,64,26,1.7755577789223567,1.7755577789223569,2.220446049250313e-16
B0036_D0028,B0036,matched,68,27,1.776885870616115,1.7768858706161152,2.220446049250313e-16
B0036_D0029,B0036,matched,70,28,1.7713083410378214,1.7713083410378214,0.0
B0036_D0030,B0036,matched,72,29,1.7713348840874137,1.7713348840874135,2.220446049250313e-16
B0036_D0031,B0036,matched,74,30,1.7660842866405053,1.766084286640505,2.220446049250313e-16
B0036_D0032,B0036,matched,76,31,1.7592793663412327,1.759279366341233,2.220446049250313e-16
B0036_D0033,B0036,matched,80,32,1.7610368813762423,1.7610368813762427,4.440892098500626e-16
B0036_D0034,B0036,matched,82,33,1.760242767365706,1.760242767365706,0.0
B0036_D0035,B0036,matched,84,34,1.7555899416034397,1.7555899416034395,2.220446049250313e-16
B0036_D0036,B0036,matched,86,35,1.7545602176655593,1.7545602176655593,0.0
B0036_D0037,B0036,matched,88,36,1.7499108336094897,1.7499108336094895,2.220446049250313e-16
B0036_D0038,B0036,matched,92,37,1.7610225525303758,1.7610225525303758,0.0
B0036_D0039,B0036,matched,94,38,1.7624094574337117,1.7624094574337115,2.220446049250313e-16
B0036_D0040,B0036,matched,96,39,1.7536170397120676,1.7536170397120676,0.0
B0036_D0041,B0036,matched,98,40,1.7462044775191679,1.746204477519168,2.220446049250313e-16
B0036_D0042,B0036,matched,100,41,1.7406176172769725,1.7406176172769725,0.0
B0036_D0043,B0036,matched,104,42,1.750690404425682,1.750690404425682,0.0
B0036_D0044,B0036,matched,108,43,1.765112055153915,1.765112055153915,0.0
B0036_D0045,B0036,matched,110,44,1.7631888267564881,1.7631888267564877,4.440892098500626e-16
B0036_D0046,B0036,matched,112,45,1.9854929528970957,1.985492952897096,2.220446049250313e-16
B0036_D0047,B0036,matched,116,46,1.7653557308133239,1.765355730813324,2.220446049250313e-16
B0036_D0048,B0036,matched,118,47,1.7571880383127276,1.7571880383127276,0.0
B0036_D0049,B0036,matched,120,48,1.7573770661844437,1.7573770661844437,0.0
B0036_D0050,B0036,matched,122,49,1.7617376127979814,1.7617376127979814,0.0
B0036_D0051,B0036,matched,124,50,1.7606892547636663,1.7606892547636663,0.0
B0036_D0052,B0036,matched,128,51,1.760669562156983,1.760669562156983,0.0
B0036_D0053,B0036,matched,130,52,1.752963802649152,1.752963802649152,0.0
B0036_D0054,B0036,matched,132,53,1.750535708024147,1.750535708024147,0.0
B0036_D0055,B0036,matched,134,54,1.7500761995337284,1.7500761995337286,2.220446049250313e-16
B0036_D0056,B0036,matched,136,55,1.7465957802278385,1.7465957802278385,0.0
B0036_D0057,B0036,matched,140,56,1.753614286788707,1.753614286788707,0.0
B0036_D0058,B0036,matched,142,57,1.750725029920349,1.750725029920349,0.0
B0036_D0059,B0036,matched,144,58,1.7433053490810113,1.743305349081011,2.220446049250313e-16
B0036_D0060,B0036,matched,146,59,1.7336625052776187,1.7336625052776187,0.0
B0036_D0061,B0036,matched,148,60,1.7319207051538927,1.7319207051538927,0.0
B0036_D0062,B0036,matched,152,61,1.7428604522751463,1.7428604522751463,0.0
B0036_D0063,B0036,matched,154,62,1.743306971099712,1.743306971099712,0.0
B0036_D0064,B0036,matched,156,63,1.738524506272696,1.738524506272696,0.0
B0036_D0065,B0036,matched,158,64,1.7295622663746972,1.729562266374697,2.220446049250313e-16
B0036_D0066,B0036,matched,160,65,1.7273036765742085,1.7273036765742085,0.0
B0036_D0067,B0036,matched,164,66,1.7449370491071912,1.7449370491071912,0.0
B0036_D0068,B0036,matched,168,67,1.7642432071133693,1.7642432071133691,2.220446049250313e-16
B0036_D0069,B0036,matched,170,68,1.7504882032049596,1.7504882032049596,0.0
B0036_D0070,B0036,matched,172,69,1.7442710815479923,1.7442710815479925,2.220446049250313e-16
B0036_D0071,B0036,matched,174,70,1.7365413923373951,1.736541392337395,2.220446049250313e-16
B0036_D0072,B0036,matched,176,71,1.733223093105756,1.733223093105756,0.0
B0036_D0073,B0036,matched,180,72,1.73860622908762,1.7386062290876199,2.220446049250313e-16
B0036_D0074,B0036,matched,182,73,1.7432134953746192,1.7432134953746192,0.0
B0036_D0075,B0036,matched,184,74,1.7332698214832971,1.7332698214832971,0.0
B0036_D0076,B0036,matched,186,75,1.7298906291663272,1.7298906291663272,0.0
B0036_D0077,B0036,matched,188,76,1.7204403348841348,1.7204403348841348,0.0
B0036_D0078,B0036,matched,192,77,1.724420729012913,1.7244207290129132,2.220446049250313e-16
B0036_D0079,B0036,matched,194,78,1.7214872814061166,1.7214872814061166,0.0
B0036_D0080,B0036,matched,196,79,1.7197448773569262,1.7197448773569262,0.0
B0036_D0081,B0036,matched,198,80,1.7164304142145894,1.7164304142145894,0.0
B0036_D0082,B0036,matched,200,81,1.7112029253299619,1.711202925329962,2.220446049250313e-16
B0036_D0083,B0036,matched,204,82,1.7102343231599222,1.7102343231599222,0.0
B0036_D0084,B0036,matched,206,83,1.713096882151029,1.713096882151029,0.0
B0036_D0085,B0036,matched,208,84,1.7103708617208135,1.7103708617208135,0.0
B0036_D0086,B0036,matched,210,85,1.7064617296121434,1.7064617296121434,0.0
B0036_D0087,B0036,matched,212,86,1.7029429979110946,1.7029429979110946,0.0
B0036_D0088,B0036,matched,216,87,1.7072612643840062,1.7072612643840062,0.0
B0036_D0089,B0036,matched,218,88,1.7038637196766078,1.7038637196766078,0.0
B0036_D0090,B0036,matched,220,89,1.7079617948422274,1.7079617948422274,0.0
B0036_D0091,B0036,matched,222,90,1.7113022833627787,1.711302283362779,2.220446049250313e-16
B0036_D0092,B0036,matched,224,91,1.714122057472244,1.714122057472244,0.0
B0036_D0093,B0036,matched,228,92,1.7053324925701605,1.7053324925701605,0.0
B0036_D0094,B0036,matched,230,93,1.6934609472531408,1.6934609472531408,0.0
B0036_D0095,B0036,matched,232,94,1.6905244127230223,1.6905244127230226,2.220446049250313e-16
B0036_D0096,B0036,matched,234,95,1.7007774858498304,1.7007774858498304,0.0
B0036_D0097,B0036,matched,236,96,1.6971104467944576,1.6971104467944576,0.0
B0036_D0098,B0036,matched,240,97,1.6997924522951837,1.6997924522951835,2.220446049250313e-16
B0036_D0099,B0036,matched,242,98,1.6912704773954121,1.691270477395412,2.220446049250313e-16
B0036_D0100,B0036,matched,244,99,1.6857127009469863,1.6857127009469863,0.0
B0036_D0101,B0036,matched,246,100,1.6832093771286156,1.6832093771286156,0.0
B0036_D0102,B0036,matched,248,101,1.692886364169521,1.692886364169521,0.0
B0036_D0103,B0036,matched,252,102,1.6984668174144633,1.6984668174144633,0.0
B0036_D0104,B0036,matched,254,103,1.6935813413828429,1.6935813413828429,0.0
B0036_D0105,B0036,matched,256,104,1.6830951253781283,1.683095125378128,2.220446049250313e-16
B0036_D0106,B0036,matched,258,105,1.6850462226942986,1.6850462226942986,0.0
B0036_D0107,B0036,matched,260,106,1.6803098840017598,1.6803098840017596,2.220446049250313e-16
B0036_D0108,B0036,matched,264,107,1.6944038437227715,1.6944038437227715,0.0
B0036_D0109,B0036,matched,266,108,1.6955686127180103,1.6955686127180103,0.0
B0036_D0110,B0036,matched,268,109,1.6841854728350405,1.6841854728350405,0.0
B0036_D0111,B0036,matched,270,110,1.6722180144870118,1.6722180144870118,0.0
B0036_D0112,B0036,matched,272,111,1.6675976965747183,1.6675976965747181,2.220446049250313e-16
B0036_D0113,B0036,matched,276,112,1.6781873787039017,1.6781873787039019,2.220446049250313e-16
B0036_D0115,B0036,matched,282,114,1.6913403148932205,1.6913403148932205,0.0
B0036_D0116,B0036,matched,284,115,1.6802787096613283,1.6802787096613283,0.0
B0036_D0117,B0036,matched,286,116,1.673147301023026,1.673147301023026,0.0
B0036_D0118,B0036,matched,288,117,1.6704292090032429,1.6704292090032427,2.220446049250313e-16
B0036_D0119,B0036,matched,290,118,1.6659903350115992,1.665990335011599,2.220446049250313e-16
B0036_D0120,B0036,matched,294,119,1.664241575272447,1.664241575272447,0.0
B0036_D0121,B0036,matched,296,120,1.6668450767774965,1.6668450767774965,0.0
B0036_D0122,B0036,matched,298,121,1.6594501560667536,1.6594501560667536,0.0
B0036_D0123,B0036,matched,300,122,1.662412523067319,1.662412523067319,0.0
B0036_D0124,B0036,matched,302,123,1.6603526083225701,1.66035260832257,2.220446049250313e-16
B0036_D0125,B0036,matched,306,124,1.6610231379633236,1.6610231379633236,0.0
B0036_D0126,B0036,matched,308,125,1.6575187557321613,1.6575187557321613,0.0
B0036_D0127,B0036,matched,310,126,1.6507877959674548,1.6507877959674548,0.0
B0036_D0128,B0036,matched,312,127,1.6532570062110141,1.653257006211014,2.220446049250313e-16
B0036_D0129,B0036,matched,314,128,1.6494214846772686,1.6494214846772686,0.0
B0036_D0130,B0036,matched,318,129,1.6678591915666705,1.6678591915666707,2.220446049250313e-16
B0036_D0131,B0036,matched,320,130,1.670862764324967,1.670862764324967,0.0
B0036_D0132,B0036,matched,322,131,1.6658118164053368,1.6658118164053368,0.0
B0036_D0133,B0036,matched,324,132,1.6532998517617,1.6532998517617,0.0
B0036_D0134,B0036,matched,326,133,1.6468787023528522,1.646878702352852,2.220446049250313e-16
B0036_D0135,B0036,matched,330,134,1.6718953249703756,1.6718953249703756,0.0
B0036_D0136,B0036,matched,334,135,1.6807743463585727,1.6807743463585725,2.220446049250313e-16
B0036_D0137,B0036,matched,336,136,1.6737717086703074,1.6737717086703074,0.0
B0036_D0138,B0036,matched,338,137,1.6605773762487392,1.6605773762487395,2.220446049250313e-16
B0036_D0139,B0036,matched,340,138,1.655987781146086,1.655987781146086,0.0
B0036_D0140,B0036,matched,342,139,1.6468623183898439,1.646862318389844,2.220446049250313e-16
B0036_D0141,B0036,matched,346,140,1.6574621175432847,1.657462117543285,4.440892098500626e-16
B0036_D0142,B0036,matched,348,141,1.6603991175216894,1.6603991175216892,2.220446049250313e-16
B0036_D0143,B0036,matched,350,142,1.6460789092837111,1.6460789092837111,0.0
B0036_D0144,B0036,matched,352,143,1.6408366462659327,1.6408366462659327,0.0
B0036_D0145,B0036,matched,354,144,1.6344408920281601,1.6344408920281601,0.0
B0036_D0146,B0036,matched,358,145,1.6374039186504212,1.6374039186504212,0.0
B0036_D0147,B0036,matched,360,146,1.64738207540524,1.64738207540524,0.0
B0036_D0148,B0036,matched,362,147,1.6545646441622355,1.654564644162236,4.440892098500626e-16
B0036_D0149,B0036,matched,364,148,1.640896560729935,1.640896560729935,0.0
B0036_D0150,B0036,matched,366,149,1.6265229979339635,1.6265229979339637,2.220446049250313e-16
B0036_D0151,B0036,matched,370,150,1.6217349144630457,1.6217349144630455,2.220446049250313e-16
B0036_D0152,B0036,matched,372,151,1.6248200059639546,1.6248200059639546,0.0
B0036_D0153,B0036,matched,374,152,1.61880119736137,1.61880119736137,0.0
B0036_D0154,B0036,matched,376,153,1.6137350490334217,1.6137350490334217,0.0
B0036_D0155,B0036,matched,378,154,1.612012823654141,1.6120128236541411,2.220446049250313e-16
B0036_D0156,B0036,matched,382,155,1.6671032556887178,1.6671032556887178,0.0
B0036_D0157,B0036,matched,386,156,1.6850133383886254,1.6850133383886254,0.0
B0036_D0158,B0036,matched,388,157,1.6786654987614698,1.6786654987614695,2.220446049250313e-16
B0036_D0159,B0036,matched,390,158,1.6729763502191373,1.6729763502191373,0.0
B0036_D0160,B0036,matched,392,159,1.666489034299654,1.6664890342996541,2.220446049250313e-16
B0036_D0161,B0036,matched,394,160,1.6698420840710908,1.669842084071091,2.220446049250313e-16
B0036_D0162,B0036,matched,398,161,1.6746744228027035,1.6746744228027035,0.0
B0036_D0163,B0036,matched,400,162,1.6665045335145643,1.6665045335145643,0.0
B0036_D0164,B0036,matched,402,163,1.6522220848347273,1.652222084834727,2.220446049250313e-16
B0036_D0165,B0036,matched,404,164,1.6462718275099526,1.6462718275099524,2.220446049250313e-16
B0036_D0166,B0036,matched,406,165,1.642399234692521,1.642399234692521,0.0
B0036_D0167,B0036,matched,410,166,1.651178607099992,1.651178607099992,0.0
B0036_D0168,B0036,matched,412,167,1.6481683120281931,1.6481683120281931,0.0
B0036_D0169,B0036,matched,414,168,1.6478887725428397,1.6478887725428395,2.220446049250313e-16
B0036_D0170,B0036,matched,416,169,1.635843650915682,1.635843650915682,0.0
B0036_D0171,B0036,matched,418,170,1.6332362811945516,1.6332362811945516,0.0
B0036_D0172,B0036,matched,422,171,1.629926467682987,1.629926467682987,0.0
B0036_D0173,B0036,matched,424,172,1.6387862629287224,1.6387862629287224,0.0
B0036_D0174,B0036,matched,426,173,1.6359654863840773,1.6359654863840771,2.220446049250313e-16
B0036_D0175,B0036,matched,428,174,1.631137043967566,1.631137043967566,0.0
B0036_D0176,B0036,matched,430,175,1.6220189720888463,1.6220189720888465,2.220446049250313e-16
B0036_D0177,B0036,matched,434,176,1.6416044978422155,1.6416044978422155,0.0
B0036_D0178,B0036,matched,438,177,1.6253090231457805,1.6253090231457805,0.0
B0036_D0179,B0036,matched,440,178,1.6196134522239483,1.6196134522239485,2.220446049250313e-16
B0036_D0180,B0036,matched,442,179,1.6124236174774371,1.612423617477437,2.220446049250313e-16
B0036_D0181,B0036,matched,444,180,1.6077701029913394,1.6077701029913394,0.0
B0036_D0182,B0036,matched,446,181,1.6088077531981582,1.6088077531981582,0.0
B0036_D0183,B0036,matched,450,182,1.6083556258734268,1.6083556258734268,0.0
B0036_D0184,B0036,matched,452,183,1.6068202519011539,1.606820251901154,2.220446049250313e-16
B0036_D0185,B0036,matched,454,184,1.601770977206713,1.601770977206713,0.0
B0036_D0186,B0036,matched,456,185,1.594911734692208,1.594911734692208,0.0
B0036_D0187,B0036,matched,458,186,1.5938139125387372,1.5938139125387372,0.0
B0036_D0188,B0036,matched,462,187,1.5920273129504596,1.5920273129504596,0.0
B0036_D0189,B0036,matched,464,188,1.5847361549778751,1.5847361549778751,0.0
B0036_D0190,B0036,matched,466,189,1.5763429363936798,1.57634293639368,2.220446049250313e-16
B0036_D0191,B0036,matched,468,190,1.5720229174642286,1.5720229174642286,0.0
B0036_D0192,B0036,matched,470,191,1.5729874285512353,1.5729874285512353,0.0
B0036_D0193,B0036,matched,474,192,1.596985400389019,1.596985400389019,0.0
B0036_D0194,B0036,matched,476,193,1.595726023703856,1.595726023703856,0.0
B0036_D0195,B0036,matched,478,194,1.579500338340559,1.5795003383405593,2.220446049250313e-16
B0036_D0196,B0036,matched,480,195,1.5629469877520186,1.5629469877520186,0.0
B0036_D0197,B0036,matched,482,196,1.5591129431541175,1.5591129431541177,2.220446049250313e-16
B0038_D0001,B0038,matched,0,0,0.8980573709676724,0.8980573709676724,0.0
B0038_D0002,B0038,matched,4,1,1.1026236331914077,1.1026236331914077,0.0
B0038_D0003,B0038,matched,6,2,1.0885801879473431,1.0885801879473431,0.0
B0038_D0004,B0038,matched,8,3,1.0613249847591086,1.0613249847591086,0.0
B0038_D0005,B0038,matched,10,4,1.0347062057983545,1.0347062057983545,0.0
B0038_D0006,B0038,matched,12,5,1.0269978594353013,1.0269978594353013,0.0
B0038_D0007,B0038,matched,16,6,1.0785019710989419,1.0785019710989423,4.440892098500626e-16
B0038_D0008,B0038,matched,20,7,1.0638897478802845,1.0638897478802845,0.0
B0038_D0009,B0038,matched,22,8,1.0366551223324423,1.0366551223324425,2.220446049250313e-16
B0038_D0010,B0038,matched,24,9,1.030941327482094,1.030941327482094,0.0
B0038_D0011,B0038,matched,26,10,1.0140084541034655,1.0140084541034655,0.0
B0038_D0012,B0038,matched,28,11,1.008516095994519,1.008516095994519,0.0
B0038_D0013,B0038,matched,32,12,1.7419245088095903,1.7419245088095905,2.220446049250313e-16
B0038_D0014,B0038,matched,36,13,1.779741859708433,1.779741859708433,0.0
B0038_D0015,B0038,matched,38,14,1.7815666306452766,1.7815666306452766,0.0
B0038_D0016,B0038,matched,40,15,1.7834859577156017,1.7834859577156015,2.220446049250313e-16
B0038_D0017,B0038,matched,42,16,1.7864411650415675,1.7864411650415675,0.0
B0038_D0018,B0038,matched,44,17,1.7859997608067948,1.7859997608067948,0.0
B0038_D0019,B0038,matched,48,18,1.7769523773001608,1.776952377300161,2.220446049250313e-16
B0038_D0020,B0038,matched,52,19,1.781428917321899,1.781428917321899,0.0
B0038_D0021,B0038,matched,54,20,1.7859452772697197,1.7859452772697195,2.220446049250313e-16
B0038_D0022,B0038,matched,56,21,1.785208429691551,1.785208429691551,0.0
B0038_D0023,B0038,matched,58,22,1.783596609584544,1.783596609584544,0.0
B0038_D0024,B0038,matched,60,23,1.7796783152744713,1.779678315274471,2.220446049250313e-16
B0038_D0025,B0038,matched,64,24,1.7841102592788645,1.7841102592788645,0.0
B0038_D0026,B0038,matched,66,25,1.7833032331592193,1.7833032331592191,2.220446049250313e-16
B0038_D0027,B0038,matched,68,26,1.7796186141356956,1.7796186141356956,0.0
B0038_D0028,B0038,matched,70,27,1.7816592334352586,1.7816592334352586,0.0
B0038_D0029,B0038,matched,72,28,1.7775911304124035,1.7775911304124037,2.220446049250313e-16
B0038_D0030,B0038,matched,76,29,1.777701881971679,1.777701881971679,0.0
B0038_D0031,B0038,matched,78,30,1.7789547618270618,1.7789547618270618,0.0
B0038_D0032,B0038,matched,80,31,1.7807753731135043,1.7807753731135043,0.0
B0038_D0033,B0038,matched,82,32,1.778415319026661,1.778415319026661,0.0
B0038_D0034,B0038,matched,84,33,1.7789773899108463,1.7789773899108463,0.0
B0038_D0035,B0038,matched,88,34,1.7792479347236045,1.779247934723604,4.440892098500626e-16
B0038_D0036,B0038,matched,90,35,1.7779204573685081,1.777920457368508,2.220446049250313e-16
B0038_D0037,B0038,matched,92,36,1.779227040224144,1.779227040224144,0.0
B0038_D0038,B0038,matched,94,37,1.7760634320079352,1.776063432007935,2.220446049250313e-16
B0038_D0039,B0038,matched,96,38,1.775103937963957,1.775103937963957,0.0
B0038_D0040,B0038,matched,100,39,1.733064100138742,1.733064100138742,0.0
B0038_D0041,B0038,matched,104,40,1.7394892806215223,1.7394892806215223,0.0
B0038_D0042,B0038,matched,106,41,1.7378064360392924,1.7378064360392924,0.0
B0038_D0043,B0038,matched,108,42,1.730028145799833,1.730028145799833,0.0
B0038_D0044,B0038,matched,110,43,1.7290404566542985,1.7290404566542987,2.220446049250313e-16
B0038_D0045,B0038,matched,112,44,1.7286072907068815,1.7286072907068817,2.220446049250313e-16
B0038_D0046,B0038,matched,116,45,1.52573884649634,1.5257388464963397,2.220446049250313e-16
B0038_D0047,B0038,matched,120,46,1.5301475534434217,1.5301475534434217,0.0
B0039_D0013,B0039,matched,32,12,1.7461791006389626,1.7461791006389626,0.0
B0039_D0014,B0039,matched,36,13,1.7695250734505363,1.7695250734505366,2.220446049250313e-16
B0039_D0015,B0039,matched,38,14,1.7715391419501945,1.7715391419501945,0.0
B0039_D0016,B0039,matched,40,15,1.770625483958279,1.770625483958279,0.0
B0039_D0017,B0039,matched,42,16,1.7704040639447296,1.7704040639447296,0.0
B0039_D0018,B0039,matched,44,17,1.7695081788801759,1.769508178880176,2.220446049250313e-16
B0039_D0019,B0039,matched,48,18,1.7638356274269416,1.7638356274269416,0.0
B0039_D0020,B0039,matched,52,19,1.7715725869786123,1.7715725869786123,0.0
B0039_D0021,B0039,matched,54,20,1.7701196454489683,1.7701196454489685,2.220446049250313e-16
B0039_D0022,B0039,matched,56,21,1.7667569752860521,1.766756975286052,2.220446049250313e-16
B0039_D0023,B0039,matched,58,22,1.7648743629092642,1.7648743629092645,2.220446049250313e-16
B0039_D0024,B0039,matched,60,23,1.763838685943225,1.7638386859432247,2.220446049250313e-16
B0039_D0025,B0039,matched,64,24,1.7657225752056789,1.7657225752056789,0.0
B0039_D0026,B0039,matched,66,25,1.7645632809383045,1.7645632809383045,0.0
B0039_D0027,B0039,matched,68,26,1.7608991948479125,1.7608991948479125,0.0
B0039_D0028,B0039,matched,70,27,1.7598362095817717,1.7598362095817717,0.0
B0039_D0029,B0039,matched,72,28,1.7590955400143164,1.7590955400143164,0.0
B0039_D0030,B0039,matched,76,29,1.7560495443976523,1.7560495443976523,0.0
B0039_D0031,B0039,matched,78,30,1.7571677199949287,1.7571677199949287,0.0
B0039_D0032,B0039,matched,80,31,1.7558911269459976,1.7558911269459976,0.0
B0039_D0033,B0039,matched,82,32,1.7533419072229914,1.7533419072229917,2.220446049250313e-16
B0039_D0034,B0039,matched,84,33,1.7506673845335168,1.750667384533517,2.220446049250313e-16
B0039_D0035,B0039,matched,88,34,1.7510006664162403,1.7510006664162403,0.0
B0039_D0036,B0039,matched,90,35,1.7496058853847873,1.7496058853847871,2.220446049250313e-16
B0039_D0037,B0039,matched,92,36,1.7477359172183355,1.7477359172183355,0.0
B0039_D0038,B0039,matched,94,37,1.7444225468099093,1.744422546809909,2.220446049250313e-16
B0039_D0039,B0039,matched,96,38,1.743308366083936,1.743308366083936,0.0
B0039_D0040,B0039,matched,100,39,1.6556691733888471,1.6556691733888471,0.0
B0039_D0041,B0039,matched,104,40,1.64297669457593,1.64297669457593,0.0
B0039_D0042,B0039,matched,106,41,1.6343822729361266,1.6343822729361266,0.0
B0039_D0043,B0039,matched,108,42,1.6265067062165601,1.62650670621656,2.220446049250313e-16
B0039_D0044,B0039,matched,110,43,1.618865991735961,1.618865991735961,0.0
B0039_D0045,B0039,matched,112,44,1.6114968339209264,1.6114968339209264,0.0
B0039_D0046,B0039,matched,116,45,1.3240805773461226,1.3240805773461226,0.0
B0039_D0047,B0039,matched,120,46,1.3153386221697692,1.3153386221697694,2.220446049250313e-16
B0040_D0001,B0040,matched,0,0,0.6734628137095633,0.6734628137095633,0.0
B0040_D0002,B0040,matched,4,1,0.7913062105760345,0.7913062105760347,2.220446049250313e-16
B0040_D0003,B0040,matched,6,2,0.7865824034601745,0.7865824034601745,0.0
B0040_D0004,B0040,matched,8,3,0.7795871426061582,0.7795871426061582,0.0
B0040_D0005,B0040,matched,10,4,0.7628241523125163,0.7628241523125163,0.0
B0040_D0006,B0040,matched,12,5,0.7405021514606399,0.74050215146064,1.1102230246251565e-16
B0040_D0007,B0040,matched,16,6,0.7783970881100656,0.7783970881100656,0.0
B0040_D0008,B0040,matched,20,7,0.7733165409025605,0.7733165409025605,0.0
B0040_D0009,B0040,matched,22,8,0.7589575236409498,0.7589575236409497,1.1102230246251565e-16
B0040_D0010,B0040,matched,24,9,0.7407399462256391,0.7407399462256392,1.1102230246251565e-16
B0040_D0011,B0040,matched,26,10,0.7446218752617147,0.7446218752617147,0.0
B0040_D0012,B0040,matched,28,11,0.7149875629820736,0.7149875629820736,0.0
B0040_D0013,B0040,matched,32,12,1.7075144448533202,1.70751444485332,2.220446049250313e-16
B0040_D0014,B0040,matched,36,13,1.730880859428193,1.730880859428193,0.0
B0040_D0015,B0040,matched,38,14,1.7328212845233328,1.732821284523333,2.220446049250313e-16
B0040_D0016,B0040,matched,40,15,1.7317734323431513,1.731773432343151,2.220446049250313e-16
B0040_D0017,B0040,matched,42,16,1.7341296392350067,1.7341296392350067,0.0
B0040_D0018,B0040,matched,44,17,1.7334756929990074,1.7334756929990072,2.220446049250313e-16
B0040_D0019,B0040,matched,48,18,1.7243057179457875,1.724305717945788,4.440892098500626e-16
B0040_D0020,B0040,matched,52,19,1.7318975861687205,1.7318975861687205,0.0
B0040_D0021,B0040,matched,54,20,1.7333691208377457,1.7333691208377457,0.0
B0040_D0022,B0040,matched,56,21,1.732175650153278,1.7321756501532777,2.220446049250313e-16
B0040_D0023,B0040,matched,58,22,1.7334832776102866,1.7334832776102866,0.0
B0040_D0024,B0040,matched,60,23,1.732372495746513,1.732372495746513,0.0
B0040_D0025,B0040,matched,64,24,1.7338175297202416,1.7338175297202418,2.220446049250313e-16
B0040_D0026,B0040,matched,66,25,1.7329630786357868,1.7329630786357868,0.0
B0040_D0027,B0040,matched,68,26,1.7318839084573339,1.731883908457334,2.220446049250313e-16
B0040_D0028,B0040,matched,70,27,1.7306960059812662,1.7306960059812662,0.0
B0040_D0029,B0040,matched,72,28,1.7296011601947467,1.7296011601947467,0.0
B0040_D0030,B0040,matched,76,29,1.7296187381064656,1.7296187381064656,0.0
B0040_D0031,B0040,matched,78,30,1.7307198617163877,1.7307198617163877,0.0
B0040_D0032,B0040,matched,80,31,1.729274556175907,1.729274556175907,0.0
B0040_D0033,B0040,matched,82,32,1.7297962212599596,1.7297962212599594,2.220446049250313e-16
B0040_D0034,B0040,matched,84,33,1.7268942069037494,1.7268942069037494,0.0
B0040_D0035,B0040,matched,88,34,1.7272191689306016,1.7272191689306016,0.0
B0040_D0036,B0040,matched,90,35,1.7285674981160106,1.7285674981160104,2.220446049250313e-16
B0040_D0037,B0040,matched,92,36,1.726636381605547,1.7266363816055472,2.220446049250313e-16
B0040_D0038,B0040,matched,94,37,1.7262424141835067,1.7262424141835069,2.220446049250313e-16
B0040_D0039,B0040,matched,96,38,1.7252725927602899,1.72527259276029,2.220446049250313e-16
B0040_D0040,B0040,matched,100,39,1.6668026877455053,1.666802687745505,2.220446049250313e-16
B0040_D0041,B0040,matched,104,40,1.666754853762041,1.6667548537620407,2.220446049250313e-16
B0040_D0042,B0040,matched,106,41,1.6583274448761054,1.6583274448761054,0.0
B0040_D0043,B0040,matched,108,42,1.65032263550715,1.65032263550715,0.0
B0040_D0044,B0040,matched,110,43,1.6493406341242296,1.6493406341242298,2.220446049250313e-16
B0040_D0045,B0040,matched,112,44,1.641919055037739,1.6419190550377387,2.220446049250313e-16
B0040_D0047,B0040,matched,120,46,0.5569902643736575,0.5569902643736576,1.1102230246251565e-16
B0041_D0043,B0041,matched,103,42,1.2156494086360898,1.2156494086360898,0.0
B0041_D0044,B0041,matched,107,43,1.1476416320946565,1.1476416320946563,2.220446049250313e-16
B0041_D0045,B0041,matched,109,44,1.1194574527298193,1.1194574527298193,0.0
B0041_D0046,B0041,matched,111,45,1.0841325641850128,1.0841325641850128,0.0
B0041_D0047,B0041,matched,113,46,1.0607784232892656,1.0607784232892656,0.0
B0041_D0048,B0041,matched,115,47,1.0170312865626592,1.0170312865626592,0.0
B0041_D0049,B0041,matched,119,48,1.0000374999808574,1.0000374999808574,0.0
B0041_D0050,B0041,matched,121,49,0.991506494786248,0.991506494786248,0.0
B0041_D0051,B0041,matched,123,50,0.9655644425371017,0.9655644425371015,2.220446049250313e-16
B0041_D0052,B0041,matched,125,51,0.9383311962439673,0.9383311962439671,2.220446049250313e-16
B0041_D0053,B0041,matched,127,52,0.9298903389240268,0.9298903389240268,0.0
B0041_D0054,B0041,matched,131,53,0.9072117399448598,0.9072117399448598,0.0
B0041_D0055,B0041,matched,133,54,0.9176870676937323,0.9176870676937324,1.1102230246251565e-16
B0041_D0056,B0041,matched,135,55,0.9157430721963028,0.9157430721963028,0.0
B0041_D0057,B0041,matched,137,56,0.9111662690050432,0.9111662690050432,0.0
B0041_D0058,B0041,matched,139,57,0.8968901443572698,0.8968901443572698,0.0
B0041_D0059,B0041,matched,143,58,0.8862133472800153,0.8862133472800154,1.1102230246251565e-16
B0041_D0060,B0041,matched,145,59,0.8931124136187014,0.8931124136187014,0.0
B0041_D0061,B0041,matched,147,60,0.880898507091054,0.8808985070910541,1.1102230246251565e-16
B0041_D0062,B0041,matched,149,61,0.8798879382023741,0.8798879382023741,0.0
B0041_D0063,B0041,matched,151,62,0.8682347537115443,0.8682347537115443,0.0
B0041_D0064,B0041,matched,155,63,0.8443569490395516,0.8443569490395517,1.1102230246251565e-16
B0041_D0065,B0041,matched,157,64,0.8657093203148538,0.8657093203148538,0.0
B0041_D0066,B0041,matched,159,65,0.848696904019178,0.848696904019178,0.0
B0041_D0067,B0041,matched,161,66,0.8364948433646345,0.8364948433646346,1.1102230246251565e-16
B0042_D0001,B0042,matched,2,0,1.7287126633755356,1.7287126633755354,2.220446049250313e-16
B0042_D0002,B0042,matched,4,1,1.7314706281853145,1.7314706281853145,0.0
B0042_D0003,B0042,matched,6,2,1.7282350363146088,1.7282350363146088,0.0
B0042_D0004,B0042,matched,8,3,1.720344742291621,1.720344742291621,0.0
B0042_D0005,B0042,matched,10,4,1.7221734367707637,1.7221734367707635,2.220446049250313e-16
B0042_D0007,B0042,matched,16,6,1.708669577331945,1.708669577331945,0.0
B0042_D0008,B0042,matched,18,7,1.7036476485918646,1.7036476485918646,0.0
B0042_D0009,B0042,matched,20,8,1.6958375743577971,1.6958375743577971,0.0
B0042_D0010,B0042,matched,22,9,1.6949064846676911,1.6949064846676911,0.0
B0042_D0011,B0042,matched,26,10,1.6874768094352455,1.6874768094352455,0.0
B0042_D0012,B0042,matched,28,11,1.685989172917945,1.685989172917945,0.0
B0042_D0013,B0042,matched,30,12,1.6782864747774933,1.678286474777493,2.220446049250313e-16
B0042_D0014,B0042,matched,32,13,1.6739647640901527,1.6739647640901527,0.0
B0042_D0015,B0042,matched,34,14,1.6722378801237066,1.6722378801237066,0.0
B0042_D0016,B0042,matched,38,15,1.6759897900491967,1.675989790049197,2.220446049250313e-16
B0042_D0017,B0042,matched,40,16,1.6618247672847988,1.6618247672847988,0.0
B0042_D0018,B0042,matched,42,17,1.6606710352566112,1.6606710352566112,0.0
B0042_D0019,B0042,matched,44,18,1.6530644874507203,1.6530644874507203,0.0
B0042_D0020,B0042,matched,46,19,1.649953986270456,1.649953986270456,0.0
B0042_D0021,B0042,matched,50,20,1.681297805444492,1.681297805444492,0.0
B0042_D0022,B0042,matched,54,21,1.6700520424481298,1.6700520424481298,0.0
B0042_D0023,B0042,matched,56,22,1.667181860354792,1.667181860354792,0.0
B0042_D0024,B0042,matched,58,23,1.6568865613275168,1.6568865613275168,0.0
B0042_D0025,B0042,matched,60,24,1.6449819446579936,1.6449819446579936,0.0
B0042_D0026,B0042,matched,62,25,1.639214585000014,1.639214585000014,0.0
B0042_D0027,B0042,matched,66,26,1.6410599890208055,1.6410599890208055,0.0
B0042_D0028,B0042,matched,68,27,1.6432696512198481,1.643269651219848,2.220446049250313e-16
B0042_D0029,B0042,matched,70,28,1.6298673102402295,1.6298673102402297,2.220446049250313e-16
B0042_D0030,B0042,matched,72,29,1.6238536344658807,1.6238536344658805,2.220446049250313e-16
B0042_D0031,B0042,matched,74,30,1.6186308887044174,1.6186308887044174,0.0
B0042_D0032,B0042,matched,78,31,1.6193418112441196,1.6193418112441196,0.0
B0042_D0033,B0042,matched,80,32,1.614593271326993,1.614593271326993,0.0
B0042_D0034,B0042,matched,82,33,1.6072040891927848,1.6072040891927848,0.0
B0042_D0035,B0042,matched,84,34,1.6012663590062357,1.6012663590062357,0.0
B0042_D0036,B0042,matched,86,35,1.5940407410631041,1.594040741063104,2.220446049250313e-16
B0042_D0037,B0042,matched,90,36,1.5946888289374477,1.5946888289374477,0.0
B0042_D0038,B0042,matched,92,37,1.5882100957302596,1.5882100957302598,2.220446049250313e-16
B0042_D0039,B0042,matched,94,38,1.587985558077698,1.5879855580776983,2.220446049250313e-16
B0042_D0040,B0042,matched,96,39,1.5799165406650344,1.5799165406650344,0.0
B0042_D0041,B0042,matched,98,40,1.5655946193652834,1.5655946193652834,0.0
B0042_D0088,B0042,matched,215,87,1.4377344766079456,1.4377344766079458,2.220446049250313e-16
B0042_D0089,B0042,matched,219,88,1.5246019289244055,1.5246019289244055,0.0
B0042_D0090,B0042,matched,221,89,1.5215273965539478,1.5215273965539478,0.0
B0042_D0091,B0042,matched,223,90,1.5155323631175952,1.5155323631175952,0.0
B0042_D0092,B0042,matched,225,91,1.5044249661534554,1.5044249661534552,2.220446049250313e-16
B0042_D0093,B0042,matched,227,92,1.5001507149498807,1.5001507149498807,0.0
B0042_D0094,B0042,matched,231,93,1.489011227320312,1.4890112273203122,2.220446049250313e-16
B0042_D0095,B0042,matched,233,94,1.4810149357562845,1.4810149357562843,2.220446049250313e-16
B0042_D0096,B0042,matched,235,95,1.476262027748574,1.476262027748574,0.0
B0042_D0097,B0042,matched,237,96,1.4662551025438961,1.466255102543896,2.220446049250313e-16
B0042_D0098,B0042,matched,239,97,1.4593282593817019,1.459328259381702,2.220446049250313e-16
B0042_D0099,B0042,matched,243,98,1.445704157754381,1.445704157754381,0.0
B0042_D0100,B0042,matched,245,99,1.4400686089389023,1.4400686089389023,0.0
B0042_D0101,B0042,matched,247,100,1.4290313659547842,1.4290313659547842,0.0
B0042_D0102,B0042,matched,249,101,1.414172188151386,1.414172188151386,0.0
B0042_D0103,B0042,matched,251,102,1.415603079129078,1.4156030791290781,2.220446049250313e-16
B0042_D0104,B0042,matched,255,103,1.3994410223300702,1.3994410223300702,0.0
B0042_D0105,B0042,matched,257,104,1.3959635285794907,1.395963528579491,2.220446049250313e-16
B0042_D0106,B0042,matched,259,105,1.3929784652630588,1.3929784652630588,0.0
B0042_D0107,B0042,matched,261,106,1.3740772023800918,1.3740772023800918,0.0
B0042_D0108,B0042,matched,263,107,1.3752493030002435,1.3752493030002435,0.0
B0042_D0109,B0042,matched,267,108,1.3671966130854505,1.3671966130854505,0.0
B0042_D0110,B0042,matched,269,109,1.356887600783644,1.356887600783644,0.0
B0042_D0111,B0042,matched,271,110,1.3449320225969348,1.3449320225969348,0.0
B0042_D0112,B0042,matched,273,111,1.3374691704584258,1.3374691704584258,0.0
B0043_D0001,B0043,matched,2,0,1.713782642126885,1.713782642126885,0.0
B0043_D0002,B0043,matched,4,1,1.6955681658647108,1.6955681658647108,0.0
B0043_D0003,B0043,matched,6,2,1.6814906372051954,1.6814906372051954,0.0
B0043_D0004,B0043,matched,8,3,1.6786372409532953,1.6786372409532953,0.0
B0043_D0005,B0043,matched,10,4,1.6694168550864992,1.6694168550864992,0.0
B0043_D0007,B0043,matched,16,6,1.6611938521224778,1.6611938521224778,0.0
B0043_D0008,B0043,matched,18,7,1.6506423382064332,1.6506423382064332,0.0
B0043_D0009,B0043,matched,20,8,1.6424273190907783,1.6424273190907783,0.0
B0043_D0010,B0043,matched,22,9,1.6353664801041328,1.6353664801041328,0.0
B0043_D0011,B0043,matched,26,10,1.633232875930849,1.633232875930849,0.0
B0043_D0012,B0043,matched,28,11,1.6258840554387932,1.6258840554387932,0.0
B0043_D0013,B0043,matched,30,12,1.617976174654771,1.617976174654771,0.0
B0043_D0014,B0043,matched,32,13,1.6136652707273988,1.6136652707273986,2.220446049250313e-16
B0043_D0015,B0043,matched,34,14,1.605821026619692,1.605821026619692,0.0
B0043_D0016,B0043,matched,38,15,1.6033527961961531,1.6033527961961531,0.0
B0043_D0017,B0043,matched,40,16,1.5951342406182645,1.5951342406182645,0.0
B0043_D0018,B0043,matched,42,17,1.5878135544728507,1.5878135544728509,2.220446049250313e-16
B0043_D0019,B0043,matched,44,18,1.5800601969084245,1.5800601969084243,2.220446049250313e-16
B0043_D0020,B0043,matched,46,19,1.575565087879128,1.575565087879128,0.0
B0043_D0021,B0043,matched,50,20,1.5950169012164208,1.5950169012164208,0.0
B0043_D0022,B0043,matched,54,21,1.5898075522577595,1.5898075522577593,2.220446049250313e-16
B0043_D0023,B0043,matched,56,22,1.5807953202097411,1.5807953202097411,0.0
B0043_D0024,B0043,matched,58,23,1.5704333289187615,1.5704333289187615,0.0
B0043_D0025,B0043,matched,60,24,1.5643368431897877,1.5643368431897875,2.220446049250313e-16
B0043_D0026,B0043,matched,62,25,1.558307017802491,1.558307017802491,0.0
B0043_D0027,B0043,matched,66,26,1.5537149289772467,1.5537149289772467,0.0
B0043_D0028,B0043,matched,68,27,1.549528250585513,1.549528250585513,0.0
B0043_D0029,B0043,matched,70,28,1.5424430535161062,1.5424430535161062,0.0
B0043_D0030,B0043,matched,72,29,1.54256227031715,1.5425622703171498,2.220446049250313e-16
B0043_D0031,B0043,matched,74,30,1.5309356452520158,1.5309356452520158,0.0
B0043_D0032,B0043,matched,78,31,1.5247733176952427,1.524773317695243,2.220446049250313e-16
B0043_D0033,B0043,matched,80,32,1.5196742408779502,1.5196742408779502,0.0
B0043_D0034,B0043,matched,82,33,1.5123696925788683,1.5123696925788683,0.0
B0043_D0035,B0043,matched,84,34,1.499914486202397,1.499914486202397,0.0
B0043_D0036,B0043,matched,86,35,1.4924106271188253,1.492410627118825,2.220446049250313e-16
B0043_D0037,B0043,matched,90,36,1.492624987952706,1.492624987952706,0.0
B0043_D0038,B0043,matched,92,37,1.4924024018806028,1.4924024018806028,0.0
B0043_D0039,B0043,matched,94,38,1.4853020201751674,1.4853020201751677,2.220446049250313e-16
B0043_D0040,B0043,matched,96,39,1.477208127101587,1.4772081271015873,2.220446049250313e-16
B0043_D0041,B0043,matched,98,40,1.4694738525181406,1.4694738525181408,2.220446049250313e-16
B0043_D0088,B0043,matched,215,87,1.5250840516518187,1.5250840516518187,0.0
B0043_D0089,B0043,matched,219,88,1.552568811301301,1.552568811301301,0.0
B0043_D0090,B0043,matched,221,89,1.5427752626774387,1.5427752626774387,0.0
B0043_D0091,B0043,matched,223,90,1.5331932831264679,1.533193283126468,2.220446049250313e-16
B0043_D0092,B0043,matched,225,91,1.5152721949172019,1.515272194917202,2.220446049250313e-16
B0043_D0093,B0043,matched,227,92,1.5074989761997712,1.5074989761997712,0.0
B0043_D0094,B0043,matched,231,93,1.4896288908647644,1.4896288908647641,2.220446049250313e-16
B0043_D0095,B0043,matched,233,94,1.4780778852088083,1.4780778852088081,2.220446049250313e-16
B0043_D0096,B0043,matched,235,95,1.4700035345334466,1.4700035345334463,2.220446049250313e-16
B0043_D0097,B0043,matched,237,96,1.4565623180137077,1.4565623180137075,2.220446049250313e-16
B0043_D0098,B0043,matched,239,97,1.445976962830235,1.445976962830235,0.0
B0043_D0099,B0043,matched,243,98,1.4325855992469252,1.4325855992469252,0.0
B0043_D0100,B0043,matched,245,99,1.4197344854662965,1.4197344854662963,2.220446049250313e-16
B0043_D0101,B0043,matched,247,100,1.401262575071573,1.401262575071573,0.0
B0043_D0102,B0043,matched,249,101,1.3862945308535968,1.3862945308535968,0.0
B0043_D0103,B0043,matched,251,102,1.384130256052478,1.3841302560524782,2.220446049250313e-16
B0043_D0104,B0043,matched,255,103,1.3651743201871416,1.3651743201871414,2.220446049250313e-16
B0043_D0105,B0043,matched,257,104,1.361508332192898,1.361508332192898,0.0
B0043_D0106,B0043,matched,259,105,1.351001663879717,1.351001663879717,0.0
B0043_D0107,B0043,matched,261,106,1.3282588067265129,1.3282588067265129,0.0
B0043_D0108,B0043,matched,263,107,1.3257206687421472,1.3257206687421472,0.0
B0043_D0109,B0043,matched,267,108,1.3142909715978441,1.314290971597844,2.220446049250313e-16
B0043_D0110,B0043,matched,269,109,1.3003260094811093,1.300326009481109,2.220446049250313e-16
B0043_D0111,B0043,matched,271,110,1.2881071401556836,1.2881071401556836,0.0
B0043_D0112,B0043,matched,273,111,1.2767801501201566,1.2767801501201566,0.0
B0044_D0001,B0044,matched,2,0,1.686525555152074,1.686525555152074,0.0
B0044_D0002,B0044,matched,4,1,1.6624606531639186,1.6624606531639186,0.0
B0044_D0003,B0044,matched,6,2,1.6534010755700512,1.6534010755700512,0.0
B0044_D0004,B0044,matched,8,3,1.6452145903490936,1.6452145903490936,0.0
B0044_D0005,B0044,matched,10,4,1.635664062367341,1.635664062367341,0.0
B0044_D0007,B0044,matched,16,6,1.6267769765146463,1.6267769765146465,2.220446049250313e-16
B0044_D0008,B0044,matched,18,7,1.6159715504743064,1.6159715504743064,0.0
B0044_D0009,B0044,matched,20,8,1.6076028386649623,1.6076028386649623,0.0
B0044_D0010,B0044,matched,22,9,1.6003360401431612,1.6003360401431612,0.0
B0044_D0011,B0044,matched,26,10,1.5978700914991917,1.5978700914991917,0.0
B0044_D0012,B0044,matched,28,11,1.5900310265163515,1.5900310265163515,0.0
B0044_D0013,B0044,matched,30,12,1.5816311155652092,1.5816311155652094,2.220446049250313e-16
B0044_D0014,B0044,matched,32,13,1.5714556311034702,1.5714556311034702,0.0
B0044_D0015,B0044,matched,34,14,1.563220798569978,1.563220798569978,0.0
B0044_D0016,B0044,matched,38,15,1.5606775388245586,1.5606775388245586,0.0
B0044_D0017,B0044,matched,40,16,1.5523886011314287,1.5523886011314287,0.0
B0044_D0018,B0044,matched,42,17,1.5444592876561967,1.5444592876561969,2.220446049250313e-16
B0044_D0019,B0044,matched,44,18,1.536558134180655,1.536558134180655,0.0
B0044_D0020,B0044,matched,46,19,1.5307255867941072,1.5307255867941072,0.0
B0044_D0021,B0044,matched,50,20,1.545242808242328,1.545242808242328,0.0
B0044_D0022,B0044,matched,54,21,1.5397144491816253,1.5397144491816253,0.0
B0044_D0023,B0044,matched,56,22,1.5305357077773765,1.5305357077773762,2.220446049250313e-16
B0044_D0024,B0044,matched,58,23,1.5199735224097084,1.5199735224097082,2.220446049250313e-16
B0044_D0025,B0044,matched,60,24,1.5136629526844203,1.5136629526844203,0.0
B0044_D0026,B0044,matched,62,25,1.5012870006992953,1.5012870006992953,0.0
B0044_D0027,B0044,matched,66,26,1.5023814734911674,1.5023814734911674,0.0
B0044_D0028,B0044,matched,68,27,1.4980955154277502,1.4980955154277502,0.0
B0044_D0029,B0044,matched,70,28,1.4906542391377111,1.490654239137711,2.220446049250313e-16
B0044_D0030,B0044,matched,72,29,1.4843971639436213,1.484397163943621,2.220446049250313e-16
B0044_D0031,B0044,matched,74,30,1.4725321936230114,1.4725321936230114,0.0
B0044_D0032,B0044,matched,78,31,1.4663149382113208,1.4663149382113208,0.0
B0044_D0033,B0044,matched,80,32,1.4671298468877776,1.4671298468877776,0.0
B0044_D0034,B0044,matched,82,33,1.4593858997633138,1.4593858997633138,0.0
B0044_D0035,B0044,matched,84,34,1.4467901368505207,1.4467901368505207,0.0
B0044_D0036,B0044,matched,86,35,1.4390669859638228,1.4390669859638228,0.0
B0044_D0037,B0044,matched,90,36,1.4389892550462602,1.4389892550462602,0.0
B0044_D0038,B0044,matched,92,37,1.4386198779578576,1.4386198779578576,0.0
B0044_D0039,B0044,matched,94,38,1.4313412096653504,1.4313412096653506,2.220446049250313e-16
B0044_D0040,B0044,matched,96,39,1.422973037663468,1.422973037663468,0.0
B0044_D0041,B0044,matched,98,40,1.4150153099745097,1.4150153099745095,2.220446049250313e-16
B0044_D0088,B0044,matched,215,87,1.4779954511171076,1.4779954511171076,0.0
B0044_D0089,B0044,matched,219,88,1.494119871447679,1.494119871447679,0.0
B0044_D0090,B0044,matched,221,89,1.488007820113173,1.488007820113173,0.0
B0044_D0091,B0044,matched,223,90,1.4748338592717107,1.4748338592717107,0.0
B0044_D0092,B0044,matched,225,91,1.4604378044785566,1.4604378044785564,2.220446049250313e-16
B0044_D0093,B0044,matched,227,92,1.452380841576719,1.452380841576719,0.0
B0044_D0094,B0044,matched,231,93,1.4411028883649861,1.441102888364986,2.220446049250313e-16
B0044_D0095,B0044,matched,233,94,1.4300355978410688,1.4300355978410686,2.220446049250313e-16
B0044_D0096,B0044,matched,235,95,1.413943296719903,1.413943296719903,0.0
B0044_D0097,B0044,matched,237,96,1.3972667497450317,1.3972667497450315,2.220446049250313e-16
B0044_D0098,B0044,matched,239,97,1.3865375876825874,1.3865375876825874,0.0
B0044_D0099,B0044,matched,243,98,1.3724753685724698,1.3724753685724698,0.0
B0044_D0100,B0044,matched,245,99,1.3598593948812812,1.3598593948812812,0.0
B0044_D0101,B0044,matched,247,100,1.3486733410392264,1.3486733410392264,0.0
B0044_D0102,B0044,matched,249,101,1.3334258933205057,1.3334258933205059,2.220446049250313e-16
B0044_D0103,B0044,matched,251,102,1.3387793081075827,1.3387793081075827,0.0
B0044_D0104,B0044,matched,255,103,1.3153320403016995,1.3153320403016997,2.220446049250313e-16
B0044_D0105,B0044,matched,257,104,1.322963328110081,1.3229633281100808,2.220446049250313e-16
B0044_D0106,B0044,matched,259,105,1.3086991524155074,1.3086991524155074,0.0
B0044_D0107,B0044,matched,261,106,1.2897499583900436,1.2897499583900436,0.0
B0044_D0108,B0044,matched,263,107,1.2906172590904164,1.2906172590904164,0.0
B0044_D0109,B0044,matched,267,108,1.2752011253442166,1.2752011253442166,0.0
B0044_D0110,B0044,matched,269,109,1.2686072657374579,1.2686072657374579,0.0
B0044_D0111,B0044,matched,271,110,1.2565759973225976,1.2565759973225978,2.220446049250313e-16
B0044_D0112,B0044,matched,273,111,1.2486254509320867,1.2486254509320869,2.220446049250313e-16
B0045_D0001,B0045,matched,0,0,1.0819793880779518,1.0819793880779518,0.0
B0045_D0002,B0045,matched,4,1,0.927952404748273,0.927952404748273,0.0
B0045_D0003,B0045,matched,6,2,0.885193608411576,0.885193608411576,0.0
B0045_D0004,B0045,matched,8,3,0.8581010699478283,0.8581010699478281,2.220446049250313e-16
B0045_D0005,B0045,matched,10,4,0.8409352213456689,0.8409352213456688,1.1102230246251565e-16
B0045_D0006,B0045,matched,12,5,0.8245471942901911,0.8245471942901911,0.0
B0045_D0007,B0045,matched,16,6,0.7935960418803983,0.7935960418803983,0.0
B0045_D0008,B0045,matched,20,7,0.8183676087159205,0.8183676087159203,2.220446049250313e-16
B0045_D0009,B0045,matched,22,8,0.7977644276409412,0.7977644276409411,1.1102230246251565e-16
B0045_D0010,B0045,matched,24,9,0.7993777411831636,0.7993777411831637,1.1102230246251565e-16
B0045_D0011,B0045,matched,26,10,0.7783107440628891,0.7783107440628892,1.1102230246251565e-16
B0045_D0012,B0045,matched,28,11,0.7803738231239117,0.7803738231239117,0.0
B0045_D0013,B0045,matched,32,12,0.7713058245640294,0.7713058245640295,1.1102230246251565e-16
B0045_D0014,B0045,matched,36,13,0.795279016979026,0.795279016979026,0.0
B0045_D0015,B0045,matched,38,14,0.7824128169919247,0.7824128169919249,2.220446049250313e-16
B0045_D0016,B0045,matched,40,15,0.7649414992231182,0.7649414992231182,0.0
B0045_D0017,B0045,matched,42,16,0.7544899426779375,0.7544899426779377,2.220446049250313e-16
B0045_D0018,B0045,matched,44,17,0.7504048978314295,0.7504048978314295,0.0
B0045_D0019,B0045,matched,48,18,0.7407258109620256,0.7407258109620255,1.1102230246251565e-16
B0045_D0021,B0045,matched,52,20,0.7308525593793626,0.7308525593793626,0.0
B0045_D0022,B0045,matched,54,21,0.7287255851177903,0.7287255851177903,0.0
B0045_D0023,B0045,matched,56,22,0.7161023377036263,0.7161023377036263,0.0
B0045_D0024,B0045,matched,60,23,0.7129204834988017,0.7129204834988017,0.0
B0045_D0025,B0045,matched,62,24,0.7141991829499618,0.7141991829499618,0.0
B0045_D0026,B0045,matched,64,25,0.7190570819844222,0.7190570819844223,1.1102230246251565e-16
B0045_D0027,B0045,matched,66,26,0.7173975428775917,0.7173975428775917,0.0
B0045_D0028,B0045,matched,68,27,0.7071027496463946,0.7071027496463946,0.0
B0045_D0029,B0045,matched,72,28,0.703531206505542,0.703531206505542,0.0
B0045_D0030,B0045,matched,74,29,0.6941108278958862,0.6941108278958862,0.0
B0045_D0031,B0045,matched,76,30,0.6914114388869608,0.6914114388869608,0.0
B0045_D0032,B0045,matched,78,31,0.6971551798505504,0.6971551798505504,0.0
B0045_D0033,B0045,matched,80,32,0.6832460217432723,0.6832460217432722,1.1102230246251565e-16
B0045_D0034,B0045,matched,84,33,0.6822029317493292,0.6822029317493292,0.0
B0045_D0035,B0045,matched,88,34,0.7289529213213379,0.7289529213213379,0.0
B0045_D0036,B0045,matched,90,35,0.7139321758287004,0.7139321758287004,0.0
B0045_D0037,B0045,matched,92,36,0.6957731747455482,0.6957731747455482,0.0
B0045_D0038,B0045,matched,94,37,0.7018312962317095,0.7018312962317094,1.1102230246251565e-16
B0045_D0039,B0045,matched,96,38,0.6911808244378487,0.6911808244378489,2.220446049250313e-16
B0045_D0040,B0045,matched,100,39,0.6843279752855028,0.6843279752855028,0.0
B0045_D0041,B0045,matched,102,40,0.6741394908812485,0.6741394908812485,0.0
B0045_D0042,B0045,matched,104,41,0.6670070174301739,0.6670070174301739,0.0
B0045_D0043,B0045,matched,106,42,0.6804085117374855,0.6804085117374855,0.0
B0045_D0044,B0045,matched,108,43,0.6617864063235485,0.6617864063235485,0.0
B0045_D0045,B0045,matched,112,44,0.6623168733492338,0.6623168733492338,0.0
B0045_D0046,B0045,matched,114,45,0.6679358357181778,0.6679358357181777,1.1102230246251565e-16
B0045_D0047,B0045,matched,116,46,0.6488990885270688,0.6488990885270688,0.0
B0045_D0048,B0045,matched,118,47,0.6503639129625527,0.6503639129625527,0.0
B0045_D0049,B0045,matched,120,48,0.6572077690202801,0.6572077690202801,0.0
B0045_D0050,B0045,matched,124,49,0.6363517458476216,0.6363517458476217,1.1102230246251565e-16
B0045_D0051,B0045,matched,126,50,0.6536449360948587,0.6536449360948587,0.0
B0045_D0052,B0045,matched,128,51,0.6391428272150887,0.6391428272150889,1.1102230246251565e-16
B0045_D0053,B0045,matched,130,52,0.6482206049496236,0.6482206049496235,1.1102230246251565e-16
B0045_D0054,B0045,matched,132,53,0.6287957471922729,0.6287957471922729,0.0
B0045_D0055,B0045,matched,136,54,0.6380571850193401,0.6380571850193401,0.0
B0045_D0056,B0045,matched,140,55,0.6554825047832906,0.6554825047832906,0.0
B0045_D0057,B0045,matched,142,56,0.6484934835397033,0.6484934835397033,0.0
B0045_D0058,B0045,matched,144,57,0.6454071687844921,0.6454071687844922,1.1102230246251565e-16
B0045_D0059,B0045,matched,146,58,0.6427008031845645,0.6427008031845645,0.0
B0045_D0060,B0045,matched,148,59,0.6352454880802477,0.6352454880802477,0.0
B0045_D0061,B0045,matched,152,60,0.6156760019587869,0.6156760019587869,0.0
B0045_D0062,B0045,matched,156,61,0.6170833682807023,0.6170833682807023,0.0
B0045_D0063,B0045,matched,158,62,0.6434227390858672,0.6434227390858672,0.0
B0045_D0064,B0045,matched,160,63,0.6278124433742752,0.6278124433742752,0.0
B0045_D0065,B0045,matched,162,64,0.6290078315253372,0.6290078315253372,0.0
B0045_D0067,B0045,matched,168,66,0.6266355568292261,0.6266355568292261,0.0
B0045_D0068,B0045,matched,172,67,0.6495813516716594,0.6495813516716595,1.1102230246251565e-16
B0045_D0069,B0045,matched,174,68,0.6337485177966306,0.6337485177966306,0.0
B0045_D0070,B0045,matched,176,69,0.6298550929085645,0.6298550929085645,0.0
B0045_D0071,B0045,matched,178,70,0.6183063778386736,0.6183063778386736,0.0
B0045_D0072,B0045,matched,180,71,0.6069476168507777,0.6069476168507778,1.1102230246251565e-16
B0046_D0001,B0046,matched,0,0,1.7282392323598248,1.7282392323598248,0.0
B0046_D0002,B0046,matched,4,1,1.5161488467923143,1.5161488467923143,0.0
B0046_D0003,B0046,matched,6,2,1.503121190703977,1.503121190703977,0.0
B0046_D0004,B0046,matched,8,3,1.48586566102824,1.4858656610282397,2.220446049250313e-16
B0046_D0005,B0046,matched,10,4,1.4694562316392716,1.4694562316392716,0.0
B0046_D0006,B0046,matched,12,5,1.4589554592644807,1.458955459264481,2.220446049250313e-16
B0046_D0007,B0046,matched,16,6,1.4556853555098295,1.4556853555098297,2.220446049250313e-16
B0046_D0008,B0046,matched,20,7,1.456232262380321,1.456232262380321,0.0
B0046_D0009,B0046,matched,22,8,1.4440592236675138,1.4440592236675138,0.0
B0046_D0010,B0046,matched,24,9,1.428294264765868,1.428294264765868,0.0
B0046_D0011,B0046,matched,26,10,1.4199848948034668,1.4199848948034668,0.0
B0046_D0012,B0046,matched,28,11,1.4043226018516568,1.4043226018516568,0.0
B0046_D0013,B0046,matched,32,12,1.4234351301615986,1.4234351301615988,2.220446049250313e-16
B0046_D0014,B0046,matched,36,13,1.4339948857967295,1.4339948857967295,0.0
B0046_D0015,B0046,matched,38,14,1.4185177047756572,1.418517704775657,2.220446049250313e-16
B0046_D0016,B0046,matched,40,15,1.4056313337829422,1.4056313337829422,0.0
B0046_D0017,B0046,matched,42,16,1.3890214025155618,1.3890214025155618,0.0
B0046_D0018,B0046,matched,44,17,1.3723339082737365,1.3723339082737365,0.0
B0046_D0019,B0046,matched,48,18,1.3615778905990565,1.3615778905990563,2.220446049250313e-16
B0046_D0021,B0046,matched,52,20,1.4100282016237429,1.4100282016237429,0.0
B0046_D0022,B0046,matched,54,21,1.3395671374926488,1.3395671374926488,0.0
B0046_D0023,B0046,matched,56,22,1.3291515487117478,1.329151548711748,2.220446049250313e-16
B0046_D0024,B0046,matched,60,23,1.3181687033905718,1.3181687033905718,0.0
B0046_D0025,B0046,matched,62,24,1.312423708466101,1.312423708466101,0.0
B0046_D0026,B0046,matched,64,25,1.2993237532162487,1.2993237532162487,0.0
B0046_D0027,B0046,matched,66,26,1.2877483042174591,1.2877483042174591,0.0
B0046_D0028,B0046,matched,68,27,1.2865282739749122,1.2865282739749122,0.0
B0046_D0029,B0046,matched,72,28,1.2719636386987183,1.2719636386987185,2.220446049250313e-16
B0046_D0030,B0046,matched,74,29,1.2714495345417192,1.2714495345417192,0.0
B0046_D0031,B0046,matched,76,30,1.2615423884659074,1.2615423884659074,0.0
B0046_D0032,B0046,matched,78,31,1.2421201619204132,1.2421201619204132,0.0
B0046_D0033,B0046,matched,80,32,1.2402537441669796,1.2402537441669796,0.0
B0046_D0034,B0046,matched,84,33,1.2851130012242886,1.2851130012242884,2.220446049250313e-16
B0046_D0035,B0046,matched,88,34,1.3043327841699193,1.3043327841699193,0.0
B0046_D0036,B0046,matched,90,35,1.2778639041619957,1.2778639041619957,0.0
B0046_D0037,B0046,matched,92,36,1.2723464591651539,1.272346459165154,2.220446049250313e-16
B0046_D0038,B0046,matched,94,37,1.2477883952768762,1.2477883952768762,0.0
B0046_D0039,B0046,matched,96,38,1.2352499196655526,1.2352499196655526,0.0
B0046_D0040,B0046,matched,100,39,1.229251291851949,1.229251291851949,0.0
B0046_D0041,B0046,matched,102,40,1.223890910501634,1.223890910501634,0.0
B0046_D0042,B0046,matched,104,41,1.205423323571373,1.205423323571373,0.0
B0046_D0043,B0046,matched,106,42,1.1957824090008151,1.1957824090008153,2.220446049250313e-16
B0046_D0044,B0046,matched,108,43,1.1900729496698461,1.1900729496698457,4.440892098500626e-16
B0046_D0045,B0046,matched,112,44,1.179201763233652,1.179201763233652,0.0
B0046_D0046,B0046,matched,114,45,1.169504032514554,1.169504032514554,0.0
B0046_D0047,B0046,matched,116,46,1.16772376849918,1.1677237684991801,2.220446049250313e-16
B0046_D0048,B0046,matched,118,47,1.1579256145829042,1.1579256145829042,0.0
B0046_D0049,B0046,matched,120,48,1.1499812813376982,1.1499812813376982,0.0
B0046_D0050,B0046,matched,124,49,1.150285902223034,1.1502859022230338,2.220446049250313e-16
B0046_D0051,B0046,matched,126,50,1.1349452274085248,1.1349452274085248,0.0
B0046_D0052,B0046,matched,128,51,1.1380960963513609,1.1380960963513609,0.0
B0046_D0053,B0046,matched,130,52,1.123711172150547,1.1237111721505473,2.220446049250313e-16
B0046_D0055,B0046,matched,136,54,1.214119211354098,1.214119211354098,0.0
B0046_D0056,B0046,matched,140,55,1.211944797522819,1.2119447975228193,2.220446049250313e-16
B0046_D0057,B0046,matched,142,56,1.1971248679331923,1.1971248679331925,2.220446049250313e-16
B0046_D0058,B0046,matched,144,57,1.1822892151870987,1.1822892151870985,2.220446049250313e-16
B0046_D0059,B0046,matched,146,58,1.1645336676778397,1.1645336676778393,4.440892098500626e-16
B0046_D0060,B0046,matched,148,59,1.1535559567518647,1.1535559567518647,0.0
B0046_D0061,B0046,matched,152,60,1.1601987101282065,1.1601987101282065,0.0
B0046_D0062,B0046,matched,156,61,1.1711716308206082,1.1711716308206082,0.0
B0046_D0063,B0046,matched,158,62,1.1563410270783216,1.1563410270783216,0.0
B0046_D0064,B0046,matched,160,63,1.141082456193516,1.141082456193516,0.0
B0046_D0065,B0046,matched,162,64,1.1352383596118123,1.1352383596118123,0.0
B0046_D0067,B0046,matched,168,66,1.2530847858282803,1.2530847858282803,0.0
B0046_D0068,B0046,matched,172,67,1.2050453590356518,1.2050453590356518,0.0
B0046_D0069,B0046,matched,174,68,1.19119860196273,1.19119860196273,0.0
B0046_D0070,B0046,matched,176,69,1.17463817374538,1.17463817374538,0.0
B0046_D0071,B0046,matched,178,70,1.1555432048235512,1.1555432048235512,0.0
B0046_D0072,B0046,matched,180,71,1.1538041170229467,1.1538041170229467,0.0
B0047_D0001,B0047,matched,0,0,1.6743047446975208,1.6743047446975208,0.0
B0047_D0002,B0047,matched,4,1,1.5243662105099023,1.5243662105099025,2.220446049250313e-16
B0047_D0003,B0047,matched,6,2,1.5080762969973425,1.5080762969973422,2.220446049250313e-16
B0047_D0004,B0047,matched,8,3,1.4835577960067696,1.4835577960067696,0.0
B0047_D0005,B0047,matched,10,4,1.4671391666146525,1.4671391666146525,0.0
B0047_D0006,B0047,matched,12,5,1.448858156982267,1.4488581569822672,2.220446049250313e-16
B0047_D0007,B0047,matched,16,6,1.4458534180949325,1.4458534180949325,0.0
B0047_D0008,B0047,matched,20,7,1.431118266178283,1.431118266178283,0.0
B0047_D0009,B0047,matched,22,8,1.4192745516578533,1.419274551657853,2.220446049250313e-16
B0047_D0010,B0047,matched,24,9,1.3999974221808271,1.3999974221808271,0.0
B0047_D0011,B0047,matched,26,10,1.3885156686114437,1.3885156686114437,0.0
B0047_D0012,B0047,matched,28,11,1.3652234669528964,1.3652234669528966,2.220446049250313e-16
B0047_D0013,B0047,matched,32,12,1.4060442272970963,1.4060442272970963,0.0
B0047_D0014,B0047,matched,36,13,1.4057541613525781,1.405754161352578,2.220446049250313e-16
B0047_D0015,B0047,matched,38,14,1.3867662881727878,1.3867662881727878,0.0
B0047_D0016,B0047,matched,40,15,1.3705053061420223,1.3705053061420225,2.220446049250313e-16
B0047_D0017,B0047,matched,42,16,1.3497431114823601,1.34974311148236,2.220446049250313e-16
B0047_D0018,B0047,matched,44,17,1.3251533367939783,1.3251533367939785,2.220446049250313e-16
B0047_D0019,B0047,matched,48,18,1.3111943869635805,1.3111943869635807,2.220446049250313e-16
B0047_D0021,B0047,matched,52,20,1.3394234405932892,1.3394234405932892,0.0
B0047_D0022,B0047,matched,54,21,1.2849157142560723,1.284915714256072,2.220446049250313e-16
B0047_D0023,B0047,matched,56,22,1.281719159327807,1.281719159327807,0.0
B0047_D0024,B0047,matched,60,23,1.2600051642942829,1.2600051642942829,0.0
B0047_D0025,B0047,matched,62,24,1.266070385993126,1.2660703859931257,2.220446049250313e-16
B0047_D0026,B0047,matched,64,25,1.2413590294280803,1.2413590294280803,0.0
B0047_D0027,B0047,matched,66,26,1.2298873703485311,1.2298873703485311,0.0
B0047_D0028,B0047,matched,68,27,1.228088614506696,1.228088614506696,0.0
B0047_D0029,B0047,matched,72,28,1.2139857189070042,1.2139857189070042,0.0
B0047_D0030,B0047,matched,74,29,1.2173435064564189,1.2173435064564189,0.0
B0047_D0031,B0047,matched,76,30,1.2073445944515917,1.2073445944515917,0.0
B0047_D0032,B0047,matched,78,31,1.18804049227045,1.18804049227045,0.0
B0047_D0033,B0047,matched,80,32,1.186304749886542,1.186304749886542,0.0
B0047_D0034,B0047,matched,84,33,1.2613935471028506,1.2613935471028506,0.0
B0047_D0035,B0047,matched,88,34,1.2648246158850653,1.2648246158850651,2.220446049250313e-16
B0047_D0036,B0047,matched,90,35,1.2466494548982199,1.24664945489822,2.220446049250313e-16
B0047_D0037,B0047,matched,92,36,1.2333924152795082,1.2333924152795082,0.0
B0047_D0038,B0047,matched,94,37,1.2129250072037692,1.2129250072037692,0.0
B0047_D0039,B0047,matched,96,38,1.1999106597943647,1.199910659794365,2.220446049250313e-16
B0047_D0040,B0047,matched,100,39,1.1902559038393383,1.1902559038393385,2.220446049250313e-16
B0047_D0041,B0047,matched,102,40,1.1892563795455853,1.1892563795455853,0.0
B0047_D0042,B0047,matched,104,41,1.167069685125939,1.167069685125939,0.0
B0047_D0043,B0047,matched,106,42,1.1615348403090369,1.1615348403090369,0.0
B0047_D0044,B0047,matched,108,43,1.1555563844349988,1.1555563844349988,0.0
B0047_D0045,B0047,matched,112,44,1.1488524666097713,1.1488524666097713,0.0
B0047_D0046,B0047,matched,114,45,1.143572986788779,1.143572986788779,0.0
B0047_D0047,B0047,matched,116,46,1.1418015379428537,1.1418015379428537,0.0
B0047_D0048,B0047,matched,118,47,1.136058647502255,1.136058647502255,0.0
B0047_D0049,B0047,matched,120,48,1.1236364680969286,1.1236364680969286,0.0
B0047_D0050,B0047,matched,124,49,1.1320498900328944,1.1320498900328944,0.0
B0047_D0051,B0047,matched,126,50,1.1170101762158153,1.117010176215815,2.220446049250313e-16
B0047_D0052,B0047,matched,128,51,1.120043039721982,1.120043039721982,0.0
B0047_D0053,B0047,matched,130,52,1.1059773445917063,1.1059773445917065,2.220446049250313e-16
B0047_D0055,B0047,matched,136,54,1.1907902374762016,1.1907902374762016,0.0
B0047_D0056,B0047,matched,140,55,1.2012387088454022,1.2012387088454022,0.0
B0047_D0057,B0047,matched,142,56,1.1906909549024802,1.1906909549024802,0.0
B0047_D0058,B0047,matched,144,57,1.1764375730308343,1.1764375730308343,0.0
B0047_D0059,B0047,matched,146,58,1.1628110372792353,1.1628110372792353,0.0
B0047_D0060,B0047,matched,148,59,1.1516152840582585,1.1516152840582583,2.220446049250313e-16
B0047_D0061,B0047,matched,152,60,1.1583673498348623,1.1583673498348623,0.0
B0047_D0062,B0047,matched,156,61,1.1692285288386206,1.1692285288386206,0.0
B0047_D0063,B0047,matched,158,62,1.1588148476218465,1.1588148476218465,0.0
B0047_D0064,B0047,matched,160,63,1.1439588147705457,1.1439588147705455,2.220446049250313e-16
B0047_D0065,B0047,matched,162,64,1.1383941068159398,1.1383941068159398,0.0
B0047_D0067,B0047,matched,168,66,1.2213102850395667,1.2213102850395667,0.0
B0047_D0068,B0047,matched,172,67,1.2031062978889062,1.2031062978889062,0.0
B0047_D0069,B0047,matched,174,68,1.1897147112197684,1.1897147112197684,0.0
B0047_D0070,B0047,matched,176,69,1.177422568842014,1.177422568842014,0.0
B0047_D0071,B0047,matched,178,70,1.158443027293818,1.158443027293818,0.0
B0047_D0072,B0047,matched,180,71,1.1567087516841796,1.1567087516841796,0.0
B0048_D0001,B0048,matched,0,0,1.6579955793677608,1.6579955793677608,0.0
B0048_D0002,B0048,matched,4,1,1.5076933476098775,1.5076933476098775,0.0
B0048_D0003,B0048,matched,6,2,1.4989223343608031,1.4989223343608031,0.0
B0048_D0004,B0048,matched,8,3,1.4782919502497789,1.4782919502497789,0.0
B0048_D0005,B0048,matched,10,4,1.461856891390611,1.461856891390611,0.0
B0048_D0006,B0048,matched,12,5,1.4509592706473475,1.4509592706473475,0.0
B0048_D0007,B0048,matched,16,6,1.451746997147108,1.4517469971471082,2.220446049250313e-16
B0048_D0008,B0048,matched,20,7,1.444392866287476,1.4443928662874759,2.220446049250313e-16
B0048_D0009,B0048,matched,22,8,1.432738323965376,1.432738323965376,0.0
B0048_D0010,B0048,matched,24,9,1.417241201438662,1.417241201438662,0.0
B0048_D0011,B0048,matched,26,10,1.4057559944573452,1.4057559944573452,0.0
B0048_D0012,B0048,matched,28,11,1.3902706269897063,1.3902706269897065,2.220446049250313e-16
B0048_D0013,B0048,matched,32,12,1.4196659307880326,1.4196659307880326,0.0
B0048_D0014,B0048,matched,36,13,1.4190563985232272,1.4190563985232272,0.0
B0048_D0015,B0048,matched,38,14,1.404272356704056,1.404272356704056,0.0
B0048_D0016,B0048,matched,40,15,1.3916140490958342,1.3916140490958342,0.0
B0048_D0017,B0048,matched,42,16,1.3749618350294734,1.3749618350294732,2.220446049250313e-16
B0048_D0018,B0048,matched,44,17,1.3545155713071164,1.3545155713071164,0.0
B0048_D0019,B0048,matched,48,18,1.3440223073315984,1.3440223073315984,0.0
B0048_D0021,B0048,matched,52,20,1.372384475860572,1.372384475860572,0.0
B0048_D0022,B0048,matched,54,21,1.3184105752674413,1.3184105752674413,0.0
B0048_D0023,B0048,matched,56,22,1.3112727599578604,1.3112727599578604,0.0
B0048_D0024,B0048,matched,60,23,1.2970172419001187,1.2970172419001187,0.0
B0048_D0025,B0048,matched,62,24,1.2995219526631718,1.2995219526631718,0.0
B0048_D0026,B0048,matched,64,25,1.2826154066729571,1.2826154066729571,0.0
B0048_D0027,B0048,matched,66,26,1.2752890152407,1.2752890152407,0.0
B0048_D0028,B0048,matched,68,27,1.2735572473264072,1.2735572473264072,0.0
B0048_D0029,B0048,matched,72,28,1.2594114333938535,1.2594114333938535,0.0
B0048_D0030,B0048,matched,74,29,1.2631632585495876,1.2631632585495876,0.0
B0048_D0031,B0048,matched,76,30,1.2491717310136363,1.2491717310136363,0.0
B0048_D0032,B0048,matched,78,31,1.233984347835307,1.233984347835307,0.0
B0048_D0033,B0048,matched,80,32,1.240031992028868,1.240031992028868,0.0
B0048_D0034,B0048,matched,84,33,1.30370857198071,1.30370857198071,0.0
B0048_D0035,B0048,matched,88,34,1.315055963470538,1.3150559634705383,2.220446049250313e-16
B0048_D0036,B0048,matched,90,35,1.2888738300982074,1.2888738300982074,0.0
B0048_D0037,B0048,matched,92,36,1.2877137595885193,1.2877137595885193,0.0
B0048_D0038,B0048,matched,94,37,1.2673379985315463,1.2673379985315465,2.220446049250313e-16
B0048_D0039,B0048,matched,96,38,1.250594345697306,1.250594345697306,0.0
B0048_D0040,B0048,matched,100,39,1.2487131179395878,1.2487131179395878,0.0
B0048_D0041,B0048,matched,102,40,1.248002326082933,1.248002326082933,0.0
B0048_D0042,B0048,matched,104,41,1.2300895244599586,1.2300895244599586,0.0
B0048_D0043,B0048,matched,106,42,1.2244197121500935,1.2244197121500937,2.220446049250313e-16
B0048_D0044,B0048,matched,108,43,1.2186682845116386,1.2186682845116386,0.0
B0048_D0045,B0048,matched,112,44,1.2037865236033616,1.2037865236033616,0.0
B0048_D0046,B0048,matched,114,45,1.1947642300832226,1.1947642300832226,0.0
B0048_D0047,B0048,matched,116,46,1.2052091893871497,1.2052091893871495,2.220446049250313e-16
B0048_D0048,B0048,matched,118,47,1.1955746593628465,1.1955746593628465,0.0
B0048_D0049,B0048,matched,120,48,1.1888497102149884,1.1888497102149884,0.0
B0048_D0050,B0048,matched,124,49,1.1915605250807406,1.1915605250807406,0.0
B0048_D0051,B0048,matched,126,50,1.1726587153109655,1.1726587153109655,0.0
B0048_D0052,B0048,matched,128,51,1.1841133872494156,1.1841133872494156,0.0
B0048_D0053,B0048,matched,130,52,1.1576825122317769,1.1576825122317769,0.0
B0048_D0055,B0048,matched,136,54,1.259355851168598,1.2593558511685983,2.220446049250313e-16
B0048_D0056,B0048,matched,140,55,1.265883375278026,1.2658833752780259,2.220446049250313e-16
B0048_D0057,B0048,matched,142,56,1.2472598673184119,1.247259867318412,2.220446049250313e-16
B0048_D0058,B0048,matched,144,57,1.232808747256218,1.232808747256218,0.0
B0048_D0059,B0048,matched,146,58,1.2319592783041904,1.2319592783041904,0.0
B0048_D0060,B0048,matched,148,59,1.220785786262778,1.220785786262778,0.0
B0048_D0061,B0048,matched,152,60,1.2275441303266783,1.2275441303266783,0.0
B0048_D0062,B0048,matched,156,61,1.2386788414290355,1.2386788414290355,0.0
B0048_D0063,B0048,matched,158,62,1.2283577755407058,1.2283577755407058,0.0
B0048_D0064,B0048,matched,160,63,1.2095481507570451,1.2095481507570451,0.0
B0048_D0065,B0048,matched,162,64,1.2082142070681048,1.2082142070681048,0.0
B0048_D0067,B0048,matched,168,66,1.2998734542832147,1.2998734542832147,0.0
B0048_D0068,B0048,matched,172,67,1.2691220651743778,1.2691220651743778,0.0
B0048_D0069,B0048,matched,174,68,1.2555144634690785,1.2555144634690785,0.0
B0048_D0070,B0048,matched,176,69,1.2519876926897657,1.2519876926897655,2.220446049250313e-16
B0048_D0071,B0048,matched,178,70,1.2374982003019996,1.2374982003019999,2.220446049250313e-16
B0048_D0072,B0048,matched,180,71,1.2231273969878986,1.2231273969878986,0.0
B0049_D0002,B0049,matched,4,1,1.4209057149417375,1.4209057149417377,2.220446049250313e-16
B0049_D0003,B0049,matched,6,2,1.372852133389263,1.372852133389263,0.0
B0049_D0004,B0049,matched,8,3,1.3643742487429145,1.3643742487429145,0.0
B0049_D0006,B0049,matched,14,5,1.0605357965671216,1.0605357965671216,0.0
B0049_D0007,B0049,matched,16,6,1.0069932376659496,1.0069932376659496,0.0
B0049_D0008,B0049,matched,18,7,0.9298775334359536,0.9298775334359536,0.0
B0049_D0009,B0049,matched,20,8,0.9232377029483808,0.9232377029483808,0.0
B0049_D0010,B0049,matched,22,9,0.9053279121173716,0.9053279121173716,0.0
B0049_D0011,B0049,matched,26,10,0.8595848360639872,0.8595848360639872,0.0
B0049_D0012,B0049,matched,28,11,0.8369614294820705,0.8369614294820705,0.0
B0049_D0013,B0049,matched,30,12,0.8456824187653132,0.8456824187653135,2.220446049250313e-16
B0049_D0014,B0049,matched,32,13,0.8071214007577537,0.8071214007577538,1.1102230246251565e-16
B0049_D0015,B0049,matched,34,14,0.7820744360746734,0.7820744360746734,0.0
B0049_D0016,B0049,matched,38,15,0.7953019444133349,0.7953019444133349,0.0
B0049_D0018,B0049,matched,42,17,0.7752051154719997,0.7752051154719996,1.1102230246251565e-16
B0049_D0019,B0049,matched,44,18,0.7711865903845158,0.7711865903845159,1.1102230246251565e-16
B0049_D0020,B0049,matched,46,19,0.7585098914517947,0.7585098914517946,1.1102230246251565e-16
B0049_D0021,B0049,matched,50,20,0.7349386490499009,0.7349386490499009,0.0
B0049_D0022,B0049,matched,52,21,0.7366758033690756,0.7366758033690757,1.1102230246251565e-16
B0049_D0023,B0049,matched,54,22,0.7093946599203638,0.7093946599203638,0.0
B0049_D0024,B0049,matched,56,23,0.7186465009220309,0.718646500922031,1.1102230246251565e-16
B0049_D0025,B0049,matched,58,24,0.6913885231046639,0.6913885231046639,0.0
B0050_D0002,B0050,matched,4,1,1.648789607776492,1.648789607776492,0.0
B0050_D0003,B0050,matched,6,2,1.601636485397804,1.601636485397804,0.0
B0050_D0004,B0050,matched,8,3,1.5517564797427017,1.5517564797427017,0.0
B0050_D0007,B0050,matched,16,6,1.359027658891632,1.359027658891632,0.0
B0050_D0008,B0050,matched,18,7,1.3742172692238257,1.3742172692238257,0.0
B0050_D0009,B0050,matched,20,8,1.3528030430821978,1.3528030430821978,0.0
B0050_D0010,B0050,matched,22,9,1.3607406193458433,1.3607406193458431,2.220446049250313e-16
B0050_D0012,B0050,matched,28,11,1.4002714246164416,1.4002714246164416,0.0
B0050_D0013,B0050,matched,30,12,1.4289274755270827,1.428927475527083,4.440892098500626e-16
B0050_D0015,B0050,matched,34,14,0.5736933387569048,0.5736933387569048,0.0
B0051_D0002,B0051,matched,4,1,1.2931804619982779,1.2931804619982783,4.440892098500626e-16
B0051_D0003,B0051,matched,6,2,1.2288940261191657,1.2288940261191657,0.0
B0051_D0004,B0051,matched,8,3,1.2039031789717949,1.2039031789717949,0.0
B0051_D0006,B0051,matched,14,5,1.0092808819126011,1.0092808819126011,0.0
B0051_D0007,B0051,matched,16,6,0.9565659895125322,0.9565659895125322,0.0
B0051_D0008,B0051,matched,18,7,0.901956291365404,0.901956291365404,0.0
B0051_D0009,B0051,matched,20,8,0.8897906666138162,0.8897906666138162,0.0
B0051_D0010,B0051,matched,22,9,0.8830717036634559,0.883071703663456,1.1102230246251565e-16
B0051_D0011,B0051,matched,26,10,0.8431270354481757,0.8431270354481757,0.0
B0051_D0012,B0051,matched,28,11,0.826559103449663,0.826559103449663,0.0
B0051_D0013,B0051,matched,30,12,0.8352681546837963,0.8352681546837963,0.0
B0051_D0014,B0051,matched,32,13,0.8025719464987874,0.8025719464987874,0.0
B0051_D0015,B0051,matched,34,14,0.7839218784699513,0.7839218784699514,1.1102230246251565e-16
B0051_D0016,B0051,matched,38,15,0.7910763493036002,0.7910763493036002,0.0
B0051_D0018,B0051,matched,42,17,0.7654538269480236,0.7654538269480236,0.0
B0051_D0019,B0051,matched,44,18,0.773177347633947,0.773177347633947,0.0
B0051_D0020,B0051,matched,46,19,0.7605293776416485,0.7605293776416485,0.0
B0051_D0021,B0051,matched,50,20,0.7376430319247004,0.7376430319247004,0.0
B0051_D0022,B0051,matched,52,21,0.739179500257907,0.739179500257907,0.0
B0051_D0023,B0051,matched,54,22,0.7014575429842594,0.7014575429842594,0.0
B0051_D0024,B0051,matched,56,23,0.7047349480541781,0.7047349480541781,0.0
B0051_D0025,B0051,matched,58,24,0.677848893570423,0.677848893570423,0.0
B0052_D0002,B0052,matched,4,1,1.4183095114360322,1.4183095114360322,0.0
B0052_D0003,B0052,matched,6,2,1.3707123028693164,1.3707123028693164,0.0
B0052_D0004,B0052,matched,8,3,1.3515647352626494,1.3515647352626494,0.0
B0053_D0001,B0053,matched,0,0,1.0691417886194299,1.06914178861943,2.220446049250313e-16
B0053_D0002,B0053,matched,4,1,1.1540727934432229,1.1540727934432229,0.0
B0053_D0003,B0053,matched,6,2,1.1501525413826983,1.1501525413826983,0.0
B0053_D0004,B0053,matched,8,3,1.1305863853936766,1.1305863853936766,0.0
B0053_D0005,B0053,matched,10,4,1.121790272357562,1.121790272357562,0.0
B0053_D0006,B0053,matched,12,5,1.1135982401443856,1.1135982401443856,0.0
B0053_D0007,B0053,matched,16,6,1.0864654057095062,1.0864654057095062,0.0
B0053_D0008,B0053,matched,18,7,1.0647493568993147,1.0647493568993147,0.0
B0053_D0009,B0053,matched,20,8,1.0809288094959644,1.0809288094959644,0.0
B0053_D0010,B0053,matched,22,9,1.0852752041846463,1.0852752041846465,2.220446049250313e-16
B0053_D0011,B0053,matched,24,10,1.0504799933740894,1.0504799933740894,0.0
B0053_D0012,B0053,matched,28,11,1.0853550177054305,1.0853550177054303,2.220446049250313e-16
B0053_D0013,B0053,matched,30,12,1.0508395690790722,1.0508395690790722,0.0
B0053_D0014,B0053,matched,32,13,1.060906788333118,1.060906788333118,0.0
B0053_D0015,B0053,matched,34,14,1.070582461063814,1.070582461063814,0.0
B0053_D0016,B0053,matched,36,15,1.024036665663697,1.024036665663697,0.0
B0053_D0017,B0053,matched,40,16,1.0670957253433857,1.0670957253433857,0.0
B0053_D0018,B0053,matched,42,17,1.0279237850447498,1.0279237850447498,0.0
B0053_D0019,B0053,matched,44,18,1.0325426399701008,1.0325426399701008,0.0
B0053_D0020,B0053,matched,46,19,1.055948784653705,1.055948784653705,0.0
B0053_D0021,B0053,matched,48,20,1.0445313831308718,1.0445313831308718,0.0
B0053_D0022,B0053,matched,52,21,1.035313906812183,1.0353139068121833,2.220446049250313e-16
B0053_D0023,B0053,matched,56,22,1.076341053101982,1.076341053101982,0.0
B0053_D0024,B0053,matched,58,23,1.0352223140423542,1.0352223140423542,0.0
B0053_D0025,B0053,matched,60,24,1.0514287056908256,1.0514287056908256,0.0
B0053_D0026,B0053,matched,62,25,1.060332934638968,1.060332934638968,0.0
B0053_D0027,B0053,matched,64,26,1.0236966462748538,1.0236966462748538,0.0
B0053_D0028,B0053,matched,68,27,1.0465884668750887,1.0465884668750889,2.220446049250313e-16
B0053_D0029,B0053,matched,70,28,1.0031121684812232,1.0031121684812232,0.0
B0053_D0030,B0053,matched,72,29,1.0461578935615607,1.0461578935615607,0.0
B0053_D0031,B0053,matched,74,30,1.0156263513525605,1.0156263513525603,2.220446049250313e-16
B0053_D0032,B0053,matched,76,31,1.0250054893129452,1.0250054893129452,0.0
B0053_D0033,B0053,matched,80,32,0.9801331625592913,0.9801331625592913,0.0
B0053_D0034,B0053,matched,82,33,1.036777776420363,1.036777776420363,0.0
B0053_D0035,B0053,matched,84,34,1.026830062058722,1.026830062058722,0.0
B0053_D0036,B0053,matched,86,35,1.0150379662805102,1.0150379662805102,0.0
B0053_D0037,B0053,matched,88,36,0.9904614739486177,0.9904614739486176,1.1102230246251565e-16
B0053_D0038,B0053,matched,92,37,1.0145765174582757,1.0145765174582757,0.0
B0053_D0039,B0053,matched,94,38,0.9811308944080389,0.9811308944080388,1.1102230246251565e-16
B0053_D0040,B0053,matched,96,39,1.0041687429386437,1.0041687429386434,2.220446049250313e-16
B0053_D0041,B0053,matched,98,40,1.007820487960787,1.007820487960787,0.0
B0053_D0042,B0053,matched,100,41,0.982454133084564,0.9824541330845641,1.1102230246251565e-16
B0053_D0043,B0053,matched,104,42,1.1096775355538027,1.1096775355538029,2.220446049250313e-16
B0053_D0044,B0053,matched,108,43,1.1136801589914762,1.1136801589914762,0.0
B0053_D0045,B0053,matched,110,44,1.0385009100572404,1.0385009100572404,0.0
B0053_D0046,B0053,matched,112,45,1.0768815902180078,1.0768815902180078,0.0
B0053_D0047,B0053,matched,114,46,1.0721705505837382,1.0721705505837382,0.0
B0053_D0048,B0053,matched,116,47,1.0124588999851116,1.0124588999851116,0.0
B0053_D0049,B0053,matched,120,48,1.0279944857549583,1.0279944857549586,2.220446049250313e-16
B0053_D0050,B0053,matched,122,49,1.0304147279049998,1.0304147279049998,0.0
B0053_D0051,B0053,matched,124,50,1.0556163273995052,1.0556163273995052,0.0
B0053_D0052,B0053,matched,126,51,1.0011115418162628,1.0011115418162628,0.0
B0053_D0053,B0053,matched,128,52,1.0466839215498662,1.0466839215498662,0.0
B0053_D0054,B0053,matched,132,53,1.047181656018543,1.047181656018543,0.0
B0053_D0055,B0053,matched,134,54,1.0102740078425778,1.0102740078425778,0.0
B0054_D0002,B0054,matched,4,1,1.1665440238116096,1.1665440238116096,0.0
B0054_D0003,B0054,matched,6,2,1.1052521456138635,1.1052521456138635,0.0
B0054_D0004,B0054,matched,8,3,1.0960302257185877,1.0960302257185877,0.0
B0054_D0005,B0054,matched,10,4,1.0754450685609742,1.0754450685609744,2.220446049250313e-16
B0054_D0006,B0054,matched,12,5,1.0655493528023796,1.0655493528023796,0.0
B0054_D0007,B0054,matched,16,6,1.0568368579972396,1.0568368579972396,0.0
B0054_D0008,B0054,matched,18,7,1.0449064445364842,1.0449064445364842,0.0
B0054_D0009,B0054,matched,20,8,1.0458363976936966,1.0458363976936966,0.0
B0054_D0010,B0054,matched,22,9,1.018187920878015,1.018187920878015,0.0
B0054_D0011,B0054,matched,24,10,1.0226409233672233,1.0226409233672231,2.220446049250313e-16
B0054_D0012,B0054,matched,28,11,1.03890961861509,1.03890961861509,0.0
B0054_D0013,B0054,matched,30,12,1.0173250354350074,1.0173250354350074,0.0
B0054_D0014,B0054,matched,32,13,1.033183911994548,1.0331839119945483,2.220446049250313e-16
B0054_D0015,B0054,matched,34,14,1.0095232119739597,1.0095232119739597,0.0
B0054_D0016,B0054,matched,36,15,0.9862483259626477,0.9862483259626476,1.1102230246251565e-16
B0054_D0017,B0054,matched,40,16,1.0080048320000436,1.0080048320000436,0.0
B0054_D0018,B0054,matched,42,17,1.0153387761254196,1.0153387761254196,0.0
B0054_D0019,B0054,matched,44,18,1.0106786853355956,1.0106786853355956,0.0
B0054_D0020,B0054,matched,46,19,1.010409656585336,1.010409656585336,0.0
B0054_D0021,B0054,matched,48,20,0.9801433323963482,0.9801433323963482,0.0
B0054_D0022,B0054,matched,52,21,1.1016641723624385,1.1016641723624385,0.0
B0054_D0023,B0054,matched,56,22,1.0826512239001271,1.0826512239001271,0.0
B0054_D0024,B0054,matched,58,23,1.0575008387868343,1.0575008387868343,0.0
B0054_D0025,B0054,matched,60,24,1.0385517331615322,1.0385517331615322,0.0
B0054_D0026,B0054,matched,62,25,1.0073294901291132,1.0073294901291132,0.0
B0054_D0027,B0054,matched,64,26,1.0160400308540347,1.0160400308540347,0.0
B0054_D0028,B0054,matched,68,27,1.0158319636440951,1.0158319636440951,0.0
B0054_D0029,B0054,matched,70,28,1.0015383803216271,1.0015383803216273,2.220446049250313e-16
B0054_D0030,B0054,matched,72,29,0.9812488615918239,0.981248861591824,1.1102230246251565e-16
B0054_D0031,B0054,matched,74,30,0.9987416030110134,0.9987416030110134,0.0
B0054_D0032,B0054,matched,76,31,0.9584014230949642,0.9584014230949641,1.1102230246251565e-16
B0054_D0033,B0054,matched,80,32,0.9800846133894623,0.9800846133894623,0.0
B0054_D0034,B0054,matched,82,33,0.9720372198962766,0.9720372198962767,1.1102230246251565e-16
B0054_D0035,B0054,matched,84,34,0.9693202807518411,0.9693202807518412,1.1102230246251565e-16
B0054_D0036,B0054,matched,86,35,0.9479786388506265,0.9479786388506264,1.1102230246251565e-16
B0054_D0037,B0054,matched,88,36,0.9638519569071228,0.9638519569071228,0.0
B0054_D0038,B0054,matched,92,37,0.9682336695484697,0.9682336695484696,1.1102230246251565e-16
B0054_D0039,B0054,matched,94,38,0.9407020864603765,0.9407020864603765,0.0
B0054_D0040,B0054,matched,96,39,0.9618442077038963,0.9618442077038964,1.1102230246251565e-16
B0054_D0041,B0054,matched,98,40,0.9332340144199703,0.9332340144199704,1.1102230246251565e-16
B0054_D0042,B0054,matched,100,41,0.9313454737145217,0.9313454737145216,1.1102230246251565e-16
B0054_D0043,B0054,matched,104,42,0.9976429099116705,0.9976429099116705,0.0
B0054_D0044,B0054,matched,108,43,0.9833315262972037,0.9833315262972036,1.1102230246251565e-16
B0054_D0045,B0054,matched,110,44,0.9904370062777442,0.9904370062777442,0.0
B0054_D0046,B0054,matched,112,45,0.9499871340436294,0.9499871340436294,0.0
B0054_D0047,B0054,matched,114,46,0.9526027840900876,0.9526027840900876,0.0
B0054_D0048,B0054,matched,116,47,0.8850175175465715,0.8850175175465715,0.0
B0054_D0049,B0054,matched,120,48,0.9937402750241768,0.9937402750241769,1.1102230246251565e-16
B0054_D0050,B0054,matched,122,49,0.995507330519279,0.995507330519279,0.0
B0054_D0051,B0054,matched,124,50,0.975407870968116,0.975407870968116,0.0
B0054_D0052,B0054,matched,126,51,0.965960558373922,0.965960558373922,0.0
B0054_D0053,B0054,matched,128,52,0.9573702621688754,0.9573702621688754,0.0
B0054_D0054,B0054,matched,132,53,0.9294756591964932,0.9294756591964932,0.0
B0054_D0055,B0054,matched,134,54,0.9323553879823946,0.9323553879823946,0.0
B0054_D0056,B0054,matched,136,55,0.954568378404969,0.954568378404969,0.0
B0054_D0057,B0054,matched,138,56,0.9330242104372937,0.9330242104372936,1.1102230246251565e-16
B0054_D0058,B0054,matched,140,57,0.923294184000959,0.9232941840009591,1.1102230246251565e-16
B0054_D0059,B0054,matched,144,58,0.9257799164262976,0.9257799164262975,1.1102230246251565e-16
B0054_D0060,B0054,matched,146,59,0.9162765793280084,0.9162765793280084,0.0
B0054_D0061,B0054,matched,148,60,0.9387011679112469,0.9387011679112469,0.0
B0054_D0062,B0054,matched,150,61,0.9158990586877171,0.915899058687717,1.1102230246251565e-16
B0054_D0063,B0054,matched,152,62,0.9202608990433788,0.9202608990433788,0.0
B0054_D0064,B0054,matched,156,63,0.9111253917360889,0.9111253917360888,1.1102230246251565e-16
B0054_D0065,B0054,matched,158,64,0.8980507043695345,0.8980507043695344,1.1102230246251565e-16
B0054_D0066,B0054,matched,160,65,0.9278864624016372,0.9278864624016372,0.0
B0054_D0067,B0054,matched,162,66,0.9118415396987224,0.9118415396987224,0.0
B0054_D0068,B0054,matched,164,67,0.8936491649329469,0.8936491649329469,0.0
B0054_D0069,B0054,matched,168,68,0.9100864492604255,0.9100864492604256,1.1102230246251565e-16
B0054_D0070,B0054,matched,172,69,0.9114904731460941,0.911490473146094,1.1102230246251565e-16
B0054_D0071,B0054,matched,174,70,0.9337172811638196,0.9337172811638196,0.0
B0054_D0072,B0054,matched,176,71,0.8981517756068776,0.8981517756068775,1.1102230246251565e-16
B0054_D0073,B0054,matched,178,72,0.9139367135371254,0.9139367135371254,0.0
B0054_D0074,B0054,matched,180,73,0.8764848617154279,0.8764848617154279,0.0
B0054_D0075,B0054,matched,184,74,0.8854917958581964,0.8854917958581965,1.1102230246251565e-16
B0054_D0076,B0054,matched,186,75,0.8819074622846708,0.8819074622846708,0.0
B0054_D0077,B0054,matched,188,76,0.9045809105944795,0.9045809105944796,1.1102230246251565e-16
B0054_D0078,B0054,matched,190,77,0.8734606349455996,0.8734606349455996,0.0
B0054_D0079,B0054,matched,192,78,0.903131190986828,0.903131190986828,0.0
B0054_D0080,B0054,matched,196,79,0.8712217754060124,0.8712217754060124,0.0
B0054_D0081,B0054,matched,198,80,0.8936499043476617,0.8936499043476617,0.0
B0054_D0082,B0054,matched,200,81,0.8835064014687892,0.8835064014687891,1.1102230246251565e-16
B0054_D0083,B0054,matched,202,82,0.8779403705367915,0.8779403705367913,2.220446049250313e-16
B0054_D0084,B0054,matched,204,83,0.8599389109365094,0.8599389109365094,0.0
B0054_D0085,B0054,matched,208,84,0.8697358119609565,0.8697358119609566,1.1102230246251565e-16
B0054_D0086,B0054,matched,210,85,0.8638271814812677,0.8638271814812677,0.0
B0054_D0087,B0054,matched,212,86,0.8865694537789144,0.8865694537789145,1.1102230246251565e-16
B0054_D0088,B0054,matched,214,87,0.8690078572313327,0.8690078572313328,1.1102230246251565e-16
B0054_D0089,B0054,matched,216,88,0.8474446088377652,0.8474446088377651,1.1102230246251565e-16
B0054_D0090,B0054,matched,220,89,0.8799727721580702,0.8799727721580701,1.1102230246251565e-16
B0054_D0091,B0054,matched,224,90,0.9110444582768508,0.9110444582768509,1.1102230246251565e-16
B0054_D0092,B0054,matched,226,91,0.9121724293355059,0.9121724293355059,0.0
B0054_D0093,B0054,matched,228,92,0.8872043975884799,0.88720439758848,1.1102230246251565e-16
B0054_D0094,B0054,matched,230,93,0.8961236767959215,0.8961236767959215,0.0
B0054_D0095,B0054,matched,232,94,0.8851334001128452,0.8851334001128452,0.0
B0054_D0096,B0054,matched,236,95,0.8793386645436118,0.8793386645436118,0.0
B0054_D0097,B0054,matched,238,96,0.8461224238450626,0.8461224238450626,0.0
B0054_D0098,B0054,matched,240,97,0.8705933152969343,0.8705933152969343,0.0
B0054_D0099,B0054,matched,242,98,0.8440520909609104,0.8440520909609104,0.0
B0054_D0100,B0054,matched,244,99,0.8536244678403578,0.8536244678403578,0.0
B0054_D0101,B0054,matched,248,100,0.8524519337958137,0.8524519337958139,1.1102230246251565e-16
B0054_D0102,B0054,matched,250,101,0.8373919001793014,0.8373919001793014,0.0
B0055_D0002,B0055,matched,4,1,1.319892156462878,1.3198921564628783,2.220446049250313e-16
B0055_D0003,B0055,matched,6,2,1.2769832801132017,1.2769832801132015,2.220446049250313e-16
B0055_D0004,B0055,matched,8,3,1.2572591312230865,1.2572591312230863,2.220446049250313e-16
B0055_D0005,B0055,matched,10,4,1.206763751299412,1.206763751299412,0.0
B0055_D0006,B0055,matched,12,5,1.2077322536103197,1.2077322536103197,0.0
B0055_D0007,B0055,matched,16,6,1.2009614290093835,1.2009614290093835,0.0
B0055_D0008,B0055,matched,18,7,1.189059086549973,1.189059086549973,0.0
B0055_D0009,B0055,matched,20,8,1.169708782604433,1.169708782604433,0.0
B0055_D0010,B0055,matched,22,9,1.1483647194613424,1.1483647194613424,0.0
B0055_D0011,B0055,matched,24,10,1.1527726060972296,1.1527726060972296,0.0
B0055_D0012,B0055,matched,28,11,1.1318370471727228,1.1318370471727228,0.0
B0055_D0013,B0055,matched,30,12,1.1326525803383347,1.1326525803383347,0.0
B0055_D0014,B0055,matched,32,13,1.1160565716574584,1.1160565716574584,0.0
B0055_D0015,B0055,matched,34,14,1.0984641825068853,1.0984641825068853,0.0
B0055_D0016,B0055,matched,36,15,1.0925694103096681,1.092569410309668,2.220446049250313e-16
B0055_D0017,B0055,matched,40,16,1.109167680712031,1.109167680712031,0.0
B0055_D0018,B0055,matched,42,17,1.1075035028905713,1.1075035028905713,0.0
B0055_D0019,B0055,matched,44,18,1.106751675424531,1.106751675424531,0.0
B0055_D0020,B0055,matched,46,19,1.0726694124582825,1.0726694124582823,2.220446049250313e-16
B0055_D0021,B0055,matched,48,20,1.0776844021506693,1.0776844021506693,0.0
B0055_D0022,B0055,matched,52,21,1.1981714734535907,1.1981714734535909,2.220446049250313e-16
B0055_D0023,B0055,matched,56,22,1.1625381552680927,1.162538155268093,2.220446049250313e-16
B0055_D0024,B0055,matched,58,23,1.1556827465844224,1.1556827465844224,0.0
B0055_D0025,B0055,matched,60,24,1.137444098422356,1.137444098422356,0.0
B0055_D0026,B0055,matched,62,25,1.1126375352125493,1.1126375352125493,0.0
B0055_D0027,B0055,matched,64,26,1.098656067845981,1.098656067845981,0.0
B0055_D0028,B0055,matched,68,27,1.0985302758884639,1.098530275888464,2.220446049250313e-16
B0055_D0029,B0055,matched,70,28,1.1029370400968537,1.1029370400968537,0.0
B0055_D0030,B0055,matched,72,29,1.0949644922735318,1.0949644922735318,0.0
B0055_D0031,B0055,matched,74,30,1.0890679714830998,1.0890679714830998,0.0
B0055_D0032,B0055,matched,76,31,1.073323391636053,1.073323391636053,0.0
B0055_D0033,B0055,matched,80,32,1.095373856745309,1.095373856745309,0.0
B0055_D0034,B0055,matched,82,33,1.0639517466243125,1.0639517466243125,0.0
B0055_D0035,B0055,matched,84,34,1.085798072407703,1.085798072407703,0.0
B0055_D0036,B0055,matched,86,35,1.0588748965507557,1.0588748965507555,2.220446049250313e-16
B0055_D0037,B0055,matched,88,36,1.0813260035191288,1.0813260035191288,0.0
B0055_D0038,B0055,matched,92,37,1.061601862588323,1.061601862588323,0.0
B0055_D0039,B0055,matched,94,38,1.0593920670581127,1.0593920670581127,0.0
B0055_D0040,B0055,matched,96,39,1.0742513141424725,1.0742513141424723,2.220446049250313e-16
B0055_D0041,B0055,matched,98,40,1.0405614734131499,1.0405614734131503,4.440892098500626e-16
B0055_D0042,B0055,matched,100,41,1.0575656535324895,1.0575656535324895,0.0
B0055_D0043,B0055,matched,104,42,1.0983528970914622,1.0983528970914622,0.0
B0055_D0044,B0055,matched,108,43,1.109758993739737,1.109758993739737,0.0
B0055_D0045,B0055,matched,110,44,1.0793315779206873,1.0793315779206873,0.0
B0055_D0046,B0055,matched,112,45,1.0716159094756148,1.0716159094756148,0.0
B0055_D0047,B0055,matched,114,46,1.0746464211019797,1.0746464211019795,2.220446049250313e-16
B0055_D0048,B0055,matched,116,47,1.08643683065179,1.08643683065179,0.0
B0055_D0049,B0055,matched,120,48,1.1340138347387958,1.1340138347387958,0.0
B0055_D0050,B0055,matched,122,49,1.1176964717951587,1.1176964717951587,0.0
B0055_D0051,B0055,matched,124,50,1.1046468529644289,1.1046468529644289,0.0
B0055_D0052,B0055,matched,126,51,1.089700148407426,1.089700148407426,0.0
B0055_D0053,B0055,matched,128,52,1.075533547538172,1.075533547538172,0.0
B0055_D0054,B0055,matched,132,53,1.0609866776144368,1.0609866776144368,0.0
B0055_D0055,B0055,matched,134,54,1.0518218041615568,1.0518218041615568,0.0
B0055_D0056,B0055,matched,136,55,1.0553857898132757,1.0553857898132757,0.0
B0055_D0057,B0055,matched,138,56,1.0533102333691788,1.0533102333691788,0.0
B0055_D0058,B0055,matched,140,57,1.0315365260084348,1.0315365260084348,0.0
B0055_D0059,B0055,matched,144,58,1.0533401053259415,1.0533401053259417,2.220446049250313e-16
B0055_D0060,B0055,matched,146,59,1.0317876798810788,1.0317876798810788,0.0
B0055_D0061,B0055,matched,148,60,1.0354207912157296,1.0354207912157296,0.0
B0055_D0062,B0055,matched,150,61,1.0322251791310608,1.0322251791310608,0.0
B0055_D0063,B0055,matched,152,62,1.011543397303472,1.011543397303472,0.0
B0055_D0064,B0055,matched,156,63,1.0413760568150228,1.0413760568150228,0.0
B0055_D0065,B0055,matched,158,64,1.02174193386881,1.02174193386881,0.0
B0055_D0066,B0055,matched,160,65,1.0133135547969283,1.0133135547969283,0.0
B0055_D0067,B0055,matched,162,66,1.0299942559626907,1.0299942559626911,4.440892098500626e-16
B0055_D0068,B0055,matched,164,67,1.0189349807814327,1.0189349807814327,0.0
B0055_D0069,B0055,matched,168,68,1.0290879520854017,1.0290879520854015,2.220446049250313e-16
B0055_D0070,B0055,matched,172,69,1.0567629241900045,1.0567629241900045,0.0
B0055_D0071,B0055,matched,174,70,1.0291668536316647,1.0291668536316647,0.0
B0055_D0072,B0055,matched,176,71,1.0321298444901021,1.032129844490102,2.220446049250313e-16
B0055_D0073,B0055,matched,178,72,1.0409230283951276,1.0409230283951276,0.0
B0055_D0074,B0055,matched,180,73,1.011161098766987,1.011161098766987,0.0
B0055_D0075,B0055,matched,184,74,1.0337876112911784,1.0337876112911784,0.0
B0055_D0076,B0055,matched,186,75,1.003994224020383,1.003994224020383,0.0
B0055_D0077,B0055,matched,188,76,1.0334195479955004,1.0334195479955004,0.0
B0055_D0078,B0055,matched,190,77,1.0098936564116459,1.0098936564116463,4.440892098500626e-16
B0055_D0079,B0055,matched,192,78,1.0126262447940628,1.0126262447940628,0.0
B0055_D0080,B0055,matched,196,79,0.9948742055727694,0.9948742055727693,1.1102230246251565e-16
B0055_D0081,B0055,matched,198,80,1.0240799556179332,1.0240799556179332,0.0
B0055_D0082,B0055,matched,200,81,1.0208889510043027,1.0208889510043029,2.220446049250313e-16
B0055_D0083,B0055,matched,202,82,1.016100815944114,1.016100815944114,0.0
B0055_D0084,B0055,matched,204,83,0.9987875345106277,0.9987875345106276,1.1102230246251565e-16
B0055_D0085,B0055,matched,208,84,1.0158868294923784,1.0158868294923784,0.0
B0055_D0086,B0055,matched,210,85,0.9963437517762594,0.9963437517762594,0.0
B0055_D0087,B0055,matched,212,86,1.0053777381419529,1.0053777381419529,0.0
B0055_D0088,B0055,matched,214,87,1.009132291002791,1.009132291002791,0.0
B0055_D0089,B0055,matched,216,88,0.9984581240784203,0.9984581240784203,0.0
B0055_D0090,B0055,matched,220,89,1.0892389324114138,1.0892389324114138,0.0
B0055_D0091,B0055,matched,224,90,1.0793936031703524,1.0793936031703524,0.0
B0055_D0092,B0055,matched,226,91,1.032614295314224,1.0326142953142239,2.220446049250313e-16
B0055_D0093,B0055,matched,228,92,1.0498572649026638,1.049857264902664,2.220446049250313e-16
B0055_D0094,B0055,matched,230,93,1.0453902697248563,1.0453902697248565,2.220446049250313e-16
B0055_D0095,B0055,matched,232,94,1.0001607736713514,1.0001607736713514,0.0
B0055_D0096,B0055,matched,236,95,1.0084094786878157,1.0084094786878155,2.220446049250313e-16
B0055_D0097,B0055,matched,238,96,1.003655158082039,1.003655158082039,0.0
B0055_D0098,B0055,matched,240,97,1.0285269676595319,1.028526967659532,2.220446049250313e-16
B0055_D0099,B0055,matched,242,98,0.9816844358987022,0.9816844358987022,0.0
B0055_D0100,B0055,matched,244,99,1.0127121434171131,1.0127121434171131,0.0
B0055_D0101,B0055,matched,248,100,1.0201379996149256,1.0201379996149256,0.0
B0055_D0102,B0055,matched,250,101,0.9907591663373165,0.9907591663373164,1.1102230246251565e-16
B0056_D0002,B0056,matched,4,1,1.3443555553017368,1.3443555553017368,0.0
B0056_D0003,B0056,matched,6,2,1.317502710734752,1.3175027107347517,2.220446049250313e-16
B0056_D0004,B0056,matched,8,3,1.2973654679476911,1.2973654679476911,0.0
B0056_D0005,B0056,matched,10,4,1.263960414854898,1.263960414854898,0.0
B0056_D0006,B0056,matched,12,5,1.2589496187032136,1.2589496187032139,2.220446049250313e-16
B0056_D0007,B0056,matched,16,6,1.2806197690202599,1.28061976902026,2.220446049250313e-16
B0056_D0008,B0056,matched,18,7,1.2572786868607095,1.2572786868607095,0.0
B0056_D0009,B0056,matched,20,8,1.2226260041048898,1.2226260041048898,0.0
B0056_D0010,B0056,matched,22,9,1.2292772249257495,1.2292772249257495,0.0
B0056_D0011,B0056,matched,24,10,1.2275780135689456,1.2275780135689456,0.0
B0056_D0012,B0056,matched,28,11,1.2133872888296768,1.2133872888296768,0.0
B0056_D0013,B0056,matched,30,12,1.230223614493081,1.230223614493081,0.0
B0056_D0014,B0056,matched,32,13,1.1927530108462678,1.192753010846268,2.220446049250313e-16
B0056_D0015,B0056,matched,34,14,1.1867106635987799,1.18671066359878,2.220446049250313e-16
B0056_D0016,B0056,matched,36,15,1.1914875140242167,1.1914875140242167,0.0
B0056_D0017,B0056,matched,40,16,1.214178606017816,1.214178606017816,0.0
B0056_D0018,B0056,matched,42,17,1.2094387558721402,1.2094387558721402,0.0
B0056_D0019,B0056,matched,44,18,1.207072299940321,1.207072299940321,0.0
B0056_D0020,B0056,matched,46,19,1.162961249391913,1.162961249391913,0.0
B0056_D0021,B0056,matched,48,20,1.17887968705904,1.17887968705904,0.0
B0056_D0022,B0056,matched,52,21,1.2945104146044433,1.294510414604443,2.220446049250313e-16
B0056_D0023,B0056,matched,56,22,1.2602567563003473,1.2602567563003473,0.0
B0056_D0024,B0056,matched,58,23,1.2408721291565108,1.2408721291565108,0.0
B0056_D0025,B0056,matched,60,24,1.252197340273113,1.252197340273113,0.0
B0056_D0026,B0056,matched,62,25,1.2279025700477384,1.2279025700477384,0.0
B0056_D0027,B0056,matched,64,26,1.1917170308946994,1.1917170308946994,0.0
B0056_D0028,B0056,matched,68,27,1.1858570240011006,1.1858570240011006,0.0
B0056_D0029,B0056,matched,70,28,1.1840938286611427,1.1840938286611429,2.220446049250313e-16
B0056_D0030,B0056,matched,72,29,1.2059829135917657,1.2059829135917657,0.0
B0056_D0031,B0056,matched,74,30,1.165428493679393,1.165428493679393,0.0
B0056_D0032,B0056,matched,76,31,1.1790060613193858,1.1790060613193858,0.0
B0056_D0033,B0056,matched,80,32,1.2013113747183153,1.2013113747183153,0.0
B0056_D0034,B0056,matched,82,33,1.165597803317432,1.165597803317432,0.0
B0056_D0035,B0056,matched,84,34,1.180303335055002,1.180303335055002,0.0
B0056_D0036,B0056,matched,86,35,1.1658134189695046,1.1658134189695046,0.0
B0056_D0037,B0056,matched,88,36,1.1763960515773761,1.1763960515773761,0.0
B0056_D0038,B0056,matched,92,37,1.1458325512940766,1.1458325512940766,0.0
B0056_D0039,B0056,matched,94,38,1.167557759980296,1.167557759980296,0.0
B0056_D0040,B0056,matched,96,39,1.145636654711916,1.145636654711916,0.0
B0056_D0041,B0056,matched,98,40,1.1443667002824445,1.1443667002824447,2.220446049250313e-16
B0056_D0042,B0056,matched,100,41,1.1605177686388095,1.1605177686388095,0.0
B0056_D0043,B0056,matched,104,42,1.2272013042602479,1.227201304260248,2.220446049250313e-16
B0056_D0044,B0056,matched,108,43,1.2454797202045476,1.2454797202045476,0.0
B0056_D0045,B0056,matched,110,44,1.1722288849037228,1.1722288849037228,0.0
B0056_D0046,B0056,matched,112,45,1.1953514999944956,1.1953514999944956,0.0
B0056_D0047,B0056,matched,114,46,1.1919514716203925,1.1919514716203923,2.220446049250313e-16
B0056_D0048,B0056,matched,116,47,1.2296223665252586,1.2296223665252586,0.0
B0056_D0049,B0056,matched,120,48,1.2774519419396988,1.2774519419396988,0.0
B0056_D0050,B0056,matched,122,49,1.2433879751668584,1.2433879751668584,0.0
B0056_D0051,B0056,matched,124,50,1.230802542912592,1.230802542912592,0.0
B0056_D0052,B0056,matched,126,51,1.2162358534094664,1.2162358534094664,0.0
B0056_D0053,B0056,matched,128,52,1.2088335726499548,1.2088335726499548,0.0
B0056_D0054,B0056,matched,132,53,1.1946181162240357,1.1946181162240357,0.0
B0056_D0055,B0056,matched,134,54,1.1734248134794991,1.1734248134794991,0.0
B0056_D0056,B0056,matched,136,55,1.1404596305913128,1.1404596305913128,0.0
B0056_D0057,B0056,matched,138,56,1.1821716406845988,1.1821716406845988,0.0
B0056_D0058,B0056,matched,140,57,1.1480663382055174,1.1480663382055174,0.0
B0056_D0059,B0056,matched,144,58,1.1825381935034152,1.1825381935034152,0.0
B0056_D0060,B0056,matched,146,59,1.1552092862846601,1.15520928628466,2.220446049250313e-16
B0056_D0061,B0056,matched,148,60,1.1216816712671696,1.1216816712671696,0.0
B0056_D0062,B0056,matched,150,61,1.162666262561457,1.162666262561457,0.0
B0056_D0063,B0056,matched,152,62,1.124695615744926,1.1246956157449257,2.220446049250313e-16
B0056_D0064,B0056,matched,156,63,1.1664177948797931,1.1664177948797931,0.0
B0056_D0065,B0056,matched,158,64,1.1346745156379465,1.1346745156379463,2.220446049250313e-16
B0056_D0066,B0056,matched,160,65,1.1012231317092755,1.1012231317092755,0.0
B0056_D0067,B0056,matched,162,66,1.1560733948472832,1.1560733948472832,0.0
B0056_D0068,B0056,matched,164,67,1.1385609898764002,1.1385609898764002,0.0
B0056_D0069,B0056,matched,168,68,1.1757265448773706,1.1757265448773706,0.0
B0056_D0070,B0056,matched,172,69,1.1969385632452556,1.1969385632452556,0.0
B0056_D0071,B0056,matched,174,70,1.1267457988726266,1.1267457988726266,0.0
B0056_D0072,B0056,matched,176,71,1.1601031368559531,1.1601031368559531,0.0
B0056_D0073,B0056,matched,178,72,1.1361458729690275,1.1361458729690277,2.220446049250313e-16
B0056_D0074,B0056,matched,180,73,1.1397253894261876,1.1397253894261876,0.0
B0056_D0075,B0056,matched,184,74,1.1560010024767575,1.1560010024767575,0.0
B0056_D0076,B0056,matched,186,75,1.126818619026835,1.126818619026835,0.0
B0056_D0077,B0056,matched,188,76,1.116688355680394,1.116688355680394,0.0
B0056_D0078,B0056,matched,190,77,1.1330613197666846,1.1330613197666846,0.0
B0056_D0079,B0056,matched,192,78,1.0893839897995972,1.0893839897995972,0.0
B0056_D0080,B0056,matched,196,79,1.1120836459259367,1.112083645925937,2.220446049250313e-16
B0056_D0081,B0056,matched,198,80,1.1279950254648337,1.1279950254648334,2.220446049250313e-16
B0056_D0082,B0056,matched,200,81,1.1386774565024178,1.1386774565024178,0.0
B0056_D0083,B0056,matched,202,82,1.1271136962200643,1.1271136962200643,0.0
B0056_D0084,B0056,matched,204,83,1.1101508869653747,1.110150886965375,2.220446049250313e-16
B0056_D0085,B0056,matched,208,84,1.1344632260422465,1.1344632260422463,2.220446049250313e-16
B0056_D0086,B0056,matched,210,85,1.108458756302863,1.108458756302863,0.0
B0056_D0087,B0056,matched,212,86,1.0768220870214844,1.0768220870214844,0.0
B0056_D0088,B0056,matched,214,87,1.128398212919817,1.128398212919817,0.0
B0056_D0089,B0056,matched,216,88,1.1066350346531368,1.1066350346531368,0.0
B0056_D0090,B0056,matched,220,89,1.271609072217319,1.271609072217319,0.0
B0056_D0091,B0056,matched,224,90,1.2415767175377967,1.2415767175377967,0.0
B0056_D0092,B0056,matched,226,91,1.174652904422814,1.174652904422814,0.0
B0056_D0093,B0056,matched,228,92,1.1989389885187762,1.1989389885187762,0.0
B0056_D0094,B0056,matched,230,93,1.1461398965188563,1.1461398965188565,2.220446049250313e-16
B0056_D0095,B0056,matched,232,94,1.129224378671885,1.129224378671885,0.0
B0056_D0096,B0056,matched,236,95,1.1103432888019913,1.1103432888019913,0.0
B0056_D0097,B0056,matched,238,96,1.153909472897475,1.153909472897475,0.0
B0056_D0098,B0056,matched,240,97,1.1302191455340138,1.1302191455340138,0.0
B0056_D0099,B0056,matched,242,98,1.1258719408034097,1.1258719408034097,0.0
B0056_D0100,B0056,matched,244,99,1.1430108283920968,1.1430108283920968,0.0
B0056_D0101,B0056,matched,248,100,1.1372731775310292,1.1372731775310292,0.0
B0056_D0102,B0056,matched,250,101,1.1290590137779504,1.1290590137779504,0.0
